,p1,p2,p3,p4,p5,p6,p7,p8,Gkr,RMSE,iterations,CPU_time
0,0.00012283150061551527,0.08405231449154225,3.075911779558092e-05,0.05359609893979081,0.08453721623915143,0.009234226389688181,0.006657166687898923,0.03483736097093786,0.10870874072059561,758.2308724696077,1106,2087.892518310997
1,0.00012282285266406338,0.08405369252854875,3.0759988750651336e-05,0.0535957580384508,0.0845379689766746,0.009234205370185154,0.006657315689555965,0.034837130240441855,0.10870874072059561,758.2308789361208,682,1283.0497200589743
2,0.00012282298995876695,0.08405413501854819,3.075934134588121e-05,0.0535960188902898,0.08453636906634554,0.009234335746394698,0.0066571023521604464,0.034837391031134056,0.10870874072059561,758.2308707745589,957,1793.7612653809774
3,0.00012282139317973775,0.08405341928280523,3.075867200556389e-05,0.05359617867515633,0.08453845879182713,0.009234044534671994,0.006657449321232177,0.03483705964579186,0.10870874072059561,758.2308746298619,1216,2323.194798755023
4,0.00012282476796458207,0.08405321296800314,3.075838332143977e-05,0.05359632247249048,0.08453682468231691,0.009234192015130689,0.006657243873732105,0.03483720991294737,0.10870874072059561,758.2308708645544,991,1884.5168381310068
