,p1,p2,p3,p4,p5,p6,p7,p8,Gkr,RMSE,iterations,CPU_time,score
0,0.001969964381692241,0.054153158921800594,2.980181106701473e-05,0.04872855513018435,0.09614336570180751,0.023111769374235147,0.006853970769222805,0.03138552771184301,0.15789265883969786,2603.976540449461,1847,6576.021854649,2603.976540449461
1,0.00011658096485498726,1.2908486397020092e-05,1.498265846407721e-06,0.12302915370857109,3.1926916868882204e-07,0.004753778472418883,7.2966460313597015,1.8508754618703188e-07,0.1524,,1847,,
