,p1,p2,p3,p4,p5,p6,p7,p8,Gkr,RMSE,iterations,CPU_time
0,0.00022566085912193684,0.07450913059272879,3.615716384286565e-05,0.05345817985088107,0.08610725200613953,0.009234300045404015,0.005991324661616574,0.032694300418261865,0.1294655974387777,156.60185528757785,1008,1419.0323288910004
1,0.00022565824317683633,0.07450887662556455,3.615473074276356e-05,0.05345877731201354,0.08609687758589651,0.009232952196227684,0.00599054895709873,0.032695429281221065,0.1294655974387777,156.60185709405772,472,940.0071464059874
2,0.00022566667698258803,0.07450872438595141,3.615647051338489e-05,0.053458394079227145,0.08611089670678618,0.009234811005092387,0.005991566525694168,0.03269371856226762,0.1294655974387777,156.60185765364574,803,913.7000527339987
3,0.00022565719459485717,0.07450987166193622,3.6157118711409246e-05,0.05345813421633237,0.08609788611247134,0.00923345908737658,0.00599066038439283,0.032695167076874324,0.1294655974387777,156.60185131727576,578,651.6423180160054
4,0.00022566532248542048,0.07450895146530329,3.615790681913297e-05,0.053458016648675055,0.08609753729356451,0.009233552963139727,0.0059906839344362715,0.032694996306040065,0.1294655974387777,156.6018498833476,771,867.3092039040057
