,a_a0_a,a_a0_b,b_a1_a,b_a1_b,k_f_a,a_1_a,a_1_b,b_a0_a,b_a0_b,a_a1_a,a_a1_b,k_b_a,b_1_a,b_1_b,g_Kr,RMSE,iterations,CPU_time,score
0,0.02254692785054498,0.011451917286143072,6.890116994251622e-05,0.04177710677152162,0.023803179596711646,0.09081198054652975,0.023400879947446954,0.04755478490362093,0.0630516369525053,0.013812682679052656,0.038310718793875494,0.03700941135948649,0.006495673797073652,0.03268055260704572,0.15237437421245065,172.81759167780837,1160,5241.724940117001,172.81759167780837
