,p1,p2,p3,p4,p5,p6,p7,p8,Gkr,RMSE,iterations,CPU_time,score
0,0.001969720961831489,0.054141181657067404,2.980300782420809e-05,0.048729274956555164,0.09611535431233963,0.023103269253024538,0.006852050932620921,0.03139029912883283,0.15789990472152785,2609.9285910377025,1504,4741.985639491,2609.9285910377025
1,0.00046192028128553257,0.00034171406218065593,0.462908464542785,6.04267286999455e-05,0.03580582282598306,0.0020635797289430056,0.49655077091439875,5.251860361760573e-06,0.1524,,1504,,
