,a_a0_a,a_a0_b,b_a1_a,b_a1_b,k_f_a,a_1_a,a_1_b,b_a0_a,b_a0_b,a_a1_a,a_a1_b,k_b_a,b_1_a,b_1_b,g_Kr,RMSE,iterations,CPU_time,score
0,0.022503959533355468,0.01169484040927094,6.900670698075647e-05,0.041768610697333515,0.0238156631749721,0.09083927883068837,0.023380325942695138,0.04760037788430113,0.06328489187288111,0.013756729904329348,0.03797819454608204,0.0367802496768768,0.006499120472323696,0.032684597639119066,0.15241731463907018,202.98015821336315,1414,6575.077074572,202.98015821336315
