,p1,p2,p3,p4,p5,p6,p7,p8,Gkr,RMSE,iterations,CPU_time
0,0.0002281346516478905,0.06594763427888453,2.873829916016316e-05,0.06060755409570505,0.09366817630872289,0.010774924872451712,0.0013618704722476148,0.025369128682026558,0.6096,1432.856824111005,721,1834.230954928993
1,0.00022814586775469987,0.0659451051068562,2.874065577020838e-05,0.060606811220647885,0.09365892213065138,0.01077457574616726,0.0013617538355811829,0.025369795379224343,0.6096,1432.8567813160837,765,1933.7378965259995
2,0.00022813836045249716,0.06594619482184408,2.874184719649181e-05,0.0606066124717743,0.09366019381766076,0.010774529702183266,0.0013617836993322092,0.025369761594532494,0.6096,1432.8568103772327,672,1745.0908972629986
3,0.0002281224748684151,0.06594867102132876,2.8738414972562296e-05,0.06060771841537199,0.09366094084578308,0.010775240388126398,0.001361723844030097,0.02537003648121577,0.6096,1432.8568227145067,589,1465.6772023069789
4,0.00022814263672953916,0.06594640157858717,2.874173883390693e-05,0.06060673703669313,0.0936543931258953,0.010775331957788865,0.0013616470390315385,0.025370274195557277,0.6096,1432.8567958746532,1103,2766.5811583489995
