,a_a0_a,a_a0_b,b_a1_a,b_a1_b,k_f_a,a_1_a,a_1_b,b_a0_a,b_a0_b,a_a1_a,a_a1_b,k_b_a,b_1_a,b_1_b,g_Kr,RMSE,iterations,CPU_time,score
0,0.021707867910206215,0.01233590891852058,6.900952263380844e-05,0.04176762139589743,0.023696301864616937,0.09077631727670941,0.023393145987935147,0.04572160165187055,0.06255693497462697,0.01403454478255053,0.03811284839026077,0.03745631675266735,0.006495097457857366,0.032677470461022415,0.1523937811279639,295.89906437534466,1631,10493.526130030004,295.89906437534466
