,a_a0_a,a_a0_b,b_a1_a,b_a1_b,k_f_a,a_1_a,a_1_b,b_a0_a,b_a0_b,a_a1_a,a_a1_b,k_b_a,b_1_a,b_1_b,g_Kr,RMSE,iterations,CPU_time,score
0,0.023833951825646772,0.010240087335038848,6.941743425820416e-05,0.04171563953775042,0.02337592603193564,0.09090338286864692,0.023392799267325355,0.05296318899748701,0.06428350584421044,0.01362897473967424,0.038202684293217874,0.034139814218278754,0.006500725671232194,0.032687770897061715,0.15241884486549648,138.18857563112633,1363,4775.389756496,138.18857563112633
