,p1,p2,p3,p4,p5,p6,p7,p8,Gkr,RMSE,iterations,CPU_time,score
0,0.000474200760895319,1.0000859343600622e-07,0.003221895779260282,1.0001396857611481e-07,3.602082934739636e-05,1.0003816671891127e-07,4.093761026953274e-05,1.0001029426230693e-07,0.10898522411374673,458401.22352407384,1177,4070.017624557,458401.22352407384
1,0.000501562750496793,7.939021273912038e-06,0.0032274602444751356,0.015064627945021917,3.5598087859111134e-05,0.00692089617373068,4.2400982403071064e-05,0.011577461904704713,0.1524,,1177,,
