,b_1_a,b_1_b,k_b_a,b_a0_a,b_a0_b,b_a1_a,b_a1_b,k_f_a,a_a1_a,a_a1_b,a_a0_a,a_a0_b,a_1_a,a_1_b,g_Kr,RMSE,iterations,CPU_time,score
0,0.006491184672444514,0.03267617197261737,0.03670508427578294,0.04922332864145928,0.06363919342172022,6.9297462434694e-05,0.04173315980040282,0.023431912327744293,0.014373513222502982,0.037740022665132926,0.022494661468697427,0.011418260290008387,0.09074790421438496,0.02338784090767437,0.15237811907309337,138.7537627806277,1105,3250.6974711070015,138.7537627806277
