,a_1_a,a_1_b,b_a0_a,b_a0_b,k_b_a,a_a0_a,a_a0_b,b_1_a,b_1_b,b_a1_a,b_a1_b,a_a1_a,a_a1_b,k_f_a,g_Kr,RMSE,iterations,CPU_time,score
0,0.09081714694539259,0.023390322631919775,0.04691094541267385,0.06330348858554444,0.03672655600807307,0.022361136690016607,0.011774570849031442,0.006497435115586419,0.03268634603008276,6.887106301746364e-05,0.041781050546866996,0.013487131836736166,0.038111688414953666,0.024114747296691528,0.15239638043523793,138.68493188718043,1110,3717.403769573002,138.68493188718043
