,p1,p2,p3,p4,p5,p6,p7,p8,Gkr,RMSE,iterations,CPU_time,score
0,0.001689015286921512,0.03664967139949384,4.284881630900661e-05,0.045954670601980246,0.09319745074462774,0.021806475109252304,0.007353047814991831,0.02960658063511378,0.16389805517828984,1708.225328088077,1539,4264.290477698001,1708.225328088077
1,1.992896316125184e-05,0.010758551811201384,6.698765802909761,0.040503683236276934,9.803344181889209e-06,8.023345610076852e-06,0.007220087248929901,0.0001097468558274692,0.1524,,1539,,
