,p1,p2,p3,p4,p5,p6,p7,p8,Gkr,RMSE,iterations,CPU_time,score
0,0.001615230057017109,0.07289621094704317,1.905655626925012e-05,0.05228997441902311,0.11025563331656964,0.023169219943877786,0.008890821643299018,0.029411961566363772,0.15300176347464342,2966.6188147850353,1138,5379.699437671996,2966.6188147850353
1,0.07519590990619665,0.03525341064544236,0.00028528912707219433,2.1756608730751224e-05,1.76556157080187e-06,1.2854085365398482e-05,0.002140627537393011,0.007555142937691518,0.1524,,1138,,
