,p1,p2,p3,p4,p5,p6,p7,p8,Gkr,RMSE,iterations,CPU_time,score
0,0.0015675245118764308,0.0793355041301523,2.215767850736845e-05,0.051200541495497826,0.09597635017997577,0.023948055361367435,0.0070585708453961525,0.03130272301421186,0.15476260835178038,720.6057358157767,1197,2621.7271391570002,720.6057358157767
1,0.20366907874937715,0.00011342535273824315,1.95080751798108e-07,0.0001836645662214405,0.00013608349609117251,4.133955193806269e-07,9.33077165379771,8.620869158076983e-06,0.1524,,1197,,
