,p1,p2,p3,p4,p5,p6,p7,p8,Gkr,RMSE,iterations,CPU_time,score
0,363.4409178614465,0.007088366575953623,1.0975018710605429e-07,0.16930688572017263,0.3291555077096619,0.033932612672897385,0.10766564309093293,0.021448848833257355,0.03730566990837136,53861.909278603176,1545,3288.946194503,53861.909278603176
1,0.20366907874937715,0.00011342535273824315,1.95080751798108e-07,0.0001836645662214405,0.00013608349609117251,4.133955193806269e-07,9.33077165379771,8.620869158076983e-06,0.1524,,1545,,
