,p1,p2,p3,p4,p5,p6,p7,p8,Gkr,RMSE,iterations,CPU_time,score
0,0.0016860888910191127,0.08448519578315411,2.211972578853481e-05,0.05119434054295283,0.12147753138954508,0.026888743927401145,0.008874930870148146,0.02878561914959539,0.15466567773652468,656.7724002024322,1675,3308.2699566419997,656.7724002024322
1,0.07065743210961532,0.0012665139011265466,0.0023571584365023883,8.503512083866425e-07,4.910650029130334e-05,0.12172447348104427,2.8278393305006066e-06,0.00020739691430434967,0.1524,,1675,,
