,a_a0_a,a_a0_b,b_a1_a,b_a1_b,k_f_a,a_1_a,a_1_b,b_a0_a,b_a0_b,a_a1_a,a_a1_b,k_b_a,b_1_a,b_1_b,g_Kr,RMSE,iterations,CPU_time,score
0,0.021707354276087047,0.012336321253954091,6.900927648714941e-05,0.041767649761174974,0.023697445590607248,0.09077594318930067,0.023393174082612146,0.04572011320116757,0.06255773449656601,0.014033996769419329,0.03811155985335121,0.03745751896536301,0.006495081264496483,0.03267747766807496,0.15239367409849155,295.89906550524597,1037,6665.168149462996,295.89906550524597
