,p1,p2,p3,p4,p5,p6,p7,p8,Gkr,RMSE,iterations,CPU_time,score
0,0.001567535247450896,0.07933586809611785,2.215861788570192e-05,0.05120012739030253,0.09597599442268262,0.023947677622653908,0.0070586323301321694,0.0313030897194665,0.1547617356948858,720.6057325523664,994,2318.591562546,720.6057325523664
1,0.0005543351291046534,1.1466744452296392e-05,2.5496945658937063e-05,0.0010894831742285884,0.21158170341267532,6.2094269753185e-05,0.2296680862853283,0.04492617591060552,0.1524,,994,,
