,a_a0_a,a_a0_b,b_a1_a,b_a1_b,k_f_a,a_1_a,a_1_b,b_a0_a,b_a0_b,a_a1_a,a_a1_b,k_b_a,b_1_a,b_1_b,g_Kr,RMSE,iterations,CPU_time,score
0,0.02247558360498063,0.011712516018175993,6.901012582703064e-05,0.04176821963139107,0.023813901492682924,0.09083920552472083,0.0233804091797017,0.047551560510260604,0.0632635151322204,0.013766022934999378,0.03797988723481154,0.036792737726807204,0.006499076411900231,0.03268462813948034,0.1524174740927738,202.9801713888387,1456,7221.041687612,202.9801713888387
