,p1,p2,p3,p4,p5,p6,p7,p8,Gkr,RMSE,iterations,CPU_time,score
0,0.0034696462700009524,0.0014996533082123373,0.4298724375029586,0.00879976414456037,0.7346776613065105,0.0002599827045680758,0.06780405314500632,0.07210068297448971,11.688950265038683,183063.0534265292,3637,19089.701825381,183063.0534265292
1,0.004865159253975205,5.2352261377172235e-05,2.298334551689436,0.0028737485536695926,0.006816712262230142,0.0020553110635510644,0.3065449943114706,0.0012926521788861232,0.1524,,3637,,
