,p1,p2,p3,p4,p5,p6,p7,p8,Gkr,RMSE,iterations,CPU_time
0,0.00021202319843241203,0.0874810546291238,3.538679337417723e-05,0.050639170848987405,0.0839469830668057,0.011256042302036409,0.010343661068090584,0.03539620124057834,0.0762,670.9031413791091,728,924.0203833269989
1,0.0002120322623161284,0.08747682310842832,3.538576973879773e-05,0.0506393574703295,0.08394120109331175,0.011255164039143289,0.010343110929823198,0.0353965572060123,0.0762,670.9031400130489,630,765.3142831979931
2,0.00021202641384735364,0.08747957529062261,3.538638844059612e-05,0.05063924423490614,0.08394006803544461,0.011255066964165812,0.010342904020254508,0.035396765036382276,0.0762,670.9031387413585,742,1492.393785401
3,0.00021202876311589422,0.08748013877823962,3.5386155994559605e-05,0.05063941976263725,0.08394052552758129,0.011254890080191015,0.010343019408801392,0.0353967923871062,0.0762,670.9031402490082,504,1003.8344022009987
4,0.0002120326966227779,0.0874786859141684,3.538556921292697e-05,0.050639491994741485,0.08394266873388004,0.011255347835633003,0.010343286576262097,0.03539651417772301,0.0762,670.9031394592373,590,1057.9720677570003
