,p1,p2,p3,p4,p5,p6,p7,p8,Gkr,RMSE,iterations,CPU_time,score
0,1.8873961387405442,0.018952073912767813,134.87400308925808,0.0006622478341601218,13.87929796954504,0.017800264084604348,0.4939029922381052,0.06169339943865263,17.905927381699836,105861.95757230876,2997,10032.888171879,105861.95757230876
1,0.046274394308565385,5.506781853292169e-05,9.838663245667604,2.6018234202067244e-07,7.556729258313084e-06,0.0004202995598668295,0.0008959825736230731,1.4403652939655949e-05,0.1524,,2997,,
