,p1,p2,p3,p4,p5,p6,p7,p8,Gkr,RMSE,iterations,CPU_time,score
0,0.0016913064178113375,0.036650246431295545,4.299401329343371e-05,0.04592269592774342,0.09318232628025128,0.021806984851848465,0.0073567973595984205,0.029600814104209915,0.16386306016311566,1714.7121844627259,1387,4098.007894069,1714.7121844627259
1,4.0560946241021445e-06,0.03510406976154356,0.0026100919345330214,4.372106672276486e-07,0.00023697606108403295,0.04414358561257596,0.01873982333224395,3.2847419237410707e-07,0.1524,,1387,,
