,p1,p2,p3,p4,p5,p6,p7,p8,Gkr,RMSE,iterations,CPU_time,score
0,0.0016862694093014495,0.08444584943249218,2.2066466920383395e-05,0.05121990741902707,0.12135845747304372,0.026862564175124684,0.008866175172909928,0.028802117302425934,0.15465381421902574,655.6513448498598,1432,2557.256537091,655.6513448498598
1,2.7285324600401824,5.9751087758464865e-06,1.4571305984766553e-06,0.007840032495035848,3.8309790145699915e-07,3.5198009649382663e-06,6.264845919687361,0.032934823516448296,0.1524,,1432,,
