,p1,p2,p3,p4,p5,p6,p7,p8,Gkr,RMSE,iterations,CPU_time,score
0,9.27098541791391e-06,0.00012487334436779156,0.0011312267413622287,0.09059852004656099,0.4069679356321498,2.0894954246890587e-06,1.0197711703244155e-06,6.016027571320837e-05,0.15240043608711215,563948.6480259012,853,2102.0528114490007,563948.6480259012
1,9.270957970096093e-06,0.0001266689094199638,0.0011312296804697848,0.0905954223320008,0.4069685719247681,9.81677700483135e-07,1.0197653248134976e-06,6.181720387368259e-05,0.1524,,853,,
