,p1,p2,p3,p4,p5,p6,p7,p8,Gkr,RMSE,iterations,CPU_time,score
0,0.34277342360840735,1.0000048818961805e-07,3.1715280728762147,1.0000001357955228e-07,2.894590394920294e-07,1.0000446727480882e-07,9.934309921833946e-06,1.0000407128300486e-07,0.07093195047995543,101915.76408962626,1513,2452.916488348,101915.76408962626
1,0.3553329121158463,0.011040125118601004,3.06534625680469,0.04636875142080817,2.807253514743026e-07,0.002887652655352135,1.0347220753710546e-05,9.982224366641653e-06,0.1524,,1513,,
