,a_a0_a,a_a0_b,b_a1_a,b_a1_b,k_f_a,a_1_a,a_1_b,b_a0_a,b_a0_b,a_a1_a,a_a1_b,k_b_a,b_1_a,b_1_b,g_Kr,RMSE,iterations,CPU_time,score
0,0.022359008644040588,0.011808702733501698,6.900723760744113e-05,0.0417702117005056,0.02388821721637708,0.09082594823814129,0.02340599777209067,0.047298282374467655,0.06316864703882569,0.013682292490115303,0.038087066660512855,0.036680197407950484,0.00649574332502213,0.032673881399558305,0.15242194379889723,139.2989069197386,1043,3651.126985305,139.2989069197386
