,a_a0_a,a_a0_b,b_a1_a,b_a1_b,k_f_a,a_1_a,a_1_b,b_a0_a,b_a0_b,a_a1_a,a_a1_b,k_b_a,b_1_a,b_1_b,g_Kr,RMSE,iterations,CPU_time,score
0,0.022502026449352164,0.011696973599216159,6.900690337497381e-05,0.04176860936824578,0.023815706693633646,0.09083933782300993,0.0233802796097319,0.047601084278602865,0.06328352577135733,0.013757620586934104,0.037976803291785204,0.036779977851255044,0.006499133377273548,0.03268463780646048,0.1524172202657541,202.98015825875478,1169,4867.770502329997,202.98015825875478
