,a_a0_a,a_a0_b,b_a1_a,b_a1_b,k_f_a,a_1_a,a_1_b,b_a0_a,b_a0_b,a_a1_a,a_a1_b,k_b_a,b_1_a,b_1_b,g_Kr,RMSE,iterations,CPU_time,score
0,0.02165374312310644,0.01212818397605245,6.936172105476577e-05,0.041726764382869055,0.0236801496688185,0.09074190786451355,0.023386801096638217,0.04765016090944278,0.0632247811868977,0.01471562819385029,0.037369857494528175,0.037903915190990525,0.006490752748799112,0.032677008245746396,0.15237735164311497,138.75326213975552,1268,3746.5928444619985,138.75326213975552
