,a_a0_a,a_a0_b,b_a1_a,b_a1_b,k_f_a,a_1_a,a_1_b,b_a0_a,b_a0_b,a_a1_a,a_a1_b,k_b_a,b_1_a,b_1_b,g_Kr,RMSE,iterations,CPU_time,score
0,0.022308618611212014,0.012051137449161255,6.846707978228327e-05,0.04183383306566982,0.024856610057778446,0.09083750622129376,0.023403104222815805,0.04472053209914863,0.06372729012790926,0.013317579261644194,0.037613117960664556,0.039200434424703764,0.006496980718373681,0.0326701822639071,0.1524130712029604,138.37207801027154,1391,3942.209858634,138.37207801027154
