,a_a0_a,a_a0_b,b_a1_a,b_a1_b,k_f_a,a_1_a,a_1_b,b_a0_a,b_a0_b,a_a1_a,a_a1_b,k_b_a,b_1_a,b_1_b,g_Kr,RMSE,iterations,CPU_time,score
0,0.022231332753912553,0.011049163326645125,6.931437559398874e-05,0.041734109421172574,0.022977680613089434,0.09096409466300702,0.023410840654375684,0.05023336663291929,0.06269174245982342,0.014227403013406062,0.03895707085113586,0.034268494113546336,0.006504515798691499,0.03265048840261922,0.1524635679119058,139.07734964858767,1316,4543.081703466001,139.07734964858767
