,b_1_a,b_1_b,k_b_a,b_a0_a,b_a0_b,b_a1_a,b_a1_b,k_f_a,a_a1_a,a_a1_b,a_a0_a,a_a0_b,a_1_a,a_1_b,g_Kr,RMSE,iterations,CPU_time,score
0,0.006495967791722644,0.03268916130407033,0.035471878578850646,0.04727121137901041,0.06324945579704418,6.850822518078373e-05,0.04182871074437105,0.02391603932353236,0.012987753059001106,0.038840709793870797,0.022932691882938536,0.011120349212434814,0.09079328855991846,0.023380498805309673,0.1523943996176565,139.04253594970146,1688,5132.554864993,139.04253594970146
