,b_1_a,b_1_b,k_b_a,b_a0_a,b_a0_b,b_a1_a,b_a1_b,k_f_a,a_a1_a,a_a1_b,a_a0_a,a_a0_b,a_1_a,a_1_b,g_Kr,RMSE,iterations,CPU_time,score
0,0.006500438243825778,0.03266058955120445,0.03772171759384156,0.04754610649374598,0.06349603281833321,6.884103430813291e-05,0.041788046985863,0.02439207702221902,0.013609003172017485,0.03790935056919053,0.022564057379757665,0.011428615955691012,0.09086180113187284,0.023420531412686144,0.152400468976524,138.01348953385252,1023,3058.5181486790025,138.01348953385252
