,a_a0_a,a_a0_b,b_a1_a,b_a1_b,k_f_a,a_1_a,a_1_b,b_a0_a,b_a0_b,a_a1_a,a_a1_b,k_b_a,b_1_a,b_1_b,g_Kr,RMSE,iterations,CPU_time,score
0,0.023245136956308848,0.010391889776142662,6.952180203336484e-05,0.04170801594390775,0.02319019565252218,0.09092557124049301,0.02341246788968652,0.05391645228227452,0.06388177062551592,0.014177824431394892,0.038159141132812394,0.033856485052239566,0.006507675266217492,0.032646970132689274,0.15238178775387382,138.52856450447854,1229,4025.154084875001,138.52856450447854
