,p1,p2,p3,p4,p5,p6,p7,p8,Gkr,RMSE,iterations,CPU_time
0,0.00022732263906801307,0.06638485187411697,2.9016013330018795e-05,0.06025877019949715,0.09274405106773952,0.01069309666142373,0.0016068864623812993,0.025659157376126014,0.5126104547386644,1336.3325842678294,547,1319.3506887849944
1,0.0002273285239077436,0.06638398239594823,2.9018253614123282e-05,0.06025794187630493,0.09274421222633705,0.010693191602552206,0.001606898993378524,0.02565893888175536,0.5126104547386644,1336.3325630440315,605,1459.368929512013
2,0.00022735068427343742,0.06638248991730053,2.901580377697278e-05,0.06025889647080012,0.09274521075551508,0.010692888412986327,0.0016068917572460407,0.025659471920713932,0.5126104547386644,1336.3325990359754,525,1260.5124441759835
3,0.00022733133237832744,0.06638421076097596,2.9016417853739983e-05,0.06025863472867131,0.09273795465371373,0.010692527902986089,0.0016067850044901725,0.025659617484847068,0.5126104547386644,1336.332562092782,751,1767.5688308810059
4,0.0002273423898993387,0.06638099715908542,2.9015907208593e-05,0.06025888863557628,0.09273740405760643,0.010692754827974355,0.0016067506584593058,0.025660057586192518,0.5126104547386644,1336.3325750369763,660,1550.6683026450046
