,p1,p2,p3,p4,p5,p6,p7,p8,Gkr,RMSE,iterations,CPU_time
0,0.00022779961653933726,0.06634339364953003,2.901977542638729e-05,0.060254370189510575,0.09267229064698666,0.010708134673529497,0.0016046626615552006,0.025656558862359215,0.5126104547386644,1335.7445768446287,760,1908.1651829129987
1,0.00022779588890590554,0.06634266429818954,2.9019050222207894e-05,0.06025447124733838,0.09267000366386735,0.010707355348713912,0.0016046518045590816,0.025656715257395622,0.5126104547386644,1335.7445695700933,794,1977.2032528449927
2,0.00022779642954818164,0.06634413958511473,2.9018075979774896e-05,0.06025481694710301,0.0926766058791812,0.010707381549328081,0.0016047776081952103,0.02565619317537443,0.5126104547386644,1335.744605082032,652,1622.2840265720006
3,0.00022779942436782193,0.06634281209542332,2.9019098820942272e-05,0.06025452589003127,0.09267384326441423,0.010706986467442135,0.0016047379053954723,0.025656519013972475,0.5126104547386644,1335.744573118509,586,1453.2484051109932
4,0.00022778816420066626,0.0663434109690121,2.9018616658150588e-05,0.06025478587211046,0.09267281013204455,0.01070686012560205,0.001604728674824465,0.025656665243336922,0.5126104547386644,1335.7445709910132,518,1344.570931616996
