,p1,p2,p3,p4,p5,p6,p7,p8,Gkr,RMSE,iterations,CPU_time,score
0,0.0016862839126536649,0.08444559132560978,2.206263500031969e-05,0.051221423204751836,0.12136815312071252,0.026862272573164776,0.008866915046164735,0.028801597984972897,0.15465380101947332,655.6513305634729,1410,2766.9122380200006,655.6513305634729
1,1.6240816427876483e-05,2.9726821349559525e-05,1.1026759797088331e-05,1.8867716105024284e-07,0.018405144451736764,1.9179798195406913e-05,0.0001540965326835988,1.7756073397459203e-07,0.1524,,1410,,
