,p1,p2,p3,p4,p5,p6,p7,p8,Gkr,RMSE,iterations,CPU_time,score
0,115.61455804103561,0.016689230172687128,13.425443527093782,0.01076106012670298,0.29652935576261374,0.06109241510885003,0.018077043742841144,0.03471143107004884,0.09924334069642102,105320.68291507784,2873,9719.294650709002,105320.68291507784
1,0.0025818813435428373,0.00025115596358324177,0.24623319023397225,0.0022336250141043734,1.7032697282647043e-05,0.0992895129124134,0.2475204957036389,6.878090706541815e-07,0.1524,,2873,,
