,p1,p2,p3,p4,p5,p6,p7,p8,Gkr,RMSE,iterations,CPU_time
0,0.00022499420212723897,0.06960307584364277,3.095874569684445e-05,0.056394323975224536,0.09063976265234672,0.008837206401176021,0.004618170948370662,0.02959337077406446,0.1812351643264147,251.5440384924025,738,1526.9226476709955
1,0.0002250162811917611,0.0696006261309811,3.095638226179548e-05,0.056395169623338064,0.09063842059574644,0.008837169419190442,0.004618073147472138,0.02959354851504257,0.1812351643264147,251.5440355847447,1290,3886.1284572229997
2,0.00022499492868139674,0.06960291032760312,3.0958177673964514e-05,0.05639456848860539,0.09063934079469232,0.008837150804120942,0.004618072898409513,0.029593928450276637,0.1812351643264147,251.54403360075432,607,1780.4265941080012
3,0.0002249986759082728,0.0696022637654403,3.0959789419052845e-05,0.056394166818559556,0.09063858163183848,0.008837490238115713,0.004618053001623148,0.029593778975472346,0.1812351643264147,251.54403246950616,770,1551.5266848869942
4,0.00022498875951556225,0.06960271190098465,3.095670975115566e-05,0.056395110928501004,0.09063953966063192,0.008837204685917366,0.004618195714522948,0.029593661049479632,0.1812351643264147,251.54403519923628,566,1274.9247454479992
