,b_1_a,b_1_b,k_b_a,b_a0_a,b_a0_b,b_a1_a,b_a1_b,k_f_a,a_a1_a,a_a1_b,a_a0_a,a_a0_b,a_1_a,a_1_b,g_Kr,RMSE,iterations,CPU_time,score
0,0.006498352772563718,0.032677800448404425,0.03680190534812839,0.04605146220732368,0.0630273670995648,6.886033154883118e-05,0.04178266555706106,0.023693639041741377,0.013777349684995669,0.03830092840243728,0.021947410601678898,0.012007751177836382,0.0908229201577026,0.023397117541082493,0.15237083062576026,203.23388152293944,1011,4905.730211089998,203.23388152293944
