,a_a0_a,a_a0_b,b_a1_a,b_a1_b,k_f_a,a_1_a,a_1_b,b_a0_a,b_a0_b,a_a1_a,a_a1_b,k_b_a,b_1_a,b_1_b,g_Kr,RMSE,iterations,CPU_time,score
0,0.022287722889582817,0.011876209492438502,6.902631018089219e-05,0.041766686208255056,0.023786429416538007,0.09076274622776698,0.023395199018122946,0.04727239970592292,0.06293728169357378,0.013863591816376811,0.0379826406971897,0.03687332846247941,0.006489235527142475,0.03268031595256918,0.15241840389999048,203.4456687081839,2261,10494.674368211001,203.4456687081839
