,a_1_a,a_1_b,b_a0_a,b_a0_b,k_b_a,a_a0_a,a_a0_b,b_1_a,b_1_b,b_a1_a,b_a1_b,a_a1_a,a_a1_b,k_f_a,g_Kr,RMSE,iterations,CPU_time,score
0,0.09079963497038498,0.023377456211654192,0.04722811971292935,0.06315653902838497,0.036847473359196595,0.02233240714988284,0.011706414168656792,0.006496007448282218,0.0326920142821035,6.888550636447909e-05,0.0417811397289917,0.01380132085391525,0.03810061462237222,0.023801249156760514,0.15238839826123804,295.7208040591067,1544,9938.974259516002,295.7208040591067
