,p1,p2,p3,p4,p5,p6,p7,p8,Gkr,RMSE,iterations,CPU_time,score
0,1.0000052611033017e-07,0.18965642829663126,1.0000071432954314e-07,0.08922869965334067,1.0000377788165437e-07,0.35288442404226256,6.718810387751055e-05,0.1376313778679707,0.360973583602563,49899.252221398296,1986,3838.691477004999,49899.252221398296
1,1.2733862351833995e-06,2.8616369811321955e-05,1.0716497672060913e-05,6.004050780261e-06,2.6450155552156906e-07,0.006292556045475183,0.6400327801503723,0.0001935400441729366,0.1524,,1986,,
