,a_1_a,a_1_b,b_a0_a,b_a0_b,k_b_a,a_a0_a,a_a0_b,b_1_a,b_1_b,b_a1_a,b_a1_b,a_a1_a,a_a1_b,k_f_a,g_Kr,RMSE,iterations,CPU_time,score
0,0.09074918923335284,0.023396186851732916,0.04618009433181383,0.0628506001896939,0.036645966865385605,0.022126946367472762,0.011992892917096614,0.006488010309190798,0.032692810793813254,6.887341826221478e-05,0.04178275739853919,0.013644934995543773,0.038272682598233125,0.02376598266688689,0.15237983246914394,202.7399072595071,1689,7816.310661623997,202.7399072595071
