,a_a0_a,a_a0_b,b_a1_a,b_a1_b,k_f_a,a_1_a,a_1_b,b_a0_a,b_a0_b,a_a1_a,a_a1_b,k_b_a,b_1_a,b_1_b,g_Kr,RMSE,iterations,CPU_time,score
0,0.0222724011631872,0.011946531720992673,6.904630479639914e-05,0.041761550967266234,0.02378478043398631,0.0908391180167445,0.023400519599861093,0.04655753761200518,0.06279230746867054,0.013750132929103594,0.03808471928034311,0.036945154721609974,0.006496342282316343,0.032685345970435875,0.15238398980728096,203.2558565666753,1385,6463.1349907740005,203.2558565666753
