,p1,p2,p3,p4,p5,p6,p7,p8,Gkr,RMSE,iterations,CPU_time,score
0,0.0015674943380911959,0.07933553182054419,2.2160347464595515e-05,0.051199471403491285,0.09597361002641848,0.023948845694531262,0.0070583296183834646,0.031302522673140994,0.15476302327347835,720.6057181167301,1617,3635.3989209150004,720.6057181167301
1,2.316371319872016e-05,1.017404589116512e-06,0.00015913009860757537,8.57152832811942e-06,0.25575452219528577,0.0016390086929258475,2.1750083673685978e-05,0.004357870114729284,0.1524,,1617,,
