,p1,p2,p3,p4,p5,p6,p7,p8,Gkr,RMSE,iterations,CPU_time,score
0,0.001969365151349016,0.05417498121653379,2.978307286081057e-05,0.04873424378231481,0.09603561381272052,0.023116573769082813,0.00684311482504398,0.03139433405664272,0.15787389240340619,2608.359397899022,1187,3989.926649167,2608.359397899022
1,5.98762514204597e-05,0.00012017847475763266,8.989190480317676e-06,0.015246912755176433,0.03156442007555929,0.011144902429876858,0.002945423119750465,0.00036863284053541,0.1524,,1187,,
