,p1,p2,p3,p4,p5,p6,p7,p8,Gkr,RMSE,iterations,CPU_time
0,0.00022219498153138047,0.07961674854125826,3.72542613498671e-05,0.05228302475446921,0.08539682753245083,0.009750372938764438,0.007129800177663809,0.03376900083685144,0.10870874072059561,235.41567859233697,467,534.7072698249976
1,0.00022220092590882962,0.07961631621574188,3.725477842266366e-05,0.052282890238264386,0.08539870984745881,0.009750602985648671,0.007129892846909782,0.033769105091133386,0.10870874072059561,235.41567799305426,693,791.4512237140007
2,0.00022219622465103364,0.07961675054769701,3.725459486850236e-05,0.0522828864613373,0.08539890626291415,0.009749973888803026,0.007129889264202354,0.033769581074449766,0.10870874072059561,235.4156761760432,977,1415.1043024339888
3,0.0002221999645310913,0.07961651661883244,3.725368167174238e-05,0.052283137040243635,0.0854004784229351,0.009749970470506963,0.007130045526169776,0.033769272251328274,0.10870874072059561,235.41567608695388,523,1025.5661904029985
4,0.00022219913861005084,0.07961570195154918,3.7254390064054644e-05,0.052283003533642104,0.08539814491199396,0.009750542056054908,0.007129829519510595,0.033769042707018276,0.10870874072059561,235.41567813276836,494,965.1642941590108
