,p1,p2,p3,p4,p5,p6,p7,p8,Gkr,RMSE,iterations,CPU_time,score
0,0.001614682102289968,0.07291877076404019,1.9063740519268284e-05,0.05228637729860922,0.11008605074384764,0.023162302537082402,0.008878382484277681,0.029415298479025943,0.15301149718171686,2974.6644643123727,1186,5339.676005063,2974.6644643123727
1,0.08743286100018421,0.04979858566534822,1.6154290851956508e-06,0.0006678019934089975,6.500286848223974e-05,0.002313904854082372,0.20170940228708256,0.0005505032382528385,0.1524,,1186,,
