,p1,p2,p3,p4,p5,p6,p7,p8,Gkr,RMSE,iterations,CPU_time,score
0,0.0016885281930237059,0.03666616367578862,4.288545407055287e-05,0.04594055598691649,0.09317602126374498,0.021808591444366456,0.007353686359063353,0.029607596395691424,0.16385766276709657,1711.7413320386695,1855,3867.966218974001,1711.7413320386695
1,7.644023265868807e-05,0.0018216721991732244,5.438735333471412,0.005254990103870907,2.150705676102454e-06,2.3979695776790476e-07,0.04987435570175455,0.004896522153478015,0.1524,,1855,,
