,a_a0_a,a_a0_b,b_a1_a,b_a1_b,k_f_a,a_1_a,a_1_b,b_a0_a,b_a0_b,a_a1_a,a_a1_b,k_b_a,b_1_a,b_1_b,g_Kr,RMSE,iterations,CPU_time,score
0,0.02253221477487637,0.01227434711597099,6.885656820057004e-05,0.041778253462877356,0.023874713132544724,0.0907545258830979,0.023377582648777713,0.046351261795738216,0.06311953082741775,0.013500785814551854,0.03780352396282867,0.03702801198753217,0.0064964296175081026,0.03269990659105687,0.15231921336110252,138.47996023069646,1344,4692.794637401001,138.47996023069646
