,p1,p2,p3,p4,p5,p6,p7,p8,Gkr,RMSE,iterations,CPU_time
0,0.0003572684192778938,0.05862777005690509,3.385364157958233e-05,0.05808675208972397,0.09112294108965183,0.009872085747941592,0.002337517780563119,0.026156468642640714,0.3624703286528294,1045.604308338995,835,2307.3120468449924
1,0.0003572826975217476,0.058626985491699604,3.3855756334456985e-05,0.05808614184333225,0.09112066064552271,0.009871785941378596,0.0023374396845141725,0.026156840217200366,0.3624703286528294,1045.6043208191677,846,2699.902408141992
2,0.00035724151355589074,0.05862958137094782,3.3855192470416456e-05,0.058086285925908324,0.09112293996175239,0.009872085968499112,0.0023374959886369863,0.026156495403961012,0.3624703286528294,1045.6043210229057,874,2854.449460306001
3,0.00035729585821958924,0.05862597159250836,3.3857336082844597e-05,0.05808578281348931,0.0911271540171539,0.009871998634460599,0.0023376465824605595,0.02615634190290857,0.3624703286528294,1045.604325394754,656,1744.6879127720022
4,0.00035726564458636486,0.05862781384987638,3.3854819122017913e-05,0.05808634246240508,0.09112295593005353,0.00987208875764115,0.0023375035752257684,0.026156374454876594,0.3624703286528294,1045.6043126988775,788,2569.9595739700017
