,a_a0_a,a_a0_b,b_a1_a,b_a1_b,k_f_a,a_1_a,a_1_b,b_a0_a,b_a0_b,a_a1_a,a_a1_b,k_b_a,b_1_a,b_1_b,g_Kr,RMSE,iterations,CPU_time,score
0,0.023800686534521703,0.010229853945229472,6.939989312810804e-05,0.04171741866331994,0.02334915090439125,0.09090564676054974,0.02339340563348882,0.0528453171531654,0.06423040101707617,0.01363830228090849,0.03828104146742407,0.03413453150636811,0.006500937606043458,0.032687397085502994,0.15241710714879717,138.18857986521536,1283,4002.1012629649995,138.18857986521536
