,p1,p2,p3,p4,p5,p6,p7,p8,Gkr,RMSE,iterations,CPU_time
0,0.0002258586812361896,0.06991282834999797,3.4490778825867625e-05,0.05460003903934244,0.08780475690626333,0.008992110607873144,0.005178722566197251,0.03151207476219286,0.1524,139.45959691741712,684,990.9258038339976
1,0.00022585677894492096,0.06991284755028868,3.4491079852967336e-05,0.05459994551078192,0.0878047101553958,0.008992235885705503,0.005178731202584293,0.03151196656686439,0.1524,139.45959701456863,567,1122.786725277998
2,0.00022585888185587492,0.06991277046307472,3.4490702116985025e-05,0.054600051372769895,0.08780458743029808,0.008992060157973922,0.005178722089699437,0.031512027399373144,0.1524,139.4595970155795,687,1128.0366019699868
3,0.00022585971494488158,0.06991254363194446,3.449074781667659e-05,0.05460003969427671,0.08780546204239058,0.008992149746787914,0.005178772817699456,0.03151198313277831,0.1524,139.45959713123852,484,610.4423208460066
4,0.00022585857008900826,0.06991280406740152,3.4490847684991554e-05,0.05460002509167723,0.08780573454207996,0.008992315051545664,0.0051787839977355445,0.03151186699015398,0.1524,139.45959696411782,683,966.3352574230084
