,a_a0_a,a_a0_b,b_a1_a,b_a1_b,k_f_a,a_1_a,a_1_b,b_a0_a,b_a0_b,a_a1_a,a_a1_b,k_b_a,b_1_a,b_1_b,g_Kr,RMSE,iterations,CPU_time,score
0,0.021940125007244182,0.011976795089297814,6.883397471458953e-05,0.04178992360812429,0.023681586152486504,0.09086900742312344,0.023390341909324663,0.046270615537271895,0.06259939404156306,0.013976960361715649,0.03829559469278868,0.037124668922041866,0.006498484687535039,0.0326775649048017,0.15241270240220944,173.37770585372968,1207,5366.518642091001,173.37770585372968
