,p1,p2,p3,p4,p5,p6,p7,p8,Gkr,RMSE,iterations,CPU_time,score
0,0.0019688714805486513,0.054153519928687006,2.981691340104358e-05,0.04872319128638131,0.09600760932514386,0.023114088441575736,0.00684298963375685,0.03139633745616945,0.1578595260818752,2602.4615458573585,1343,4404.162957880002,2602.4615458573585
1,2.5805602066436296e-06,0.10659894230513364,0.0009004999988423631,0.0011585655307613048,0.12686117646012288,7.986281505653228e-07,1.3564878329144288,0.002811152708729771,0.1524,,1343,,
