,p1,p2,p3,p4,p5,p6,p7,p8,Gkr,RMSE,iterations,CPU_time
0,0.00021686874953020458,0.08409252529758134,3.7166802455468166e-05,0.05128799781474921,0.08451142975127571,0.010432299610044674,0.008519758504286466,0.03465469941214961,0.09127977271835509,398.84448819763,761,975.2957536239992
1,0.00021685715494307678,0.08409670466725491,3.71694749520227e-05,0.051287310883093476,0.08450237036677027,0.010433036451297634,0.008518899574961117,0.034654351705613116,0.09127977271835509,398.84448365599707,684,1155.1535284249985
2,0.00021687070239221332,0.08409489509812468,3.71682852073879e-05,0.05128737137319723,0.08451422263230028,0.010433924960982926,0.008520049860964479,0.0346531255739927,0.09127977271835509,398.8444879326848,605,1047.651462312002
3,0.00021685944922272693,0.08409592827853797,3.717102967794705e-05,0.05128673742116935,0.08451109787819996,0.010433902311856163,0.008519819155437338,0.03465350523868846,0.09127977271835509,398.84448597842993,968,1174.1431067550002
4,0.0002168569280858313,0.08409619344416823,3.7168770262630304e-05,0.05128714538302289,0.08450376483829641,0.010432133744858617,0.008519050588970635,0.03465493285983744,0.09127977271835509,398.8444856314301,573,695.2070311380085
