,p1,p2,p3,p4,p5,p6,p7,p8,Gkr,RMSE,iterations,CPU_time
0,0.00019924775912818728,0.09269649872031657,2.309997453555943e-05,0.05126002603443529,0.07991474995066938,0.015075329136788789,0.018335851044088,0.0366330221265671,0.045374817422412735,1994.1523154058887,601,1203.6269358550053
1,0.00019923463613689862,0.0927026114201807,2.3097881470696503e-05,0.05126050475164272,0.07991265372699197,0.01507229532844464,0.01833517401555846,0.03663492654410042,0.045374817422412735,1994.1523268076417,710,1352.858860392007
2,0.0001992477317841592,0.09269914796680326,2.3097822664229432e-05,0.05126076951218999,0.07992363059718469,0.01507534734828645,0.018337515683727414,0.036632760415998694,0.045374817422412735,1994.1523013710453,1014,1619.1775104700064
3,0.00019924058850485314,0.09270222731754219,2.309905259663004e-05,0.05126012029428611,0.0799272561135072,0.015076619681032778,0.01833842926504658,0.03663198267363499,0.045374817422412735,1994.1523150090477,484,976.1870925149997
4,0.00019925028014319805,0.09269692336634965,2.310205762544678e-05,0.051258964528205435,0.07991771385904399,0.015075108779466436,0.018336402701304294,0.0366330233947873,0.045374817422412735,1994.1522991598708,836,1012.9021541890106
