,p1,p2,p3,p4,p5,p6,p7,p8,Gkr,RMSE,iterations,CPU_time,score
0,0.001968941444736822,0.054130419870691865,2.9783806416279865e-05,0.04873434290329316,0.09600553290395335,0.023112354491985572,0.006841460642353478,0.03138838816870943,0.15790228915356358,2609.6320020590288,1238,4487.467874394999,2609.6320020590288
1,0.07150232349764586,3.8742728719547984e-05,0.003560568715235712,0.013638930009765295,0.035145928510942046,0.0020393070908660536,2.7588105999253143,0.00035885528636992543,0.1524,,1238,,
