,a_a0_a,a_a0_b,b_a1_a,b_a1_b,k_f_a,a_1_a,a_1_b,b_a0_a,b_a0_b,a_a1_a,a_a1_b,k_b_a,b_1_a,b_1_b,g_Kr,RMSE,iterations,CPU_time,score
0,0.02122440924542617,0.011695961315823372,6.94914357602814e-05,0.04171425265277305,0.023129837127120065,0.09103580689730036,0.023412023793747423,0.04906536068050912,0.062157834819647734,0.014745882989585221,0.03871520795687069,0.03507520190349947,0.0065096132273656316,0.03264859032035203,0.15247054490880696,139.07646240169223,1353,4066.0598617629985,139.07646240169223
