,a_a0_a,a_a0_b,b_a1_a,b_a1_b,k_f_a,a_1_a,a_1_b,b_a0_a,b_a0_b,a_a1_a,a_a1_b,k_b_a,b_1_a,b_1_b,g_Kr,RMSE,iterations,CPU_time,score
0,0.02222010024695791,0.012117128955418718,6.847999848040316e-05,0.04183237283656718,0.024843356388679766,0.09083855559482658,0.023403090008984263,0.044599497890657085,0.06365960703013215,0.013358888910495578,0.037608087876937944,0.03925521128334886,0.006497007144270513,0.03267005134983201,0.1524139216882466,138.372071026748,1174,3393.2324720260003,138.372071026748
