,p1,p2,p3,p4,p5,p6,p7,p8,Gkr,RMSE,iterations,CPU_time,score
0,0.001568013940951648,0.07935478658027882,2.220488359368205e-05,0.05118136620755537,0.0959563408783204,0.023951939620984356,0.007052655413541591,0.03131217695130362,0.15476762422114773,718.7755012261488,1690,3580.2510995310004,718.7755012261488
1,0.00036431107954711426,0.003484390744709042,0.2654933182300701,0.05899741280657538,9.4132860413161e-06,8.570857500810203e-07,0.001474055873944105,2.6268448845841293e-06,0.1524,,1690,,
