,p1,p2,p3,p4,p5,p6,p7,p8,Gkr,RMSE,iterations,CPU_time,score
0,0.0019697873180326243,0.054148374073888776,2.9817448984068897e-05,0.04872390737834273,0.09613878447212709,0.023123872783906985,0.0068512499202635,0.031388130551501324,0.1578653977705126,2603.055279560644,2021,5852.083092200999,2603.055279560644
1,0.005803358608443722,0.012050426910161347,0.06025017092436274,8.839453859927853e-07,6.841933549494044e-07,0.05378882524831794,0.0032225239301245526,1.4754766646195268e-06,0.1524,,2021,,
