,p1,p2,p3,p4,p5,p6,p7,p8,Gkr,RMSE,iterations,CPU_time,score
0,0.001613453595980259,0.07286157405985885,1.9079580969769903e-05,0.052278331840227156,0.11006886024576293,0.023166746817889477,0.008879540802479567,0.029416971565221193,0.15297307241387703,2972.381364022702,1675,8135.278079347,2972.381364022702
1,0.00011778709338730589,2.1140924803962056e-06,0.0573583950980151,0.0007116506979821544,6.184831902775049,0.0008097372597877437,1.2239270466471244,1.4065190137363173e-07,0.1524,,1675,,
