,a_a0_a,a_a0_b,b_a1_a,b_a1_b,k_f_a,a_1_a,a_1_b,b_a0_a,b_a0_b,a_a1_a,a_a1_b,k_b_a,b_1_a,b_1_b,g_Kr,RMSE,iterations,CPU_time,score
0,0.022547569344622365,0.011450502508628923,6.890388209229949e-05,0.04177678597359452,0.02380603551077174,0.09081204193573104,0.023400691194701378,0.04757390304052942,0.06304741956483752,0.013816073281295525,0.03830468471851305,0.03701447272013623,0.006495689167154901,0.03268067278396367,0.15237423538468445,172.81759329488042,1042,4582.400302428001,172.81759329488042
