,b_1_a,b_1_b,k_b_a,b_a0_a,b_a0_b,b_a1_a,b_a1_b,k_f_a,a_a1_a,a_a1_b,a_a0_a,a_a0_b,a_1_a,a_1_b,g_Kr,RMSE,iterations,CPU_time,score
0,0.006495240149838408,0.03268296130343816,0.036045484207346504,0.046947927146245474,0.06292328584649548,6.87313451549748e-05,0.04180333346671773,0.024019226876627782,0.013422123362306655,0.03844452115965928,0.022163775386715972,0.011631092057265462,0.09078987454029903,0.02338839753116354,0.15239587962956866,139.04223378845577,1369,4779.8689682529985,139.04223378845577
