,p1,p2,p3,p4,p5,p6,p7,p8,Gkr,RMSE,iterations,CPU_time,score
0,28.751980490961824,0.002517659029693879,2.977688192775046e-06,0.13779911146874282,0.10614234003291376,0.02171346178429041,0.014278232168434817,0.034929755365783834,0.08552814578911742,47233.04742701046,2245,7418.580376988,47233.04742701046
1,0.13381097422219765,0.000744991070059528,6.560369854828765,0.002895988577805628,0.01112794584328574,2.034720987345634e-06,0.026188862505300965,1.0038772974133917e-05,0.1524,,2245,,
