,p1,p2,p3,p4,p5,p6,p7,p8,Gkr,RMSE,iterations,CPU_time
0,0.00017193197499437856,0.0763889311875571,3.298672017754519e-05,0.053990651033741455,0.08639115902257585,0.009024307217977352,0.005910133777809211,0.03321874372947221,0.1281526136846661,331.0027047463024,876,1746.360725830018
1,0.00017194681946448376,0.07638693429893943,3.298657400096212e-05,0.053990697355319965,0.08638940825372494,0.009024071720015127,0.005910057112038453,0.03321892225177802,0.1281526136846661,331.0027088747047,616,1219.593739525997
2,0.00017193329404335657,0.07638869321824658,3.298682493537447e-05,0.053990631996300324,0.08639011095718144,0.009024353340767562,0.005910070821199135,0.03321888650489941,0.1281526136846661,331.0027054090027,1137,2257.806636488007
3,0.0001719337790635487,0.0763886111138271,3.298753878878333e-05,0.053990495833050996,0.08639126713509968,0.009024388121407368,0.005910135191368119,0.033218787419442224,0.1281526136846661,331.0027141449788,559,1087.70035431601
4,0.00017193400030573357,0.07638860208141982,3.298841932355671e-05,0.053990213083831416,0.08638950835724842,0.00902445380812446,0.00591005473194126,0.03321872153977599,0.1281526136846661,331.0027070094663,1020,1984.3144653039926
