,p1,p2,p3,p4,p5,p6,p7,p8,Gkr,RMSE,iterations,CPU_time,score
0,0.0019697767602203696,0.054148686103440265,2.9816872524583726e-05,0.0487241245888589,0.0961385432563596,0.02312392418577293,0.0068512736917230215,0.03138777337056815,0.15786610890165653,2603.055270434169,988,3251.382382187001,2603.055270434169
1,0.0009211032790526633,0.00025787886604960243,2.9651443217241453e-06,9.073775530205069e-05,0.019112361114353996,0.00037849972922419304,0.6317236817911576,0.006337265139494037,0.1524,,988,,
