,p1,p2,p3,p4,p5,p6,p7,p8,Gkr,RMSE,iterations,CPU_time
0,0.0003288810995930345,0.060711962745720424,3.454305605256054e-05,0.05691249118094225,0.08877376552283654,0.00941727213811246,0.0032194838568874286,0.027688230657006978,0.2563052273693322,679.5641862332303,670,2234.147808330992
1,0.0003289100739445746,0.060710500764804526,3.454465118630125e-05,0.056912084086971335,0.08877119946027333,0.009417619413121858,0.003219396452751024,0.02768808426964317,0.2563052273693322,679.564187375269,837,2760.4874288400024
2,0.0003289021968352702,0.06071133804367928,3.4543149582929686e-05,0.056912434600651846,0.08877581109787247,0.009417645818432435,0.0032195350725619885,0.02768797532646309,0.2563052273693322,679.5641934314413,485,1598.662547111002
3,0.00032887531635550636,0.0607120450064597,3.454205192180343e-05,0.05691266584130209,0.0887739261789974,0.009417100709752917,0.003219509979835457,0.027688134953472634,0.2563052273693322,679.5641955061728,521,1718.9308519810002
4,0.0003288945737697908,0.06071124913378891,3.454488599714112e-05,0.056912040756938516,0.08877253218912311,0.009417807589698433,0.003219412521998344,0.02768807974391897,0.2563052273693322,679.5641926139579,719,2371.4101390279975
