,p1,p2,p3,p4,p5,p6,p7,p8,Gkr,RMSE,iterations,CPU_time
0,0.0002115504657847922,0.08749016465511529,3.565353072493985e-05,0.050606124400790396,0.08399145592325304,0.011200479719517396,0.010281076672553919,0.0354418584454827,0.07664514235271616,657.3198452228087,698,1378.9951453100075
1,0.0002115413816774037,0.08749052619640277,3.565271989485727e-05,0.0506062999107194,0.08398920145065328,0.011199941214515617,0.010280759326942052,0.03544207473524425,0.07664514235271616,657.3198461387452,584,1144.4129888769967
2,0.00021155089452913847,0.08748912611179163,3.5654811275439786e-05,0.05060576769745877,0.0839877682294766,0.01120035860361865,0.01028060741390897,0.0354421971267644,0.07664514235271616,657.3198450764088,774,1516.7894734690053
3,0.0002115559317088423,0.08748776349441979,3.565381296520455e-05,0.05060600682283308,0.08398839763269786,0.011200129374236438,0.010280701472161202,0.03544211489326543,0.07664514235271616,657.3198455459078,813,1485.7329277359968
4,0.0002115470354458486,0.08749035554221539,3.5653468208461496e-05,0.0506060607633907,0.0839904500591135,0.011200420061436062,0.010280887502285318,0.03544194309186063,0.07664514235271616,657.3198455464523,637,791.5673713430006
