,p1,p2,p3,p4,p5,p6,p7,p8,Gkr,RMSE,iterations,CPU_time
0,5.9887050636588866e-05,0.09961491034184167,2.1398523387084216e-05,0.053626338317953,0.07088529103644826,0.010463106845447887,0.009530441340026499,0.040241358255271975,0.06407630684233305,4884.968717983335,646,1499.648773612993
1,5.987863516294929e-05,0.09961700384167525,2.13921548277456e-05,0.05362907092638444,0.07088223320347167,0.010463623187468612,0.009530557755315756,0.04023901147999971,0.06407630684233305,4884.968824542334,561,1186.6168117930065
2,5.9888677684456484e-05,0.0996156187961258,2.139554225161228e-05,0.05362789710696732,0.07089352615878954,0.010461436898687778,0.00953187549518485,0.04024051261044988,0.06407630684233305,4884.968736289979,635,1331.8548044929921
3,5.989598281575714e-05,0.09961222954172833,2.1398925383999386e-05,0.05362628814477034,0.07088637730555726,0.010462229689654257,0.009531051652095533,0.04024092939604614,0.06407630684233305,4884.968707326457,773,1708.2620792300004
4,5.992256568429745e-05,0.09960419622705032,2.1401120412920788e-05,0.053625585499067895,0.0708926689661952,0.010462996815383766,0.00953201719437602,0.04024022133506764,0.06407630684233305,4884.968729608826,741,2280.2738146949996
