,p1,p2,p3,p4,p5,p6,p7,p8,Gkr,RMSE,iterations,CPU_time
0,0.00017112442214874647,0.07649168274807996,3.299439112937317e-05,0.05398993708729399,0.0862184964530299,0.00903266863740052,0.0058951415886119305,0.03321640087055387,0.1281526136846661,330.4197317225652,1260,2354.566743136995
1,0.00017111840973312611,0.07649216192871337,3.299375528450472e-05,0.0539900953682533,0.08621861378877864,0.009032709829043391,0.005895180783048882,0.03321636468518766,0.1281526136846661,330.41973336399894,755,1405.3084973020013
2,0.00017113037833982122,0.07649110505550966,3.299438648708033e-05,0.05398992630234989,0.08621890245911643,0.009032676803892414,0.005895132470438115,0.033216489592964166,0.1281526136846661,330.4197315887876,1039,1946.67719002199
3,0.000171115999778501,0.07649245467620899,3.2994026653254334e-05,0.05399002074038022,0.08621817294909319,0.009032785499065416,0.0058950974288751205,0.03321642605243241,0.1281526136846661,330.4197306411472,930,1739.1326402839913
4,0.00017113924730480885,0.07648958544238563,3.299535026770477e-05,0.05398966428966272,0.08621793157656417,0.00903282897490072,0.005895135630923815,0.03321637323869493,0.1281526136846661,330.4197364825079,870,1624.0317129799805
