,p1,p2,p3,p4,p5,p6,p7,p8,Gkr,RMSE,iterations,CPU_time,score
0,0.00161457096686772,0.0729226594732486,1.9060432297897455e-05,0.05228755117067587,0.11020896132096746,0.023173676257899352,0.00888821663081763,0.029405766026204157,0.15301436064648474,2970.0045464869977,2099,9806.768742632,2970.0045464869977
1,2.58330799206303e-05,8.332127523841819e-07,2.511220327088319e-06,0.09124684311316726,3.4444050493398946e-07,0.09624619729478257,7.577624451554296e-06,5.281420453766258e-07,0.1524,,2099,,
