,b_1_a,b_1_b,k_b_a,b_a0_a,b_a0_b,b_a1_a,b_a1_b,k_f_a,a_a1_a,a_a1_b,a_a0_a,a_a0_b,a_1_a,a_1_b,g_Kr,RMSE,iterations,CPU_time,score
0,0.006488061508823904,0.03269269196780944,0.03663135210161045,0.04618209354933,0.06285367452154701,6.88714000348363e-05,0.041782996578318805,0.023766015239080274,0.013637472020306624,0.03827527709472315,0.022133169239039803,0.011990176823228157,0.09074984501212931,0.023396294205464484,0.1523798039900119,202.73991063722636,919,4670.304322811,202.73991063722636
