,a_a0_a,a_a0_b,b_a1_a,b_a1_b,k_f_a,a_1_a,a_1_b,b_a0_a,b_a0_b,a_a1_a,a_a1_b,k_b_a,b_1_a,b_1_b,g_Kr,RMSE,iterations,CPU_time,score
0,0.023595405014823042,0.010813776494319718,6.892075750325554e-05,0.04177510647770313,0.023848018124536206,0.09084270942073397,0.023394560603045428,0.04979356975322641,0.06404543876329367,0.013123469131609635,0.03831833092026971,0.035048644278188365,0.00649877035325883,0.03268114565697079,0.152407277586513,138.68323014280674,1119,3699.2616633060006,138.68323014280674
