,p1,p2,p3,p4,p5,p6,p7,p8,Gkr,RMSE,iterations,CPU_time,score
0,0.0015681058848508993,0.07931276827002223,2.2174159531131687e-05,0.051200740599090334,0.09593500066225946,0.023936297001432134,0.007049030080227895,0.03131829634041094,0.15484668393379208,721.8140800088436,956,2195.4941340099995,721.8140800088436
1,7.431495119568229e-05,8.67008242031061e-06,2.3929729739496302e-05,0.00013471274840749745,0.0001187911331133606,2.0223054480285373e-06,0.0005585602323720945,9.918636950987042e-05,0.1524,,956,,
