,a_a0_a,a_a0_b,b_a1_a,b_a1_b,k_f_a,a_1_a,a_1_b,b_a0_a,b_a0_b,a_a1_a,a_a1_b,k_b_a,b_1_a,b_1_b,g_Kr,RMSE,iterations,CPU_time,score
0,0.02381331889347036,0.010255023288821878,6.941111842378679e-05,0.04171633158923194,0.023369534683653,0.09090414958660009,0.023392840508326018,0.0528868135637618,0.06425637737686152,0.013628203860718465,0.03822281103377053,0.034139716446726906,0.006500779742880707,0.03268765887462181,0.1524189464035328,138.1885743420318,1265,3797.443274622001,138.1885743420318
