,a_a0_a,a_a0_b,b_a1_a,b_a1_b,k_f_a,a_1_a,a_1_b,b_a0_a,b_a0_b,a_a1_a,a_a1_b,k_b_a,b_1_a,b_1_b,g_Kr,RMSE,iterations,CPU_time,score
0,0.022422892381364898,0.011560121069033783,6.893259792252681e-05,0.0417775580629328,0.023601566252556057,0.0908471055841119,0.0234111485409073,0.04722742213717961,0.0629819083164544,0.013696326702596672,0.03861751606929721,0.03628245308008721,0.00649737964421737,0.03266948084272416,0.15241664268431043,139.29907012265775,1007,3321.0038142429994,139.29907012265775
