,b_1_a,b_1_b,k_b_a,b_a0_a,b_a0_b,b_a1_a,b_a1_b,k_f_a,a_a1_a,a_a1_b,a_a0_a,a_a0_b,a_1_a,a_1_b,g_Kr,RMSE,iterations,CPU_time,score
0,0.006495664700661372,0.0326806410430066,0.03700842938600041,0.04756342289694306,0.06305001584875983,6.890145426223273e-05,0.041777093562508215,0.023804163239109923,0.013812878443984712,0.038310450863659966,0.022547750350284213,0.011449696672080865,0.09081199285363185,0.023400843952290036,0.15237435476853461,172.81759239910724,945,4293.554852689998,172.81759239910724
