,a_a0_a,a_a0_b,b_a1_a,b_a1_b,k_f_a,a_1_a,a_1_b,b_a0_a,b_a0_b,a_a1_a,a_a1_b,k_b_a,b_1_a,b_1_b,g_Kr,RMSE,iterations,CPU_time,score
0,0.021946300751471727,0.012008839781736965,6.885924453111835e-05,0.04178281002360799,0.023693422205615225,0.09082367971040292,0.023397147729217305,0.04605234316537159,0.06302667594941294,0.013776423102292913,0.038300928040646755,0.036796745388026575,0.006498427767795703,0.032677669250915364,0.15237075713332024,203.2338810811169,1082,4998.207346572999,203.2338810811169
