,p1,p2,p3,p4,p5,p6,p7,p8,Gkr,RMSE,iterations,CPU_time
0,0.0002518801553029975,0.09169893950147884,2.876120416061287e-05,0.050399663811693494,0.06510395813514981,0.00953047209897429,0.010190884132021204,0.04133107992783511,0.05388153672641493,1619.7191034772588,592,805.1426103299964
1,0.0002518501940195512,0.09170245078264697,2.8759356979973143e-05,0.050400131869256695,0.06511300540008894,0.00952573914197261,0.010192089325212123,0.04133721665199831,0.05388153672641493,1619.7191326883922,754,1637.1308435480023
2,0.0002518473883554866,0.09170331245325923,2.8759859527533136e-05,0.0503998853158917,0.06510186844485782,0.009531423814277967,0.010190468080743424,0.04133102338566421,0.05388153672641493,1619.7191109552386,764,1736.1946544390012
3,0.0002518435931620263,0.09170163840054277,2.875999957325903e-05,0.050400187765254845,0.06510308374225462,0.009530891935922858,0.010190768123763266,0.04133079635680588,0.05388153672641493,1619.719098726526,511,1156.546738240002
4,0.00025184972200952314,0.09170423820992787,2.8764124902411213e-05,0.05039858253548662,0.06510452429908535,0.009531921787700192,0.01019094705543278,0.04133123670087452,0.05388153672641493,1619.7191113788824,518,1177.011613841998
