,p1,p2,p3,p4,p5,p6,p7,p8,Gkr,RMSE,iterations,CPU_time,score
0,0.001567459013278837,0.07933414331701379,2.2158760710988335e-05,0.05120004034105848,0.09597515052781434,0.02394773113608712,0.007058565354425322,0.031303033841541525,0.154761771740065,720.6057481253289,2027,4194.117498639,720.6057481253289
1,0.0001663542107014484,0.12928525083718073,0.014085411050753864,0.007542159997800545,2.9235268489279465e-05,6.627434577502845e-07,2.8873419163836265e-07,2.8633772389406324e-07,0.1524,,2027,,
