,a_a0_a,a_a0_b,b_a1_a,b_a1_b,k_f_a,a_1_a,a_1_b,b_a0_a,b_a0_b,a_a1_a,a_a1_b,k_b_a,b_1_a,b_1_b,g_Kr,RMSE,iterations,CPU_time,score
0,0.022654480603774285,0.011658447074353411,6.884540350215254e-05,0.04178275177606792,0.023701498855130773,0.09081173268276789,0.023392021627949237,0.04696064760816739,0.06385807380636255,0.01364199063479893,0.03822923442140581,0.036846236539594845,0.006492941352897922,0.03270282116493663,0.1523780237126139,173.78006002518097,935,3840.720319491,173.78006002518097
