,p1,p2,p3,p4,p5,p6,p7,p8,Gkr,RMSE,iterations,CPU_time
0,0.00022174276753053848,0.0726671762586093,3.964228870607338e-05,0.05137944644083729,0.07814479013013692,0.009331704775926883,0.005960924953691756,0.03592067848166989,0.10870874072059561,692.1475247569734,879,2376.3825600560085
1,0.0002217606271039738,0.07266644802128289,3.964739292188741e-05,0.051378119513377014,0.07814452147880509,0.009331662259429307,0.005960974365401234,0.035920196830343296,0.10870874072059561,692.147544161977,523,1351.0532196620043
2,0.0002217514572357951,0.07266593165847861,3.9637123597059216e-05,0.051380726084271,0.0781448335826565,0.009331643426210467,0.005960947308149788,0.03592056535084126,0.10870874072059561,692.1475440026468,589,1749.389065321011
3,0.00022178647263610882,0.07266281226110138,3.963960316442654e-05,0.051379929434207314,0.07814949553261111,0.00933073123360538,0.005961354172098128,0.03592083622542376,0.10870874072059561,692.1475430031583,502,1397.192782048005
4,0.0002217892865049519,0.07266361156636203,3.964253538609975e-05,0.05137941254508186,0.07814609806923097,0.009331329262891356,0.005961112411616297,0.035920732608364675,0.10870874072059561,692.1475256251479,687,1602.838227420987
