,a_a0_a,a_a0_b,b_a1_a,b_a1_b,k_f_a,a_1_a,a_1_b,b_a0_a,b_a0_b,a_a1_a,a_a1_b,k_b_a,b_1_a,b_1_b,g_Kr,RMSE,iterations,CPU_time,score
0,0.023590371810610734,0.01081721689020513,6.892708174725779e-05,0.041774404618190895,0.023850371288421806,0.09084238422945709,0.023394549389374134,0.04982473465127592,0.06404739685716031,0.013129768533234628,0.03830570764225111,0.035045485619869914,0.006498726876853551,0.03268117905048202,0.15240736352660858,138.68322951604395,1243,4450.0932536400005,138.68322951604395
