,p1,p2,p3,p4,p5,p6,p7,p8,Gkr,RMSE,iterations,CPU_time
0,0.00022530368338029476,0.06973443721135299,2.6182527366007744e-05,0.05915268245799812,0.09401942503673733,0.008947462906257695,0.003457664254821858,0.02672782723812748,0.2563052273693322,618.3887492172421,647,1574.6542924399982
1,0.00022527360960018333,0.06973903376992502,2.6186622859963072e-05,0.05915143319147853,0.09402152380419813,0.008948080361154295,0.003457568728385523,0.026727899770803247,0.2563052273693322,618.388740067204,630,1782.2720870449994
2,0.0002252757650401684,0.06973641884319004,2.618291273758387e-05,0.05915227866186411,0.0940234583784369,0.008947414011106792,0.003457857941397224,0.026727354652983558,0.2563052273693322,618.3887303936261,759,1989.7731758430018
3,0.00022525090289348695,0.06974079639121208,2.6184182808805473e-05,0.05915183517823764,0.09402250818596632,0.008947908919705575,0.0034576837741705137,0.026727221135280026,0.2563052273693322,618.3887335417631,558,1242.625871887998
4,0.00022522233866310035,0.06974134534871566,2.6180844120253456e-05,0.05915299280712283,0.09402430565229601,0.008947715503660665,0.0034577940224448205,0.026727358938527145,0.2563052273693322,618.3887223661136,738,2213.643692935002
