,a_a0_a,a_a0_b,b_a1_a,b_a1_b,k_f_a,a_1_a,a_1_b,b_a0_a,b_a0_b,a_a1_a,a_a1_b,k_b_a,b_1_a,b_1_b,g_Kr,RMSE,iterations,CPU_time,score
0,0.02230295617912338,0.01246816961079275,6.889337719761072e-05,0.04177417283789614,0.023895056875438005,0.09075327970795515,0.02337728245515084,0.04604173185882272,0.06297867161296274,0.013589838069857647,0.037726869454645685,0.037196294984008046,0.006496246557999156,0.0327000147249968,0.15232024912777284,138.47987846581316,1427,4979.7213882569995,138.47987846581316
