,p1,p2,p3,p4,p5,p6,p7,p8,Gkr,RMSE,iterations,CPU_time,score
0,2.6013829175538795e-06,0.18759092010581493,0.00011490410179146803,0.03705661286626349,1.000041006999289e-07,0.3372735464482479,4.805652164499997e-05,0.06909812879324659,0.16695276043497695,33116.571084917065,1750,3295.575463696001,33116.571084917065
1,5.70965637237142e-05,0.008685786557253885,0.0008796431531117765,0.0009041751992440616,3.1798618409679197e-06,1.2095740814322948e-06,0.04875254586539749,3.2719743294193216e-07,0.1524,,1750,,
