,p1,p2,p3,p4,p5,p6,p7,p8,Gkr,RMSE,iterations,CPU_time
0,0.00022704604606390294,0.06712684460539645,2.97260597377261e-05,0.05933689438247926,0.09067736474223555,0.010422220095402692,0.0022310371304785333,0.026505208427104725,0.3624703286528294,1090.4298763145805,940,3220.190297934998
1,0.00022705591755343242,0.06712644461618726,2.972407688929512e-05,0.05933761627439544,0.09068166188661306,0.010422476326327298,0.002231077852464187,0.02650517555614201,0.3624703286528294,1090.4298741052803,533,1404.9945052139956
2,0.00022707624702354958,0.06712276478121643,2.9725926350420668e-05,0.05933701363173797,0.09068095047447486,0.010422703827132849,0.0022310768017808117,0.026505031257091027,0.3624703286528294,1090.429865794999,990,2513.4069120030035
3,0.0002270620749097708,0.06712416442741302,2.972447378450212e-05,0.05933745162174628,0.09068433650869795,0.010421779394511211,0.0022311932925401083,0.02650526851491344,0.3624703286528294,1090.4298471056786,745,2954.1035377070075
4,0.00022706545799625614,0.06712407978202746,2.9723977911189956e-05,0.05933757430583631,0.0906856087298498,0.010422004308610264,0.0022311996173605695,0.026505132640225897,0.3624703286528294,1090.4298532372586,803,3165.4074983660103
