,p1,p2,p3,p4,p5,p6,p7,p8,Gkr,RMSE,iterations,CPU_time
0,0.00022726864984104394,0.06712128865998235,2.9723821282759356e-05,0.05933917827459748,0.09073963758312677,0.010408352702405192,0.0022327890214065894,0.026509352280965296,0.3624703286528294,1092.2017763042309,767,1860.8077572209877
1,0.00022728914349020102,0.0671195259292426,2.97238513969677e-05,0.05933909403716819,0.09073804158078613,0.010408439425664932,0.002232783878848065,0.026509011731141723,0.3624703286528294,1092.201816861869,559,1357.7237539749767
2,0.0002272695283632342,0.06712053475535944,2.972379770203502e-05,0.059339134313761796,0.09073712032265611,0.010408252184131557,0.0022327366994941353,0.026509378848453606,0.3624703286528294,1092.2017741357938,896,2174.3005411500053
3,0.000227269808537404,0.06712097170136792,2.972300932658034e-05,0.059339225612679646,0.09074030291395246,0.010408478838827924,0.0022328267910252937,0.026508910456563527,0.3624703286528294,1092.2017937900227,542,1316.79021595401
4,0.00022727802815258413,0.06712189019071214,2.9724110857888392e-05,0.059339148734328544,0.09073795113836036,0.010407950063350178,0.002232772297716036,0.026509348742956445,0.3624703286528294,1092.2017750600482,1088,2641.1820137999894
