,p1,p2,p3,p4,p5,p6,p7,p8,Gkr,RMSE,iterations,CPU_time
0,0.00023647506240691293,0.07725513833162961,3.596995058375913e-05,0.052488802023408165,0.08329851366179725,0.008708286768547121,0.006595202080938646,0.034655284459690384,0.10776307345282986,256.3274507611103,768,1536.066318476005
1,0.00023646585462949567,0.07725996893547081,3.5967666115899415e-05,0.052489439777784586,0.08329754197982248,0.008707727590601549,0.006595188151042923,0.03465453007778662,0.10776307345282986,256.3274545092714,627,1422.6514107429975
2,0.00023647742013613128,0.07725938712566921,3.59681403128254e-05,0.05248922193582768,0.0832968096242662,0.008708461676026975,0.006594960972201455,0.03465471396162967,0.10776307345282986,256.32744692755284,703,1586.4047791449993
3,0.00023647918164081827,0.07725955147068056,3.596731353334353e-05,0.05248955610975533,0.08330031652909323,0.008708202125488656,0.006595325496849549,0.03465407412259899,0.10776307345282986,256.32745195074295,588,1322.5357772659918
4,0.0002364889653522802,0.07725630641633852,3.5969594122537274e-05,0.052488888348606925,0.08329774444396992,0.00870781450497395,0.006595097860497284,0.0346550877539909,0.10776307345282986,256.32745108208286,637,1428.988614987
