,a_a0_a,a_a0_b,b_a1_a,b_a1_b,k_f_a,a_1_a,a_1_b,b_a0_a,b_a0_b,a_a1_a,a_a1_b,k_b_a,b_1_a,b_1_b,g_Kr,RMSE,iterations,CPU_time,score
0,0.022406954510125452,0.011813230218482714,6.894808353308486e-05,0.04177613275240787,0.02371434196342716,0.0908257846768438,0.023392836246318452,0.046980101990983396,0.06302959528565305,0.013722307223532198,0.038171462833261983,0.036717646642270334,0.006495388942992842,0.032674928984953736,0.15243871983951338,295.4140517034619,909,5871.253075522,295.4140517034619
