,a_1_a,a_1_b,b_a0_a,b_a0_b,k_b_a,a_a0_a,a_a0_b,b_1_a,b_1_b,b_a1_a,b_a1_b,a_a1_a,a_a1_b,k_f_a,g_Kr,RMSE,iterations,CPU_time,score
0,0.09081763318486173,0.023389878459224082,0.04635995679922867,0.06255324640320063,0.037179229545677414,0.02191603663011191,0.012030410293299348,0.0064974814606342446,0.032673516638859236,6.893595181986029e-05,0.041776828660302474,0.013936231819129348,0.03820380001962756,0.023760072532482985,0.1524143436744211,173.52652046271967,1619,7028.131049850999,173.52652046271967
