,p1,p2,p3,p4,p5,p6,p7,p8,Gkr,RMSE,iterations,CPU_time,score
0,0.001968691176070431,0.054142250340574856,2.976438434003571e-05,0.04873915482437633,0.09612574574975698,0.02311245363344584,0.006855424784003873,0.03137523684637976,0.15788081133797083,2608.3641733644763,2519,8201.33921138,2608.3641733644763
1,1.2385352344622882e-07,0.014286238564280697,0.825536629593151,0.0062276693435118855,9.942227741209359e-06,2.949899630903493e-06,0.4519514946976804,0.025990490166598483,0.1524,,2519,,
