,b_1_a,b_1_b,k_b_a,b_a0_a,b_a0_b,b_a1_a,b_a1_b,k_f_a,a_a1_a,a_a1_b,a_a0_a,a_a0_b,a_1_a,a_1_b,g_Kr,RMSE,iterations,CPU_time,score
0,0.006497437337255199,0.032673476896523314,0.03717557972330018,0.04636107330177492,0.06255645060930325,6.893589842312739e-05,0.041776846654844976,0.023761265013562252,0.013933138816433903,0.03820454810751498,0.0219192153280681,0.01202756230113317,0.09081738151039938,0.02338991735961505,0.15241472882774024,173.526520718445,1493,5099.831511528002,173.526520718445
