,p1,p2,p3,p4,p5,p6,p7,p8,Gkr,RMSE,iterations,CPU_time
0,0.00022670717256156268,0.06754838462206736,3.0307713939187713e-05,0.05869595737400576,0.0898248620579716,0.0102003801889019,0.0026363546199303593,0.027105301101174248,0.3048,933.2497363893451,510,2353.6324124309904
1,0.00022670472918717144,0.06754871697866144,3.0308946548806412e-05,0.058695706881146406,0.08982284953389723,0.010200424364409443,0.002636273151255137,0.02710555578468662,0.3048,933.2497145034598,841,3983.313519932999
2,0.00022672673387296637,0.06754806224230156,3.0307946026696202e-05,0.05869594141894299,0.0898241638617669,0.010200508205999909,0.002636284975795756,0.027105440979617073,0.3048,933.2497233813616,512,2427.889966363
3,0.00022671086362258385,0.06754847995121756,3.0308170097141272e-05,0.05869586597112754,0.08982356213159999,0.010200641009184249,0.0026362654485515436,0.02710542055230817,0.3048,933.2497156879541,620,2536.2578663400054
4,0.00022670998912130143,0.06754858669497646,3.0307957745349814e-05,0.05869604165790965,0.08982421102114271,0.010200488385519634,0.00263629425354021,0.02710563467962376,0.3048,933.2497072734219,880,4009.4930466980004
