,p1,p2,p3,p4,p5,p6,p7,p8,Gkr,RMSE,iterations,CPU_time,score
0,7.043470880499026e-07,2.641374334351772e-06,2.7890881182513163,2.518991391944761e-07,3.530088706048126e-05,0.0018629924473938493,0.014676539678960123,2.3630377722282825e-06,0.15240041048332761,282793.0030411605,296,930.7037749270003,282793.0030411605
1,7.043467588172549e-07,2.946778723368906e-06,2.7890872353101566,3.8918745886931547e-07,3.530088275264305e-05,0.0018637211840552914,0.014676543192143123,1.9359855999202887e-06,0.1524,,296,,
