,p1,p2,p3,p4,p5,p6,p7,p8,Gkr,RMSE,iterations,CPU_time,score
0,0.0015669632675218,0.07930861997978793,2.2190215632173625e-05,0.051191074017166105,0.09598931152771749,0.02394952061803055,0.0070540866973830395,0.031302679663030526,0.15483659160111476,719.8350844038939,1459,3278.286012713,719.8350844038939
1,8.172674726940429e-06,0.004084372013703633,0.044917355353908194,0.00241319771254182,0.041365962547827866,0.031095648390478924,3.476408200103725e-05,0.005685632206955116,0.1524,,1459,,
