,p1,p2,p3,p4,p5,p6,p7,p8,Gkr,RMSE,iterations,CPU_time,score
0,1.000010369431907e-07,0.1896480607632623,1.0000013753061589e-07,0.08922902248656031,1.0001499762936704e-07,0.35284212342335414,6.728482073481319e-05,0.1376193691922124,0.3610638126849083,49930.90017249181,1455,2681.1589757870006,49930.90017249181
1,8.080208795608733e-06,0.0007827417102806942,5.902657777214984e-06,2.296313747913795e-06,1.829729499385872e-07,0.0012496311344467584,0.0006979470711805705,0.00012327912528332474,0.1524,,1455,,
