,p1,p2,p3,p4,p5,p6,p7,p8,Gkr,RMSE,iterations,CPU_time
0,0.00020736534016632048,0.06042580587054057,3.0275564189543524e-05,0.058101725917926325,0.08924583943764329,0.009540430550070506,0.0029180117152746536,0.027129949449406245,0.3048,279.8501798394537,800,1309.6662168860057
1,0.00020734322457231923,0.06042642837169354,3.027421075281656e-05,0.05810182525971158,0.08923867714825015,0.009539661487879613,0.002917773987793011,0.02713089444686115,0.3048,279.85018397343816,493,704.5617989979946
2,0.00020736902476907237,0.06042419122192449,3.0274012280962436e-05,0.058101715953248416,0.08924752730253625,0.009539447739024992,0.002918060637276707,0.02713016821753798,0.3048,279.8501726022047,641,1025.634855709999
3,0.00020736928862213368,0.06042623246785078,3.027524454728702e-05,0.05810174735041244,0.08924812533690404,0.00954043214768174,0.0029179987242490112,0.02712998823192814,0.3048,279.85017209106223,657,983.7075949759892
4,0.00020736182114836557,0.06042370041569546,3.0278353647736973e-05,0.05810063567157492,0.0892409631571421,0.00954007998457646,0.0029179508534297126,0.027130415278069763,0.3048,279.8501798341292,569,829.8787417350104
