,a_1_a,a_1_b,b_a0_a,b_a0_b,k_b_a,a_a0_a,a_a0_b,b_1_a,b_1_b,b_a1_a,b_a1_b,a_a1_a,a_a1_b,k_f_a,g_Kr,RMSE,iterations,CPU_time,score
0,0.09092534612388428,0.023412415360605773,0.05386899164392165,0.06387369614284893,0.033879688039648456,0.02323507205917469,0.010401918359627805,0.006507658504260278,0.03264696918948932,6.951930657347368e-05,0.04170830699847238,0.014179641568942728,0.03815916529621994,0.02319286758437851,0.15238206492030967,138.52856474055375,1501,5006.693044668001,138.52856474055375
