,p1,p2,p3,p4,p5,p6,p7,p8,Gkr,RMSE,iterations,CPU_time
0,0.00022577577572880985,0.06994871890382222,3.449281035762982e-05,0.05460033815677764,0.08713014320034329,0.00890741237670925,0.005141727234523548,0.03157030091963457,0.1524,138.7530380986465,549,1082.1127596839942
1,0.00022577601756282027,0.06994864991883866,3.449274994049101e-05,0.054600343169907826,0.0871297730230021,0.00890760893620225,0.005141697317286507,0.031570179342405,0.1524,138.7530382660017,574,1130.4473877609998
2,0.00022577340310212484,0.06994877219543515,3.4492756839857476e-05,0.05460035484445402,0.08713009969052302,0.00890757586186392,0.005141725144710615,0.031570224662641685,0.1524,138.75303836389892,701,1196.1141890040017
3,0.0002257757862007747,0.06994861438418602,3.449325750525587e-05,0.054600226488840074,0.08713017788463312,0.008907446786972887,0.005141735589317006,0.03157030969831032,0.1524,138.75303819322266,504,649.0512996119942
4,0.00022577590935393948,0.06994874402988165,3.4492904321532454e-05,0.05460031559546125,0.08713093206421513,0.00890751060173332,0.0051417735390665055,0.031570279417493276,0.1524,138.75303822653564,625,1106.3150089950068
