,p1,p2,p3,p4,p5,p6,p7,p8,Gkr,RMSE,iterations,CPU_time
0,0.00022774984913226428,0.06634802921346196,2.9002287906590107e-05,0.06026057000400612,0.09272320882601817,0.010695113927974793,0.00160581606046938,0.025667252660028752,0.5126104547386644,1338.2744261250461,758,1821.169882290007
1,0.00022777023289682517,0.06634431919434762,2.9004668450414092e-05,0.06025962874127656,0.09271752353019448,0.010696154478377866,0.0016057109334777241,0.025666839990678102,0.5126104547386644,1338.274399925784,569,1368.3314362079836
2,0.00022774802735541698,0.06634860206836875,2.9001512671086243e-05,0.060260840841139,0.09273125774319749,0.010695532000491644,0.0016059538191407045,0.02566662004107914,0.5126104547386644,1338.274411675113,627,1506.7133097090118
3,0.00022775511370550771,0.0663481148681557,2.9003008029774216e-05,0.06026024828587205,0.09273137176049681,0.010695680595638987,0.0016059762823362733,0.025666435002192442,0.5126104547386644,1338.274409927063,569,1368.1308654120076
4,0.00022775919011495954,0.06634555867118426,2.9003380333701633e-05,0.06026012849777277,0.09272401072364604,0.010694993744496718,0.001605841433457694,0.025667205447098967,0.5126104547386644,1338.274459370154,466,1119.408668278018
