,a_1_a,a_1_b,b_a0_a,b_a0_b,k_b_a,a_a0_a,a_a0_b,b_1_a,b_1_b,b_a1_a,b_a1_b,a_a1_a,a_a1_b,k_f_a,g_Kr,RMSE,iterations,CPU_time,score
0,0.09081186875674375,0.02339207819621831,0.04696172769126562,0.06385271784087306,0.03684382371928632,0.022653926645798565,0.01165816145865005,0.006492908603634721,0.03270280594872844,6.884688967515882e-05,0.04178257058980385,0.013641637307175717,0.03823170532731914,0.0237008463151593,0.1523784967400062,173.7800604570079,1435,6224.093694319,173.7800604570079
