,p1,p2,p3,p4,p5,p6,p7,p8,Gkr,RMSE,iterations,CPU_time
0,0.00021784157359032048,0.060003805727871305,2.9378399995985345e-05,0.057648447667481874,0.0934629784553803,0.008525999798489916,0.003307345260484451,0.028561551050195998,0.2563052273693322,214.9484685956423,530,648.2310363170036
1,0.00021784454672012956,0.06000255101171579,2.9378402661932784e-05,0.05764831378638147,0.09346758509642167,0.00852684416187148,0.0033075012739347265,0.02856094462005779,0.2563052273693322,214.94846609468718,619,880.0598368150022
2,0.00021784089069664303,0.06000331480093545,2.937813359052395e-05,0.057648431809398125,0.09346748882251847,0.008526464194918936,0.0033074990430370594,0.028561324185315803,0.2563052273693322,214.9484643450438,699,1186.2008972999975
3,0.0002178526876530326,0.060003054802882726,2.9378137863047356e-05,0.057648527009111,0.09346128105154274,0.008525772008883879,0.0033072773674390054,0.028561709390107708,0.2563052273693322,214.9484685384096,499,857.3752480339972
4,0.00021785389500697327,0.06000168226562945,2.9377974538790053e-05,0.057648489026281904,0.09346289751683551,0.008526080361430304,0.003307337773121309,0.028561431333236614,0.2563052273693322,214.94846842158623,953,1960.3265427919978
