,a_a0_a,a_a0_b,b_a1_a,b_a1_b,k_f_a,a_1_a,a_1_b,b_a0_a,b_a0_b,a_a1_a,a_a1_b,k_b_a,b_1_a,b_1_b,g_Kr,RMSE,iterations,CPU_time,score
0,0.02359079910075627,0.010817737324856472,6.892666356729944e-05,0.04177445486546152,0.023850611325713363,0.09084273504661874,0.02339452617526403,0.049828452903201474,0.06404600607715978,0.013127857653269973,0.03830657722854286,0.03503832344193267,0.006498751387342923,0.03268111138414283,0.1524074325788831,138.6832290778376,1495,4193.398176809998,138.6832290778376
