,a_1_a,a_1_b,b_a0_a,b_a0_b,k_b_a,a_a0_a,a_a0_b,b_1_a,b_1_b,b_a1_a,b_a1_b,a_a1_a,a_a1_b,k_f_a,g_Kr,RMSE,iterations,CPU_time,score
0,0.09081928571021729,0.023386970747316414,0.04700838695404058,0.06330091017716924,0.03650081549179336,0.0224529388965931,0.011791173942156329,0.006496530774348953,0.03268347391839389,6.890259809260585e-05,0.04177544662088195,0.013598205037683195,0.03809084933283302,0.023781793618943708,0.15239549832592425,174.58125405284895,1307,5650.373184122999,174.58125405284895
