,p1,p2,p3,p4,p5,p6,p7,p8,Gkr,RMSE,iterations,CPU_time,score
0,0.0015663711360022414,0.07928684553563543,2.216857663196921e-05,0.051201605440646385,0.09598753524940026,0.023935733407858414,0.0070520584892388655,0.031313801330181,0.15487072210846262,719.5676445208189,1224,2690.904553395,719.5676445208189
1,6.97094036158464e-07,3.2603665986418235e-05,6.4427105397259305e-06,3.9819008954710027e-05,0.22645232981337138,2.2906390012970973e-06,0.3420590215457987,1.003725979310261e-06,0.1524,,1224,,
