,p1,p2,p3,p4,p5,p6,p7,p8,Gkr,RMSE,iterations,CPU_time,score
0,0.014296575788663866,6.287121936965408e-05,0.0003381566030272899,8.820502009426845e-05,5.549313547187443e-05,0.2781840077390745,0.36680596171291335,0.06584371229421543,0.025246817055756453,149379.83971664132,400,486.70045280499926,149379.83971664132
1,0.016209644303442045,3.278043455694324e-05,0.0003490901260822425,2.6639377590546784e-06,4.409986993598301e-05,1.7083713558071136e-05,0.39475085305199353,0.046004218100607536,0.1524,,400,,
