,a_a0_a,a_a0_b,b_a1_a,b_a1_b,k_f_a,a_1_a,a_1_b,b_a0_a,b_a0_b,a_a1_a,a_a1_b,k_b_a,b_1_a,b_1_b,g_Kr,RMSE,iterations,CPU_time,score
0,0.023102657971444458,0.011176385089493705,6.890805840059095e-05,0.04177669457122461,0.023752039837910598,0.09087136053198823,0.023395142943913,0.048409748946079315,0.06349142507509589,0.013500917321513537,0.038321443013877785,0.03628766091981984,0.006502152389066976,0.03267903994214492,0.15238818110534158,295.9258906759588,1195,7805.437600644998,295.9258906759588
