,p1,p2,p3,p4,p5,p6,p7,p8,Gkr,RMSE,iterations,CPU_time,score
0,0.0016861723756731214,0.08448724738322672,2.2122608277281872e-05,0.051193377200372286,0.12145950247339822,0.02688791543836048,0.008873392850342545,0.028786869662142434,0.1546682647372036,656.7724408680224,1295,2403.3552593219993,656.7724408680224
1,1.9596979269689264e-06,5.673409481514919e-07,0.04526911658584202,6.911612846219934e-05,0.5393444485421158,0.0004474261420051348,2.233293670479509e-06,4.253838805476299e-06,0.1524,,1295,,
