,p1,p2,p3,p4,p5,p6,p7,p8,Gkr,RMSE,iterations,CPU_time,score
0,0.001968616069606285,0.054135784442957295,2.9764828367928242e-05,0.04873906371326361,0.09612381323907801,0.023112125499168263,0.006855445052198596,0.03137492338901589,0.15788193480136772,2608.3642196048463,1108,3597.328608024998,2608.3642196048463
1,1.1040308133059478,2.559290920088511e-07,1.0853770377838947e-05,0.00010056115299261906,0.39256657506876974,5.871674297065672e-07,1.7987723016478945e-06,0.004127349839601889,0.1524,,1108,,
