,p1,p2,p3,p4,p5,p6,p7,p8,Gkr,RMSE,iterations,CPU_time
0,0.0002207875523681741,0.06246686030307879,3.0943589186850335e-05,0.05673671254425507,0.09133063429480055,0.008603320551335619,0.0038279449556675917,0.02943416337197914,0.21552614690565972,181.888243525418,607,1117.5664303490048
1,0.0002207911033811349,0.06246737408796875,3.0945163915650316e-05,0.05673637039582718,0.09132194902599479,0.008604022380304012,0.00382756454992989,0.02943401392830614,0.21552614690565972,181.88824429696675,532,878.4598121509916
2,0.00022078697890985262,0.06246566684236242,3.094272720101014e-05,0.056736937377955876,0.09133233419110395,0.008602862156112959,0.00382800967577716,0.029434389293248136,0.21552614690565972,181.8882479926561,543,960.3400340200023
3,0.0002207924071402246,0.06246583084394331,3.094259043675214e-05,0.05673700194573776,0.09133292410245539,0.008603047576521066,0.0038280525657645803,0.029434200019219127,0.21552614690565972,181.88824518804205,772,1484.7848122709984
4,0.00022078635325132836,0.062466915669663635,3.094459261886465e-05,0.05673639349226104,0.09133524463586207,0.008604611881084823,0.0038281325903564973,0.029433199640358763,0.21552614690565972,181.8882464193957,888,1864.7079458149965
