,p1,p2,p3,p4,p5,p6,p7,p8,Gkr,RMSE,iterations,CPU_time
0,0.00022105538588947655,0.06253481473142397,3.080954046157792e-05,0.05677493712926059,0.09107145866024074,0.008592542494999958,0.0038149252091066108,0.029429972688608506,0.21552614690565972,180.16592409102435,512,608.6702839340032
1,0.00022106672210600177,0.06253495664617176,3.080805207887938e-05,0.05677531725342386,0.09107588020036116,0.008592762007946852,0.003815083336306296,0.029429368834546613,0.21552614690565972,180.16592086101463,600,729.2760329109988
2,0.000221065250014926,0.06253484251047564,3.0808755623677494e-05,0.0567751315290215,0.09107276214120248,0.008592812366598854,0.0038149371021337563,0.029429551409693,0.21552614690565972,180.16592412308407,578,770.225517805
3,0.00022105954745721334,0.0625345574316099,3.080962756242477e-05,0.056774872450025486,0.0910708589200325,0.00859295492682628,0.003814903150737658,0.029429552118804297,0.21552614690565972,180.1659224968038,683,860.7993933899998
4,0.00022106956035136707,0.06253474485952226,3.080967341081269e-05,0.05677493222401472,0.0910717815845536,0.00859303901503096,0.0038149026527546873,0.029429383926931656,0.21552614690565972,180.1659203737595,551,1096.3044502379998
