,p1,p2,p3,p4,p5,p6,p7,p8,Gkr,RMSE,iterations,CPU_time
0,0.00022426379920723941,0.06966235182699344,2.8066698273371418e-05,0.05796648158948746,0.09277977107261753,0.00886042449815411,0.004030088069168002,0.027979092321441232,0.21552614690565972,421.8921570788196,536,1362.2132549700036
1,0.00022426329359265162,0.06966331964513739,2.8066194526357877e-05,0.05796695741169483,0.09277751377327355,0.00886044897301591,0.004029891792658238,0.027979625994962756,0.21552614690565972,421.8921593365068,504,1316.7049562250031
2,0.00022428634657773485,0.06966008174912054,2.8064412035038078e-05,0.05796740323569605,0.09277759657065648,0.00886059262050681,0.0040299079874305446,0.027979695750201605,0.21552614690565972,421.8921680653671,814,1462.4845644580055
3,0.00022430626110166383,0.06965945998642582,2.8062565722560523e-05,0.05796801706714419,0.09278047787943615,0.008860672236134712,0.004029959557066595,0.02797921402584342,0.21552614690565972,421.89216940326537,492,979.5830732910108
4,0.00022426687856415403,0.06966164031533062,2.8067664534513413e-05,0.05796637597110878,0.09277635482980733,0.008860727236580655,0.004029939083710186,0.02797927830718403,0.21552614690565972,421.89216458622735,623,1491.1069149920077
