,p1,p2,p3,p4,p5,p6,p7,p8,Gkr,RMSE,iterations,CPU_time,score
0,0.0016860309852788575,0.08445143754931285,2.210212412385683e-05,0.05119439594269545,0.12139119796932604,0.026881625468916082,0.008874909036825874,0.028796112965138062,0.15454492190144692,654.981820432738,2413,4611.64955265,654.981820432738
1,0.0006453566423720176,1.836130048162337e-06,1.275082959468983,0.03558272786527193,9.305545405726178e-05,4.6276186048080366e-07,3.159348231400247e-07,0.00026274563182940996,0.1524,,2413,,
