,a_a0_a,a_a0_b,b_a1_a,b_a1_b,k_f_a,a_1_a,a_1_b,b_a0_a,b_a0_b,a_a1_a,a_a1_b,k_b_a,b_1_a,b_1_b,g_Kr,RMSE,iterations,CPU_time,score
0,0.02244339832922737,0.011658814257018674,6.886380527735281e-05,0.04178582800493562,0.023833842676304517,0.09082642007147386,0.023392476676421803,0.04704736086164496,0.06325013006544561,0.013880730474440344,0.038134927597975786,0.03751496221068434,0.006497985259739202,0.032670779463577077,0.15242621349262844,296.48312720251073,1139,7409.304207555,296.48312720251073
