,p1,p2,p3,p4,p5,p6,p7,p8,Gkr,RMSE,iterations,CPU_time,score
0,0.001567555138288908,0.07930107684610474,2.2201903076249882e-05,0.05117836826082595,0.09594183301982352,0.023934695544441054,0.007054724004996292,0.03132880823559929,0.154737252717435,721.3703797403188,1332,3028.251314086,721.3703797403188
1,0.008764188583315808,0.17601629427683899,1.3506543233076326e-05,1.9201210318547532e-05,0.001652233724667029,0.003105464172123433,1.4250428179485432e-07,2.9472856681675846e-05,0.1524,,1332,,
