,p1,p2,p3,p4,p5,p6,p7,p8,Gkr,RMSE,iterations,CPU_time
0,0.00020810915163222422,0.08975076465999374,3.256363613339688e-05,0.05032229863575867,0.08265014901620686,0.012300828385472508,0.012448559999246796,0.03591681040935174,0.06407630684233305,1025.8702793531318,687,903.8956064159938
1,0.00020811238809380402,0.08975218778905819,3.256403098109963e-05,0.0503221894571781,0.08265191944621875,0.012301193136323382,0.012448807438800955,0.035916393957958405,0.06407630684233305,1025.8702789782787,709,838.6962003289955
2,0.0002081152317874077,0.08975183180874464,3.25641697846342e-05,0.05032193053367193,0.0826499812238412,0.012301235949953462,0.012448523537076614,0.035916362971148724,0.06407630684233305,1025.870278306405,698,820.9932624040011
3,0.00020812652166717126,0.08974983678036019,3.256534016262517e-05,0.05032164368100483,0.08265087431875509,0.012301152258891756,0.012448653833502642,0.03591650987034501,0.06407630684233305,1025.870277333176,634,1282.7209887520003
4,0.00020810433028797609,0.08975170425091933,3.256414992232175e-05,0.050321954497993086,0.08265050588957676,0.01230114599773472,0.012448746962451983,0.03591618183361232,0.06407630684233305,1025.8702797323688,829,1543.4364228589984
