,p1,p2,p3,p4,p5,p6,p7,p8,Gkr,RMSE,iterations,CPU_time
0,0.00015164930827879213,0.08929889956099298,2.463486414628252e-05,0.051053691684075295,0.059027028174050145,0.010015917960613617,0.008041890280290322,0.04484545151769844,0.05388153672641493,6684.775774262065,725,1732.919007840006
1,0.0001516956974412881,0.08929224712060185,2.46365760702636e-05,0.0510531185425291,0.05901897656799273,0.010018968852596585,0.008041308696649742,0.04484111189314308,0.05388153672641493,6684.775755310518,540,1143.4071588279985
2,0.00015157551668563,0.0893084051905092,2.4634245522289584e-05,0.05105353508023821,0.05902386244744308,0.010017176911263059,0.008041039131863223,0.044846023049043345,0.05388153672641493,6684.775754328252,891,2275.202338230003
3,0.0001516640487002737,0.08929760366063126,2.464000908763253e-05,0.05105193292744741,0.05902481538436401,0.010017036146041557,0.008041961935981145,0.04484439071647604,0.05388153672641493,6684.775707971796,701,2229.007850327005
4,0.00015170127397426349,0.08929165755917606,2.4647284348842547e-05,0.051049167546079924,0.05902069984066159,0.01001775607024635,0.008041112549477774,0.04484581466701697,0.05388153672641493,6684.7757244745235,1094,3107.6357882520024
