,p1,p2,p3,p4,p5,p6,p7,p8,Gkr,RMSE,iterations,CPU_time,score
0,0.4441270573894703,1.6634953492025e-07,0.00013231409221389144,1.6257169409690844e-07,3.588636413735975e-05,1.0007774019735622e-07,1.0901537461278072e-05,1.0005701127192728e-07,0.024908552402276157,240748.81680871907,999,2098.2625252840003,240748.81680871907
1,0.441887243921953,3.787581123435161e-07,0.00012478340934571358,1.7317410526945782e-06,3.5471630144311304e-05,0.008329483664134952,1.1868696276905805e-05,1.3531132552883683e-06,0.1524,,999,,
