,a_a0_a,a_a0_b,b_a1_a,b_a1_b,k_f_a,a_1_a,a_1_b,b_a0_a,b_a0_b,a_a1_a,a_a1_b,k_b_a,b_1_a,b_1_b,g_Kr,RMSE,iterations,CPU_time,score
0,0.022504754225752203,0.011692886012143579,6.90068463117404e-05,0.041768591096760295,0.023815806157492365,0.0908393293549685,0.02338034929042846,0.04760201760281377,0.06328180263144004,0.013756764166389775,0.037979785612632135,0.03678075136294384,0.006499142355828775,0.03268453187679743,0.1524173371000477,202.9801585768003,1145,5287.669342077999,202.9801585768003
