,p1,p2,p3,p4,p5,p6,p7,p8,Gkr,RMSE,iterations,CPU_time
0,0.00019777640973259056,0.05762262100778303,2.8648178886312038e-05,0.05961221965884388,0.09069829093851532,0.009655538159724012,0.0018410928232201371,0.02552950248212281,0.5126104547386644,380.51598822864355,590,782.3736247160123
1,0.00019779047466365722,0.05762161693320349,2.864145263722358e-05,0.05961448163172733,0.09070258211662233,0.009654752466601586,0.0018410880743741159,0.02552981136384573,0.5126104547386644,380.51597467552267,935,1667.3513363500097
2,0.00019778848889512155,0.05761868475883207,2.8643914175989747e-05,0.059613690884368395,0.09070213118289128,0.009655193359253482,0.0018411625536937225,0.02552954903916994,0.5126104547386644,380.51599845117397,592,1258.0259845550027
3,0.0001977815595947453,0.0576207976105691,2.8644374362567417e-05,0.05961393177856536,0.09070074639092018,0.009655816781378243,0.0018411295111511736,0.02552961473014558,0.5126104547386644,380.5160137443732,654,974.9776528640214
4,0.00019779645750582617,0.057619094934632346,2.864435460037289e-05,0.05961317702367109,0.09070239049419974,0.009655179716602758,0.0018411176651189766,0.025529550690476976,0.5126104547386644,380.5160237301411,585,736.1083207889751
