,p1,p2,p3,p4,p5,p6,p7,p8,Gkr,RMSE,iterations,CPU_time
0,0.00024263293133979405,0.08104463547815426,3.566379443318328e-05,0.05159547234855852,0.07985069632169703,0.008851807796333893,0.0073891279925662415,0.03613745243438122,0.09061758216320735,436.29867383185416,678,1096.8376001460056
1,0.00024263945106450856,0.0810428195956536,3.5660699601832745e-05,0.05159619870474181,0.07985233620883904,0.00885207606073074,0.007389253159643895,0.03613726842081461,0.09061758216320735,436.29867889880745,621,989.8240407460034
2,0.00024262694532217575,0.08104385090019552,3.565908632897286e-05,0.051596742722832774,0.07985379685010877,0.008851435301005274,0.007389452415227322,0.036137336781004066,0.09061758216320735,436.29867600255426,784,1549.9069709990072
3,0.0002426306363556768,0.08104430231977787,3.565925892189586e-05,0.05159662778353577,0.0798540415707202,0.008851095722513106,0.007389464796948507,0.03613731878670756,0.09061758216320735,436.29867856944537,567,1245.021676991004
4,0.0002426411871045513,0.08104350366780742,3.565928797319593e-05,0.05159675191211756,0.07985331974621111,0.008850985969650029,0.0073894391596643835,0.0361373013756248,0.09061758216320735,436.2986751735509,820,1821.2140860950021
