,a_a0_a,a_a0_b,b_a1_a,b_a1_b,k_f_a,a_1_a,a_1_b,b_a0_a,b_a0_b,a_a1_a,a_a1_b,k_b_a,b_1_a,b_1_b,g_Kr,RMSE,iterations,CPU_time,score
0,0.022492586661849796,0.01170200534666943,6.900551368395413e-05,0.04176876003345014,0.023815560347130785,0.09083892297308414,0.023380137068666512,0.047575255569617,0.06328398310406082,0.013760618102802045,0.03797798312352285,0.03679027676254,0.006499105726648337,0.03268468513172614,0.15241724077834154,202.98016186030182,1199,6102.0835127440005,202.98016186030182
