,p1,p2,p3,p4,p5,p6,p7,p8,Gkr,RMSE,iterations,CPU_time,score
0,0.0019687470058646944,0.054134080105002105,2.9805620854210846e-05,0.048726144462094056,0.0960181473407233,0.023104438360159945,0.006843512202492795,0.03139871400533881,0.15787523424312483,2605.936123573978,1310,4501.246339527999,2605.936123573978
1,0.004003055790188978,8.724361913995185e-06,0.002598570829491425,3.197590062079198e-06,0.07829523212704452,1.1276842687023386e-07,0.014348022077081876,5.500069746530834e-07,0.1524,,1310,,
