,b_1_a,b_1_b,k_b_a,b_a0_a,b_a0_b,b_a1_a,b_a1_b,k_f_a,a_a1_a,a_a1_b,a_a0_a,a_a0_b,a_1_a,a_1_b,g_Kr,RMSE,iterations,CPU_time,score
0,0.006510003258615955,0.03267099446854059,0.03624857206364529,0.04765954175196879,0.06298903865975243,6.874640545419944e-05,0.04179230526518039,0.023577365703662884,0.013572495572728362,0.03851634085829939,0.022793016351929145,0.011540193582382624,0.09095191610670979,0.023389305737848625,0.15235971208878513,202.95324425924295,1304,6127.007406069999,202.95324425924295
