,p1,p2,p3,p4,p5,p6,p7,p8,Gkr,RMSE,iterations,CPU_time
0,6.913413868797889e-05,0.09663664710224143,2.4738394419479125e-05,0.05334120162478992,0.07661956855281854,0.009947891406494566,0.008497230306332966,0.03835823693098262,0.0762,3061.299419340214,775,1579.8443046479952
1,6.913729888431846e-05,0.09663392197973901,2.4733372422319246e-05,0.053342917685948815,0.07662470756631412,0.009946691527155976,0.008498421453809126,0.038357344148878585,0.0762,3061.2994263723717,871,1757.6738509089919
2,6.913406538208868e-05,0.09663631968967211,2.4736695675385254e-05,0.053341835976309086,0.07662424254352791,0.009946905862838841,0.008497972893972914,0.03835831610136222,0.0762,3061.2994299926922,1211,2338.2581619679986
3,6.913785651459265e-05,0.09663551762470078,2.4739318473830107e-05,0.053340789075215965,0.07662103656207993,0.009947547855376215,0.008497528797044903,0.038358143378413284,0.0762,3061.2994051528212,1167,2905.0170886770065
4,6.914473285300098e-05,0.09663364276955519,2.4735741650690175e-05,0.05334203756878353,0.07662454199614167,0.00994673037095794,0.008498159172802658,0.038357892723112526,0.0762,3061.2993971461565,793,1925.6524534780037
