,p1,p2,p3,p4,p5,p6,p7,p8,Gkr,RMSE,iterations,CPU_time
0,0.00021189255098228398,0.08752248039006376,3.550501186482354e-05,0.05061116442186751,0.08419791136482442,0.011301907752372282,0.010371361123707026,0.03538001087392013,0.0762,668.3597221863852,479,1020.7592693810002
1,0.0002118801797587548,0.08752154818802997,3.5508046800294786e-05,0.050610423673159155,0.08420381084066189,0.011302335270819173,0.010372261147192361,0.03537974152904056,0.0762,668.3597122693269,450,958.7795313620009
2,0.00021187224331569045,0.08752655953245476,3.550442794941062e-05,0.05061136531750098,0.08420291217615461,0.01130168702189564,0.010371885548264148,0.03538028920725705,0.0762,668.359713304116,625,1325.374659588997
3,0.00021187097354490427,0.08752597305143542,3.5503669206290956e-05,0.050611534484533885,0.08420127370571362,0.011301516506940508,0.010371788914837653,0.03538034399833449,0.0762,668.3597152387332,570,922.7442284429999
4,0.00021187974297150433,0.08752540516466392,3.550631009089009e-05,0.05061099008050505,0.08419565200720784,0.01130338807232834,0.01037113164396167,0.03537890682027176,0.0762,668.359720772837,629,1202.5015012190051
