,a_a0_a,a_a0_b,b_a1_a,b_a1_b,k_f_a,a_1_a,a_1_b,b_a0_a,b_a0_b,a_a1_a,a_a1_b,k_b_a,b_1_a,b_1_b,g_Kr,RMSE,iterations,CPU_time,score
0,0.022306972144178396,0.011775839806714983,6.910340360017195e-05,0.04175392932653922,0.023825939244499304,0.0908179369425597,0.023389289267567434,0.04686054544529059,0.0633805250164269,0.013684964961965399,0.03808968258699466,0.03660895514741404,0.00649799463165436,0.03267885038576317,0.1523938345790439,173.84939160243226,1156,5173.246927873999,173.84939160243226
