,p1,p2,p3,p4,p5,p6,p7,p8,Gkr,RMSE,iterations,CPU_time,score
0,0.001968942802408416,0.054131540918826444,2.9784090129729375e-05,0.04873431279268902,0.09600701553804385,0.023112353116864333,0.006841520839391271,0.03138839283562399,0.1579027958969681,2609.632026500175,1109,3544.0488274360014,2609.632026500175
1,2.7580725152308005,0.0005775251836739692,1.2227453264439442e-05,2.4076590015175102e-05,0.0029140180660660155,2.8037419114543675e-07,0.023507776670989737,9.756952562125053e-05,0.1524,,1109,,
