,a_a0_a,a_a0_b,b_a1_a,b_a1_b,k_f_a,a_1_a,a_1_b,b_a0_a,b_a0_b,a_a1_a,a_a1_b,k_b_a,b_1_a,b_1_b,g_Kr,RMSE,iterations,CPU_time,score
0,0.022642938455788974,0.011571039603136508,6.897998605487103e-05,0.0417673792484089,0.023664955172150857,0.09080630789560239,0.023398319745736914,0.047219647887127604,0.06318643707122963,0.013612772223628002,0.038432017291743274,0.036691958176141945,0.0064955065250818424,0.03267628859389012,0.15241722539160368,173.76848458520598,1065,5014.192588939,173.76848458520598
