,p1,p2,p3,p4,p5,p6,p7,p8,Gkr,RMSE,iterations,CPU_time
0,0.00021618501864183076,0.08431591434821609,3.7150451638824194e-05,0.051255979000405745,0.08488763712456432,0.010488679148982499,0.008627865411053497,0.034664147857743105,0.09061758216320735,407.3447386039846,1093,1714.1677515460033
1,0.00021620841070829123,0.08431512806085958,3.71464651672191e-05,0.05125703714180832,0.08488367615830894,0.010487453354663287,0.008627332314659312,0.03466464818758851,0.09061758216320735,407.3447443527642,548,1125.7296999760001
2,0.00021618588086598874,0.08431545270826139,3.714689858950869e-05,0.05125717897626951,0.08487850181664829,0.010487307744130809,0.008627018805804791,0.03466522477178547,0.09061758216320735,407.34474387828175,808,1694.7879051760028
3,0.00021617767856652688,0.08431509216182038,3.7149023245531476e-05,0.05125609688406353,0.08488661410942416,0.010488285891066196,0.008627829118534899,0.03466403603222597,0.09061758216320735,407.3447412186547,749,1222.8731597339938
4,0.00021618687563652736,0.0843141063126328,3.714815876846642e-05,0.05125661578181072,0.08488266058809849,0.010487339707897614,0.008627423885118545,0.03466483785978763,0.09061758216320735,407.3447444096449,532,1095.8904927719996
