,b_1_a,b_1_b,k_b_a,b_a0_a,b_a0_b,b_a1_a,b_a1_b,k_f_a,a_a1_a,a_a1_b,a_a0_a,a_a0_b,a_1_a,a_1_b,g_Kr,RMSE,iterations,CPU_time,score
0,0.006488039703581092,0.03269282765055332,0.03664672365431774,0.046177249935649374,0.06285282763801175,6.887309331363098e-05,0.04178280064999303,0.023766270447203277,0.013645481573134936,0.0382709600966168,0.02212455345787263,0.01199539350463253,0.09074928772976298,0.023396078551072085,0.15237969135034263,202.73990862307372,1015,5160.339196683999,202.73990862307372
