,p1,p2,p3,p4,p5,p6,p7,p8,Gkr,RMSE,iterations,CPU_time,score
0,0.001690118604338787,0.03663101711858694,4.303209693355107e-05,0.045915768692090235,0.09315621347787442,0.021814604114225557,0.0073511204467741455,0.02960042816703952,0.16391398531711038,1708.9875064779753,955,2889.962576637001,1708.9875064779753
1,0.00010604607644776313,0.1645909540105481,3.4524929306656698,5.82439663011913e-07,0.0024331164605850596,3.11515473799429e-06,0.11027434167782664,1.1203182428068954e-05,0.1524,,955,,
