,p1,p2,p3,p4,p5,p6,p7,p8,Gkr,RMSE,iterations,CPU_time
0,0.00017675131958395427,0.0839484795179254,3.124168693009241e-05,0.050085165461432934,0.06359323542078174,0.009862172528407001,0.007362034860771274,0.042458076660518464,0.06435684129488249,4512.483669811159,838,1462.0800635279738
1,0.00017682681814166752,0.08394093945906854,3.124556482934786e-05,0.050084647928217124,0.06359156013702964,0.009862865165653167,0.0073616308484180494,0.04245810905117781,0.06435684129488249,4512.483693504678,640,1110.6649690119957
2,0.00017675466823218462,0.08394512801827238,3.1246683987355475e-05,0.050083802520386064,0.06359026317725455,0.009862217140710158,0.007361707824726249,0.0424583056789782,0.06435684129488249,4512.48368303794,763,1319.6429095439962
3,0.00017676070559583361,0.08394796445451026,3.124468794716663e-05,0.050084497172500186,0.06359290761872548,0.009862139045819765,0.007361948626026036,0.04245875506414401,0.06435684129488249,4512.483697443221,700,1204.1820634859905
4,0.00017676113604732943,0.08394629899461846,3.125418200432591e-05,0.05008160512195939,0.06358956455758752,0.00986206205615528,0.007361836959572368,0.04245832624161004,0.06435684129488249,4512.483678251997,645,1110.6480374480016
