,p1,p2,p3,p4,p5,p6,p7,p8,Gkr,RMSE,iterations,CPU_time,score
0,2.304379018138652e-06,0.003385564071924604,1.0000069507622885e-07,0.12440770314169984,1.388036467112533e-05,4.6416963289011584e-07,2.0919589650597108e-05,6.348730271525716e-07,1.3390139842098376,86905.74681482268,1223,2235.130985647,86905.74681482268
1,2.2391769732516346e-05,6.312455443075054e-07,7.875753238345969e-06,1.1129903680079304e-05,0.00017337240997113298,1.9305012125813587e-07,1.3023583801250834e-05,0.0001338006156196741,0.1524,,1223,,
