,p1,p2,p3,p4,p5,p6,p7,p8,Gkr,RMSE,iterations,CPU_time,score
0,0.0015679856443701955,0.07935481302555483,2.2206375847522088e-05,0.05118085154859966,0.09595674402126848,0.023951781991001342,0.007052675542257241,0.03131230924589578,0.1547683786420441,718.775511342261,1054,2392.9756937349994,718.775511342261
1,0.0022281417370639024,2.5852887467673064e-07,2.1164069663076536e-06,5.261178757771034e-07,5.073272136187506e-07,1.6822262884159248e-05,0.8166550761074636,2.3939548331308946e-05,0.1524,,1054,,
