,a_a0_a,a_a0_b,b_a1_a,b_a1_b,k_f_a,a_1_a,a_1_b,b_a0_a,b_a0_b,a_a1_a,a_a1_b,k_b_a,b_1_a,b_1_b,g_Kr,RMSE,iterations,CPU_time,score
0,0.02309203604878357,0.011184515254203739,6.890857312113109e-05,0.04177664835919736,0.02375160845501347,0.09087081376665168,0.023395220753955406,0.04839068074713091,0.06348446871432327,0.013502874182689209,0.038320898759333887,0.0362892279825418,0.0065020937379787905,0.03267898180827232,0.1523883364196483,295.9258920537744,896,6319.640285959,295.9258920537744
