,p1,p2,p3,p4,p5,p6,p7,p8,Gkr,RMSE,iterations,CPU_time,score
0,0.0016147034987387774,0.07288865554447423,1.9054201413875152e-05,0.052287106368726396,0.11006099705621032,0.023160384537577492,0.008878115297682987,0.029425710736714985,0.15294930654915048,2963.7596409869075,1414,7120.450054085999,2963.7596409869075
1,4.095490689549383e-06,3.3232779172411577e-06,0.001016513596520745,1.5499896827708268e-07,0.13981490612375902,0.00013001886174910429,0.00037371669222721843,8.296497625041933e-05,0.1524,,1414,,
