,p1,p2,p3,p4,p5,p6,p7,p8,Gkr,RMSE,iterations,CPU_time,score
0,0.001968962427480914,0.054121586377469055,2.978520327597786e-05,0.0487339283669565,0.09600159181946272,0.023112079924014824,0.0068411238412966965,0.03138879642100851,0.15790258279607444,2609.631981457427,1344,4490.085032970999,2609.631981457427
1,0.00012778971107299802,1.0828425098442679e-05,3.3709127114061283e-07,2.0448048690618306e-07,4.211901159632255e-05,0.18614248395657693,1.4568579306056933e-07,0.14259327664847518,0.1524,,1344,,
