,a_a0_a,a_a0_b,b_a1_a,b_a1_b,k_f_a,a_1_a,a_1_b,b_a0_a,b_a0_b,a_a1_a,a_a1_b,k_b_a,b_1_a,b_1_b,g_Kr,RMSE,iterations,CPU_time,score
0,0.021983560707660665,0.012009649246446177,6.885009956896734e-05,0.04178678833311842,0.023816808608263736,0.09086469947011963,0.023386657068567178,0.04628291027944027,0.06287070754621012,0.013848580687149894,0.03817400863981142,0.03715364899678016,0.006502108500325359,0.032667661518359245,0.15241854332251709,296.84351721060295,1123,7941.232556449999,296.84351721060295
