,p1,p2,p3,p4,p5,p6,p7,p8,Gkr,RMSE,iterations,CPU_time,score
0,0.001614625504741842,0.07291746359801819,1.9063605496900957e-05,0.05228632974636076,0.11019535690499287,0.023174489513435183,0.00888678400543755,0.029405937462492912,0.1530162298909339,2970.004559774098,3266,14394.516438325001,2970.004559774098
1,0.00014468891813247466,4.86920296711182e-07,0.4040796308243752,0.0004380173450548308,0.0006672997375844979,0.001294740180208632,0.7763390599985026,0.00022094051909132617,0.1524,,3266,,
