,p1,p2,p3,p4,p5,p6,p7,p8,Gkr,RMSE,iterations,CPU_time,score
0,1.0000199197531936e-07,0.18965577048472462,1.0000186900518506e-07,0.08922898818430251,1.0000197430386487e-07,0.35294553242738524,6.721952569969994e-05,0.13762749324181933,0.36101075038749175,49929.882249214505,1953,3573.5626951099994,49929.882249214505
1,3.1268304602149845e-05,7.583214911052284e-05,0.20261405787121847,0.0003901705330342808,0.0016063062264777645,1.7923350538616063e-07,1.7301494163644409e-06,1.9987941965592805e-06,0.1524,,1953,,
