,p1,p2,p3,p4,p5,p6,p7,p8,Gkr,RMSE,iterations,CPU_time
0,0.000221349807747448,0.06241073148130508,3.091719478153138e-05,0.05674389095194266,0.09126023804883318,0.008590143463673662,0.003823230948441178,0.02944917631728801,0.21552614690565972,180.8503679273837,598,1188.8977648069995
1,0.0002213468668940729,0.06241231748492782,3.091657335180346e-05,0.056744147994602076,0.09126123176060869,0.00858993825903319,0.0038232485649396367,0.029449162846773562,0.21552614690565972,180.8503684687989,525,1043.8966482040014
2,0.00022135292808261338,0.06241048458072101,3.091710090163352e-05,0.05674399090886405,0.09126477886489956,0.00859033523152866,0.003823418847030185,0.029448888059021888,0.21552614690565972,180.8503691379918,523,987.3884845240027
3,0.00022135658708264438,0.06241038216554302,3.091908678982058e-05,0.056743390082977116,0.09126245563771283,0.008590496148183701,0.0038233058562962205,0.029449054299872286,0.21552614690565972,180.85036736775191,652,1224.7643260900004
4,0.00022134293319355002,0.0624110948341695,3.091881418386472e-05,0.05674345219011325,0.09126055726494409,0.008590472338906014,0.0038232552696259824,0.02944896496862999,0.21552614690565972,180.85036864746647,692,1362.8135998440011
