,b_1_a,b_1_b,k_b_a,b_a0_a,b_a0_b,b_a1_a,b_a1_b,k_f_a,a_a1_a,a_a1_b,a_a0_a,a_a0_b,a_1_a,a_1_b,g_Kr,RMSE,iterations,CPU_time,score
0,0.006496113556893741,0.0326917983340768,0.03676842963665251,0.047418384802172205,0.06321185777833863,6.888867753790158e-05,0.041780808754459095,0.0237982783190896,0.013778514849211313,0.03809672032084096,0.022411681481256177,0.011648849756252055,0.09080121588882313,0.023377586090197754,0.15238903059962725,295.72066998596875,968,3885.1601152660005,295.72066998596875
