,p1,p2,p3,p4,p5,p6,p7,p8,Gkr,RMSE,iterations,CPU_time
0,0.00024343637216805037,0.08078198440105414,3.569267261150348e-05,0.05163020763335644,0.0799482535103876,0.008852569257274148,0.007343470559283408,0.03609451025110209,0.09127977271835509,430.67194050284655,637,925.6844674969907
1,0.00024342431908202676,0.08078423828790887,3.569332765420425e-05,0.05163014519017745,0.07994778564944482,0.008852302876176813,0.007343410238153824,0.036094680894386055,0.09127977271835509,430.67194252988423,704,1332.3224942660017
2,0.0002434334371410022,0.0807814993102822,3.569033849720059e-05,0.051630827512164336,0.07994761011813929,0.00885190229703693,0.007343486892430163,0.036094509624431226,0.09127977271835509,430.671946383161,605,1411.1576177160023
3,0.00024344804739001306,0.08078325911349075,3.5689935033275846e-05,0.05163124721548597,0.07994828398924994,0.008851823620051675,0.007343343030778555,0.036094995488189875,0.09127977271835509,430.67192652149015,1101,1831.5178837860003
4,0.0002434366847801708,0.08078318418664147,3.569111949332593e-05,0.051630508588670194,0.0799469149767517,0.008852318327852085,0.0073433222800090734,0.03609456066570683,0.09127977271835509,430.6719460398777,737,1002.3829342420067
