,a_a0_a,a_a0_b,b_a1_a,b_a1_b,k_f_a,a_1_a,a_1_b,b_a0_a,b_a0_b,a_a1_a,a_a1_b,k_b_a,b_1_a,b_1_b,g_Kr,RMSE,iterations,CPU_time,score
0,0.021926024176743244,0.012020932731222494,6.893835622971296e-05,0.041776547404138886,0.023763382883529346,0.09081721710311737,0.023389837489833153,0.046396682754618,0.06254884654907465,0.013934784736833048,0.038200564655942106,0.03717565087613567,0.006497429959842638,0.032673558511533654,0.1524147018373659,173.52652302984353,981,4613.8065196550015,173.52652302984353
