,a_a0_a,a_a0_b,b_a1_a,b_a1_b,k_f_a,a_1_a,a_1_b,b_a0_a,b_a0_b,a_a1_a,a_a1_b,k_b_a,b_1_a,b_1_b,g_Kr,RMSE,iterations,CPU_time,score
0,0.022047631115092035,0.011941936206127973,6.897220061034195e-05,0.041770957899410224,0.023752691484334964,0.09088468444136802,0.0233914675446881,0.04656707542373915,0.06277498419941703,0.013863347559885908,0.038214711377583824,0.03692506854060038,0.006502100937622264,0.032677722748954204,0.1524013210628061,203.16610880869212,1371,6408.054543995999,203.16610880869212
