,p1,p2,p3,p4,p5,p6,p7,p8,Gkr,RMSE,iterations,CPU_time,score
0,0.0019688300898576087,0.054149546583664436,2.9821586800096874e-05,0.048721919904852966,0.09600572858102842,0.023113687391183586,0.006842714977123306,0.03139697799575624,0.15786163988084764,2602.4615678836476,1387,5108.521286724,2602.4615678836476
1,0.09567496401065702,1.5391598731993387e-07,4.426299112228403e-05,2.598763486778648e-07,0.08394646042804307,4.610665249467212e-06,0.11592325031879643,0.002054436049777983,0.1524,,1387,,
