,p1,p2,p3,p4,p5,p6,p7,p8,Gkr,RMSE,iterations,CPU_time,score
0,0.0016844121797514632,0.08446086421960602,2.2114487002431406e-05,0.051194647031752,0.1215280861369236,0.02687466673200581,0.008877861263529156,0.028797900730926158,0.1546476572129483,652.353210969429,1220,2340.049966044,652.353210969429
1,7.306633247153293e-06,0.0021828885479957872,5.709072741879298e-07,8.995354650569813e-06,1.2255931794178088e-06,1.1505910263551517e-06,0.1326997234749447,0.00022868613271211747,0.1524,,1220,,
