,a_1_a,a_1_b,b_a0_a,b_a0_b,k_b_a,a_a0_a,a_a0_b,b_1_a,b_1_b,b_a1_a,b_a1_b,a_a1_a,a_a1_b,k_f_a,g_Kr,RMSE,iterations,CPU_time,score
0,0.0908010133942623,0.02337750891392098,0.047148336715653605,0.06311740661663715,0.036848365808201514,0.022286905312218858,0.011744229404101154,0.006496122839867113,0.032691875532330286,6.88909209807463e-05,0.04178046193970234,0.013813434279835814,0.03810475344751644,0.023792850593256448,0.15238812450644507,295.7208916931953,1562,10090.784340668,295.7208916931953
