,p1,p2,p3,p4,p5,p6,p7,p8,Gkr,RMSE,iterations,CPU_time,score
0,7.200874460225195,1.0000002954332848e-07,4.2077434977436985,1.0000010050617403e-07,4.1192741757065006e-06,0.006464904271596041,0.18311264514547118,0.008499440645191028,0.011783436730358027,458351.09710555617,959,3718.706232370001,458351.09710555617
1,7.492609712011678,0.0001105980248201836,4.0286470687761184,1.481818024111146e-07,3.681001495270748e-06,4.267887681179591e-06,0.1791310488195196,4.5830913112712075e-07,0.1524,,959,,
