,a_1_a,a_1_b,b_a0_a,b_a0_b,k_b_a,a_a0_a,a_a0_b,b_1_a,b_1_b,b_a1_a,b_a1_b,a_a1_a,a_a1_b,k_f_a,g_Kr,RMSE,iterations,CPU_time,score
0,0.09078700301204341,0.023378997840325464,0.046648460139474573,0.06299188748740651,0.03604103525444732,0.022314704165923814,0.01170676762389237,0.006495171207816627,0.032689673855160084,6.865086734587256e-05,0.04181315746659309,0.013227119017168052,0.03838698585309512,0.024096193775767966,0.15240052723627265,139.0428461157922,1592,4484.6717989730005,139.0428461157922
