,a_a0_a,a_a0_b,b_a1_a,b_a1_b,k_f_a,a_1_a,a_1_b,b_a0_a,b_a0_b,a_a1_a,a_a1_b,k_b_a,b_1_a,b_1_b,g_Kr,RMSE,iterations,CPU_time,score
0,0.02379461163906208,0.010277984034835985,6.940947768494931e-05,0.041716545595392805,0.02337778502183671,0.09090272235384082,0.023392674714260264,0.05282103183201349,0.06424777006946084,0.013632102750594859,0.03820914433715873,0.034180196831444486,0.0065007017903116774,0.032687863328000895,0.1524185197923151,138.1885749904302,1133,3559.2059785269994,138.1885749904302
