,p1,p2,p3,p4,p5,p6,p7,p8,Gkr,RMSE,iterations,CPU_time,score
0,427.79749921781973,0.008210951248040627,4.217026491752759e-05,0.132504931478782,0.10598541743021254,0.0217374287071977,0.014265395383809677,0.03493141120183185,0.08545555292712553,47240.071403845104,1331,4351.338692441001,47240.071403845104
1,4.240171579094554,4.980493417820532e-07,0.03868104164031509,3.216562641915764e-05,0.004426118030993615,0.10567196127397223,0.02612714545252282,0.0009218795852636943,0.1524,,1331,,
