,p1,p2,p3,p4,p5,p6,p7,p8,Gkr,RMSE,iterations,CPU_time
0,0.00037433439066294994,0.05734575215889624,3.337748574623177e-05,0.05889448297951156,0.09410853839057245,0.010185872635200799,0.001703027006743949,0.025163529697079388,0.5126104547386644,1314.2557312406218,682,2235.1300799180026
1,0.00037436444900564665,0.05734275949892899,3.337878800459392e-05,0.058894178159486825,0.09410194655578183,0.010186018133352315,0.0017028750353628892,0.025164277694382047,0.5126104547386644,1314.2557420867097,826,2478.307684487998
2,0.0003743737832137,0.057342795853460894,3.338000746646042e-05,0.05889377703172529,0.09410175510150032,0.010185361657100286,0.0017029115149287705,0.025164133084148582,0.5126104547386644,1314.2557210974937,957,2651.9752116029995
3,0.0003743788346788547,0.05734324795116462,3.337924852017365e-05,0.05889404018287824,0.09410434341041707,0.010185418182369505,0.0017029612928339305,0.02516412418846142,0.5126104547386644,1314.2557464846088,655,2132.9139900370064
4,0.000374379208127543,0.05734229494788979,3.3377036873426786e-05,0.05889459814050884,0.09410221381612328,0.010185309103207961,0.0017028887363867479,0.025164391546630464,0.5126104547386644,1314.2557314338233,541,1289.767100134006
