,a_a0_a,a_a0_b,b_a1_a,b_a1_b,k_f_a,a_1_a,a_1_b,b_a0_a,b_a0_b,a_a1_a,a_a1_b,k_b_a,b_1_a,b_1_b,g_Kr,RMSE,iterations,CPU_time,score
0,0.02234873750959354,0.011853940610427284,6.89538255330429e-05,0.04177546702788121,0.02371041389177162,0.09082651399817487,0.02339274526304727,0.04688010937109177,0.06298806293002547,0.013743027136679022,0.038172326209249714,0.0367488606392827,0.0064954529424997255,0.0326749008962623,0.15243869269274388,295.41408042634146,1042,7323.417927642,295.41408042634146
