,p1,p2,p3,p4,p5,p6,p7,p8,Gkr,RMSE,iterations,CPU_time
0,0.0003573324217669977,0.05860982261164704,3.38240628718795e-05,0.05809524273236987,0.09116575761170655,0.00988395020297641,0.002337841163432741,0.026149828796167434,0.3624703286528294,1043.5899047219516,499,962.5629964030086
1,0.0003573398326845623,0.058608880006973625,3.382404912487919e-05,0.05809521499151049,0.09116769113133263,0.009884399489903287,0.002337814156494381,0.026150028252915347,0.3624703286528294,1043.5898850625,954,1822.965333813001
2,0.00035730727038349084,0.05861158614677853,3.382071330857703e-05,0.05809610395203888,0.09116404189990418,0.009883547948727412,0.0023377459039190824,0.026150388898327586,0.3624703286528294,1043.5899000719157,653,1250.6916349649982
3,0.0003573108930044138,0.05861137235535071,3.3824253922539984e-05,0.05809517859099806,0.09116655173764356,0.009883805645059874,0.002337812529026991,0.02615008536237112,0.3624703286528294,1043.5898605492373,559,1127.742251461008
4,0.0003573375342775557,0.05860922652033263,3.3822887456233726e-05,0.058095505695291726,0.09116124258921889,0.009882933281180633,0.002337697758356891,0.026150755497121644,0.3624703286528294,1043.5899083367347,619,1816.088383837996
