,p1,p2,p3,p4,p5,p6,p7,p8,Gkr,RMSE,iterations,CPU_time,score
0,0.20484734385599293,1.0000014577320519e-07,0.22619013909133645,1.0000024603474451e-07,6.205881017827753e-05,1.000002621513481e-07,3.661604004395563e-07,1.000002986049618e-07,2.4114394022208674,101917.75320100895,1416,2248.1159221420003,101917.75320100895
1,0.24074091712150858,0.0004783221192050146,9.295713479036602,0.012043008445077278,0.00013390646989930752,3.3312240572445815e-06,7.910535623410986e-07,1.3840337914703782e-07,0.1524,,1416,,
