,p1,p2,p3,p4,p5,p6,p7,p8,Gkr,RMSE,iterations,CPU_time
0,0.00019057619877545516,0.086270361685387,3.306605928690422e-05,0.04789478639213982,0.056426288676638466,0.012820706895264631,0.013518772227210313,0.04119452262090595,0.045374817422412735,8474.010801792572,609,3011.7292285400035
1,0.00019055936717032694,0.08627289079719205,3.306475150358814e-05,0.04789462236261171,0.0564269400775637,0.012821413649762439,0.01351921591069915,0.04119252143839777,0.045374817422412735,8474.010701992516,770,3803.2112569070014
2,0.00019057892922127878,0.08626824582346954,3.306955715725265e-05,0.04789363573939812,0.05640107497953422,0.012825982356546717,0.013512235121597022,0.04119130844587571,0.045374817422412735,8474.010781348283,472,2339.265922377992
3,0.00019058759184711576,0.08626796309301628,3.307160051510463e-05,0.04789296330230715,0.05642403691981608,0.012818447067885876,0.013518362421297355,0.04119833114173974,0.045374817422412735,8474.010783232448,549,2709.2593492899905
4,0.0001905755443511471,0.08626900340134223,3.306577108888199e-05,0.04789446090713797,0.05642002670673211,0.012820967300488467,0.013516577565280607,0.04119573979834777,0.045374817422412735,8474.010689477163,621,3072.429309050989
