,p1,p2,p3,p4,p5,p6,p7,p8,Gkr,RMSE,iterations,CPU_time
0,0.0002034337634489166,0.05928157596993191,2.968942546353329e-05,0.058674989209450155,0.08974288777869371,0.009656081124453866,0.0025097882372136534,0.0264585514817245,0.3624703286528294,316.4084957918152,604,1309.9428207339952
1,0.0002034608954212715,0.059277866085483945,2.9689499650175838e-05,0.05867504261381111,0.08974309038291572,0.00965725536179166,0.002509736341862029,0.02645782989913115,0.3624703286528294,316.4085100479174,519,1024.208085279999
2,0.0002034533674761428,0.059279097572558205,2.9688981908721335e-05,0.05867554021049743,0.08974528068082399,0.00965685479686967,0.0025098133870193585,0.026458289981014668,0.3624703286528294,316.40851341770576,509,996.4645876899958
3,0.00020342215351548107,0.0592850375154329,2.9689010340821725e-05,0.058675466819137864,0.08974727276935307,0.00965777499023078,0.002509926549732659,0.026457169165952962,0.3624703286528294,316.4084656620627,1081,2080.0740024530023
4,0.0002034398324866428,0.05928304950950447,2.968926857656616e-05,0.0586755682249715,0.08974270800201921,0.009657130870199515,0.00250970945520765,0.026458317996180272,0.3624703286528294,316.4084924071335,1089,2092.7321379259956
