,a_1_a,a_1_b,b_a0_a,b_a0_b,k_b_a,a_a0_a,a_a0_b,b_1_a,b_1_b,b_a1_a,b_a1_b,a_a1_a,a_a1_b,k_f_a,g_Kr,RMSE,iterations,CPU_time,score
0,0.09094537257329174,0.02341565691345346,0.050082231880079174,0.06320796423324297,0.034696449716666425,0.022756912428965437,0.01102869736749464,0.006504345781996219,0.032655392338295335,6.923463547043079e-05,0.0417425313610395,0.013900280884818173,0.03870177555955826,0.02321360878320346,0.15242745911781322,139.29895975784723,1942,6007.250774172,139.29895975784723
