,b_1_a,b_1_b,k_b_a,b_a0_a,b_a0_b,b_a1_a,b_a1_b,k_f_a,a_a1_a,a_a1_b,a_a0_a,a_a0_b,a_1_a,a_1_b,g_Kr,RMSE,iterations,CPU_time,score
0,0.006502079466518523,0.03266761731574796,0.03715588486331125,0.04626842997809902,0.06286932996872828,6.884618716406155e-05,0.04178721888997152,0.023816429696284204,0.013845992141102605,0.0381778522549718,0.02198408731944182,0.012009815648831872,0.09086449599409854,0.02338680161948475,0.15241842039783648,296.84351773411106,973,6209.265701672997,296.84351773411106
