,a_1_a,a_1_b,b_a0_a,b_a0_b,k_b_a,a_a0_a,a_a0_b,b_1_a,b_1_b,b_a1_a,b_a1_b,a_a1_a,a_a1_b,k_f_a,g_Kr,RMSE,iterations,CPU_time,score
0,0.09082515329713654,0.023404444232442322,0.04781697048745721,0.06328588732865108,0.03754165204293359,0.02204567341273756,0.011528274468786312,0.006498641339188268,0.03267400057400744,6.909620544521918e-05,0.041753900608558964,0.014339934411918158,0.03801595161173279,0.02376607501755349,0.15233824674924487,138.7579134770489,1289,4312.862085551002,138.7579134770489
