,a_1_a,a_1_b,b_a0_a,b_a0_b,k_b_a,a_a0_a,a_a0_b,b_1_a,b_1_b,b_a1_a,b_a1_b,a_a1_a,a_a1_b,k_f_a,g_Kr,RMSE,iterations,CPU_time,score
0,0.0908107092029138,0.02339020563262225,0.047029899104741334,0.06283570955406105,0.03678377511897764,0.02234939111895753,0.011759374999290681,0.0064966538477787715,0.03267344297408266,6.891533338939725e-05,0.04177944817796882,0.013707826097854307,0.03819813828453793,0.02379187668125023,0.1524207520835968,173.5286941993573,1056,5062.080219947005,173.5286941993573
