,a_1_a,a_1_b,b_a0_a,b_a0_b,k_b_a,a_a0_a,a_a0_b,b_1_a,b_1_b,b_a1_a,b_a1_b,a_a1_a,a_a1_b,k_f_a,g_Kr,RMSE,iterations,CPU_time,score
0,0.09086970767790918,0.02339464581579011,0.04707283428106253,0.06295345678821618,0.0367738286728663,0.022331257086234235,0.011761738437960488,0.006501902412430095,0.03267918327680107,6.898736432588751e-05,0.04176750339934888,0.013773104110837207,0.038259800399509325,0.023730924648327354,0.15238832716801046,295.930751198356,1185,7863.133918636999,295.930751198356
