,a_1_a,a_1_b,b_a0_a,b_a0_b,k_b_a,a_a0_a,a_a0_b,b_1_a,b_1_b,b_a1_a,b_a1_b,a_a1_a,a_a1_b,k_f_a,g_Kr,RMSE,iterations,CPU_time,score
0,0.09088456143645476,0.023391540591181134,0.04657034868750412,0.06277339747271592,0.03692470478051675,0.02204794450519396,0.011940782795762911,0.006502048752557962,0.03267774237329459,6.897311084696838e-05,0.04177085203246625,0.013863456987094567,0.03821455931709802,0.023753168552472698,0.15240159402140652,203.1661090786725,1589,7717.150671419,203.1661090786725
