,b_1_a,b_1_b,k_b_a,b_a0_a,b_a0_b,b_a1_a,b_a1_b,k_f_a,a_a1_a,a_a1_b,a_a0_a,a_a0_b,a_1_a,a_1_b,g_Kr,RMSE,iterations,CPU_time,score
0,0.006497938753504714,0.032670794074775876,0.037525538879321814,0.04700161709188555,0.06322968255840568,6.886838781996818e-05,0.04178532273098208,0.02383310987747715,0.013890375057474995,0.0381300904312568,0.022412976703365676,0.011683197349845229,0.09082625762753904,0.023392485564531763,0.1524264252469655,296.48309022119014,1204,8561.004921533,296.48309022119014
