,p1,p2,p3,p4,p5,p6,p7,p8,Gkr,RMSE,iterations,CPU_time
0,0.00022710915420732364,0.06714060963327848,2.9725401599658596e-05,0.059342526540068004,0.09060401390481505,0.010414191403654346,0.002228120097057343,0.026523771978281138,0.3624703286528294,1091.3997359382963,785,1889.7380586580257
1,0.00022712309259858592,0.06713990934637105,2.9724412737546704e-05,0.059342726848810604,0.09060476638490109,0.010413940783497392,0.0022281715975978255,0.026523435871608717,0.3624703286528294,1091.399737358079,558,1340.631715836993
2,0.00022713277586101766,0.0671378933643378,2.9726356695114407e-05,0.05934230123754643,0.09060339360008757,0.010413663784653266,0.0022281665744966414,0.026523813482518237,0.3624703286528294,1091.3997315361887,721,1732.5286986519932
3,0.00022712485340494625,0.06713942385353414,2.97239867623218e-05,0.05934287354060073,0.09060427238355957,0.010413322206098282,0.002228166264801675,0.026523731040558076,0.3624703286528294,1091.3997279875168,638,1538.4872465100198
4,0.00022711897567714552,0.06713967584255055,2.9725308771158653e-05,0.059342558258599104,0.09060365765195509,0.010414137119788381,0.002228133310290271,0.026523702854995026,0.3624703286528294,1091.3997145374735,1161,2820.215353510983
