,p1,p2,p3,p4,p5,p6,p7,p8,Gkr,RMSE,iterations,CPU_time,score
0,0.0016143421046289973,0.07288266314193953,1.904807775839037e-05,0.05229284588325699,0.11016801415408858,0.02316345756262392,0.008885727032575503,0.02940808768423462,0.1530218679990458,2966.027407977455,1707,7724.892194287,2966.027407977455
1,0.20366907874937715,0.00011342535273824315,1.95080751798108e-07,0.0001836645662214405,0.00013608349609117251,4.133955193806269e-07,9.33077165379771,8.620869158076983e-06,0.1524,,1707,,
