,p1,p2,p3,p4,p5,p6,p7,p8,Gkr,RMSE,iterations,CPU_time,score
0,0.0015680391687655818,0.07930848829244859,2.2173329795104968e-05,0.051200954007996624,0.0959339701019306,0.023935302722263553,0.007049086040197507,0.03131887589886171,0.1548452646550248,721.8140913251583,1141,2445.5409583149994,721.8140913251583
1,3.5191193414061706e-06,0.0027393872900717884,1.4158112199365376e-07,0.11834050117236694,0.00019422452448303136,0.12947071867387103,3.935883372837119e-07,0.011210400976120551,0.1524,,1141,,
