,a_a0_a,a_a0_b,b_a1_a,b_a1_b,k_f_a,a_1_a,a_1_b,b_a0_a,b_a0_b,a_a1_a,a_a1_b,k_b_a,b_1_a,b_1_b,g_Kr,RMSE,iterations,CPU_time,score
0,0.022517399034138606,0.011875397348643376,6.877617027195664e-05,0.04179469380435511,0.023630620877334734,0.09076467971552599,0.023384600166053905,0.04644768996674196,0.06310003684431868,0.013580623320524165,0.03837220113032749,0.03666467240264061,0.0064932419619572485,0.03268231597022792,0.15240849084625843,296.0584800306729,1245,8229.978109380001,296.0584800306729
