,p1,p2,p3,p4,p5,p6,p7,p8,Gkr,RMSE,iterations,CPU_time
0,0.00021067594677079773,0.07890329149077946,3.599265374127787e-05,0.04906031900043485,0.06991909815733452,0.010175419868337952,0.010589657504035002,0.03793343886358185,0.06435684129488249,4411.862878301874,780,3606.3274523889995
1,0.00021067621906486572,0.07890350158558214,3.598950750122017e-05,0.04906087404810018,0.06992244742536456,0.010175096494902506,0.010590239528358133,0.03793279527160543,0.06435684129488249,4411.862878703784,610,2817.5435894849943
2,0.00021066950026847348,0.07890319183937942,3.599189056352072e-05,0.04906048577650448,0.06991861421169435,0.010175541337299102,0.010589541700521858,0.03793352278739448,0.06435684129488249,4411.8628816272685,712,3307.3524153280014
3,0.00021067859142216887,0.07890295505113182,3.5989681174820506e-05,0.049061189727573284,0.06992247422516394,0.010174939547680237,0.010590324962503112,0.037933151563479914,0.06435684129488249,4411.862858442167,1038,4787.524050064996
4,0.00021067535513314968,0.07890358128503651,3.598899202586754e-05,0.049061247470219525,0.069920890692538,0.010174865308758517,0.010589769192623171,0.037933440582299305,0.06435684129488249,4411.862858850583,685,3154.4423193699913
