,p1,p2,p3,p4,p5,p6,p7,p8,Gkr,RMSE,iterations,CPU_time,score
0,350.7221440186064,5.0001713450092026e-05,1.0485379425131105e-07,0.0015325299188308206,0.06114630353494762,0.025570349039836064,0.02442023810382328,0.042353646142611834,0.03305217426679769,65272.59893702135,1592,3086.7558992330005,65272.59893702135
1,0.10382044916009911,0.0029004796390389854,0.5286654859185185,1.637388607285005e-05,4.276971095136358e-07,0.23743987181865606,0.7641668898884713,7.191405328300095e-05,0.1524,,1592,,
