,b_1_a,b_1_b,k_b_a,b_a0_a,b_a0_b,b_a1_a,b_a1_b,k_f_a,a_a1_a,a_a1_b,a_a0_a,a_a0_b,a_1_a,a_1_b,g_Kr,RMSE,iterations,CPU_time,score
0,0.006498479050602816,0.032677487546538306,0.037125048378163814,0.046282320003127764,0.06259900512012062,6.883535999731462e-05,0.041789784037496364,0.023682282414660874,0.013978736767512882,0.038291286549431015,0.02194120898345384,0.011977008487010733,0.0908689423235708,0.023390319555252545,0.15241279682827974,173.37770523751828,1286,5126.343799658,173.37770523751828
