,p1,p2,p3,p4,p5,p6,p7,p8,Gkr,RMSE,iterations,CPU_time,score
0,5.12597821294428e-07,0.0031020464453599475,1.000729251076484e-07,0.1245249749528925,1.0066707520275132e-07,0.00012123919955500682,0.00025352350893749335,0.00282547622087261,3.5923307760917362,86847.11946260478,1743,2849.8002117919987,86847.11946260478
1,0.0001637354624931446,2.6892370444272882e-05,9.07994297048974e-05,0.0011837578350234455,1.7390800074897892e-05,3.181336820817486e-06,1.3601920728613205e-05,1.0698618319569929e-07,0.1524,,1743,,
