,a_1_a,a_1_b,b_a0_a,b_a0_b,k_b_a,a_a0_a,a_a0_b,b_1_a,b_1_b,b_a1_a,b_a1_b,a_a1_a,a_a1_b,k_f_a,g_Kr,RMSE,iterations,CPU_time,score
0,0.09103714728997382,0.02340029385410001,0.050724279266714585,0.06365555565473291,0.0355850979819292,0.022482201045638292,0.011524683722532368,0.006510269599558138,0.03266805227903386,6.953345853938445e-05,0.041706218145707845,0.01397528877357594,0.037364344538278825,0.023946447424966738,0.15243968063254457,138.19035978228092,1652,4866.4333031589995,138.19035978228092
