,a_a0_a,a_a0_b,b_a1_a,b_a1_b,k_f_a,a_1_a,a_1_b,b_a0_a,b_a0_b,a_a1_a,a_a1_b,k_b_a,b_1_a,b_1_b,g_Kr,RMSE,iterations,CPU_time,score
0,0.022274737911549367,0.01129378067925889,6.908069152327767e-05,0.041755442743334564,0.0236992429911427,0.09083080482149673,0.02340593408668488,0.04831383710660214,0.06341139652601055,0.014267486865040906,0.038133586772623976,0.03722132449799407,0.006499045329587361,0.03267256767866776,0.15233829420706912,138.75784066630197,1800,6056.196159223,138.75784066630197
