,a_1_a,a_1_b,b_a0_a,b_a0_b,k_b_a,a_a0_a,a_a0_b,b_1_a,b_1_b,b_a1_a,b_a1_b,a_a1_a,a_a1_b,k_f_a,g_Kr,RMSE,iterations,CPU_time,score
0,0.0907575404949301,0.023381575798418278,0.04686451355444669,0.06327138479365889,0.036675328972693974,0.022337688967755474,0.011738531522202604,0.006493235257070583,0.032689925375430404,6.868033573139494e-05,0.04181038626595414,0.013260338084637273,0.0379656391479872,0.024412604883252403,0.1523954990812619,139.04238778987698,1513,4770.0407529,139.04238778987698
