,b_1_a,b_1_b,k_b_a,b_a0_a,b_a0_b,b_a1_a,b_a1_b,k_f_a,a_a1_a,a_a1_b,a_a0_a,a_a0_b,a_1_a,a_1_b,g_Kr,RMSE,iterations,CPU_time,score
0,0.006504479376441417,0.03265502337372426,0.034788087386121394,0.04987375252240364,0.06310659529159118,6.925683979901988e-05,0.04173998094875332,0.0232072526890253,0.013976764981694347,0.03869407592659454,0.022599355809000687,0.011126515646946278,0.09094813841532157,0.023415913161336642,0.1524277537364455,139.29898052191828,1086,3180.4727673969974,139.29898052191828
