,a_a0_a,a_a0_b,b_a1_a,b_a1_b,k_f_a,a_1_a,a_1_b,b_a0_a,b_a0_b,a_a1_a,a_a1_b,k_b_a,b_1_a,b_1_b,g_Kr,RMSE,iterations,CPU_time,score
0,0.022417757324016695,0.01127647823128088,6.925970559521603e-05,0.041739683735701784,0.023234014485146788,0.09094801951020295,0.023415843027378258,0.0494837275193755,0.0629821052936562,0.014026708027908978,0.03866897804719956,0.034949774222434435,0.006504508572678732,0.03265505126182953,0.15242694085667016,139.2990349464476,1347,3965.063485757,139.2990349464476
