,p1,p2,p3,p4,p5,p6,p7,p8,Gkr,RMSE,iterations,CPU_time,score
0,0.0015678611962840724,0.07933681033355862,2.2208280567524174e-05,0.05118177632454682,0.09598968460919494,0.02394218008825437,0.007054236289466371,0.03131570207735687,0.1548378824154604,723.5634750162337,2590,5255.661152504999,723.5634750162337
1,0.0034553955726271644,0.002340762091725902,7.88276429857091e-05,7.710167038832574e-05,0.00047353848322621134,0.0005135307053330379,1.986971353152315e-07,4.99814213147851e-05,0.1524,,2590,,
