,b_1_a,b_1_b,k_b_a,b_a0_a,b_a0_b,b_a1_a,b_a1_b,k_f_a,a_a1_a,a_a1_b,a_a0_a,a_a0_b,a_1_a,a_1_b,g_Kr,RMSE,iterations,CPU_time,score
0,0.006504278991173131,0.032650664131061,0.034547088353506,0.04960979233310229,0.06244170344651859,6.93932656619579e-05,0.04172528451340573,0.023015287336612136,0.01441020001662681,0.03881867181886974,0.021801522409619384,0.011405083834139525,0.09096305434752326,0.023410257333611382,0.15246537227950954,139.07721609953214,1272,4392.7423836160015,139.07721609953214
