,p1,p2,p3,p4,p5,p6,p7,p8,Gkr,RMSE,iterations,CPU_time
0,0.00022488571154292695,0.06559895204953523,3.261189914287725e-05,0.05572927428464939,0.08898845499049589,0.008690703483973215,0.004422131745812143,0.030452734254415605,0.1812351643264147,152.40652052896576,642,753.5390108310094
1,0.00022488824817040672,0.0655992408979507,3.261215910027819e-05,0.05572921225997546,0.08898900111730498,0.008690662075973292,0.004422183663565142,0.03045255578052133,0.1812351643264147,152.40651961487444,775,970.0035217259865
2,0.00022489211575877052,0.06559891833531355,3.261259751072835e-05,0.05572910548551704,0.08898724368670934,0.008691008581134821,0.004422092400761673,0.03045244250595167,0.1812351643264147,152.40651948618506,599,725.8680907139933
3,0.00022488889740557405,0.06559945447178323,3.261285328689654e-05,0.05572914470792657,0.0889878297199728,0.008690963471862866,0.004422126194835549,0.03045247811908133,0.1812351643264147,152.40651996574468,602,704.354349606001
4,0.00022489555935670933,0.06559881213452494,3.2612758766537494e-05,0.055729101232610434,0.08898722388995625,0.00869099051572781,0.0044220785185748466,0.030452458527110805,0.1812351643264147,152.40651934989697,844,1042.0675885579985
