,a_a0_a,a_a0_b,b_a1_a,b_a1_b,k_f_a,a_1_a,a_1_b,b_a0_a,b_a0_b,a_a1_a,a_a1_b,k_b_a,b_1_a,b_1_b,g_Kr,RMSE,iterations,CPU_time,score
0,0.021854650009545167,0.012087256248589175,6.880154902766474e-05,0.04178845412140027,0.023691923158028084,0.0908166727126415,0.023388050160841504,0.04583059289546749,0.06269525761559575,0.013790612900966859,0.03839172745768153,0.036802147050643545,0.006499259448389278,0.03268003773994651,0.15234855946612788,294.90675205791615,1478,10479.739518448001,294.90675205791615
