,p1,p2,p3,p4,p5,p6,p7,p8,Gkr,RMSE,iterations,CPU_time
0,0.00022536367186118836,0.069699927197126,2.6237256944712553e-05,0.05913967333348124,0.09397725119648226,0.008945717545009056,0.0034558234951900615,0.026736738284512045,0.2563052273693322,616.3673775004016,733,1533.5898811320003
1,0.00022539725138488555,0.06969611375352436,2.623806848656062e-05,0.0591394926678752,0.09397774037445455,0.008946137850133292,0.0034558454415267907,0.02673683006633699,0.2563052273693322,616.3673560653157,568,1004.5676796260013
2,0.00022537984923910525,0.0696983165457254,2.6233203806280664e-05,0.05914136025108504,0.09397965094486355,0.008945717224005433,0.003455917068275606,0.026736638912008844,0.2563052273693322,616.3673890902353,575,1073.1554776199991
3,0.00022540555297921317,0.06969410806255642,2.623383620989721e-05,0.05914114098038844,0.09397553649178628,0.008945967005877416,0.003455779815506247,0.02673683880362913,0.2563052273693322,616.3673387868371,568,1518.852810137003
4,0.00022541291487841774,0.06969446297304145,2.6237532206452848e-05,0.05913972188293739,0.09397737192844435,0.008945895018011131,0.0034558806086942215,0.02673675763258726,0.2563052273693322,616.3673760182351,674,2040.6812866649998
