,p1,p2,p3,p4,p5,p6,p7,p8,Gkr,RMSE,iterations,CPU_time
0,0.0002248066071541965,0.06976953768463588,2.61620359863904e-05,0.059162634584771376,0.09401801359397688,0.008937351581877492,0.003457483411081949,0.02673084448610703,0.2563052273693322,617.8853670935937,633,1060.0953345810121
1,0.00022471922283917633,0.06977733025865629,2.6161456056444368e-05,0.05916270886315995,0.09401722364303965,0.008937005565807902,0.0034574227426907495,0.026731213403647047,0.2563052273693322,617.8853627596478,621,1043.2822173970053
2,0.0002247753531976226,0.06977300372795019,2.61638388536666e-05,0.05916216884757981,0.09401009463098446,0.008938302991931726,0.0034570942775286164,0.0267306691008572,0.2563052273693322,617.8853859360531,649,1089.8836040069873
3,0.0002247753678745449,0.06977284125080443,2.616368282693112e-05,0.05916198692325756,0.09401689622052743,0.008936878485284901,0.003457478711319023,0.026730858744412656,0.2563052273693322,617.8853075148361,802,1343.610594080994
4,0.0002247354270825195,0.06977554156642471,2.616532391681038e-05,0.05916154546678573,0.09401167122379472,0.008938448323759233,0.0034572319230243894,0.026730429306513412,0.2563052273693322,617.8853714395605,680,1139.8930726060062
