,p1,p2,p3,p4,p5,p6,p7,p8,Gkr,RMSE,iterations,CPU_time,score
0,0.0018620335896750528,0.09361928349056195,1.3280552562726735e-05,0.05454379505139153,273.09850025698734,0.021253135413371115,24.634891818633886,0.030648759983479535,0.13883342416139563,13505.624692762713,1061,4566.1064456079985,13505.624692762713
1,0.28875135829394016,0.003951153401851283,0.002431095964822849,1.0222924594348258e-06,0.0061717016708796755,7.075607905247033e-06,4.120654015752149,2.0351620349508896e-05,0.1524,,1061,,
