,p1,p2,p3,p4,p5,p6,p7,p8,Gkr,RMSE,iterations,CPU_time,score
0,0.0019692738631286706,0.054175779788583206,2.978295608643474e-05,0.04873434499743215,0.09603377763515517,0.0231165837070002,0.006842983015560541,0.03139411677787013,0.15787574324829737,2608.359372937489,1946,6143.652491213,2608.359372937489
1,3.90360948324857e-05,0.00042791953136321213,0.0001524064584707429,2.0995692568120598e-05,1.401032471583458e-07,0.0007493901322281393,0.0003922367158961436,1.0152841320708742e-05,0.1524,,1946,,
