,p1,p2,p3,p4,p5,p6,p7,p8,Gkr,RMSE,iterations,CPU_time,score
0,0.0016891393258346519,0.036648756811366964,4.2845096399449906e-05,0.04595533515794014,0.09319920833130153,0.021806283516873935,0.0073532365299370725,0.02960627517665562,0.16389719034439373,1708.225326259158,854,2757.6486867939984,1708.225326259158
1,5.015094421906921e-05,8.105239098654553e-05,4.9192195093984085e-06,0.0044734753485970394,0.0008129910678388026,7.311432025875251e-06,0.0008563509508883172,0.0012451317302133369,0.1524,,854,,
