,p1,p2,p3,p4,p5,p6,p7,p8,Gkr,RMSE,iterations,CPU_time
0,8.779551086747304e-05,0.09147296835297214,2.7967160657674334e-05,0.05334718779258816,0.08137308182944629,0.009543751692803344,0.007521421512778998,0.036544414186009136,0.09127977271835509,1637.9582421113118,612,1156.8607568409934
1,8.779609349476558e-05,0.09147272515810598,2.7964767161873878e-05,0.05334803774618287,0.08137625070341525,0.009542904714476079,0.007522104613032889,0.036543974278865674,0.09127977271835509,1637.9582823248438,560,1055.8745837959868
2,8.778972813023557e-05,0.0914741992472585,2.7966608967440964e-05,0.053347404592373124,0.0813791529158342,0.009542949826584761,0.007522407880217119,0.03654393408469657,0.09127977271835509,1637.9582788884297,709,1337.5868934589962
3,8.778663219841016e-05,0.09147505168127519,2.7966619255962067e-05,0.05334729669248942,0.08137156262063469,0.009543877535136152,0.007521251486937337,0.036544578039430044,0.09127977271835509,1637.958235951072,1026,1932.1312121710216
4,8.778764088710255e-05,0.091474407914273,2.796760038660899e-05,0.05334697079119765,0.08137176102213951,0.009543781728316745,0.0075213877141464035,0.03654448396935175,0.09127977271835509,1637.9582417981005,862,1618.4044090090028
