,b_1_a,b_1_b,k_b_a,b_a0_a,b_a0_b,b_a1_a,b_a1_b,k_f_a,a_a1_a,a_a1_b,a_a0_a,a_a0_b,a_1_a,a_1_b,g_Kr,RMSE,iterations,CPU_time,score
0,0.006497000455539157,0.03267007753052098,0.039308947997840044,0.044548468649769336,0.06364715525027989,6.848045648556149e-05,0.0418323457635191,0.024859297545861348,0.013369695405573305,0.03759335981536996,0.022188201545462024,0.01214005709265003,0.09083825518977455,0.02340307383002372,0.1524135764945756,138.37207071696713,1130,3290.8953542850004,138.37207071696713
