,p1,p2,p3,p4,p5,p6,p7,p8,Gkr,RMSE,iterations,CPU_time,score
0,0.0016889337328863377,0.03664980702200733,4.284755358517551e-05,0.04595486465727398,0.093198430665237,0.021806355644797902,0.007353079091785803,0.029607016261897365,0.16389839884142818,1708.2253001144777,1352,3853.829826540001,1708.2253001144777
1,5.312850646352336e-07,0.004195755097562577,0.1403842495126049,1.1399456004110686e-06,9.289442521775899e-07,0.00028536739889135844,8.27225480301207e-07,9.00041985553712e-06,0.1524,,1352,,
