,p1,p2,p3,p4,p5,p6,p7,p8,Gkr,RMSE,iterations,CPU_time,score
0,0.0016919676264544584,0.0366310149782925,4.2962270484768026e-05,0.04592894178575195,0.09315378316656589,0.02181982399980655,0.007350535161769154,0.029606036122597754,0.16385966692495807,1709.8121381274784,1919,6218.3928222310005,1709.8121381274784
1,3.4697578550139656e-07,1.8912659884932517e-06,0.008657285198936335,0.019862205303441245,1.4790720605080774,7.598017603659762e-07,0.03712128142050745,0.02110397638495879,0.1524,,1919,,
