,p1,p2,p3,p4,p5,p6,p7,p8,Gkr,RMSE,iterations,CPU_time,score
0,0.3438968774896736,1.0000010855257088e-07,3.086774984846886,1.0000017122928778e-07,2.960564175525528e-07,1.0063572749391798e-07,1.0180984665813429e-05,1.0159732586354262e-07,0.06582046290198446,341639.8627268837,1556,4227.088455964,341639.8627268837
1,0.3553329121158463,0.011040125118601004,3.06534625680469,0.04636875142080817,2.807253514743026e-07,0.002887652655352135,1.0347220753710546e-05,9.982224366641653e-06,0.1524,,1556,,
