,p1,p2,p3,p4,p5,p6,p7,p8,Gkr,RMSE,iterations,CPU_time,score
0,0.0016880914507042127,0.08453432432222849,2.2065889240610877e-05,0.05121741664032919,0.12177217176618607,0.026915148483666256,0.008892854770904485,0.028749172195631133,0.15467566464896246,654.6967595220269,1337,2772.692467148,654.6967595220269
1,0.5083514763599051,1.6936044529964363e-05,3.691070538754344e-05,4.012626849893138e-07,1.6838397902184844e-05,3.096101512054581e-06,0.0022181931518177227,0.00033408127269851846,0.1524,,1337,,
