,a_a0_a,a_a0_b,b_a1_a,b_a1_b,k_f_a,a_1_a,a_1_b,b_a0_a,b_a0_b,a_a1_a,a_a1_b,k_b_a,b_1_a,b_1_b,g_Kr,RMSE,iterations,CPU_time,score
0,0.022366407710923037,0.011715841246111513,6.887089764921746e-05,0.04178500739042799,0.02383084504212631,0.09082656669192382,0.0233924637039923,0.04691240212169939,0.06319519857584675,0.013905528889578531,0.03813250102227321,0.03755458934892705,0.00649795990812469,0.03267081120420166,0.15242626451628477,296.4830638732442,970,6834.614312974001,296.4830638732442
