,p1,p2,p3,p4,p5,p6,p7,p8,Gkr,RMSE,iterations,CPU_time
0,0.00024823955535385403,0.09477348079466451,2.44498298798507e-05,0.05080114633037222,0.059946627138691436,0.009912344621840328,0.01143949914719056,0.043387981632900745,0.045308791081603676,2234.706578494127,887,1626.1165205360012
1,0.00024825457743210045,0.09476724261574845,2.4449888565607855e-05,0.05080088949419511,0.059948093827104795,0.00991307766033237,0.011439549533249334,0.043387638932118375,0.045308791081603676,2234.7065967364465,523,1048.4489023339993
2,0.0002482820885634812,0.09476073067735667,2.44522467597525e-05,0.05079999436500838,0.05994578970306651,0.009911866674360661,0.011439403418074645,0.04338902024124299,0.045308791081603676,2234.706570268848,700,1270.7131394550015
3,0.00024826161061560485,0.09477172185456532,2.44478556950966e-05,0.050801875307981255,0.05994647968403886,0.009912617383936846,0.011439001573056716,0.04338822804342176,0.045308791081603676,2234.70661001523,533,1269.4627288950069
4,0.00024825900237332107,0.09476981891595351,2.444798054703721e-05,0.050801585252458294,0.05994473949038272,0.009914408652788961,0.01143870653858299,0.04338676175436046,0.045308791081603676,2234.7065986371545,578,1379.0676093690054
