,p1,p2,p3,p4,p5,p6,p7,p8,Gkr,RMSE,iterations,CPU_time,score
0,0.3430372493765247,1.0000006189032438e-07,3.094438073438625,1.0000050149357178e-07,2.960925004414908e-07,1.0039527922885132e-07,1.0174467888267182e-05,1.0116752894474e-07,0.0661081674713255,341632.01165527635,1643,4232.342799233,341632.01165527635
1,0.3553329121158463,0.011040125118601004,3.06534625680469,0.04636875142080817,2.807253514743026e-07,0.002887652655352135,1.0347220753710546e-05,9.982224366641653e-06,0.1524,,1643,,
