,p1,p2,p3,p4,p5,p6,p7,p8,Gkr,RMSE,iterations,CPU_time,score
0,0.0016901856184623196,0.03662990960496059,4.3032992844564427e-05,0.04591546544061262,0.09315632698379328,0.021814735834018776,0.007350954314787193,0.029601293315037764,0.16391161447715272,1708.9875060886575,1148,3229.6710194940006,1708.9875060886575
1,3.559934335321013e-07,0.00033071774566006767,0.03178833188965251,3.3200222080035013e-06,0.0009518869511802028,0.06640819562000974,0.5296530880304318,1.3924817501667376e-05,0.1524,,1148,,
