,a_a0_a,a_a0_b,b_a1_a,b_a1_b,k_f_a,a_1_a,a_1_b,b_a0_a,b_a0_b,a_a1_a,a_a1_b,k_b_a,b_1_a,b_1_b,g_Kr,RMSE,iterations,CPU_time,score
0,0.022195695399042252,0.01214158903480844,6.84798730196508e-05,0.04183242444319884,0.02485980342562638,0.09083675830442763,0.023402881390355516,0.04455166902937673,0.06365105193798065,0.01336288590343128,0.03759032189892273,0.039297420314177885,0.0064968883981417905,0.032670244829965604,0.15241370773265844,138.37207085578416,1331,3911.322394663,138.37207085578416
