,p1,p2,p3,p4,p5,p6,p7,p8,Gkr,RMSE,iterations,CPU_time,score
0,0.0016855296786529317,0.08445265609557262,2.2080694728276062e-05,0.051207955999231926,0.12118394941305087,0.026859374664750805,0.008854772212780006,0.028802713113800865,0.1545996588452778,653.9515263258273,1567,2815.763976714,653.9515263258273
1,0.001402306433384489,1.1479492103113523e-05,0.7547348335274339,0.000718066650610884,0.02891141795827924,0.02218200041590887,1.897111277249324,2.584934444543531e-07,0.1524,,1567,,
