,p1,p2,p3,p4,p5,p6,p7,p8,Gkr,RMSE,iterations,CPU_time,score
0,0.0019687364879352794,0.054160729164734224,2.9779575065573005e-05,0.048736994105002346,0.09612229525125958,0.02310406899063053,0.006851891383305177,0.031394206435303926,0.15789016877271977,2613.0465507617278,2339,7265.895326044001,2613.0465507617278
1,0.01143551147832826,3.507015794205595e-06,0.0005888420148110587,9.112553572682021e-06,5.947556609099243e-07,2.6286920844697297e-06,0.05835697630220215,4.1080037018971675e-05,0.1524,,2339,,
