,p1,p2,p3,p4,p5,p6,p7,p8,Gkr,RMSE,iterations,CPU_time,score
0,2.5894725181649474e-06,0.18779773159510527,0.00011483844682265093,0.037071319930939976,1.0000038217402483e-07,0.33751974768934595,4.803313170573816e-05,0.06909972511788223,0.16696466783017772,33115.23309528429,2398,4441.999692429999,33115.23309528429
1,7.579720609819542e-06,0.00025964587058220753,0.0007494205346195409,1.747771224951279e-07,1.450197126400219e-06,2.981105433677479e-06,2.446249941720537e-06,0.007264861334577412,0.1524,,2398,,
