,a_a0_a,a_a0_b,b_a1_a,b_a1_b,k_f_a,a_1_a,a_1_b,b_a0_a,b_a0_b,a_a1_a,a_a1_b,k_b_a,b_1_a,b_1_b,g_Kr,RMSE,iterations,CPU_time,score
0,0.022790584933137802,0.011539950556353984,6.874643403530021e-05,0.041792291812757856,0.023577793232374238,0.09095182156821044,0.023389321053686393,0.04765676064330718,0.0629919878159229,0.013574191821983,0.03851695596359361,0.036253430271603986,0.006510030173376426,0.03267091534461746,0.15235957762051072,202.95324466244568,1455,7304.451779488001,202.95324466244568
