,p1,p2,p3,p4,p5,p6,p7,p8,Gkr,RMSE,iterations,CPU_time,score
0,7.225519754688138e-06,0.013964401647211707,1.1961908336362692e-05,0.03700640143480729,2.762698907860548e-07,2.698510326369915e-05,7.89589871483925e-06,8.472751839371675e-06,0.15313181997881023,231292.87219523033,1163,2939.330034712999,231292.87219523033
1,4.428868808097437e-05,0.003632980455303645,0.000714104414336996,0.0011769018974766435,5.177360268566856e-06,3.445845820102789e-06,4.714132538930724e-06,4.160990510739322e-05,0.1524,,1163,,
