,a_a0_a,a_a0_b,b_a1_a,b_a1_b,k_f_a,a_1_a,a_1_b,b_a0_a,b_a0_b,a_a1_a,a_a1_b,k_b_a,b_1_a,b_1_b,g_Kr,RMSE,iterations,CPU_time,score
0,0.022297718342283005,0.011783462322646597,6.910386803693503e-05,0.041753871579556144,0.023825078575486453,0.09081805651514899,0.02338935408344828,0.04683730684880935,0.06337724009391914,0.013685977940733882,0.03808966060897529,0.03660924915803597,0.006497991765250134,0.03267881370573381,0.15239383186247688,173.8493925528013,1300,6112.687941094,173.8493925528013
