,p1,p2,p3,p4,p5,p6,p7,p8,Gkr,RMSE,iterations,CPU_time
0,0.00021140596698808388,0.061968838078818235,3.1084529932245197e-05,0.05740436761209886,0.08882292078585922,0.009416456073503514,0.0033845006156801847,0.02796119916859286,0.2563052273693322,237.02817055439985,1075,2129.9441608089983
1,0.00021140515082837286,0.061967660997268414,3.1083606089206466e-05,0.05740432346609264,0.08881983286339686,0.009416585187642525,0.0033842911587064835,0.027961433175126386,0.2563052273693322,237.02818651102922,609,812.6028294569987
2,0.00021139934861544445,0.06196805163759851,3.108185256970079e-05,0.05740476941073358,0.08881757137509812,0.009415494903369492,0.0033843113057368595,0.02796164354367991,0.2563052273693322,237.02819349157974,504,650.829781213004
3,0.00021140846744061134,0.06196621445270871,3.108368603002242e-05,0.05740421285257791,0.08881602556487564,0.009416450615652504,0.003384235087082911,0.027961527650480652,0.2563052273693322,237.028185661618,675,1405.760289976999
4,0.00021139604447082907,0.06196831454095647,3.1084278538769e-05,0.05740406686216919,0.08881941004456972,0.009416140270887711,0.00338434893429234,0.02796148585487191,0.2563052273693322,237.02818080558376,666,1410.8841856729996
