,p1,p2,p3,p4,p5,p6,p7,p8,Gkr,RMSE,iterations,CPU_time,score
0,0.1682825355616441,1.0000013414570915e-07,2.998267833366433,1.000001952278028e-07,2.559219234781355e-07,1.0032175356042583e-07,0.0002783556173989041,1.0040463284515061e-07,0.15472105158864446,121365.39632100445,1166,2010.915816887,121365.39632100445
1,0.1678131916467368,1.2734570984949406e-06,2.9955926407576694,9.878435260461102e-06,2.551811289707801e-07,0.0002048845208006482,0.0002781231879775284,1.4164225395309061e-05,0.1524,,1166,,
