,p1,p2,p3,p4,p5,p6,p7,p8,Gkr,RMSE,iterations,CPU_time,score
0,0.0019686502430825248,0.05413290555864127,2.9805250360944592e-05,0.048726292790485785,0.0960155607193459,0.02310489248931302,0.0068431162004083616,0.03139911044164761,0.15787575190828115,2605.936167425058,1034,3575.4619837810023,2605.936167425058
1,5.156436022828482e-06,1.4628579753701335e-05,1.2893790906581264e-06,0.06188161033887667,0.001477135643043501,0.00042737064629296695,3.285448893145672,1.0694257859707778e-05,0.1524,,1034,,
