,p1,p2,p3,p4,p5,p6,p7,p8,Gkr,RMSE,iterations,CPU_time,score
0,0.0016900897395697857,0.03663136358644463,4.3031015680027143e-05,0.04591590703128422,0.09315685319844934,0.021814755271141156,0.00735109293368533,0.02960077652983527,0.1639120800523471,1708.9874755294609,1421,4225.536428282,1708.9874755294609
1,3.900009800965033e-05,0.00023682301457916914,0.22934986076558525,0.05536963431867694,1.8394656642923298e-06,0.03145777149771654,4.946894688035185e-06,7.07049836553896e-05,0.1524,,1421,,
