,p1,p2,p3,p4,p5,p6,p7,p8,Gkr,RMSE,iterations,CPU_time,score
0,0.08121309337145347,0.0009465726320915253,41.872141507801246,0.008856011245734497,3.804167127713279,0.04205944946553306,0.4588478517041484,0.013313681646870995,42.36579855660359,53566.01149555499,1082,2068.379290169,53566.01149555499
1,0.00034793182618701534,0.14150308954377924,0.2326794933204673,1.2507390600999903e-05,0.031779023446160695,2.2688621994235137e-06,2.3056679751370005e-07,1.4732661346200897e-05,0.1524,,1082,,
