,p1,p2,p3,p4,p5,p6,p7,p8,Gkr,RMSE,iterations,CPU_time
0,0.00020683348589082255,0.08998284442071905,3.261058054763119e-05,0.050310354769593335,0.08291045956062609,0.01230696007661965,0.012483032369030094,0.03593062833481639,0.06407630684233305,1023.758942056187,620,876.3827077480018
1,0.00020681861615902064,0.08998502336563005,3.261432146859385e-05,0.05030945348710345,0.08290525869274581,0.012307333321540126,0.012482322659663503,0.03593113218687539,0.06407630684233305,1023.7589413459714,890,1895.512208524
2,0.0002068370022593668,0.08998314119124777,3.2612506207772726e-05,0.050310007007706575,0.08291029072682116,0.012307385025334886,0.012483025910567429,0.03593056478989028,0.06407630684233305,1023.7589401413301,655,1300.6059063220018
3,0.00020684496216523505,0.08998196180161701,3.261383722280936e-05,0.05030958157977603,0.08290661159096034,0.01230715245221927,0.012482365757572363,0.035931121805649176,0.06407630684233305,1023.7589481078124,451,660.4105481810038
4,0.00020683400062951739,0.0899829132466423,3.2611548876903567e-05,0.050310213703515544,0.0829060414023898,0.012307029700708561,0.012482368320682953,0.03593123848994635,0.06407630684233305,1023.758939874936,600,947.7856357389974
