,p1,p2,p3,p4,p5,p6,p7,p8,Gkr,RMSE,iterations,CPU_time,score
0,0.0016913050462519495,0.03664993373221261,4.299082852799495e-05,0.04592338546704358,0.093182782911059,0.021807022552046012,0.007356715605497479,0.029601197963365498,0.16386266232039065,1714.7121763970026,1395,3852.91813126,1714.7121763970026
1,2.0357569899115233e-07,6.826358892476281e-06,2.1248703380624254e-07,0.03245039063513539,0.0038807863404144265,2.677793803572402e-06,0.00010941518157998951,3.382666322223814e-06,0.1524,,1395,,
