,b_1_a,b_1_b,k_b_a,b_a0_a,b_a0_b,b_a1_a,b_a1_b,k_f_a,a_a1_a,a_a1_b,a_a0_a,a_a0_b,a_1_a,a_1_b,g_Kr,RMSE,iterations,CPU_time,score
0,0.006493268192991153,0.032682190968962306,0.03668575364141025,0.046353809630118585,0.06305754899552182,6.87822891214953e-05,0.04179399655930918,0.023627560464643985,0.0135968619981821,0.03837131618212819,0.022461796324094598,0.011918155576891873,0.09076523753937665,0.023384689731756052,0.15240867476320982,296.0584466885471,1141,7992.816843098997,296.0584466885471
