,a_a0_a,a_a0_b,b_a1_a,b_a1_b,k_f_a,a_1_a,a_1_b,b_a0_a,b_a0_b,a_a1_a,a_a1_b,k_b_a,b_1_a,b_1_b,g_Kr,RMSE,iterations,CPU_time,score
0,0.022447220478932415,0.011926999789812744,6.87818973161597e-05,0.041794022787809554,0.023627270240601492,0.09076512038224298,0.023384703575025312,0.046323690809653734,0.06304830803026208,0.01360260307700185,0.038372511413765714,0.03670071031027862,0.006493271675209451,0.03268217114488995,0.15240847678555547,296.05844607377827,1150,7444.589986598001,296.05844607377827
