,p1,p2,p3,p4,p5,p6,p7,p8,Gkr,RMSE,iterations,CPU_time,score
0,0.0016890684037107414,0.03664954967612806,4.2848405331121064e-05,0.04595473957141039,0.09319712725706514,0.021806375585949122,0.007352990637292262,0.0296067972093912,0.16389755854965907,1708.2253046541762,951,2664.754491255,1708.2253046541762
1,3.138053044732555e-06,7.439798493467866e-05,0.0017305014698431843,1.0582567401555795e-05,1.586294225260888e-05,3.3077265740177945e-05,0.13345894386120907,4.6779195649294293e-07,0.1524,,951,,
