,p1,p2,p3,p4,p5,p6,p7,p8,Gkr,RMSE,iterations,CPU_time,score
0,0.001613579482385585,0.07290229661556227,1.905001612459785e-05,0.052291510163633106,0.11022063628425845,0.023162963712587616,0.008890997003828966,0.02941947730705904,0.15296537859073073,2966.65718103007,1136,5249.801269729,2966.65718103007
1,0.41178861981041787,0.08914931235786065,5.429370651597797e-05,5.011880376297976e-05,3.072214196834907,2.203476706221335e-07,0.003802075823786164,7.980644225847659e-06,0.1524,,1136,,
