,a_a0_a,a_a0_b,b_a1_a,b_a1_b,k_f_a,a_1_a,a_1_b,b_a0_a,b_a0_b,a_a1_a,a_a1_b,k_b_a,b_1_a,b_1_b,g_Kr,RMSE,iterations,CPU_time,score
0,0.022338697021036788,0.01157429382253051,6.862220347040418e-05,0.04181609152068473,0.02416575542160971,0.09077486993205212,0.023386040683444388,0.0467019444884265,0.0630760092377855,0.013264091781610119,0.03840950618277929,0.036303001454331636,0.006494546910052917,0.03268606131893294,0.15239091640101515,139.0420706103737,1001,3514.3722101169997,139.0420706103737
