,a_a0_a,a_a0_b,b_a1_a,b_a1_b,k_f_a,a_1_a,a_1_b,b_a0_a,b_a0_b,a_a1_a,a_a1_b,k_b_a,b_1_a,b_1_b,g_Kr,RMSE,iterations,CPU_time,score
0,0.02359289364602824,0.01081643663641286,6.892726583582805e-05,0.0417743636220947,0.02384778062110355,0.09084272533874649,0.023394552781268854,0.04982671059223491,0.06404678033357629,0.013127527511103567,0.038309584143669695,0.03503572844246351,0.006498756024857334,0.03268106350545819,0.1524076524030796,138.68322847217,2083,6727.750619037999,138.68322847217
