,p1,p2,p3,p4,p5,p6,p7,p8,Gkr,RMSE,iterations,CPU_time,score
0,632.2109185865274,0.0018872575499127298,7.25265723342074e-06,0.00033970678786732406,0.056091454845299225,0.07536503492003337,0.0026666063216710936,0.10695582017281982,0.04038467261527197,142439.50378124966,1531,4225.911150527,142439.50378124966
1,0.13473355126944656,0.006895898389730209,0.028372411369896,5.420249079479845e-06,0.0007485331146394565,1.4196646482684788e-05,0.00017378454730590122,2.5488060223011887e-07,0.1524,,1531,,
