,a_a0_a,a_a0_b,b_a1_a,b_a1_b,k_f_a,a_1_a,a_1_b,b_a0_a,b_a0_b,a_a1_a,a_a1_b,k_b_a,b_1_a,b_1_b,g_Kr,RMSE,iterations,CPU_time,score
0,0.022316010786662923,0.011789720872788402,6.898417722700392e-05,0.04177256831783628,0.023844515962727585,0.09082928348429789,0.023406963885552565,0.04715344182174702,0.06309811848397855,0.013702273852435916,0.03819685562427015,0.03668151540097193,0.006496082920583342,0.03267320412223772,0.15241916159125482,139.29889474621035,1245,4053.7324150839995,139.29889474621035
