,p1,p2,p3,p4,p5,p6,p7,p8,Gkr,RMSE,iterations,CPU_time,score
0,0.001567518552461035,0.07929975204810351,2.220216902169437e-05,0.05117823138569482,0.09593768589386278,0.02393526972006223,0.007054581950067332,0.03132877762125116,0.154733358533383,721.3703822022815,1024,2246.723145482,721.3703822022815
1,0.003678555993238611,1.189171244011909e-05,0.0021938226550083308,0.01627877389769165,0.006852180311504782,0.137606058125466,2.2148469541187414,0.0023026183822097246,0.1524,,1024,,
