,b_1_a,b_1_b,k_b_a,b_a0_a,b_a0_b,b_a1_a,b_a1_b,k_f_a,a_a1_a,a_a1_b,a_a0_a,a_a0_b,a_1_a,a_1_b,g_Kr,RMSE,iterations,CPU_time,score
0,0.006494390007362231,0.03268670057006963,0.03654422288705772,0.04641597080711431,0.0629969050398122,6.862941449884288e-05,0.04181527219671037,0.024202007473766267,0.013335966155398645,0.038364921255600655,0.022178524874880277,0.011683570024109757,0.09077214920485582,0.023385570609081138,0.15238972582476998,139.04211082085192,1034,3437.143614825003,139.04211082085192
