,a_a0_a,a_a0_b,b_a1_a,b_a1_b,k_f_a,a_1_a,a_1_b,b_a0_a,b_a0_b,a_a1_a,a_a1_b,k_b_a,b_1_a,b_1_b,g_Kr,RMSE,iterations,CPU_time,score
0,0.0224014316441068,0.011817769328779145,6.894837295415748e-05,0.04177611475136045,0.02371560683371975,0.0908260342805201,0.02339274658347268,0.046971465274613176,0.06302730777653837,0.013723074860962189,0.03816921928244141,0.03671924743207476,0.006495417233571549,0.03267489841365436,0.15243880871442486,295.41405333965764,961,6726.303047482,295.41405333965764
