,p1,p2,p3,p4,p5,p6,p7,p8,Gkr,RMSE,iterations,CPU_time
0,0.00025141877977693497,0.08833703495524771,3.204089299055919e-05,0.05050770056719472,0.07075330650525825,0.00924194583371065,0.009141587635658146,0.039401012069151614,0.06435684129488249,1103.7999061567648,465,845.8538481400028
1,0.00025142032651548867,0.08833464787369057,3.204123781952729e-05,0.050507486764483196,0.07075012945691071,0.009241609548347629,0.009141356666307282,0.039400940926767714,0.06435684129488249,1103.7998941385542,651,1100.6451931610063
2,0.0002514072252583615,0.0883395905255592,3.204008917743993e-05,0.050507708338672,0.07075224251845696,0.009241670279586797,0.009141641369076525,0.039400690061369606,0.06435684129488249,1103.7998953504928,459,590.521647682006
3,0.0002514097310219055,0.0883373750309118,3.203997735718374e-05,0.05050781822359826,0.07075054352597392,0.009242244798314782,0.009141350069003207,0.03939993190875668,0.06435684129488249,1103.7998799841191,749,1387.7230355110078
4,0.00025139903635653467,0.08834046971177766,3.204157897272135e-05,0.05050713374056806,0.07075312847219487,0.00924233484264498,0.009141878268784346,0.039399497652107617,0.06435684129488249,1103.7999060139382,453,970.619061786012
