,a_a0_a,a_a0_b,b_a1_a,b_a1_b,k_f_a,a_1_a,a_1_b,b_a0_a,b_a0_b,a_a1_a,a_a1_b,k_b_a,b_1_a,b_1_b,g_Kr,RMSE,iterations,CPU_time,score
0,0.02235325535875388,0.011634209683202881,6.892251477998984e-05,0.04177404571085803,0.023826767354682553,0.09079014072451053,0.023396020493871374,0.04701000204587617,0.06350243985901602,0.01363521021184884,0.038382976002828716,0.03666582946249822,0.006495890478963253,0.032679464050396075,0.15237873453653455,173.71913518411694,1463,6874.853764781001,173.71913518411694
