,a_a0_a,a_a0_b,b_a1_a,b_a1_b,k_f_a,a_1_a,a_1_b,b_a0_a,b_a0_b,a_a1_a,a_a1_b,k_b_a,b_1_a,b_1_b,g_Kr,RMSE,iterations,CPU_time,score
0,0.022351776396380058,0.011635387793657023,6.892293961047185e-05,0.04177398592967474,0.023826672567845552,0.09078998291750315,0.02339600362418206,0.04701195580561076,0.06350121917613995,0.013635989724763344,0.038382770291162695,0.03666588389788203,0.006495893929564481,0.03267945747024332,0.15237855518854634,173.71913549346417,1465,6796.07418031,173.71913549346417
