,p1,p2,p3,p4,p5,p6,p7,p8,Gkr,RMSE,iterations,CPU_time,score
0,0.0016918885038404265,0.036632289046345384,4.2956051835418804e-05,0.045930278759028095,0.09315431163111565,0.021819745743793917,0.007350570622860502,0.029605840338998293,0.16385931104308335,1709.812124942606,1586,4628.941289954997,1709.812124942606
1,3.323650534418626e-07,0.05748313546220067,0.010158762154892134,1.9280380801467683e-07,2.6007642225894275e-06,2.3615566499985783e-06,0.14893720371060443,4.0503077657460193e-07,0.1524,,1586,,
