,a_a0_a,a_a0_b,b_a1_a,b_a1_b,k_f_a,a_1_a,a_1_b,b_a0_a,b_a0_b,a_a1_a,a_a1_b,k_b_a,b_1_a,b_1_b,g_Kr,RMSE,iterations,CPU_time,score
0,0.023095258391662245,0.011182560680386129,6.890838102428997e-05,0.041776650107507134,0.023751804650051264,0.09087129713476802,0.02339521616981191,0.04839593069716517,0.06348576468977513,0.013502016822544942,0.03832097100106085,0.036288297256560895,0.006502142673649756,0.03267895647412038,0.15238817467253793,295.9258915154911,1002,6606.258449126002,295.9258915154911
