,p1,p2,p3,p4,p5,p6,p7,p8,Gkr,RMSE,iterations,CPU_time
0,0.00021655558279188534,0.08415949528839985,3.702180605052412e-05,0.05132906198350921,0.08469319553580724,0.010394297873773353,0.00853745532898253,0.03466753440128286,0.09127977271835509,397.71493539561135,742,906.7291675839951
1,0.0002165497855951369,0.08416106634562895,3.7022478996355017e-05,0.05132915620011914,0.08467850970233655,0.010393244481988915,0.008536066311442913,0.034668698095413564,0.09127977271835509,397.71492905271003,854,1785.7037459669955
2,0.00021654810885013165,0.08416031460460406,3.702240730265309e-05,0.05132901244466914,0.08468136952098744,0.010393530635141297,0.008536282095321087,0.03466819437162609,0.09127977271835509,397.7149332454992,577,1205.865353828005
3,0.00021654437956114967,0.08416148861308047,3.702348171107798e-05,0.05132884103476893,0.08468066634228213,0.010393726283974307,0.008536261290700908,0.03466840518251217,0.09127977271835509,397.71492908028796,1016,2124.500715641989
4,0.00021656459169938443,0.08415937937477767,3.702306057399159e-05,0.05132889959720025,0.08466748390991757,0.010392591120319246,0.008534791187364242,0.03466979140914865,0.09127977271835509,397.71493640140227,781,1303.7056935510045
