,p1,p2,p3,p4,p5,p6,p7,p8,Gkr,RMSE,iterations,CPU_time,score
0,0.0016135202625693328,0.07289822030628168,1.9050152821108408e-05,0.05229139561778396,0.11022215516617653,0.02316212483075637,0.008891464662583056,0.029419004001874808,0.15296620633351948,2966.657084415664,1162,5646.244626555999,2966.657084415664
1,0.0002321667808928705,0.03462715889771437,0.00434889795819922,0.0056701873932188075,0.044248988584060435,0.022110904241899196,5.232577707021261e-07,0.002751495062431409,0.1524,,1162,,
