,p1,p2,p3,p4,p5,p6,p7,p8,Gkr,RMSE,iterations,CPU_time,score
0,0.0015674943198492957,0.07934741126869209,2.22162340737036e-05,0.0511837885059002,0.0959733324742948,0.023954038750307147,0.0070499743564898625,0.03130954490678827,0.1548633634963918,720.6326241498844,1235,2637.0631888940006,720.6326241498844
1,7.035045866165733e-06,1.5479073524860853e-07,0.006029662851977142,1.1688363238559906e-05,8.102883202564953e-06,0.17977669927385578,0.0031559690907315987,3.1709993621872784e-06,0.1524,,1235,,
