,a_a0_a,a_a0_b,b_a1_a,b_a1_b,k_f_a,a_1_a,a_1_b,b_a0_a,b_a0_b,a_a1_a,a_a1_b,k_b_a,b_1_a,b_1_b,g_Kr,RMSE,iterations,CPU_time,score
0,0.022353378822141095,0.011635665518021886,6.892355415816058e-05,0.04177391401892698,0.023826595097229026,0.09079026873266972,0.023395936008605844,0.047011172710381764,0.06350258764265365,0.013635834816096426,0.03838081200619481,0.03666701417953554,0.006495877443942812,0.03267960615115513,0.15237891447845306,173.71913698435822,963,4544.6458786600015,173.71913698435822
