,a_1_a,a_1_b,b_a0_a,b_a0_b,k_b_a,a_a0_a,a_a0_b,b_1_a,b_1_b,b_a1_a,b_a1_b,a_a1_a,a_a1_b,k_f_a,g_Kr,RMSE,iterations,CPU_time,score
0,0.0909638493141348,0.023410802105521388,0.049369216884554035,0.062367459889785364,0.03470655804608278,0.021700849994366986,0.011399024906766302,0.0065044781655625725,0.03265061391597645,6.936220881796309e-05,0.04172857829290975,0.0144642868759013,0.038901911549527324,0.023024742825105513,0.1524616429166371,139.07726970642236,1194,3820.4681545879994,139.07726970642236
