,p1,p2,p3,p4,p5,p6,p7,p8,Gkr,RMSE,iterations,CPU_time,score
0,0.0012731156023691565,1.0000848102661387e-07,0.012841264937576174,1.000008901004912e-07,2.5961003097810014e-06,0.0009748190618402568,0.17617452306532677,0.001419983765815776,0.08244920666655019,458355.92814744223,891,3266.144946335,458355.92814744223
1,0.001220660748525642,2.916367395233299e-05,0.01319785602603417,9.074471480479145e-06,2.5650043704160723e-06,0.001429367643280582,0.16984265841175844,3.7167742197704225e-06,0.1524,,891,,
