,a_a0_a,a_a0_b,b_a1_a,b_a1_b,k_f_a,a_1_a,a_1_b,b_a0_a,b_a0_b,a_a1_a,a_a1_b,k_b_a,b_1_a,b_1_b,g_Kr,RMSE,iterations,CPU_time,score
0,0.021705322424188878,0.012338329236107877,6.900954681206102e-05,0.04176762914754217,0.023696421422251177,0.09077651465508407,0.023393165396483055,0.045717732053225,0.06255501564965311,0.014034655937565381,0.038112346059113254,0.037455757260356055,0.006495114476785529,0.032677485828472894,0.152393717738414,295.89906495229746,1263,8225.026587233,295.89906495229746
