,p1,p2,p3,p4,p5,p6,p7,p8,Gkr,RMSE,iterations,CPU_time,score
0,0.001684753087717179,0.08444424173305191,2.2115566379658106e-05,0.05119831495789789,0.12141299032650053,0.02689922170270061,0.008869311654150362,0.028777594286555686,0.15466199571957004,653.2881351574777,1893,3929.516904796,653.2881351574777
1,5.575658208594657e-06,0.044185226844604575,0.037013434692452614,0.000265047189535673,0.00013348695071074853,3.8336027652179295e-06,1.134098223654619e-05,8.647156429472431e-07,0.1524,,1893,,
