,a_a0_a,a_a0_b,b_a1_a,b_a1_b,k_f_a,a_1_a,a_1_b,b_a0_a,b_a0_b,a_a1_a,a_a1_b,k_b_a,b_1_a,b_1_b,g_Kr,RMSE,iterations,CPU_time,score
0,0.022299189897997677,0.011783502812433067,6.91036678236224e-05,0.041753891020192245,0.02382404652244287,0.090818110187018,0.023389350417154744,0.0468435829065741,0.06337562447577001,0.01368732080148983,0.038090118268828486,0.03661154128251913,0.006498007273869612,0.03267877766893697,0.1523937671206775,173.84939181567472,1358,6011.940468829998,173.84939181567472
