,p1,p2,p3,p4,p5,p6,p7,p8,Gkr,RMSE,iterations,CPU_time
0,0.0003045839468790228,0.06258468603427175,3.4848845864734595e-05,0.056179872091027754,0.08822927585434068,0.009156321535867809,0.003793563953066691,0.02874865965833919,0.21552614690565972,470.6434048566288,592,1118.5306232500006
1,0.00030456581663501273,0.06258580757216776,3.4846410055373464e-05,0.05618040627126539,0.08823057351575743,0.009156416944229888,0.003793595490859813,0.02874857284376017,0.21552614690565972,470.64339560015804,1165,2155.534710169013
2,0.000304581182121464,0.06258481440172182,3.4848837997887034e-05,0.05617988371418646,0.08822965263251036,0.009156293499696603,0.003793554706577446,0.02874880991478521,0.21552614690565972,470.64340043583775,879,1580.7539839910169
3,0.0003045822073698769,0.06258483546206935,3.4848569214102206e-05,0.056179958684138505,0.08822896156667885,0.009156424987643918,0.003793537082606763,0.02874868386066676,0.21552614690565972,470.6434027151664,886,1545.2097603589937
4,0.00030457390896872346,0.06258520762236194,3.4846564270379647e-05,0.05618037878426523,0.08822985432361148,0.009156196170190431,0.00379358141869843,0.02874865470162962,0.21552614690565972,470.6433998863708,732,1274.899735799001
