,p1,p2,p3,p4,p5,p6,p7,p8,Gkr,RMSE,iterations,CPU_time
0,0.00030464862746631965,0.06259928564608233,3.486382145477095e-05,0.05617605943129785,0.08829157087446507,0.009156370867734697,0.0037942901777371207,0.028750066078133484,0.21552614690565972,470.6136073852076,481,1384.6339301789994
1,0.0003046561835700716,0.0625996760043506,3.486548615579961e-05,0.05617559436445254,0.08829379963289065,0.009156583561632802,0.003794393864373771,0.02874970299225537,0.21552614690565972,470.61359788865076,945,1959.3316398669995
2,0.0003046400362820312,0.06260006174750171,3.4863914789874576e-05,0.05617602208016045,0.08829206587939423,0.00915622241427259,0.0037943336573922947,0.028750042598895704,0.21552614690565972,470.6136077566499,691,1313.7257478070023
3,0.0003046477040090826,0.06259986237527701,3.486423774757304e-05,0.05617590318551999,0.08829350895100783,0.009156534367051139,0.003794419535561099,0.02874960937408133,0.21552614690565972,470.61360082046883,689,1311.9805691439979
4,0.00030464807276056475,0.06259971001492894,3.486391886463302e-05,0.05617601470134198,0.08829297402038967,0.009156419796989007,0.0037943442375034716,0.028750021262254167,0.21552614690565972,470.6136015859469,812,1688.0769789740007
