,p1,p2,p3,p4,p5,p6,p7,p8,Gkr,RMSE,iterations,CPU_time
0,0.00019935173936965497,0.09269542685114661,2.3005337224558737e-05,0.05129115122549983,0.07950487602031159,0.015120300790189476,0.018285643420892006,0.03657056575842319,0.045308791081603676,1996.1423245202732,684,1440.302730110001
1,0.00019935291006109582,0.09270378512507046,2.300077169764177e-05,0.05129300971032823,0.07948064971676148,0.015115719455056575,0.01827986776712623,0.03657431213511742,0.045308791081603676,1996.142338998012,485,1036.185503298002
2,0.0001993663259276518,0.09269223283270292,2.3003446076739806e-05,0.051291853274539376,0.07950420446132811,0.015119364238779694,0.018285195906995937,0.036570660381831196,0.045308791081603676,1996.1423305003814,642,1386.8500214410014
3,0.0001993420245151303,0.09269913745904072,2.3005418473073072e-05,0.05129122869737391,0.07948050013862144,0.015110369195881513,0.01827996766926779,0.0365802476634703,0.045308791081603676,1996.1423116705384,1031,1740.3820378189994
4,0.00019935906960666635,0.09269539419524561,2.3004103652897438e-05,0.05129148191663875,0.07950734606332974,0.015120102765349043,0.018285673205947043,0.03657024733899674,0.045308791081603676,1996.1423340526194,720,975.4393266210027
