,a_a0_a,a_a0_b,b_a1_a,b_a1_b,k_f_a,a_1_a,a_1_b,b_a0_a,b_a0_b,a_a1_a,a_a1_b,k_b_a,b_1_a,b_1_b,g_Kr,RMSE,iterations,CPU_time,score
0,0.02246679312741399,0.01176750964825861,6.894221390701378e-05,0.041776848694811144,0.023718132564366185,0.09082608769381273,0.02339276082062895,0.04708761133555191,0.0630748868359913,0.013703006247851665,0.03817199117901661,0.03668774429465642,0.006495440474440651,0.032674826783662625,0.15243904256569799,295.41407446263116,1020,7124.529848974001,295.41407446263116
