,a_1_a,a_1_b,b_a0_a,b_a0_b,k_b_a,a_a0_a,a_a0_b,b_1_a,b_1_b,b_a1_a,b_a1_b,a_a1_a,a_a1_b,k_f_a,g_Kr,RMSE,iterations,CPU_time,score
0,0.09073802800149236,0.02338642865251988,0.04801400330076068,0.06340747487878176,0.03777331352249789,0.0218909318633693,0.011999779346212644,0.00649052625954788,0.03267762855405402,6.933868551699666e-05,0.04172955238045382,0.014585481041523301,0.03731813760671715,0.02372370386859372,0.1523774959714153,138.75331385846036,1558,4439.938925727998,138.75331385846036
