,a_1_a,a_1_b,b_a0_a,b_a0_b,k_b_a,a_a0_a,a_a0_b,b_1_a,b_1_b,b_a1_a,b_a1_b,a_a1_a,a_a1_b,k_f_a,g_Kr,RMSE,iterations,CPU_time,score
0,0.09066119691445103,0.023382442008300097,0.04633157623492158,0.06332773753758357,0.03650421120135164,0.023179901256889807,0.011752158342434038,0.006489994952611739,0.032700089079168666,6.864847506643095e-05,0.041801026725423886,0.013149311542825344,0.038373061033930726,0.023657574689241817,0.15231238213990478,138.4799532233863,1225,3839.905308583,138.4799532233863
