,a_1_a,a_1_b,b_a0_a,b_a0_b,k_b_a,a_a0_a,a_a0_b,b_1_a,b_1_b,b_a1_a,b_a1_b,a_a1_a,a_a1_b,k_f_a,g_Kr,RMSE,iterations,CPU_time,score
0,0.09081021627480829,0.02339866520970783,0.04689628795490931,0.06310417159605747,0.03672184493156021,0.022476635933654777,0.011709207984440547,0.006495784117331336,0.032675794113012586,6.89889596154774e-05,0.041766359980224946,0.013657939703972083,0.03843424798475124,0.023636180824345144,0.15241615971716352,173.76854210148343,1083,4654.143354738,173.76854210148343
