,p1,p2,p3,p4,p5,p6,p7,p8,Gkr,RMSE,iterations,CPU_time,score
0,0.001968823009704249,0.054153563181648566,2.981677483426651e-05,0.048723237579549446,0.09600831393923327,0.023113593196788573,0.006843125029220948,0.03139640017036983,0.1578599904945502,2602.4615539846236,1494,4997.825678110999,2602.4615539846236
1,2.491800453109573,6.9793394157968e-05,1.7348930976579818e-07,3.400327277193891e-05,0.00843942632053148,0.0025494398610193744,0.0003974614426797854,0.027993419356957917,0.1524,,1494,,
