,p1,p2,p3,p4,p5,p6,p7,p8,Gkr,RMSE,iterations,CPU_time,score
0,0.0015661133139163452,0.07931220134590763,2.223122610015526e-05,0.05117141353712146,0.09597528419035252,0.023931869158325368,0.007052014435375596,0.03133562218514903,0.15482305092747303,718.9106050888103,789,1847.4239506159993,718.9106050888103
1,9.555720781770277e-06,0.0002689194010413647,1.3572452410478228e-06,6.615818125404816e-05,0.0197047994110051,0.00015933538217039993,0.21247060972183168,0.031012914669943742,0.1524,,789,,
