,a_a0_a,a_a0_b,b_a1_a,b_a1_b,k_f_a,a_1_a,a_1_b,b_a0_a,b_a0_b,a_a1_a,a_a1_b,k_b_a,b_1_a,b_1_b,g_Kr,RMSE,iterations,CPU_time,score
0,0.023260578564014135,0.010382203988047152,6.952364168721568e-05,0.04170781693386334,0.023192271111800753,0.09092560504343812,0.02341245921394499,0.053963100988567964,0.06389688672704308,0.014173881119914642,0.038151731904812455,0.0338452347887691,0.0065076696861842385,0.03264696127806209,0.15238183284107693,138.52856439859687,1064,3575.7323795850007,138.52856439859687
