,a_1_a,a_1_b,b_a0_a,b_a0_b,k_b_a,a_a0_a,a_a0_b,b_1_a,b_1_b,b_a1_a,b_a1_b,a_a1_a,a_a1_b,k_f_a,g_Kr,RMSE,iterations,CPU_time,score
0,0.09090316641155634,0.023392821000979093,0.05289223552088005,0.06426046423009438,0.03415445789158774,0.02381192030987451,0.010261502966493481,0.0065007031910696905,0.03268770897443823,6.941596597336202e-05,0.04171578084682839,0.013633332806624654,0.03820867505240424,0.02337163495982077,0.15241899773536463,138.18857463859825,1525,5126.48412691,138.18857463859825
