,p1,p2,p3,p4,p5,p6,p7,p8,Gkr,RMSE,iterations,CPU_time
0,0.00021216232618341134,0.057149964781407214,2.756058565677002e-05,0.05901298213224289,0.09612328919469035,0.008603368188836892,0.0024169036801115536,0.027271515186082333,0.3624703286528294,278.81556369966455,764,869.4437507300026
1,0.0002121758906026958,0.05715117934891163,2.7559634874741044e-05,0.05901349124231321,0.09610684107347248,0.008601867348606096,0.0024164459537362785,0.027273127356752875,0.3624703286528294,278.8155633782864,538,605.1154727149988
2,0.0002121642510313745,0.057150638430784946,2.756431962127495e-05,0.05901173981548731,0.09609906570067622,0.00860222504269488,0.00241630913477929,0.027273352258683707,0.3624703286528294,278.815562765909,540,606.7874032030013
3,0.0002121842848767295,0.05714716581419186,2.756142751400012e-05,0.05901293139846612,0.09612618287996512,0.008602954071214768,0.0024169625280120966,0.027272498871922967,0.3624703286528294,278.8155700058063,633,1102.9074066289977
4,0.00021217236269324547,0.05714777869417813,2.7561566228942534e-05,0.05901271649003898,0.09612628688893617,0.008603157341958654,0.002416986474820683,0.02727194407446099,0.3624703286528294,278.81555521039957,701,937.6110313980025
