,p1,p2,p3,p4,p5,p6,p7,p8,Gkr,RMSE,iterations,CPU_time
0,0.000251645128779133,0.08832589781157857,3.19455990807367e-05,0.05051596334591205,0.07048569573221136,0.0092669517868789,0.009151759180103072,0.039420040890114964,0.06407630684233305,1118.0050024569798,717,1116.4573592919987
1,0.00025164510028799595,0.08832583918162056,3.1942450931009695e-05,0.05051694707939936,0.07048656174500766,0.0092644025994056,0.009151818903501176,0.03942237530917315,0.06407630684233305,1118.0049990127566,751,1654.8745556509966
2,0.0002516465114329141,0.08832721932755845,3.1942490300697415e-05,0.050517211201109934,0.07048934523777181,0.009265568386177337,0.009152195403233344,0.03942033158725769,0.06407630684233305,1118.0049911298863,697,1567.3202873679984
3,0.00025162011673339805,0.08832762931951693,3.194334956708191e-05,0.050516540408109024,0.07048836777417239,0.009263147770260195,0.009152050593123292,0.03942364641364761,0.06407630684233305,1118.0049868274148,753,1566.2902524720048
4,0.0002516542080478068,0.08832513383204202,3.194191754194398e-05,0.05051706234818056,0.07048625647635781,0.009265445075156028,0.00915183374791643,0.03942055333948661,0.06407630684233305,1118.0049948092467,597,1199.5926640960024
