,p1,p2,p3,p4,p5,p6,p7,p8,Gkr,RMSE,iterations,CPU_time,score
0,2.3086570623278955e-07,1.3432791090216371e-05,0.3652928901482624,1.1906779117014352e-07,6.725745422871932e-06,0.002709616554451076,0.005509286422386426,6.624117608350343e-06,0.15239995177236232,137604.72407301996,273,526.7956984319999,137604.72407301996
1,2.308657149173384e-07,1.3408185417818094e-05,0.3652928761231064,1.3548819823285836e-07,6.72574618168046e-06,0.002709654244362594,0.005509287207407399,6.660644002526527e-06,0.1524,,273,,
