,a_a0_a,a_a0_b,b_a1_a,b_a1_b,k_f_a,a_1_a,a_1_b,b_a0_a,b_a0_b,a_a1_a,a_a1_b,k_b_a,b_1_a,b_1_b,g_Kr,RMSE,iterations,CPU_time,score
0,0.022402590118703613,0.011959083296744173,6.87854529613791e-05,0.04179358891351362,0.023621936124873975,0.09076576148556946,0.023384660567456694,0.04624102712044829,0.06301052217631148,0.013618146900179016,0.038377665176497204,0.03672506189388808,0.006493332815818892,0.03268214058628649,0.15240834995171496,296.0584650471364,946,6143.215655835003,296.0584650471364
