,p1,p2,p3,p4,p5,p6,p7,p8,Gkr,RMSE,iterations,CPU_time,score
0,0.0015680848342525323,0.07930987223310312,2.2176002232741596e-05,0.05120003525488809,0.09593241951904476,0.02393600270077879,0.007048948674392367,0.031318564760283434,0.1548454893468172,721.8140855809207,5602,15179.261502896,721.8140855809207
1,0.00010644196950944189,0.011261171577727835,0.31783380142642215,1.4029992855686353e-07,0.020558360265319212,0.08062406270435701,0.13490517135758182,3.381938577076304e-07,0.1524,,5602,,
