,a_1_a,a_1_b,b_a0_a,b_a0_b,k_b_a,a_a0_a,a_a0_b,b_1_a,b_1_b,b_a1_a,b_a1_b,a_a1_a,a_a1_b,k_f_a,g_Kr,RMSE,iterations,CPU_time,score
0,0.09081725090853485,0.023387087314009014,0.04699562702548727,0.06332976150928207,0.036502512371085497,0.022491185975872043,0.011771173727556768,0.006496452277504877,0.03268335257281847,6.88945042546608e-05,0.04177632694542608,0.013581360862970453,0.03810455800772563,0.02377846134422395,0.15239557970741235,174.58126458341394,1172,5592.438428568999,174.58126458341394
