,b_1_a,b_1_b,k_b_a,b_a0_a,b_a0_b,b_a1_a,b_a1_b,k_f_a,a_a1_a,a_a1_b,a_a0_a,a_a0_b,a_1_a,a_1_b,g_Kr,RMSE,iterations,CPU_time,score
0,0.006497465581636891,0.032673481837190696,0.03717723019347519,0.0463538463382414,0.06255462958823016,6.893574000610193e-05,0.041776864469286225,0.023760224901753977,0.013934815877278779,0.03820471664398276,0.02191567199710791,0.01203060197954111,0.09081744994441884,0.023389855279311696,0.15241453156493856,173.5265207339107,1229,4719.1434484189995,173.5265207339107
