,p1,p2,p3,p4,p5,p6,p7,p8,Gkr,RMSE,iterations,CPU_time,score
0,0.0015679487004480765,0.07935435792003298,2.2206099964224375e-05,0.05118083323345412,0.09595912003181858,0.02395180477589597,0.0070529379944610955,0.03131205861622077,0.15476762474012298,718.7755156953851,1115,2551.2007607019987,718.7755156953851
1,3.9080652806008725e-05,0.00017887778826168745,9.564283917900044e-07,0.019933486261212132,3.730350062770466,0.00026100870681060914,0.002096273092157142,0.005429672344867712,0.1524,,1115,,
