,p1,p2,p3,p4,p5,p6,p7,p8,Gkr,RMSE,iterations,CPU_time,score
0,0.0016146733093090324,0.07289152825817789,1.9053249097875294e-05,0.052287415944784324,0.11005903244810936,0.02316093075722223,0.008878030910008822,0.02942561930509959,0.152946934279138,2963.7596605614563,1502,6945.245690439,2963.7596605614563
1,0.004585901460590873,1.1029108787793917e-05,1.2589724897684504e-05,0.044471797460098196,1.1409009875303805e-05,0.09462421629899315,6.454996467694635e-06,0.0027879263095988032,0.1524,,1502,,
