,p1,p2,p3,p4,p5,p6,p7,p8,Gkr,RMSE,iterations,CPU_time,score
0,0.0016147117182411675,0.07289036735055311,1.905333426808367e-05,0.05228745357732674,0.11006167649564295,0.023160499664035692,0.008878184579338923,0.02942550978355548,0.15294845833144122,2963.7596628218944,1564,7149.702400213,2963.7596628218944
1,7.497232954235862,0.001988830466196756,0.09930964143386642,2.3612006639780998e-06,0.0713853950645688,0.00010081581667092471,6.468899702689078e-06,0.009692947960050241,0.1524,,1564,,
