,p1,p2,p3,p4,p5,p6,p7,p8,Gkr,RMSE,iterations,CPU_time,score
0,2.2793907450936195,0.0003261665652058309,3.2552894743054788e-06,0.0011369775839644878,0.00011834531548347349,1.000223605710615e-07,3.245030552594774e-07,1.0006499748128898e-07,3.0044714041810874,121383.80319261992,1398,2560.0726890839996,121383.80319261992
1,0.820820700837886,0.0010202862136944866,2.244860668016668e-06,0.000729789310015405,0.0013907224196442554,0.00010648202771526585,1.4718206876791643e-07,0.0027719961304968435,0.1524,,1398,,
