,a_1_a,a_1_b,b_a0_a,b_a0_b,k_b_a,a_a0_a,a_a0_b,b_1_a,b_1_b,b_a1_a,b_a1_b,a_a1_a,a_a1_b,k_f_a,g_Kr,RMSE,iterations,CPU_time,score
0,0.09103003212364576,0.023400450612969553,0.049757234483579375,0.06379983706108423,0.03710409604306378,0.022210598346236152,0.011728439907980842,0.006510422531047933,0.03266991107940098,6.940862919881354e-05,0.041721678581499534,0.01402035882881168,0.0369222515913795,0.024527531937233695,0.15242891109136092,138.1901233732196,1389,3887.423829421001,138.1901233732196
