,p1,p2,p3,p4,p5,p6,p7,p8,Gkr,RMSE,iterations,CPU_time,score
0,0.0019697309285825245,0.05414926592769671,2.9817332549778363e-05,0.0487239821043717,0.09613880207692391,0.023124159807270863,0.006851219965207345,0.03138796874387016,0.15786563590300778,2603.0552681222334,1307,4274.786724333001,2603.0552681222334
1,4.387763995206017e-05,0.0001964661672086322,0.00015525014624829964,0.00020236261279488413,0.04641668976132863,0.012534746745932891,2.8180898498562157,1.5740421063452078e-06,0.1524,,1307,,
