,a_a0_a,a_a0_b,b_a1_a,b_a1_b,k_f_a,a_1_a,a_1_b,b_a0_a,b_a0_b,a_a1_a,a_a1_b,k_b_a,b_1_a,b_1_b,g_Kr,RMSE,iterations,CPU_time,score
0,0.022221248202080095,0.011515265544607354,6.876752945061742e-05,0.041799976216810523,0.023891874729320386,0.09082950013747473,0.023385221161305345,0.046644142409466245,0.06250072582377066,0.013728728648385626,0.03851114792945369,0.037166119029580974,0.006497569780899609,0.03267413287721695,0.1524254003321343,173.9210278150384,1027,4735.655526332001,173.9210278150384
