,p1,p2,p3,p4,p5,p6,p7,p8,Gkr,RMSE,iterations,CPU_time
0,0.0003283237469039195,0.06076513600700475,3.450312673263684e-05,0.056924061266280954,0.0889286624900024,0.009410183965832146,0.0032257443471249664,0.02768544554183327,0.2563052273693322,678.2548085663087,583,1082.1122105000031
1,0.0003283487641750758,0.06076314266822772,3.450156171083214e-05,0.05692450655995581,0.08892572992995955,0.009409649857126496,0.00322569599937175,0.027685647215270368,0.2563052273693322,678.2548184504343,733,1794.782691196
2,0.0003283433907742925,0.06076352751440151,3.450371580248437e-05,0.05692398463574737,0.0889232434494321,0.00940995751626306,0.0032255913054650125,0.027685721387466982,0.2563052273693322,678.2548165772034,522,1709.71533928001
3,0.0003283312153816712,0.06076424784727665,3.450264405146371e-05,0.05692418730430834,0.08892635352274464,0.009409624033612013,0.0032257177045944465,0.027685559641002066,0.2563052273693322,678.2548107575586,936,3016.8538519669964
4,0.00032833605621182847,0.06076411006004268,3.4504489088134074e-05,0.05692371359789276,0.08892581120203308,0.009409663310115945,0.0032257024715923828,0.027685607780549282,0.2563052273693322,678.2548164019173,657,1945.1362967309979
