,p1,p2,p3,p4,p5,p6,p7,p8,Gkr,RMSE,iterations,CPU_time
0,0.0003281835245331071,0.06075487396872381,3.44853267442393e-05,0.056928518080518,0.08886090689188253,0.009409896843266064,0.0032249122367528694,0.027684418378779517,0.2563052273693322,678.1693352480507,758,1322.175913050014
1,0.00032820643753996904,0.060753562172780905,3.448432219615444e-05,0.05692864068943215,0.08886237148397401,0.009409711262198618,0.0032249967550777377,0.027684090282928384,0.2563052273693322,678.1693275133408,964,1687.5741862249852
2,0.00032820653228501174,0.06075338534499113,3.448583340107386e-05,0.056928220859608525,0.08886075945304127,0.00941000667235216,0.0032249249445187944,0.02768392761511587,0.2563052273693322,678.1693315857349,615,1070.3587367479922
3,0.0003281936169805164,0.06075445644951752,3.44850107577187e-05,0.05692847850298557,0.08886171838416693,0.009409805804931944,0.0032249295935252447,0.027684243649137377,0.2563052273693322,678.1693212095547,710,1240.519802795985
4,0.0003281964826134096,0.060754404978926264,3.4485808096796794e-05,0.05692842000205102,0.08886159676653105,0.009409880902214117,0.0032248960003082544,0.027684429788032473,0.2563052273693322,678.169332346803,705,1227.7921103679982
