,p1,p2,p3,p4,p5,p6,p7,p8,Gkr,RMSE,iterations,CPU_time,score
0,2.534585173126415e-07,0.00015064747573159432,0.02629792640069245,0.0001849314608557535,0.0011835518849059958,3.212969462231185e-07,0.00011635183888813667,1.6157872343051452e-07,0.1524000030305874,169369.92736430286,291,623.2222870180003,169369.92736430286
1,2.5345854228137206e-07,0.00015076662613591933,0.02629792863314765,0.0001847464691839835,0.0011835519138423296,4.792700211931983e-07,0.00011635185563807386,1.0571562727734383e-07,0.1524,,291,,
