,p1,p2,p3,p4,p5,p6,p7,p8,Gkr,RMSE,iterations,CPU_time
0,0.0002308141700327433,0.07355206945216844,3.556714157379752e-05,0.05350895201749347,0.08581620501422582,0.008806441849742136,0.005854080406104112,0.0330587494567999,0.1281526136846661,162.8115942204997,545,1104.184156997013
1,0.00023081168987964517,0.07355084106026256,3.556824671186477e-05,0.05350865361517027,0.0858167813336973,0.008806861569819888,0.00585421029090449,0.033058609688148985,0.1281526136846661,162.8115964785036,529,961.338795735006
2,0.0002308155028988569,0.07355288455606333,3.5568186046226306e-05,0.05350873420643529,0.08581723437329855,0.008806942281958606,0.005854108552118363,0.03305836747215562,0.1281526136846661,162.8115959441842,618,1014.5645480279927
3,0.0002308152210318098,0.07355219342995874,3.556652614035904e-05,0.053509160940701274,0.08581596580382052,0.008806881638289793,0.005854079592859473,0.033058215027005,0.1281526136846661,162.81159458355415,561,1074.0201133999944
4,0.00023081418776005436,0.07355216896702417,3.55661716743712e-05,0.053509193166499255,0.08581618749465587,0.008806774234429207,0.005854072746254815,0.033058258604460926,0.1281526136846661,162.81159438802916,951,1859.9531480760052
