,a_1_a,a_1_b,b_a0_a,b_a0_b,k_b_a,a_a0_a,a_a0_b,b_1_a,b_1_b,b_a1_a,b_a1_b,a_a1_a,a_a1_b,k_f_a,g_Kr,RMSE,iterations,CPU_time,score
0,0.09088480388768988,0.02339145194107858,0.046574550954896154,0.06277649738085113,0.036924806800499775,0.02204801825249186,0.01194071120823533,0.006502108151266222,0.03267771695476946,6.89722012592254e-05,0.04177096858194138,0.013864115580769889,0.03821283518535381,0.02375345175670263,0.15240132775895815,203.1661086381857,2468,11974.425669528999,203.1661086381857
