,p1,p2,p3,p4,p5,p6,p7,p8,Gkr,RMSE,iterations,CPU_time,score
0,0.0016142002282663358,0.0728806410866211,1.9049619234421938e-05,0.05229246211233305,0.1101667313660055,0.023163139912631064,0.00888541993447808,0.02940868727395189,0.1530245181359861,2966.027371428025,1157,5561.373069991001,2966.027371428025
1,5.141929159815355,0.014416411600202966,6.9708302093927845e-06,0.017942653149384806,1.4529324090527422,0.0004912139962264151,0.009432890518905253,7.879560954154695e-07,0.1524,,1157,,
