,p1,p2,p3,p4,p5,p6,p7,p8,Gkr,RMSE,iterations,CPU_time
0,0.00021021061738895575,0.056179019742719695,2.6873975909768255e-05,0.059562501304130294,0.09763458353372807,0.0086535973568271,0.0020689825078908184,0.026763695613664044,0.43105229381131943,305.5304485698204,651,1339.0603605680008
1,0.0002102108889156461,0.05617920267196177,2.6876971826870227e-05,0.05956161290586619,0.09761733157357211,0.00865258183670054,0.00206863066200558,0.0267652545241053,0.43105229381131943,305.53046932443135,657,976.3947579300002
2,0.000210225433681842,0.05617659657526797,2.6874701429525815e-05,0.059562142139685345,0.09765525099392901,0.00865592279129885,0.002069396850242692,0.026761975371010157,0.43105229381131943,305.53045531766463,685,1055.409257336003
3,0.00021019305785502753,0.05617825325471401,2.687480565980507e-05,0.05956193602585174,0.09764716439843096,0.008655187847330532,0.002069301088247668,0.026762407815325545,0.43105229381131943,305.5304582378557,828,1619.701199891002
4,0.00021022296722784212,0.05617450716303304,2.6876479947935444e-05,0.059561434940381165,0.097645827909639,0.008655239094834276,0.002069225887244665,0.02676273484675099,0.43105229381131943,305.5304609611685,560,656.6446162659995
