,a_a0_a,a_a0_b,b_a1_a,b_a1_b,k_f_a,a_1_a,a_1_b,b_a0_a,b_a0_b,a_a1_a,a_a1_b,k_b_a,b_1_a,b_1_b,g_Kr,RMSE,iterations,CPU_time,score
0,0.021654464166852013,0.012129244287962434,6.93588450964924e-05,0.041727028116084336,0.023673955098462672,0.09074142777123943,0.023386860968920946,0.04763585993029551,0.06321688990451757,0.014712057824807492,0.037380514452677434,0.037892043552460744,0.006490749940756947,0.03267699211802402,0.15237678188154763,138.75326223472607,1180,3513.490130237,138.75326223472607
