,p1,p2,p3,p4,p5,p6,p7,p8,Gkr,RMSE,iterations,CPU_time
0,4.745383356607385e-05,0.10385969549956477,9.28881755210503e-06,0.05815081370101609,0.05083627253763499,0.013136644004677093,0.010292046792606998,0.05782905039016257,0.0381,12600.042723436378,726,2387.3311003189883
1,4.7460494259036534e-05,0.1038571560240992,9.29148055494755e-06,0.05814818414454107,0.0508348993569488,0.013138841561930886,0.010291572622664434,0.05782800822188197,0.0381,12600.042731067448,675,2220.8312774460064
2,4.745394757074486e-05,0.10385770800803715,9.290545682214439e-06,0.05814917253318017,0.05084506882003103,0.013135266500026454,0.010296465933495166,0.05782534997045359,0.0381,12600.042680611163,529,1740.1340919499926
3,4.74525698151931e-05,0.10385838138283375,9.288627167534553e-06,0.05815078364862784,0.05084352969531101,0.01313656045003979,0.010295286546517806,0.05782617860939298,0.0381,12600.042697919182,761,2618.9118166579865
4,4.745576024988416e-05,0.1038571026496017,9.290624680222083e-06,0.058148948596005605,0.05084442087727628,0.013134667889685564,0.010296078516573109,0.05782550919317464,0.0381,12600.042678032514,1015,3532.44772423798
