,p1,p2,p3,p4,p5,p6,p7,p8,Gkr,RMSE,iterations,CPU_time
0,0.00020851571627793547,0.05549593167961101,2.6356244500491095e-05,0.06001357288068707,0.09791771080798747,0.00861907270502149,0.0017468170492868603,0.026453245532603174,0.5126104547386644,326.61613256635485,867,967.1572527509998
1,0.00020853883397885643,0.05549425986035078,2.6356972547027134e-05,0.060013413668567675,0.09789365904131189,0.008616975027063427,0.0017464034338400792,0.026455022281224788,0.5126104547386644,326.61612737328863,720,1387.3299632660055
2,0.00020850520676052358,0.055496543028913735,2.6356151147461737e-05,0.06001366370320139,0.09791865136468761,0.008618273701882652,0.0017468628991508736,0.02645374835106645,0.5126104547386644,326.6161092839245,862,1221.1641640730013
3,0.0002084940142552971,0.055497346761873366,2.6357716637547456e-05,0.060013236128206485,0.0978856259931636,0.008616082503392745,0.001746293163223748,0.02645629265108294,0.5126104547386644,326.61611365645666,633,702.1142277260005
4,0.0002085035941152375,0.055496372327503256,2.6358114232049347e-05,0.060012826572778614,0.09791490159906979,0.00861856606931751,0.001746803978293303,0.02645366501667552,0.5126104547386644,326.6161348254422,613,689.1666083599994
