,a_a0_a,a_a0_b,b_a1_a,b_a1_b,k_f_a,a_1_a,a_1_b,b_a0_a,b_a0_b,a_a1_a,a_a1_b,k_b_a,b_1_a,b_1_b,g_Kr,RMSE,iterations,CPU_time,score
0,0.021935217022727202,0.012016115828963038,6.886088260552652e-05,0.041782593651402807,0.02369215433805751,0.09082346363702694,0.023397259575833076,0.0460232578136146,0.06301187190273433,0.013778742800027104,0.038304993161368435,0.03680124695504368,0.006498382286599674,0.03267770294935071,0.1523706879372556,203.23388058845194,1448,6903.257267060999,203.23388058845194
