,b_1_a,b_1_b,k_b_a,b_a0_a,b_a0_b,b_a1_a,b_a1_b,k_f_a,a_a1_a,a_a1_b,a_a0_a,a_a0_b,a_1_a,a_1_b,g_Kr,RMSE,iterations,CPU_time,score
0,0.00649603379830222,0.032679550300621876,0.0367483665886031,0.04686838473610391,0.06344187800239395,6.893126904233635e-05,0.04177299845707597,0.023821206007871677,0.01368663482752675,0.038375370461410145,0.02225460273333844,0.01169764033373794,0.09079187774604652,0.023395916931684285,0.15237781177150128,173.71924274223633,1290,5795.415978765999,173.71924274223633
