,p1,p2,p3,p4,p5,p6,p7,p8,Gkr,RMSE,iterations,CPU_time
0,4.7449577791434915e-05,0.10381417586947277,9.269743836232808e-06,0.05817484201434948,0.05093280536483151,0.013155399318633472,0.010375000175464886,0.057693411669597953,0.0381,12598.532455141776,529,1756.229182726005
1,4.744212491526714e-05,0.10381727395486048,9.270834760163243e-06,0.058173470402287666,0.05092961723450407,0.013155803419227787,0.01037522932898867,0.05769232636702079,0.0381,12598.532444253025,752,2485.4294398509955
2,4.745509846127812e-05,0.10381164797170213,9.269520218597492e-06,0.05817462201836007,0.05093141671809755,0.013156307336094564,0.010375657224185658,0.05769101103551199,0.0381,12598.53243733523,804,2737.2413989810157
3,4.744852140747416e-05,0.10381384351409396,9.268806625352653e-06,0.05817549268794323,0.05093566289733886,0.013155873835438746,0.010375614223960135,0.05769287026814075,0.0381,12598.532455456412,778,2708.888489475008
4,4.74381324055065e-05,0.10381736164679263,9.268841119271017e-06,0.058175223311413685,0.050933538649734274,0.013155027807113856,0.010376343590616342,0.057691298782776124,0.0381,12598.532441577383,588,2048.4134096899943
