,p1,p2,p3,p4,p5,p6,p7,p8,Gkr,RMSE,iterations,CPU_time,score
0,0.0016144322177334147,0.07291509391454438,1.9062594143667975e-05,0.05228659161276294,0.11019849341662484,0.02317329054761815,0.008887572916025346,0.029406348487895244,0.15301385534005388,2970.0046654919493,1026,4679.705754475999,2970.0046654919493
1,1.9394591565485964,0.004135676050590106,1.950201402649768e-05,1.115535045664374e-05,0.00033438848175878523,0.04127918681507582,0.011138734289570998,0.00400911447358089,0.1524,,1026,,
