,p1,p2,p3,p4,p5,p6,p7,p8,Gkr,RMSE,iterations,CPU_time,score
0,0.0015679917191779187,0.07935418473400672,2.220504812765706e-05,0.05118137314743679,0.0959595497033376,0.023951446937361967,0.007052872521812984,0.031312421449317215,0.1547686715788352,718.7755093906671,1786,4008.054126567,718.7755093906671
1,0.013791719530975547,3.371136421388031e-05,7.234533924500998,4.152057650481467e-06,0.0383823287354354,3.6643112504418917e-06,0.0972500721589068,0.00034384646755453673,0.1524,,1786,,
