,p1,p2,p3,p4,p5,p6,p7,p8,Gkr,RMSE,iterations,CPU_time,score
0,0.0016845025279971033,0.08446420912039934,2.2114069097217408e-05,0.051194909828984086,0.12153174295773794,0.026874459225296805,0.008878180572158886,0.028797843958687244,0.1546492471850385,652.3532090836095,896,1723.5628321549993,652.3532090836095
1,0.002179371869929518,0.0015538061462203427,2.223174772160255e-06,0.00014919268655966966,0.1282363491625176,0.002132142322295059,2.3132627467384542e-07,3.6465293992952932e-06,0.1524,,896,,
