,p1,p2,p3,p4,p5,p6,p7,p8,Gkr,RMSE,iterations,CPU_time,score
0,0.00161459991253777,0.07291635533536454,1.9065837291461206e-05,0.05228540738257037,0.11019624621590167,0.023173485906446405,0.008887174452696942,0.02940565338755236,0.15301780049019417,2970.004606935611,2469,10883.980918728,2970.004606935611
1,0.8588651824893976,4.660111862171012e-05,3.854196881584743,7.633436537065893e-06,0.00932514001375732,0.000984286712647213,1.5037448856328222,8.532508208222039e-07,0.1524,,2469,,
