,a_a0_a,a_a0_b,b_a1_a,b_a1_b,k_f_a,a_1_a,a_1_b,b_a0_a,b_a0_b,a_a1_a,a_a1_b,k_b_a,b_1_a,b_1_b,g_Kr,RMSE,iterations,CPU_time,score
0,0.023093210644486637,0.011183181400737088,6.890763387988921e-05,0.04177673065210023,0.023752264898966768,0.09087157824551295,0.0233951735394889,0.04838850177720407,0.06348521926720846,0.01350223689461103,0.03832196683771188,0.03629147417775545,0.006502170493536166,0.03267903092129651,0.1523880509778316,295.9258914590379,1184,8333.269307488,295.9258914590379
