,a_a0_a,a_a0_b,b_a1_a,b_a1_b,k_f_a,a_1_a,a_1_b,b_a0_a,b_a0_b,a_a1_a,a_a1_b,k_b_a,b_1_a,b_1_b,g_Kr,RMSE,iterations,CPU_time,score
0,0.022292393587785723,0.011686718137160096,6.894089727385727e-05,0.04177679583403586,0.023673113075240372,0.09084107904409712,0.02340995999959294,0.046987684433494055,0.06294126910310642,0.013731692155025477,0.03851465336553097,0.03649323850234385,0.0064969954147892205,0.03267060130094995,0.15241586028051582,139.29902199243162,1019,3376.4681614970013,139.29902199243162
