,p1,p2,p3,p4,p5,p6,p7,p8,Gkr,RMSE,iterations,CPU_time,score
0,1.0000097607184346e-07,0.1895084671990426,1.0000188279356671e-07,0.08922771304069019,1.0000751836779558e-07,0.3528197528428492,6.725385281630537e-05,0.13762321997704197,0.36288340064417474,49944.24588608098,1400,2662.018430528,49944.24588608098
1,1.8480437599736025e-07,0.1803635884011866,0.0002002580972939676,0.0008094547113068599,1.6621386547511836e-05,0.0401728972339133,1.5524310722732293e-06,0.010678443552776706,0.1524,,1400,,
