,p1,p2,p3,p4,p5,p6,p7,p8,Gkr,RMSE,iterations,CPU_time,score
0,0.0019686866105717168,0.05413676483277467,2.9763754227811343e-05,0.04873934444586669,0.0961233232760464,0.023112102090331193,0.006855214448032583,0.031375296496659946,0.15788175700710072,2608.364206725589,2276,6648.949711581001,2608.364206725589
1,0.04326115043218288,3.903697695389495e-05,0.8602109891550782,2.971262994847502e-07,8.362166528043865e-07,0.00021195983269477187,0.04875927728580021,7.392372507941663e-07,0.1524,,2276,,
