,p1,p2,p3,p4,p5,p6,p7,p8,Gkr,RMSE,iterations,CPU_time
0,6.010762073501826e-05,0.09956196394026184,2.1561187324329435e-05,0.053579995303399255,0.07099372335753984,0.010451972372004981,0.0094796430992965,0.04022841329411201,0.06435684129488249,4822.886668576285,1384,2541.028476858017
1,6.0133246789979405e-05,0.09955469621710072,2.156245112447364e-05,0.05357971856071692,0.07099377612384673,0.010450958759119295,0.009480088709908827,0.04022856623403676,0.06435684129488249,4822.886718603327,664,1197.6639440720028
2,6.014896550502793e-05,0.09954971788502422,2.156236251424407e-05,0.05357972737999166,0.07099847026584613,0.010451349758790826,0.009480385083318332,0.04022750001875398,0.06435684129488249,4822.886633073576,977,2470.42550009198
3,6.012286893774073e-05,0.0995576726859031,2.1562330317632856e-05,0.05357964632719151,0.07100167148081812,0.010451492177554986,0.00948130095190473,0.04022737583029101,0.06435684129488249,4822.886685809567,961,3199.0876134719874
4,6.013803591685752e-05,0.09955327888139234,2.156449214890029e-05,0.05357876301912532,0.0709989222408581,0.010451786363063603,0.009480350354536855,0.0402281080879524,0.06435684129488249,4822.886675674229,902,3001.2429876090027
