,a_a0_a,a_a0_b,b_a1_a,b_a1_b,k_f_a,a_1_a,a_1_b,b_a0_a,b_a0_b,a_a1_a,a_a1_b,k_b_a,b_1_a,b_1_b,g_Kr,RMSE,iterations,CPU_time,score
0,0.02300564035157213,0.01103024316244339,6.936447529147151e-05,0.041725983153300936,0.024335784775560077,0.09103843476470584,0.023401742190680332,0.051404366563343254,0.06425315552173955,0.013769072312931969,0.03720015610731435,0.03617217847768931,0.006511023149147624,0.032668839550325325,0.15242933576347414,138.18946280866294,1256,3938.967612717999,138.18946280866294
