,p1,p2,p3,p4,p5,p6,p7,p8,Gkr,RMSE,iterations,CPU_time,score
0,0.0015669289769978721,0.07930774172595731,2.219050996714917e-05,0.051190820434899365,0.09598729094336315,0.02394977854128512,0.00705421151727713,0.03130265346454211,0.1548328384259401,719.8350801913563,1919,4057.2802829300003,719.8350801913563
1,4.919908262864869e-06,1.776772092028698e-07,0.5735096468974408,4.433135522421959e-06,1.5366747062054124e-07,4.442281805847957e-06,1.1099141225685343e-05,1.5278515882523076e-05,0.1524,,1919,,
