,p1,p2,p3,p4,p5,p6,p7,p8,Gkr,RMSE,iterations,CPU_time
0,0.00021646129067436602,0.08421426060289626,3.715217282686012e-05,0.0512964040370225,0.08507982915682585,0.010478028100984216,0.008579074759980687,0.03458862971805881,0.09127977271835509,397.5846026450003,718,1433.7794705780107
1,0.0002164500731069567,0.08421628464375747,3.7151487970542795e-05,0.05129628577766783,0.08508623073018907,0.01047876204216599,0.008579854572859279,0.034587473830336564,0.09127977271835509,397.5846027886382,552,914.6781611679908
2,0.00021645352094789338,0.08421623762549678,3.715083863919332e-05,0.05129643263001674,0.0850879150429291,0.010477913252687352,0.008579973059295518,0.03458836242536502,0.09127977271835509,397.5846048545031,739,843.7801211759943
3,0.00021645877683772497,0.084215577080177,3.715285336018451e-05,0.051296128655370046,0.0850855728961838,0.010478731709686608,0.008579798071443814,0.034587852157542356,0.09127977271835509,397.5846013183872,747,913.9430614149896
4,0.00021644596845349866,0.08421394898959458,3.715257779952903e-05,0.05129603936649213,0.0850764306926252,0.010476994774838592,0.008578876158966102,0.03458944733554177,0.09127977271835509,397.58460392824384,606,870.7752277719992
