,p1,p2,p3,p4,p5,p6,p7,p8,Gkr,RMSE,iterations,CPU_time,score
0,0.001688502472318262,0.03666644343372593,4.288559991415433e-05,0.045940479186448745,0.09317763641444914,0.02180803881461939,0.007354007011066857,0.029607408467899544,0.16385753589211793,1711.7413618616015,1291,3521.345308481,1711.7413618616015
1,1.8045900448765404e-05,0.0013541699554476161,0.00595385693876524,0.018413866111279105,0.0015233099908371242,2.514418361060927e-05,9.452588744397778,2.4406387934308764e-07,0.1524,,1291,,
