,a_a0_a,a_a0_b,b_a1_a,b_a1_b,k_f_a,a_1_a,a_1_b,b_a0_a,b_a0_b,a_a1_a,a_a1_b,k_b_a,b_1_a,b_1_b,g_Kr,RMSE,iterations,CPU_time,score
0,0.022559765251661774,0.011588248472999624,6.895405383256269e-05,0.04177585084906092,0.023804876882881992,0.09083174003836672,0.023407544519514198,0.04752361044314447,0.063235579931445,0.013609921330064943,0.038283677093199416,0.036456014050348436,0.006496326207753332,0.03267283038601455,0.15241837865663532,139.29881683996192,1480,4856.185944117,139.29881683996192
