,p1,p2,p3,p4,p5,p6,p7,p8,Gkr,RMSE,iterations,CPU_time
0,0.000230597494333584,0.07354993432783008,3.549190459816189e-05,0.053520933641483553,0.08575250593462604,0.008742046209976633,0.005849234955692677,0.03311361544064928,0.1281526136846661,163.63958947724598,537,1202.5702510139963
1,0.00023059344259819146,0.0735496198835719,3.5494310732831795e-05,0.05352022709650878,0.08575351737588506,0.008741733844972741,0.005849389465253733,0.03311403869919748,0.1281526136846661,163.63958878026898,501,1122.0614915600017
2,0.00023060505533581654,0.07355019025204562,3.549318855544989e-05,0.05352066696944895,0.08575331552612438,0.008742956118586503,0.005849236992790693,0.03311307121899239,0.1281526136846661,163.63958942179335,447,1002.0714011070086
3,0.00023059359137653592,0.07355079722993128,3.54939383345301e-05,0.053520444257849555,0.08575248929585189,0.008742380725181912,0.005849208957328146,0.03311360699757577,0.1281526136846661,163.639588270837,506,1134.2093855559942
4,0.00023059380139033432,0.07355061448303965,3.5493661773805616e-05,0.053520499424281914,0.0857520360361096,0.008742040082281443,0.005849190248646628,0.03311401294145654,0.1281526136846661,163.63958861635805,554,1252.7426365650026
