,p1,p2,p3,p4,p5,p6,p7,p8,Gkr,RMSE,iterations,CPU_time
0,0.0002253975813365649,0.07088628301849226,3.7732953638587305e-05,0.05282593953300198,0.08294258356871027,0.00908511570027779,0.005600847625628805,0.033778550601155866,0.1281526136846661,291.99548706691075,611,1556.0387197110103
1,0.00022534970826047163,0.07088931444984911,3.7727920960294225e-05,0.052827106096593954,0.08294232976288982,0.009084306193657875,0.005600813122008312,0.033779021452339304,0.1281526136846661,291.99547488983563,576,1005.9407013489981
2,0.00022536175669347422,0.07088881496772635,3.772615746004154e-05,0.05282752606356472,0.08294349373040162,0.00908478046331382,0.005600793727369406,0.03377883667452821,0.1281526136846661,291.9954831368494,674,1343.9261515889957
3,0.00022535710006945232,0.07088953948550042,3.772760708853565e-05,0.05282727066554586,0.08294465633146135,0.009084497026956911,0.005601028948165821,0.03377873733949089,0.1281526136846661,291.9954758634907,683,1649.7797578549944
4,0.0002253581037921649,0.07088791984075257,3.772867620547096e-05,0.05282688921339727,0.08294327376328996,0.009084701423079381,0.005600825333682853,0.03377911323998891,0.1281526136846661,291.99548204336406,506,992.230666767995
