,p1,p2,p3,p4,p5,p6,p7,p8,Gkr,RMSE,iterations,CPU_time
0,0.00019952841193676015,0.0926644589352158,2.306908371063827e-05,0.05126575688845445,0.07959865410918647,0.0151414397766734,0.018272321167089097,0.036547380706978834,0.045374817422412735,1993.1526577394627,642,794.5535161449952
1,0.00019950379835800028,0.09267033942074393,2.3074015613008715e-05,0.05126368635541136,0.0796001564680602,0.01514296258066854,0.018273023713498253,0.03654666980960012,0.045374817422412735,1993.1526614086772,884,1560.995469653004
2,0.0001995067325869574,0.092669811910307,2.307271138605464e-05,0.05126441764173593,0.07959856772914049,0.015143203671036247,0.018272698262255006,0.0365465774285502,0.045374817422412735,1993.1526602212612,942,1177.8788913720055
3,0.00019949799015878185,0.09267303471777706,2.3070765587761848e-05,0.05126511511026971,0.07960299264407193,0.015143356223378134,0.018273391951011308,0.03654618231856382,0.045374817422412735,1993.1526529334133,577,713.1064326380001
4,0.0001995134277958107,0.09266711132367178,2.3074560397550883e-05,0.05126399479016263,0.07956916078422033,0.015150645375131782,0.01826592018943377,0.036540430243454464,0.045374817422412735,1993.152670599864,627,760.1571199230093
