,p1,p2,p3,p4,p5,p6,p7,p8,Gkr,RMSE,iterations,CPU_time,score
0,0.0016896919929652963,0.036642112817765415,4.293881091174511e-05,0.04593328335340261,0.09318780533800869,0.02181159070536108,0.00735131096538431,0.02961781620979886,0.16386524482988804,1711.9140898810058,1269,3760.755291998,1711.9140898810058
1,1.7352609949262637e-06,0.09970975534835522,2.50105457901365e-07,0.0024585677450005535,0.00046083117344687094,3.11367164730227e-07,3.8237189187248823,0.007470989456546239,0.1524,,1269,,
