,p1,p2,p3,p4,p5,p6,p7,p8,Gkr,RMSE,iterations,CPU_time
0,0.0003454478133308491,0.05951185500680949,3.414463330878351e-05,0.05756297786403033,0.08987623483747609,0.00966045609196267,0.0027419985701818785,0.026839762974588167,0.3048,873.8379505036596,740,1375.7070072179922
1,0.00034543819149888846,0.059512408310614204,3.414346341476915e-05,0.057563233535696194,0.08987529032884455,0.009660079620798689,0.0027419833893842453,0.026840069946616103,0.3048,873.8379586820917,643,1851.070035643992
2,0.0003454495385066201,0.05951161056938116,3.414512600058458e-05,0.05756277787927742,0.08987681950308338,0.009660386547022927,0.0027420707694602777,0.02683954842850526,0.3048,873.8379483658208,857,2220.330055074999
3,0.00034544408767210626,0.0595119094616083,3.414432725480295e-05,0.05756303784895917,0.08987909350233385,0.009660132293884181,0.0027421633184256953,0.026839586939864518,0.3048,873.8379583100794,548,1145.0697171619977
4,0.00034545988819962203,0.05951106224476926,3.414745875350924e-05,0.05756225785585455,0.08987521222497369,0.009660718103699834,0.0027419707198086066,0.02683975822076034,0.3048,873.8379509468714,822,1522.6396122409933
