,a_a0_a,a_a0_b,b_a1_a,b_a1_b,k_f_a,a_1_a,a_1_b,b_a0_a,b_a0_b,a_a1_a,a_a1_b,k_b_a,b_1_a,b_1_b,g_Kr,RMSE,iterations,CPU_time,score
0,0.0222384711859911,0.011503483025799354,6.876773633782187e-05,0.04179996679949729,0.023894661611067503,0.09082932686057828,0.023385101890871392,0.04668305972197741,0.06252197288582173,0.013722158239839785,0.03850757152998481,0.037154856038492744,0.006497581680000895,0.032674138421133245,0.1524256068668581,173.92102855244383,1617,7146.229156513,173.92102855244383
