,p1,p2,p3,p4,p5,p6,p7,p8,Gkr,RMSE,iterations,CPU_time
0,0.00020871397651837334,0.05559881930420111,2.63848828038716e-05,0.060017033613366876,0.09840508249936757,0.00870536354821884,0.0017549770982551803,0.02637250298492859,0.5126104547386644,325.4002788826304,900,1716.2159811309975
1,0.0002087279437222893,0.05559728282748371,2.63827672542712e-05,0.060017829218583826,0.09839376231567278,0.008703991597266975,0.0017547831245867684,0.026373384829205985,0.5126104547386644,325.4003034502454,741,1410.0346462800007
2,0.00020870045507913765,0.0556035210590939,2.63846624468331e-05,0.06001701769377427,0.09840121807122659,0.008704955824881688,0.0017549004287415152,0.026372295604037563,0.5126104547386644,325.4003268820865,469,889.6349821710028
3,0.0002087253504309582,0.05559792411470753,2.638303419559739e-05,0.06001748035591384,0.09840838999604447,0.008704749089562596,0.0017550244129836752,0.02637262173680387,0.5126104547386644,325.4002703590285,1218,2255.738697255998
4,0.00020872723189219785,0.055598947298799814,2.63837501910655e-05,0.0600174979662253,0.09839857794596094,0.00870447980587215,0.0017548329652096366,0.026372978903283897,0.5126104547386644,325.40029601268753,671,1316.6052408480027
