,b_1_a,b_1_b,k_b_a,b_a0_a,b_a0_b,b_a1_a,b_a1_b,k_f_a,a_a1_a,a_a1_b,a_a0_a,a_a0_b,a_1_a,a_1_b,g_Kr,RMSE,iterations,CPU_time,score
0,0.006497462387580727,0.03267351239062893,0.03717669464690475,0.046358548189775056,0.06255396412599368,6.893561144669313e-05,0.041776870943126786,0.02375988319571472,0.0139342994612213,0.038205417147870305,0.021918169925724925,0.012028659186202788,0.09081744923943509,0.023389894757027657,0.15241454438993216,173.52652143134304,1030,2697.5072154729987,173.52652143134304
