,b_1_a,b_1_b,k_b_a,b_a0_a,b_a0_b,b_a1_a,b_a1_b,k_f_a,a_a1_a,a_a1_b,a_a0_a,a_a0_b,a_1_a,a_1_b,g_Kr,RMSE,iterations,CPU_time,score
0,0.006495946413077566,0.03268921569621372,0.03547722362990116,0.047270070575693074,0.06325383828821933,6.85068338584511e-05,0.0418288976551471,0.0239206327822096,0.012984389783739815,0.038836710930693706,0.022936444164057827,0.01112031100980941,0.09079287546778593,0.02338054667201632,0.15239431839627782,139.0425356150486,1510,4803.636302692999,139.0425356150486
