,p1,p2,p3,p4,p5,p6,p7,p8,Gkr,RMSE,iterations,CPU_time,score
0,0.0016142209519738407,0.07288025085946509,1.9048568733367514e-05,0.052292821937103905,0.11016738420602074,0.02316290929540369,0.008885501802180095,0.02940858101198521,0.15302435968531258,2966.027397618768,1240,5921.55485258,2966.027397618768
1,0.043963636160904575,0.000748096528651789,4.541121601654554e-05,0.0024547716790089807,0.025671824795174214,6.174804526010533e-06,4.884422232700053e-06,2.422401750273025e-06,0.1524,,1240,,
