,p1,p2,p3,p4,p5,p6,p7,p8,Gkr,RMSE,iterations,CPU_time
0,0.00021157817861076184,0.06206458561668541,3.0993884579255154e-05,0.05743401035250909,0.08903237685516835,0.00944466017552416,0.0033873118406753232,0.02793344695574383,0.2563052273693322,236.85057639580256,808,1240.0488868370012
1,0.00021158130165719685,0.062064500362816626,3.0996535007605776e-05,0.057433288747190676,0.08903117292190678,0.009444673803463179,0.0033872834531304317,0.027933353534701083,0.2563052273693322,236.85057011021053,588,765.0340031749947
2,0.00021153784267148435,0.06206448278121782,3.099783629701163e-05,0.05743275587498532,0.08902718391645491,0.00944480747742043,0.0033874175913153584,0.027933856257514517,0.2563052273693322,236.8506066192501,611,987.8473792099976
3,0.00021157078202116954,0.062067077050762025,3.0992071605877454e-05,0.05743448280209421,0.08903051140545866,0.009444141578006033,0.00338719311868542,0.027933561399840025,0.2563052273693322,236.85058156373873,655,863.6857737909886
4,0.00021155760347753543,0.06206681443808371,3.099376806357652e-05,0.057433903267907906,0.08903001883016526,0.009444829250233204,0.003387251122648143,0.027933400911269547,0.2563052273693322,236.85057862448775,677,911.8343340879946
