,a_a0_a,a_a0_b,b_a1_a,b_a1_b,k_f_a,a_1_a,a_1_b,b_a0_a,b_a0_b,a_a1_a,a_a1_b,k_b_a,b_1_a,b_1_b,g_Kr,RMSE,iterations,CPU_time,score
0,0.02238287706089406,0.011829303047394032,6.894963204113909e-05,0.04177595897793552,0.02371559537034399,0.09082574411215792,0.023392682807061724,0.046939167323786786,0.06301548223824034,0.013729683419448586,0.03816942514627821,0.036732176514962765,0.006495408204140594,0.032674921921189155,0.15243863768688323,295.4140581991835,784,5125.753993092,295.4140581991835
