,a_1_a,a_1_b,b_a0_a,b_a0_b,k_b_a,a_a0_a,a_a0_b,b_1_a,b_1_b,b_a1_a,b_a1_b,a_a1_a,a_a1_b,k_f_a,g_Kr,RMSE,iterations,CPU_time,score
0,0.09095212078669443,0.02338930892592098,0.047657229686347204,0.06298995587999322,0.036250767361697085,0.02279034994561757,0.011541061054779733,0.006510037491423732,0.032670900726342995,6.874615786434278e-05,0.04179234211900431,0.013574031400074606,0.03851639413228529,0.023577107775069064,0.1523597081426738,202.9532450221299,1410,7083.34781571,202.9532450221299
