,p1,p2,p3,p4,p5,p6,p7,p8,Gkr,RMSE,iterations,CPU_time,score
0,0.34217048816770207,1.0000003037808546e-07,3.1049575862118375,1.0000002661950332e-07,2.959925813302462e-07,1.0023983388488637e-07,1.0171027983761424e-05,1.0045297460858774e-07,0.06645914315804688,341617.25798196666,1500,3960.886639123,341617.25798196666
1,0.3553329121158463,0.011040125118601004,3.06534625680469,0.04636875142080817,2.807253514743026e-07,0.002887652655352135,1.0347220753710546e-05,9.982224366641653e-06,0.1524,,1500,,
