,p1,p2,p3,p4,p5,p6,p7,p8,Gkr,RMSE,iterations,CPU_time,score
0,0.001970030136581312,0.054155274297522954,2.9801886711154743e-05,0.0487285011700072,0.09614216130248936,0.023111922511397782,0.006853851826158072,0.0313856101504713,0.15789175147587586,2603.9765751272703,985,3225.815053171,2603.9765751272703
1,0.0011121279806510923,1.9979788201547664e-07,4.559382735050326e-06,1.703357414414331e-07,0.005944466211856322,6.73350939864231e-07,5.473199542031819e-05,0.10839096826568621,0.1524,,985,,
