,a_a0_a,a_a0_b,b_a1_a,b_a1_b,k_f_a,a_1_a,a_1_b,b_a0_a,b_a0_b,a_a1_a,a_a1_b,k_b_a,b_1_a,b_1_b,g_Kr,RMSE,iterations,CPU_time,score
0,0.02221280891148814,0.011826782032600949,6.898384491897317e-05,0.041769220732582664,0.023782589623247623,0.09083835115024534,0.023393623532373068,0.047641450732871383,0.06261153017518589,0.01374007722262435,0.038153090028321006,0.03630239412624892,0.006496901784263016,0.03268147632063732,0.1523897673403318,202.01383292815802,1200,5586.492088765999,202.01383292815802
