,a_1_a,a_1_b,b_a0_a,b_a0_b,k_b_a,a_a0_a,a_a0_b,b_1_a,b_1_b,b_a1_a,b_a1_b,a_a1_a,a_a1_b,k_f_a,g_Kr,RMSE,iterations,CPU_time,score
0,0.09103967064355925,0.02341263269169134,0.04944472939038378,0.06229257712148997,0.034967607017965245,0.021393035488459878,0.01152762267645551,0.006509903963145991,0.03264820397302231,6.947553066898271e-05,0.04171605654522722,0.014688649396858463,0.03873792295033492,0.02313449827567743,0.1524701873156482,139.07651559654892,1628,4992.527968281,139.07651559654892
