,a_a0_a,a_a0_b,b_a1_a,b_a1_b,k_f_a,a_1_a,a_1_b,b_a0_a,b_a0_b,a_a1_a,a_a1_b,k_b_a,b_1_a,b_1_b,g_Kr,RMSE,iterations,CPU_time,score
0,0.02194682769722199,0.012007394022732407,6.886001182932097e-05,0.04178271958675443,0.02369346608940337,0.09082370571026377,0.02339719686691295,0.04605749766262623,0.06302576767611405,0.013777792497532575,0.03830151518270235,0.036798138124444935,0.006498421657123425,0.032677607543676435,0.15237079218633942,203.23388037387247,1631,7725.439694250999,203.23388037387247
