,p1,p2,p3,p4,p5,p6,p7,p8,Gkr,RMSE,iterations,CPU_time
0,0.0002510086016326166,0.08845948637788899,3.1992888317300186e-05,0.050499765438028386,0.07034250276789823,0.009309891729744274,0.009137769278579037,0.03938095233794509,0.06407630684233305,1119.377760789273,1357,2289.0577889620035
1,0.0002510365129966594,0.08845553544451876,3.199683966735358e-05,0.05049856035494917,0.07034352755923907,0.009308989973703928,0.009138037164812573,0.03938238692050373,0.06407630684233305,1119.3778077625277,433,567.5950682779949
2,0.00025097014203709047,0.08846200095325639,3.1999340410953484e-05,0.05049804050924591,0.07033932505365727,0.009311081488779918,0.009137278691725917,0.03938133472778401,0.06407630684233305,1119.3777946197056,642,1158.9459734209959
3,0.00025101052346454886,0.08845633200387518,3.199845432217148e-05,0.050498118668167384,0.07033704325052682,0.009310387336540294,0.009137241882044235,0.03938116604452176,0.06407630684233305,1119.3777711123428,838,1444.6649912960056
4,0.0002510129932102706,0.0884572570888273,3.1996329165819476e-05,0.050498485099127695,0.07034210329431125,0.009308838995965935,0.00913759360272976,0.039382269664466917,0.06407630684233305,1119.3777932384578,620,973.9947567670024
