,p1,p2,p3,p4,p5,p6,p7,p8,Gkr,RMSE,iterations,CPU_time,score
0,0.0016860523725030132,0.08448578097866138,2.2120357652538528e-05,0.051194167195278126,0.12147791248899523,0.026888856726102594,0.008874923023625992,0.028785783484300397,0.1546658725368072,656.7724101396594,1552,2935.072149903999,656.7724101396594
1,1.1678725726917087,0.0001763616457123859,0.017105400412988574,8.433410596473273e-05,6.131531760562873e-07,0.10003384281779767,0.0006576854182962971,0.0461509798248355,0.1524,,1552,,
