,a_a0_a,a_a0_b,b_a1_a,b_a1_b,k_f_a,a_1_a,a_1_b,b_a0_a,b_a0_b,a_a1_a,a_a1_b,k_b_a,b_1_a,b_1_b,g_Kr,RMSE,iterations,CPU_time,score
0,0.0238203770249146,0.010240983259008955,6.940862471975472e-05,0.04171660178259779,0.02336996812846493,0.0909035627057485,0.023392959074744743,0.05290315055679119,0.06426455762530323,0.013629460168538325,0.03822769575652331,0.03414510541682195,0.006500755321927073,0.03268761604805287,0.152418409491734,138.18857428145506,1287,4226.805481806,138.18857428145506
