,p1,p2,p3,p4,p5,p6,p7,p8,Gkr,RMSE,iterations,CPU_time
0,0.00014931567624330998,0.08956967417187355,2.449690848143374e-05,0.05109999353152081,0.059123598881853597,0.009989554798878723,0.00805380153619425,0.044864119028562764,0.05388153672641493,6694.95243032585,797,2209.2008853679945
1,0.00014928045610669555,0.08957378101989033,2.4493204236064683e-05,0.0511010986998155,0.05912538393117758,0.009988681643008661,0.008054345964800537,0.04486307418511565,0.05388153672641493,6694.95235657751,1152,2753.3517587950046
2,0.00014940367753290903,0.08955723831114693,2.4494869728177745e-05,0.05110072949228683,0.05912216439877271,0.009989233060890302,0.008053834289720178,0.044863743049918456,0.05388153672641493,6694.952429274522,697,1571.0852423410033
3,0.00014947388594462748,0.08954910760183629,2.4494983806762526e-05,0.051100734417226415,0.05911560695922057,0.009992083893066085,0.008052885285791444,0.04486013085135477,0.05388153672641493,6694.952370377663,727,2146.475729620004
4,0.00014939664047785908,0.08955951729044767,2.449707792273854e-05,0.05109976914744257,0.05911950495101751,0.009989593021200848,0.008053541994563035,0.04486164025632983,0.05388153672641493,6694.952406069143,817,2338.8227980200027
