,a_a0_a,a_a0_b,b_a1_a,b_a1_b,k_f_a,a_1_a,a_1_b,b_a0_a,b_a0_b,a_a1_a,a_a1_b,k_b_a,b_1_a,b_1_b,g_Kr,RMSE,iterations,CPU_time,score
0,0.02248088587002463,0.01190259067376045,6.878003372825542e-05,0.0417942525574953,0.023630078984971648,0.09076489205485581,0.023384584649096377,0.046388618094167895,0.06307396540833643,0.013591610675037764,0.03837008464936994,0.03668067534682319,0.006493267791867105,0.03268226149685358,0.15240842525582238,296.0584521331619,1381,9008.638389415,296.0584521331619
