,a_a0_a,a_a0_b,b_a1_a,b_a1_b,k_f_a,a_1_a,a_1_b,b_a0_a,b_a0_b,a_a1_a,a_a1_b,k_b_a,b_1_a,b_1_b,g_Kr,RMSE,iterations,CPU_time,score
0,0.021919457203035037,0.012027402311729095,6.893394295274915e-05,0.041777061992535156,0.02376003122556362,0.09081725272054546,0.02338992051095923,0.04635785399379606,0.0625574010301243,0.01393371249100472,0.03820613613014731,0.03717739450825627,0.006497450526393576,0.032673592268280996,0.15241406101516305,173.52652127848353,968,4254.806835525,173.52652127848353
