,p1,p2,p3,p4,p5,p6,p7,p8,Gkr,RMSE,iterations,CPU_time,score
0,0.001685499473743451,0.084452824946383,2.2080319217108925e-05,0.05120807241141413,0.12119101230023575,0.026859388039101335,0.008855520148443595,0.02880245190804301,0.1545971209846982,653.9515193685894,1022,2005.13224139,653.9515193685894
1,3.1102219005889393e-05,1.0958098774675434e-07,1.3247699704652968e-07,0.008928552235301347,2.5940986237338373,0.0001049910166495753,0.0003739983497909237,1.1370133940924934e-06,0.1524,,1022,,
