,p1,p2,p3,p4,p5,p6,p7,p8,Gkr,RMSE,iterations,CPU_time
0,0.0003675538067125262,0.05788668856507029,3.35978065531851e-05,0.05853104308716317,0.09245667491031942,0.010045981166131382,0.0019911049414120825,0.02562351877363782,0.43105229381131943,1191.649385164661,687,1190.1826359900006
1,0.00036754132719191824,0.057887510659637646,3.359397029415834e-05,0.05853206620489533,0.09245555358002158,0.010045903696341422,0.0019910566678647693,0.025623605668765006,0.43105229381131943,1191.64934722088,855,1481.7149079969968
2,0.0003675940562350642,0.05788388773187903,3.359646978478899e-05,0.058531524700013625,0.09245211665709135,0.01004546409085629,0.0019909963581438745,0.025624118094872174,0.43105229381131943,1191.649400677481,725,1254.4561523550074
3,0.0003675560009483888,0.05788695554172342,3.3594993207558e-05,0.058531821586628105,0.0924463724336196,0.010045385870405581,0.0019908375540001505,0.02562425716265267,0.43105229381131943,1191.649429289945,804,1390.1090999669977
4,0.0003675742225987843,0.05788579404188218,3.359632115581279e-05,0.05853148184530787,0.09245641368063379,0.01004569843040224,0.001991109613705057,0.025623567567829963,0.43105229381131943,1191.6493620098931,886,1518.5574018690095
