,a_a0_a,a_a0_b,b_a1_a,b_a1_b,k_f_a,a_1_a,a_1_b,b_a0_a,b_a0_b,a_a1_a,a_a1_b,k_b_a,b_1_a,b_1_b,g_Kr,RMSE,iterations,CPU_time,score
0,0.022214147798025153,0.011826136282952987,6.898382252450815e-05,0.04176923382814418,0.023783572801655748,0.0908387094987244,0.02339353012461138,0.04765020559742837,0.06261487054983042,0.013740143586263763,0.03815017315761196,0.03630170969700746,0.006496935349152056,0.032681509862308084,0.15238985383660528,202.01383283594194,919,4273.904644135,202.01383283594194
