,p1,p2,p3,p4,p5,p6,p7,p8,Gkr,RMSE,iterations,CPU_time,score
0,0.001615220962504923,0.07289493760146512,1.9056975740942083e-05,0.052289773955329535,0.11025099999327113,0.02316902094332943,0.008890371125312596,0.029412384683215498,0.1530016114898969,2966.618847866287,3597,17650.555481714,2966.618847866287
1,1.1463222076004169e-06,0.15235947118813983,3.4502298650997427,1.078245914002818e-06,3.1440671261591597e-06,0.00460446522413078,2.3465246967970882e-07,0.00020311142127083225,0.1524,,3597,,
