,b_1_a,b_1_b,k_b_a,b_a0_a,b_a0_b,b_a1_a,b_a1_b,k_f_a,a_a1_a,a_a1_b,a_a0_a,a_a0_b,a_1_a,a_1_b,g_Kr,RMSE,iterations,CPU_time,score
0,0.006495888713040728,0.03267950689347114,0.03666717184239396,0.04701160115585066,0.06350421193966249,6.892317574077324e-05,0.041773967586736495,0.023826322765061612,0.013636169482522314,0.03838124927468397,0.02235371336058909,0.011635311583026641,0.09079010239468997,0.023395992396269646,0.1523787328479885,173.71913556095055,1009,4425.408441795,173.71913556095055
