,p1,p2,p3,p4,p5,p6,p7,p8,Gkr,RMSE,iterations,CPU_time
0,5.11397409245535e-05,0.10223102722856064,1.4056945427977297e-05,0.055461238999785945,0.057420776462858335,0.012108247389519475,0.011455802699287114,0.04679567153974494,0.045374817422412735,9680.105919653131,895,2950.3058954369917
1,5.114702715647795e-05,0.10222987121967905,1.4057982909232807e-05,0.05546071894127068,0.05742732434611785,0.012108468812337361,0.011456744155885755,0.04679503884112681,0.045374817422412735,9680.105863007044,915,3017.1860522750067
2,5.1120826198203505e-05,0.10224020977199845,1.4057446719453937e-05,0.05546102321043306,0.05742251270006116,0.012108075507980362,0.011454924856672904,0.04679636301546541,0.045374817422412735,9680.105943960985,594,1958.689024219988
3,5.1136455477508615e-05,0.10223089841112323,1.4046761649265727e-05,0.05546735554400192,0.057407898572609535,0.01211181789479636,0.011453796798316042,0.04678714734771289,0.045374817422412735,9680.10608212531,822,2699.184292599006
4,5.112269530657193e-05,0.10223731554052477,1.4048813887338624e-05,0.055466186701397725,0.057410476255806156,0.012112998205409543,0.011454426517800492,0.046786677695880054,0.045374817422412735,9680.10602546348,995,3270.902086979011
