,p1,p2,p3,p4,p5,p6,p7,p8,Gkr,RMSE,iterations,CPU_time
0,0.00022652292787885646,0.06984987605310215,3.4494012338952206e-05,0.054598153898620244,0.08727325213025729,0.008906999770060377,0.0051497874652942244,0.03158340967738059,0.1524,202.79960014488725,677,1326.3390283499903
1,0.00022652457895120317,0.0698497539047308,3.44939313615557e-05,0.05459816807364957,0.08727311779138167,0.008907022405002636,0.005149768565344262,0.0315834047005681,0.1524,202.79959995081157,586,1141.9707602979906
2,0.00022652333301881035,0.06984982338215881,3.4493823160417884e-05,0.05459819870564216,0.08727354240438401,0.008907012834052439,0.0051498058219377795,0.03158336621568813,0.1524,202.79960000010735,755,1467.465209907008
3,0.00022652069666791289,0.0698500712880063,3.449416184752467e-05,0.054598109659921824,0.08727323225729221,0.008907069441519859,0.005149790635738062,0.03158335353666926,0.1524,202.79959997918317,733,1419.0232716399769
4,0.00022652231596196316,0.06984987578381607,3.449420004142264e-05,0.05459809512369117,0.08727319903892657,0.008907023223212214,0.005149791235389574,0.031583367869215596,0.1524,202.79959999137947,682,1323.8384847140114
