,p1,p2,p3,p4,p5,p6,p7,p8,Gkr,RMSE,iterations,CPU_time,score
0,0.001690742589603809,0.03664140660015163,4.291587755261089e-05,0.04594102880028537,0.09316579443668331,0.021810977233166762,0.007352529547651998,0.029599233950853274,0.1638989985344971,1709.974905447181,1026,2930.8728549499992,1709.974905447181
1,0.0011972657580422616,3.85152083558899e-06,0.004751900570534874,6.345155284651063e-07,0.015858341019684197,0.05200557897792517,8.998676010387949e-07,8.088133692648648e-07,0.1524,,1026,,
