,p1,p2,p3,p4,p5,p6,p7,p8,Gkr,RMSE,iterations,CPU_time
0,0.00024257717682323312,0.08107793641657453,3.558842517316492e-05,0.051605871265142884,0.0799483925483409,0.008822099067766643,0.007394057669553077,0.03616856288755927,0.09061758216320735,438.53566425035365,614,1480.6010210469976
1,0.00024257315875629833,0.08107754397063564,3.5589328491202895e-05,0.05160561909275445,0.07995166178814975,0.00882172376746538,0.007394381666681943,0.036168695058771745,0.09061758216320735,438.53567390790056,1119,2597.8284201450006
2,0.00024257773090921488,0.08107754536052768,3.558979863840028e-05,0.051605617855483406,0.0799484722717611,0.008821652714585461,0.007394125866418417,0.0361690141675367,0.09061758216320735,438.5356624213881,975,2131.6193845639937
3,0.00024259542384946523,0.08107539476638907,3.55881050090116e-05,0.05160614723598358,0.07995264867490963,0.008820995434436587,0.0073945039754613065,0.036169744276575384,0.09061758216320735,438.5356685459043,801,1893.3802497690049
4,0.0002425774249010313,0.08107469637894846,3.558999483003252e-05,0.051605387692648844,0.07994419333221674,0.008821916177570471,0.007393788762838907,0.03616888674614137,0.09061758216320735,438.53567192184397,532,962.2979684430029
