,b_1_a,b_1_b,k_b_a,b_a0_a,b_a0_b,b_a1_a,b_a1_b,k_f_a,a_a1_a,a_a1_b,a_a0_a,a_a0_b,a_1_a,a_1_b,g_Kr,RMSE,iterations,CPU_time,score
0,0.006495936292169809,0.03268930816177141,0.03549984863127484,0.047250903183818575,0.06326197124600355,6.850259511327126e-05,0.041829420921743805,0.023932957609760958,0.01297861503954035,0.03882683579090236,0.022938956787870238,0.011123582325266295,0.09079263495805834,0.023380479792559108,0.1523941097728146,139.04253582766978,1276,3781.910820907,139.04253582766978
