,p1,p2,p3,p4,p5,p6,p7,p8,Gkr,RMSE,iterations,CPU_time,score
0,0.0019692218306894696,0.05412231208038566,2.9802053653623435e-05,0.04872342161607658,0.09609112140936946,0.02310011577588043,0.006851207842519454,0.03139754932484419,0.15783878186655234,2605.406799793161,1560,5320.660153473,2605.406799793161
1,0.14222825596221855,8.494094088469326e-07,6.664764201836482e-07,0.007695286394784114,0.022108437282507144,1.0036450475530537e-06,0.026490744424029666,0.004320504155891851,0.1524,,1560,,
