,a_a0_a,a_a0_b,b_a1_a,b_a1_b,k_f_a,a_1_a,a_1_b,b_a0_a,b_a0_b,a_a1_a,a_a1_b,k_b_a,b_1_a,b_1_b,g_Kr,RMSE,iterations,CPU_time,score
0,0.022487786870464117,0.011755538729738134,6.894164139762624e-05,0.04177691320400732,0.023721201929516177,0.09082570491438612,0.023392795683231084,0.04713031760832384,0.06309181012049962,0.013694935091146693,0.03816626658884575,0.03667309257118697,0.006495394989949909,0.03267494029034737,0.15243885735092766,295.4140953768167,909,6388.2799982159995,295.4140953768167
