,a_a0_a,a_a0_b,b_a1_a,b_a1_b,k_f_a,a_1_a,a_1_b,b_a0_a,b_a0_b,a_a1_a,a_a1_b,k_b_a,b_1_a,b_1_b,g_Kr,RMSE,iterations,CPU_time,score
0,0.021091492092900555,0.011840097259213169,6.951270171740759e-05,0.04171209771756688,0.023184047152474498,0.09103464381021668,0.023411749364258747,0.0488115511708189,0.06210688483396624,0.014800244047616113,0.03860483948763132,0.035276722673056315,0.006509504674368658,0.03264874982858962,0.15247109170775086,139.07644344105722,1315,3726.968959017,139.07644344105722
