,p1,p2,p3,p4,p5,p6,p7,p8,Gkr,RMSE,iterations,CPU_time
0,0.00019069313069786244,0.08630004467409277,3.30872665567521e-05,0.047895640571460944,0.05642444220314543,0.01283190914471032,0.01351670879731518,0.041191126789843595,0.045374817422412735,8472.402380442869,928,4620.993049729994
1,0.00019070847700568082,0.0862981129638048,3.308701102668793e-05,0.0478956796596101,0.05642437303856609,0.012833566248825243,0.013516627104700411,0.04119121436565515,0.045374817422412735,8472.402442551393,577,2864.5874218910176
2,0.00019070246791258618,0.08629757832510467,3.308628202933649e-05,0.047896209962627966,0.05642587630552886,0.012833533704313515,0.0135177819307473,0.04118879439290484,0.045374817422412735,8472.402457455699,885,4396.233443795994
3,0.00019069335788117733,0.08630030271605794,3.3086904475955613e-05,0.04789603316394306,0.05642616961576704,0.012833484780668744,0.013517873374002638,0.041188790811098226,0.045374817422412735,8472.40245686602,614,3044.903072157991
4,0.00019066973642430858,0.08630394122155505,3.308603297201173e-05,0.04789597187322231,0.05642329669383969,0.012833929187587629,0.01351647045983804,0.0411893255047343,0.045374817422412735,8472.40245835177,651,3220.865166544012
