,a_a0_a,a_a0_b,b_a1_a,b_a1_b,k_f_a,a_1_a,a_1_b,b_a0_a,b_a0_b,a_a1_a,a_a1_b,k_b_a,b_1_a,b_1_b,g_Kr,RMSE,iterations,CPU_time,score
0,0.02325586448825468,0.010787540464153603,6.933040393593513e-05,0.04172943996049992,0.02423010253588304,0.09104182274130608,0.023402185222822967,0.05182418191050993,0.06435765391129607,0.013698997345971048,0.037372158112496105,0.03587669854331984,0.006511316655156381,0.032668523316221804,0.15242838225281735,138.18941104974274,1255,3911.220666002,138.18941104974274
