,b_1_a,b_1_b,k_b_a,b_a0_a,b_a0_b,b_a1_a,b_a1_b,k_f_a,a_a1_a,a_a1_b,a_a0_a,a_a0_b,a_1_a,a_1_b,g_Kr,RMSE,iterations,CPU_time,score
0,0.00649691264728239,0.03268144078518969,0.03629978311192327,0.04764454975446307,0.06261653659559906,6.898324340707493e-05,0.04176928967476373,0.02378279174586327,0.013736919091379432,0.03815320569240864,0.022218494731585187,0.011823946175857393,0.09083831789086567,0.023393603247838887,0.15239001084531956,202.01383335797703,1373,6980.870872375999,202.01383335797703
