,p1,p2,p3,p4,p5,p6,p7,p8,Gkr,RMSE,iterations,CPU_time
0,0.00022503142807399386,0.07105326206713553,3.569376427869743e-05,0.05329221387485949,0.08571752354527216,0.008750300418748693,0.006009354946611048,0.03308744117251412,0.1281526136846661,418.5798453219472,494,1269.9839700160082
1,0.00022503310723253248,0.07105288806648216,3.5693787421392676e-05,0.053292237213542155,0.08571729348912398,0.008750286123060624,0.006009355230753876,0.033087460724040355,0.1281526136846661,418.5798426267976,671,1718.052828903019
2,0.00022502683762119576,0.07105375815847041,3.569411365373522e-05,0.05329211948116888,0.08571750828294226,0.00875028584479904,0.006009385726373806,0.033087457498448776,0.1281526136846661,418.5798447648466,689,1801.3930671470007
3,0.0002250314867689947,0.07105318876796218,3.569420712208958e-05,0.05329210856350474,0.08571771321178842,0.008750165807665146,0.006009407571743583,0.03308749212647251,0.1281526136846661,418.57984465629926,742,1933.6332035610103
4,0.00022502805609296374,0.0710538993583439,3.569409307584959e-05,0.05329216926302628,0.08571809787862553,0.008750412453984226,0.006009409446289907,0.03308736564572387,0.1281526136846661,418.5798451397491,529,1369.0473460810026
