,p1,p2,p3,p4,p5,p6,p7,p8,Gkr,RMSE,iterations,CPU_time,score
0,0.0016911910657103424,0.036651750425018906,4.298876940167455e-05,0.04592355250966727,0.09318331974274138,0.021806823814903255,0.0073569437326823145,0.02960138743682016,0.1638592109630184,1714.7122112012842,1044,3096.7867256200025,1714.7122112012842
1,4.069345614584512e-07,1.78943000639565e-06,7.974039759042116e-06,0.1248541170016068,2.0972027479830066e-05,0.028621890502191032,0.007142274062670818,1.6515914146121073e-06,0.1524,,1044,,
