,a_a0_a,a_a0_b,b_a1_a,b_a1_b,k_f_a,a_1_a,a_1_b,b_a0_a,b_a0_b,a_a1_a,a_a1_b,k_b_a,b_1_a,b_1_b,g_Kr,RMSE,iterations,CPU_time,score
0,0.022128953994555226,0.011991998975410098,6.887390706619748e-05,0.041782686564008464,0.02376673389963428,0.0907491359298761,0.023396192230305802,0.046189896267429226,0.06285124299459886,0.013644126806991846,0.03827052834817441,0.03664190274963838,0.006488004879320514,0.032692886571723735,0.15237953383839792,202.73990754260078,1571,7957.942900140002,202.73990754260078
