,p1,p2,p3,p4,p5,p6,p7,p8,Gkr,RMSE,iterations,CPU_time,score
0,0.0016880823917590029,0.08453573430832982,2.2065532840985618e-05,0.05121748738150448,0.12177350112748768,0.0269153209778885,0.008893030407566482,0.028748920202483097,0.15467463733781855,654.6967551022785,1411,2756.0659221529986,654.6967551022785
1,5.6929085891625325e-05,6.238972803165286e-06,0.159313123176595,0.04704292225416378,0.0012276481756240255,4.397567849850807e-06,2.011318405553835e-07,3.3248536487686804e-07,0.1524,,1411,,
