,p1,p2,p3,p4,p5,p6,p7,p8,Gkr,RMSE,iterations,CPU_time
0,8.77972066076137e-05,0.09150671220720027,2.803438887146943e-05,0.053331029616334034,0.08132037437938441,0.009567499327624511,0.007504439208860367,0.036561623154869174,0.09127977271835509,1644.0829189721385,1031,1956.3804706250085
1,8.780291064486889e-05,0.09150569781603013,2.8033721678495003e-05,0.05333121974806874,0.0813220075256354,0.009567165899894974,0.00750462832247612,0.03656144023805152,0.09127977271835509,1644.0829213116176,1147,2203.8126385329815
2,8.780443058530411e-05,0.09150529081325172,2.803339128221291e-05,0.05333128850766014,0.08132195370616045,0.009567161042200002,0.007504763161974198,0.036561276219482026,0.09127977271835509,1644.0829254420846,979,1866.6003423209768
3,8.780946627345656e-05,0.09150429440864831,2.8033800568709185e-05,0.053331156099422794,0.08132269044684157,0.009567847006871813,0.00750453446667001,0.03656148465304776,0.09127977271835509,1644.0829349172084,923,1747.7213263989834
4,8.779353137834422e-05,0.0915072740093542,2.8031998987840292e-05,0.05333176508795481,0.08132045597475422,0.00956721360080165,0.007504453158979245,0.03656161637037487,0.09127977271835509,1644.0829298830345,606,1136.6413674009964
