,p1,p2,p3,p4,p5,p6,p7,p8,Gkr,RMSE,iterations,CPU_time
0,0.0002004427208178792,0.05837908364064998,2.9118672134970725e-05,0.05918474861472865,0.09041536505478982,0.009677331130485986,0.002156447247922962,0.025929957124668616,0.43105229381131943,353.4441457013244,643,1209.1541802110005
1,0.0002004863863374256,0.05837594801711459,2.911270780841507e-05,0.05918648930717518,0.09041599948302494,0.00967605807886174,0.0021562118376954476,0.025931008213744302,0.43105229381131943,353.44409095490767,665,1501.4072537710017
2,0.00020046346760901643,0.05837485268927204,2.9115676882194638e-05,0.0591851557039439,0.09041409710248349,0.009675980514549548,0.0021563597478785807,0.025930725965706884,0.43105229381131943,353.444112038475,599,1302.1767994730035
3,0.0002004563818176918,0.05837780198843825,2.911818524736769e-05,0.059184777380339816,0.09041771357616342,0.00967771368351423,0.0021564284490592626,0.025929533824145357,0.43105229381131943,353.44407440088725,866,1464.6590644669996
4,0.00020044693002194266,0.05837651250170293,2.9117564933235428e-05,0.05918461970928448,0.09041377234747676,0.009675899255490748,0.002156422203906737,0.025930669853610637,0.43105229381131943,353.4440565496504,1026,1520.1868987859998
