,a_a0_a,a_a0_b,b_a1_a,b_a1_b,k_f_a,a_1_a,a_1_b,b_a0_a,b_a0_b,a_a1_a,a_a1_b,k_b_a,b_1_a,b_1_b,g_Kr,RMSE,iterations,CPU_time,score
0,0.022049029586427224,0.011940521477552255,6.897319810592002e-05,0.04177085043747578,0.023753880989574257,0.09088395282236411,0.02339144230989247,0.04657109863101572,0.06277721983751602,0.013863556434091035,0.03821259208462796,0.03692682668516689,0.006502020307654818,0.03267782021815077,0.15240146136790356,203.1661092583118,1006,4655.554002239001,203.1661092583118
