,p1,p2,p3,p4,p5,p6,p7,p8,Gkr,RMSE,iterations,CPU_time
0,0.00019032998334646113,0.08634959061475603,3.308294510848835e-05,0.04788622537390992,0.05644428127126514,0.012815434086407078,0.01356016722029602,0.04120770374281604,0.045308791081603676,8493.126743526187,458,2298.4927359430003
1,0.00019035103575951366,0.0863479857207977,3.308110691265168e-05,0.04788665786461156,0.05644524687602222,0.012815381792402252,0.013560089798537229,0.0412077374017597,0.045308791081603676,8493.12668936146,676,3105.2355786510016
2,0.0001903213076322696,0.08635086222847094,3.30826452704382e-05,0.04788628548324074,0.0564235143904644,0.012816915365738072,0.013554574651652574,0.04120705297057407,0.045308791081603676,8493.126822265327,610,2548.694800723999
3,0.00019033951011967936,0.08634474949448319,3.30808879564047e-05,0.04788663601290358,0.05644192136226375,0.012813259624820853,0.01355866095392709,0.04121076490101998,0.045308791081603676,8493.12680847529,799,3346.3522555060044
4,0.00019033005455336492,0.08635067109385006,3.308761573247356e-05,0.047885088926232354,0.05641353103319659,0.01282238368958001,0.013552499517909475,0.04120188299413737,0.045308791081603676,8493.126817534981,693,3490.781003942
