,p1,p2,p3,p4,p5,p6,p7,p8,Gkr,RMSE,iterations,CPU_time,score
0,0.0016862985777126212,0.08444526227486827,2.2064468174005634e-05,0.05122076578390012,0.12137197793793396,0.02686240801786949,0.008867023878801143,0.02880108194653352,0.15465698486001128,655.6513392366602,1536,2828.453347429,655.6513392366602
1,5.815493918293593e-06,0.023043417551407177,4.44771303534993,0.01890148709188825,2.5472663292348043,1.0901068585300094e-05,1.9573109622049822,2.6683284974464347e-07,0.1524,,1536,,
