,p1,p2,p3,p4,p5,p6,p7,p8,Gkr,RMSE,iterations,CPU_time,score
0,0.001968634130874387,0.054137223840199665,2.976370968203489e-05,0.04873950024397517,0.0961260246755823,0.023112009550468667,0.0068554172141269114,0.03137503810170776,0.15788336115711954,2608.3642171360734,1738,5802.018418325,2608.3642171360734
1,2.084489554771062e-06,5.402724519604438e-07,0.02591614641052805,1.1833492445804619e-05,0.0007575414072648022,0.005398355396067851,0.07267725938416565,0.0007769063587373453,0.1524,,1738,,
