,a_a0_a,a_a0_b,b_a1_a,b_a1_b,k_f_a,a_1_a,a_1_b,b_a0_a,b_a0_b,a_a1_a,a_a1_b,k_b_a,b_1_a,b_1_b,g_Kr,RMSE,iterations,CPU_time,score
0,0.02194669115103317,0.012008208745954598,6.8858101083118e-05,0.04178294667211951,0.02369342834388558,0.09082380823215831,0.02339713669328288,0.04605116570881197,0.06302802715761031,0.013776875444442796,0.03830157940928327,0.036799257424490396,0.006498433247123416,0.032677653950069704,0.15237074035208764,203.2338799622334,1464,7010.568274612,203.2338799622334
