,p1,p2,p3,p4,p5,p6,p7,p8,Gkr,RMSE,iterations,CPU_time
0,0.0001973320685878635,0.07936465161929578,3.6255019377721274e-05,0.049903957144216554,0.06830467125246092,0.009724191592044691,0.006821018001139809,0.040268167229241654,0.07664514235271616,2784.862303040795,563,991.7808548580069
1,0.0001972274108416352,0.0793755046421186,3.625226818496626e-05,0.04990483923860951,0.06830507521694218,0.009724327355196457,0.006821247420491917,0.04026818105527796,0.07664514235271616,2784.8622902000816,708,1255.1436774309987
2,0.0001972661731715126,0.07937035519211309,3.626153928353339e-05,0.04990216977743863,0.06830459761488665,0.009724168677913411,0.006821163027554677,0.04026933169559056,0.07664514235271616,2784.862288974014,542,965.3965600130032
3,0.00019728790589943252,0.0793701393944934,3.625756637402225e-05,0.04990358960507309,0.0683040298763918,0.009724748394064448,0.006821499512415088,0.040266679890713065,0.07664514235271616,2784.8622892242893,762,1438.6543460279936
4,0.0001971960823986883,0.07937834258086932,3.6254069887432324e-05,0.04990416681281476,0.06830829499107312,0.009723944666953553,0.006821818700790191,0.04026725934542604,0.07664514235271616,2784.862277429508,487,850.2911407979846
