,a_1_a,a_1_b,b_a0_a,b_a0_b,k_b_a,a_a0_a,a_a0_b,b_1_a,b_1_b,b_a1_a,b_a1_b,a_a1_a,a_a1_b,k_f_a,g_Kr,RMSE,iterations,CPU_time,score
0,0.090761496582701,0.023379062039745036,0.04714290415605109,0.0633634473441843,0.03664897483401127,0.022890485397285686,0.011918374312286368,0.0064968576059859975,0.03269859700274869,6.88466472153767e-05,0.041779197564811014,0.013416535639707997,0.037907991638979524,0.02381087764897762,0.15231996046545557,138.4802886392684,1788,5785.902382262002,138.4802886392684
