,p1,p2,p3,p4,p5,p6,p7,p8,Gkr,RMSE,iterations,CPU_time
0,0.00022544078063507612,0.07092542286960311,3.5633528490787024e-05,0.05336659240261652,0.08586023346042677,0.008759054808925843,0.005957239472539269,0.03300321069713462,0.1294655974387777,403.0127571473474,950,2413.963994980004
1,0.00022543995453869848,0.07092609875799136,3.563323337971312e-05,0.05336667834289041,0.08585929350593054,0.008759139622373529,0.005957164724665876,0.03300318216736141,0.1294655974387777,403.01275952528965,562,1425.4644970610098
2,0.00022543797172590812,0.0709257465512634,3.5633246977747406e-05,0.053366666193164526,0.08586141390792362,0.008759139565522291,0.005957321393101408,0.03300314873596012,0.1294655974387777,403.01275717957975,672,1698.3443027559842
3,0.00022543642943916544,0.0709257622684277,3.563350590224134e-05,0.05336657588508992,0.08586054227913695,0.008759180392331537,0.00595725795816454,0.033003213572770175,0.1294655974387777,403.0127567475935,871,2199.1834209389926
4,0.000225436916387861,0.07092568987111897,3.5633291956538395e-05,0.053366638526433315,0.0858607541433794,0.00875917003941658,0.005957262938759678,0.03300311312449926,0.1294655974387777,403.0127559913077,643,1618.110446170991
