,p1,p2,p3,p4,p5,p6,p7,p8,Gkr,RMSE,iterations,CPU_time,score
0,0.0018604375360098896,0.09355842070739129,1.329480167709319e-05,0.054537046459486,207.14989551938757,0.025893347718022392,18.69007730514707,0.026001438549320636,0.13884910778377402,13510.52888743966,1220,5726.859469185998,13510.52888743966
1,2.030274299024704,0.09554978582718279,0.003116457877949008,0.000996712327613907,0.007382375324047681,0.11293195647626961,5.249344331594279e-07,1.6226625342929294e-06,0.1524,,1220,,
