,p1,p2,p3,p4,p5,p6,p7,p8,Gkr,RMSE,iterations,CPU_time,score
0,0.0016882306802211535,0.036652296647976625,4.290726352290978e-05,0.04594257859071095,0.09317732163625198,0.021813187853881165,0.0073535123946765904,0.0295927440757184,0.16392063994685993,1710.0088108457844,1157,3473.654917899,1710.0088108457844
1,1.8798114178796053,7.195785780960547e-05,9.581434708255055e-07,0.0001220513509642492,0.060285762578102205,0.0002799094424424269,0.014456192963583926,2.3278602979030984e-05,0.1524,,1157,,
