,a_a0_a,a_a0_b,b_a1_a,b_a1_b,k_f_a,a_1_a,a_1_b,b_a0_a,b_a0_b,a_a1_a,a_a1_b,k_b_a,b_1_a,b_1_b,g_Kr,RMSE,iterations,CPU_time,score
0,0.023102535424198874,0.011176459369726175,6.890797269161891e-05,0.0417767098231535,0.023751700935726053,0.09087091354087062,0.023395192965745822,0.04840815820153327,0.06349096709569033,0.013500925292942136,0.038321964002007165,0.03628785748483857,0.006502110248391973,0.03267903632961441,0.15238833968505974,295.92589123934164,1293,8419.273427634005,295.92589123934164
