,p1,p2,p3,p4,p5,p6,p7,p8,Gkr,RMSE,iterations,CPU_time
0,0.00021467218635341936,0.05839413363076997,2.8435485755996118e-05,0.05837329269883237,0.09553419245012176,0.008668614379225923,0.0028495371239550932,0.027775315247062993,0.3048,248.05656807783868,597,1055.8342968860088
1,0.00021465422978203218,0.058394589148113366,2.8436690664728903e-05,0.058372825559533006,0.09552886393094895,0.008668823441698264,0.0028494088872424157,0.027775495741431875,0.3048,248.05657377487157,563,1131.0156316089997
2,0.00021466079166011838,0.058398240109768136,2.843819639990433e-05,0.05837270067620957,0.09552258401945321,0.008669291582097022,0.0028492240263114383,0.02777499515916611,0.3048,248.0565778688094,493,977.6536864230002
3,0.00021464941473509083,0.0583986240820376,2.8433608800666547e-05,0.05837400223816743,0.09552143066865332,0.008668301441306352,0.0028491534995027496,0.027775643526550955,0.3048,248.0565817593599,585,744.4097645909933
4,0.00021466771101565644,0.058397726695799554,2.8435184689691832e-05,0.058373783389488794,0.09551935869734908,0.008668314305742254,0.0028490753848852478,0.02777590854377806,0.3048,248.05658108594236,910,1038.6232612519962
