,p1,p2,p3,p4,p5,p6,p7,p8,Gkr,RMSE,iterations,CPU_time
0,0.00032745744637836235,0.060799816208309446,3.4509037197762175e-05,0.056918270965103754,0.08895090763846024,0.009407895824484728,0.0032298065132452124,0.027673739671819922,0.2563052273693322,678.4885809314086,1202,2357.219645338999
1,0.00032747343143837575,0.06079890324907615,3.450908274679495e-05,0.05691827097042777,0.08895023378630862,0.009408044829060963,0.003229731441031159,0.02767390221637551,0.2563052273693322,678.4886035571064,496,1556.3759698759968
2,0.000327471575016971,0.06079843692044339,3.4510757137067574e-05,0.05691786285711831,0.08895098808825615,0.009407546150994758,0.0032298416577555065,0.02767392315208619,0.2563052273693322,678.4885969018288,1163,3718.4485334440033
3,0.0003274690476969621,0.06079900024513715,3.45122189415302e-05,0.05691758823598909,0.08894559145906748,0.009407664697060758,0.003229601930937042,0.027674366709040735,0.2563052273693322,678.4886018243052,677,2220.165515839006
4,0.00032746785298761496,0.060798622321424696,3.451155977270774e-05,0.05691764435726365,0.08894767261357273,0.009407336502292463,0.0032297289601031613,0.02767418554837578,0.2563052273693322,678.4885971004102,563,1800.3302882050048
