,a_1_a,a_1_b,b_a0_a,b_a0_b,k_b_a,a_a0_a,a_a0_b,b_1_a,b_1_b,b_a1_a,b_a1_b,a_a1_a,a_a1_b,k_f_a,g_Kr,RMSE,iterations,CPU_time,score
0,0.09076539913974832,0.023384644010069393,0.04656185662389615,0.06313291707230939,0.03661397251332936,0.02256057860803905,0.011846312863793593,0.006493290970808639,0.032682175713661055,6.878107960200955e-05,0.041794186090635614,0.013566461278377137,0.03836239481490099,0.0236327556120793,0.15240903312220463,296.05854758340377,1637,11235.536513748,296.05854758340377
