,p1,p2,p3,p4,p5,p6,p7,p8,Gkr,RMSE,iterations,CPU_time
0,0.0001946465400257098,0.09349566313132879,1.69071951442294e-05,0.05293196024681331,0.07879933433462197,0.017389575923201728,0.022759850063537482,0.03637725735495171,0.0381,2602.977650902496,749,857.3995477309945
1,0.00019463640284239766,0.09349862083611822,1.6908120363875e-05,0.052931567175724774,0.0787969204106175,0.01738909716535308,0.022759012877649386,0.036378580467392896,0.0381,2602.977655957187,716,822.4452208529983
2,0.00019465076788531606,0.09349089919389732,1.690649745052911e-05,0.052932325319352165,0.07883177942302111,0.01739621934236374,0.022769840730142415,0.03637004088183753,0.0381,2602.977662492706,910,1327.5741169620014
3,0.00019467185543037117,0.0934925858870838,1.6910329162808463e-05,0.0529304738023941,0.07877638810945288,0.017397028898220788,0.022753442408194494,0.036371320545071785,0.0381,2602.977704729161,468,629.1223151760059
4,0.000194675423226772,0.09348854588289732,1.6911513239175827e-05,0.052929620125417805,0.07878463507633018,0.017388855840876762,0.0227559828099904,0.03637723087155779,0.0381,2602.9776939109606,428,883.7983490160113
