,p1,p2,p3,p4,p5,p6,p7,p8,Gkr,RMSE,iterations,CPU_time,score
0,0.001689732782955583,0.03664222204601706,4.2942517313821035e-05,0.045932534241253396,0.09318705124751334,0.021812087889702365,0.007351187820257073,0.02961750129568018,0.1638662185627662,1711.9140876548165,1146,3373.638514571,1711.9140876548165
1,1.7019000187357573e-05,0.04091570506361234,0.00021924707361496614,5.314256401885406e-07,0.0003586598334567134,0.00015658729666986115,5.694830376260543,5.075477607157112e-07,0.1524,,1146,,
