,p1,p2,p3,p4,p5,p6,p7,p8,Gkr,RMSE,iterations,CPU_time
0,0.0002014136878200173,0.0822811646977142,3.486416099815032e-05,0.04834443320130891,0.06335644332104479,0.011310600616404149,0.012055073426518494,0.03929579824159735,0.05388153672641493,6328.017722436484,907,4608.68134737201
1,0.00020139087798922908,0.08228529084813002,3.485992276327809e-05,0.04834555893449927,0.06335549423859371,0.011313260756802905,0.012054978977705766,0.03929249124086587,0.05388153672641493,6328.017758568655,754,3654.4706571760034
2,0.0002014039085011069,0.08228179029056977,3.486177059614823e-05,0.04834511003757356,0.06335922964314346,0.011311930938189725,0.012055929445852194,0.03929380148287405,0.05388153672641493,6328.017780686935,554,2255.0998593689874
3,0.00020139046559155969,0.0822834534083092,3.4863887950897355e-05,0.04834436124523025,0.06335500949999813,0.011310685301882015,0.012054888248615893,0.03929573744290141,0.05388153672641493,6328.017714652972,572,2377.2187338059884
4,0.00020138154386801165,0.08228461760087731,3.485954287082919e-05,0.04834559075502874,0.0633551279569499,0.011313446440940983,0.012054973923459753,0.03929223575042924,0.05388153672641493,6328.0177476617255,747,2756.4088603540004
