,p1,p2,p3,p4,p5,p6,p7,p8,Gkr,RMSE,iterations,CPU_time,score
0,0.0016141799868440935,0.07287130663269709,1.909378708328055e-05,0.05227048560948576,0.11009807445032951,0.02316619550921568,0.008879657414768226,0.029427907549826677,0.15297852307407314,2962.1481958179515,1185,5338.887491041,2962.1481958179515
1,0.20366907874937715,0.00011342535273824315,1.95080751798108e-07,0.0001836645662214405,0.00013608349609117251,4.133955193806269e-07,9.33077165379771,8.620869158076983e-06,0.1524,,1185,,
