,p1,p2,p3,p4,p5,p6,p7,p8,Gkr,RMSE,iterations,CPU_time,score
0,0.002195719422638849,1.368210939086365e-07,1.756101760817251e-05,3.440390220777014e-07,0.0005999840573700158,1.0030689754953707e-07,5.049030682555761e-05,1.0023585056575222e-07,0.07536413787424232,240692.57207405812,1139,2408.7309927040005,240692.57207405812
1,0.001982729453183567,0.07319867107889151,1.9038686151611955e-05,0.000312769157589267,0.0006350304300321674,1.150368781961559e-05,6.003080762886334e-05,0.0002592651754913797,0.1524,,1139,,
