,p1,p2,p3,p4,p5,p6,p7,p8,Gkr,RMSE,iterations,CPU_time
0,0.00023298980830747593,0.06993315729104031,2.2626695354292118e-05,0.06201781480876102,0.09699510341259387,0.009040125827059937,0.0015020813593239475,0.023735465346717655,0.6096,1401.1184408514239,787,1765.3398680410028
1,0.00023307719795453885,0.06992666694273895,2.2628627230259475e-05,0.06201746960388572,0.09699314283264071,0.009040140248479364,0.0015020194321289872,0.023735894143432686,0.6096,1401.1183831021713,561,997.4287601749966
2,0.00023307037105834105,0.06992686341447457,2.2627607584916473e-05,0.06201768160922392,0.09699275166702225,0.009039927509263461,0.0015020798033503178,0.023735272687830794,0.6096,1401.1183843593137,688,1220.883410147013
3,0.0002329278145729059,0.06993960344664758,2.2631532845478817e-05,0.06201557284057268,0.09699197715229736,0.00903971533765058,0.0015020361049949526,0.023735453310314618,0.6096,1401.1184550512362,551,974.8922052499984
4,0.00023301236521933174,0.06993095571136126,2.2627343404003755e-05,0.06201771360968342,0.09699511031805713,0.009039761665453,0.0015020972482214536,0.023735627705332663,0.6096,1401.1183592035568,739,1582.450850055
