,a_1_a,a_1_b,b_a0_a,b_a0_b,k_b_a,a_a0_a,a_a0_b,b_1_a,b_1_b,b_a1_a,b_a1_b,a_a1_a,a_a1_b,k_f_a,g_Kr,RMSE,iterations,CPU_time,score
0,0.09104142755661694,0.023402085311215397,0.0518774962503879,0.06437428919929196,0.03584639203488576,0.023286059164844553,0.010767987414310645,0.006511295560406361,0.032668659829256534,6.932925794021588e-05,0.041729519122607917,0.013688093970393549,0.03737751739076425,0.024224659336207505,0.15242823030386293,138.1894105220654,1709,4796.220122503,138.1894105220654
