,a_a0_a,a_a0_b,b_a1_a,b_a1_b,k_f_a,a_1_a,a_1_b,b_a0_a,b_a0_b,a_a1_a,a_a1_b,k_b_a,b_1_a,b_1_b,g_Kr,RMSE,iterations,CPU_time,score
0,0.022302814750305024,0.011778908775597303,6.91045566186287e-05,0.041753828525936156,0.02382574766377889,0.090818173885546,0.023389309721433767,0.04685818614954894,0.06337908766267687,0.013686721394099705,0.03808830696223817,0.036608508898815305,0.00649800519749314,0.03267879211394168,0.15239393641444762,173.84939242720904,978,4339.652407535001,173.84939242720904
