,p1,p2,p3,p4,p5,p6,p7,p8,Gkr,RMSE,iterations,CPU_time
0,0.0002270123009372987,0.06754914325923865,3.024925269636427e-05,0.05871753678859088,0.08992589574087285,0.01018739860039208,0.002639393742655472,0.02710807251320647,0.3048,934.2143054964449,604,1466.825635044981
1,0.00022701503089394334,0.0675489349524884,3.025026466539096e-05,0.058717297413498,0.08992733405893095,0.010187404626918393,0.0026394378174500574,0.027108108911554626,0.3048,934.214298180782,907,2194.0937733490136
2,0.00022702060141494926,0.06754819049087007,3.0250547500664055e-05,0.058717333249178216,0.089925605324139,0.010187317742020524,0.002639416338431408,0.02710819789863287,0.3048,934.2143081957676,581,1411.5939596869866
3,0.00022702523243386,0.06754798898403097,3.024981533219646e-05,0.05871740167676016,0.08992530811092364,0.01018761409385833,0.0026393567620602468,0.02710809821561138,0.3048,934.214305391896,816,1983.3461219519959
4,0.00022702105527538615,0.0675480742609096,3.0250801298004366e-05,0.05871710675439647,0.08992701423990612,0.010187864510481136,0.0026394249883158493,0.027107884188018804,0.3048,934.2142999284779,659,1601.8315584899974
