,p1,p2,p3,p4,p5,p6,p7,p8,Gkr,RMSE,iterations,CPU_time
0,0.00022681832081604807,0.06755086186937362,3.0253301932893377e-05,0.05871504111792535,0.08985907560064361,0.010202278539977181,0.002637113629157783,0.027103723660214265,0.3048,932.8544188181609,596,2435.7039963979914
1,0.00022681165512710634,0.06755198860115831,3.025188582240121e-05,0.05871550349835628,0.08986225698630679,0.010202500963357172,0.002637173324439572,0.02710375864303648,0.3048,932.8544280842634,774,3463.948758685001
2,0.00022681421980917782,0.06755189886682716,3.0252793282185676e-05,0.05871518519328605,0.08986387453260086,0.010203058779940002,0.0026372190789950498,0.027103301830538325,0.3048,932.8544306300415,495,2214.5783173179952
3,0.00022682656774704522,0.06754944922824875,3.025321398240321e-05,0.05871509536160966,0.08986526766497203,0.010202833202970754,0.0026372727294654884,0.02710338318870093,0.3048,932.8544240734315,702,3144.016158878003
4,0.0002268127766919002,0.06755253973483782,3.0253512744482638e-05,0.058715117875479186,0.08986457864353457,0.010202796152403071,0.002637252764443825,0.027103478739842278,0.3048,932.8544340642911,530,2346.985593129997
