,p1,p2,p3,p4,p5,p6,p7,p8,Gkr,RMSE,iterations,CPU_time,score
0,0.0016145092044326295,0.07291402269349588,1.906361106901437e-05,0.052286468040354944,0.11019657300183411,0.023173539121093024,0.008886892624917753,0.02940601675727674,0.15301974870299306,2970.0046372204433,1272,5350.135936773,2970.0046372204433
1,2.8101476739305364e-06,0.07350991765024247,0.007590329671810539,4.980090736529773e-05,0.07809999541950864,0.14849738298565335,4.1713315363348274e-07,4.865369499083161e-07,0.1524,,1272,,
