,b_1_a,b_1_b,k_b_a,b_a0_a,b_a0_b,b_a1_a,b_a1_b,k_f_a,a_a1_a,a_a1_b,a_a0_a,a_a0_b,a_1_a,a_1_b,g_Kr,RMSE,iterations,CPU_time,score
0,0.0064958801931024835,0.03267940612753724,0.03666528063552983,0.04702486932625656,0.06349889671877507,6.892246877968735e-05,0.04177405641298952,0.02382680688236702,0.013635509233347156,0.03838372093070159,0.022356597972491732,0.011631159193261747,0.09079018609388259,0.023396063311821917,0.1523789686246298,173.7191360575637,1327,6247.602692068,173.7191360575637
