,p1,p2,p3,p4,p5,p6,p7,p8,Gkr,RMSE,iterations,CPU_time,score
0,0.0008233053578926688,0.005508569414818756,0.8497720179539702,0.001360987338506285,6.307101873690976,0.0006083843026272641,2.3828487042996133e-06,2.8780265882577242e-05,0.1523660924446863,396941.34878575755,505,1808.328843953,396941.34878575755
1,0.0008232881480494634,0.00555059075284968,0.8497584507973299,0.0013643300510776872,6.307194940776992,0.0006080022777663777,2.3828538690825437e-06,4.524702220390457e-05,0.1524,,505,,
