,p1,p2,p3,p4,p5,p6,p7,p8,Gkr,RMSE,iterations,CPU_time,score
0,0.0016898549113370412,0.03664163994549253,4.2944313139362125e-05,0.04593236072918601,0.09318687192871446,0.021811511829624517,0.007351153926963872,0.029618524758251087,0.16386492009574793,1711.9140762881295,1852,5742.307693634999,1711.9140762881295
1,0.8258509098192015,4.439626815017509e-05,2.8654355179085935,0.00015829611169362973,0.1499976053138241,0.00029044780584444645,0.011221815466495238,4.871871303890934e-06,0.1524,,1852,,
