,p1,p2,p3,p4,p5,p6,p7,p8,Gkr,RMSE,iterations,CPU_time
0,0.00022189008571635137,0.07957462090692764,3.724573325948704e-05,0.05228310749266033,0.08559419222734498,0.009770013079535783,0.007149401055060805,0.03372655095433177,0.10870874072059561,236.10863226589674,839,1000.4033733660035
1,0.00022188728548807747,0.07957762080802872,3.724439845226587e-05,0.05228330089099235,0.08558601340056618,0.009768352482643147,0.0071487478950654024,0.033728083524073506,0.10870874072059561,236.10863454356104,459,548.8861869550019
2,0.00022189015827677407,0.07957799619115069,3.724635112598949e-05,0.05228294878276333,0.08557011102991906,0.00976646148449648,0.007147366193507987,0.03373029201484658,0.10870874072059561,236.1086285181785,516,1018.9115285610023
3,0.0002218966414139486,0.07957352069834918,3.7245319023842676e-05,0.05228312258906286,0.08557837059170015,0.009767605228904115,0.007148092936793234,0.03372877257191902,0.10870874072059561,236.1086256826273,578,1191.820957947013
4,0.0002218888882129298,0.0795742481969372,3.7245986148834176e-05,0.052283087755487734,0.08559441589902214,0.009769820610909752,0.007149479934650459,0.033726678920734825,0.10870874072059561,236.1086336028488,515,1062.3143319390074
