,a_1_a,a_1_b,b_a0_a,b_a0_b,k_b_a,a_a0_a,a_a0_b,b_1_a,b_1_b,b_a1_a,b_a1_b,a_a1_a,a_a1_b,k_f_a,g_Kr,RMSE,iterations,CPU_time,score
0,0.09086806493795736,0.0233905032683914,0.04624094527535187,0.06260634703250498,0.03712850673496484,0.021951762530938574,0.011965601876481274,0.0064984118686848115,0.0326775016186136,6.88273721340626e-05,0.041790668345676206,0.013967955642016866,0.03830833895957503,0.023681482654598445,0.15241264331208126,173.37772074472403,1519,6568.215204687998,173.37772074472403
