,a_a0_a,a_a0_b,b_a1_a,b_a1_b,k_f_a,a_1_a,a_1_b,b_a0_a,b_a0_b,a_a1_a,a_a1_b,k_b_a,b_1_a,b_1_b,g_Kr,RMSE,iterations,CPU_time,score
0,0.02257428464595959,0.011713323655714473,6.885021514573103e-05,0.04178217186110697,0.02369646253437569,0.0908122876257724,0.023392172813802695,0.046810701528755966,0.06381995989942338,0.013668391353067858,0.03822759707259334,0.0368850702360271,0.006492980765461146,0.032702833561340114,0.15237711795467515,173.78010795353234,1061,4940.145002026,173.78010795353234
