,p1,p2,p3,p4,p5,p6,p7,p8,Gkr,RMSE,iterations,CPU_time
0,0.0002121611485123574,0.05715462634687733,2.7641675938655002e-05,0.05899906764025493,0.09635628402013033,0.008657603259792628,0.0024227871179910306,0.02723848486928555,0.3624703286528294,276.56924844974543,771,1588.2809602640045
1,0.00021216387275968052,0.057157629016657635,2.7643628163993884e-05,0.05899889742991574,0.09635017313293916,0.00865871823238076,0.0024226146641528755,0.02723782982704855,0.3624703286528294,276.56924571435286,794,1556.254436932999
2,0.00021217389848383173,0.05715512608524304,2.764152647629427e-05,0.058999297170187426,0.09636443926522045,0.00865909555932414,0.00242293849848005,0.027237391774342975,0.3624703286528294,276.5692488898412,506,846.672042908991
3,0.00021216348694067406,0.057155617068353336,2.7642939221916858e-05,0.05899873613048692,0.09635371712360655,0.008657680588114312,0.002422719040776606,0.027238459072161294,0.3624703286528294,276.5692501225729,802,1393.1967287769949
4,0.00021216081625744537,0.0571558556338147,2.764206934316326e-05,0.05899902100894649,0.09635804944280286,0.00865887007479115,0.0024228293238378004,0.027237350188902262,0.3624703286528294,276.56925042955675,594,1179.424040820988
