,p1,p2,p3,p4,p5,p6,p7,p8,Gkr,RMSE,iterations,CPU_time
0,0.00021239286114954937,0.05708356815791806,2.7417829531063627e-05,0.059049666741002156,0.09656613351608291,0.008583347351183835,0.0024297111749924465,0.02724342955552619,0.3624703286528294,277.45403506592345,798,1581.149615608003
1,0.00021238459356593564,0.05708163871899635,2.7419048488059806e-05,0.05904911583346621,0.09657003428529805,0.008583323594576904,0.0024298293556409114,0.027243780289742985,0.3624703286528294,277.4540243940496,526,923.3979325340042
2,0.0002123950956062106,0.05708186005487253,2.7418959701235498e-05,0.05904910304348695,0.09657828907828413,0.008585194776480518,0.0024300265465283044,0.027241895290332437,0.3624703286528294,277.45403019164513,639,1194.5902552740008
3,0.0002123862254637651,0.05708172416609906,2.74188059804522e-05,0.059048930639375274,0.0965753182622418,0.008583432419134793,0.0024299652777776863,0.027243235508774725,0.3624703286528294,277.45403161778904,694,1255.2375273340003
4,0.00021238670763120568,0.057081378324821026,2.742113275006551e-05,0.05904843540041375,0.09657199262682387,0.008584694777918143,0.002429862690611713,0.027242905237020353,0.3624703286528294,277.4540276634862,748,1347.652684146
