,a_a0_a,a_a0_b,b_a1_a,b_a1_b,k_f_a,a_1_a,a_1_b,b_a0_a,b_a0_b,a_a1_a,a_a1_b,k_b_a,b_1_a,b_1_b,g_Kr,RMSE,iterations,CPU_time,score
0,0.022222559509389096,0.011509484674812005,6.8771004056325e-05,0.041799581276271244,0.023897227106033182,0.09082976251224983,0.023385158497544613,0.046677209528689215,0.06250554372767443,0.013730383519685651,0.03850497116968786,0.03716429494600487,0.006497595813336196,0.0326740627788825,0.1524254981061875,173.92103022425496,964,4201.214387368,173.92103022425496
