,p1,p2,p3,p4,p5,p6,p7,p8,Gkr,RMSE,iterations,CPU_time,score
0,1.2663975355491865,0.0009009948533538849,311.20747918639853,0.00918210354548253,3.851799722478657,0.041359968117734174,0.45145851413917953,0.01369705641652328,20.91470673301856,53576.6124431091,909,1905.2761235240005,53576.6124431091
1,2.5336974737977207e-07,6.531018456543297e-06,1.168131859883353,3.631941136165421e-06,1.6582904461877072e-05,0.0009072056433293654,0.0003565602060400977,5.22609606363133e-06,0.1524,,909,,
