,p1,p2,p3,p4,p5,p6,p7,p8,Gkr,RMSE,iterations,CPU_time,score
0,0.0009221109264077996,1.0000027194779252e-07,0.004193114579220841,1.0000033022878392e-07,1.4824258932513481e-05,1.002771084436545e-07,2.2982752607888954e-05,1.0010547259750473e-07,0.05848910322757215,341656.7307475341,1406,3751.3054452730003,341656.7307475341
1,0.0009703815946963727,0.115793585149624,0.003831200508571327,2.0577909659004321e-07,1.4610125909706256e-05,0.0046299363212405605,2.392253512465946e-05,5.478052586033455e-06,0.1524,,1406,,
