,p1,p2,p3,p4,p5,p6,p7,p8,Gkr,RMSE,iterations,CPU_time,score
0,0.001970011728120491,0.0541547597349481,2.9801097574875644e-05,0.048728745123290215,0.09614355374765858,0.023111505701665917,0.00685412175394456,0.03138503664212264,0.15789256128885898,2603.976581620997,1058,3184.2231340770004,2603.976581620997
1,0.06008294209042678,1.0291208394567732e-07,6.745298684208628e-06,2.2777478827233497e-07,8.909215820117756e-05,2.9405698005885833e-06,1.4384994243403373e-06,0.11367616582391431,0.1524,,1058,,
