,p1,p2,p3,p4,p5,p6,p7,p8,Gkr,RMSE,iterations,CPU_time,score
0,0.0016140698961489295,0.07287238675069166,1.904809559002947e-05,0.05229296650875779,0.11016275535909177,0.023162812884576816,0.008885065020782559,0.029409271138882438,0.15302304220824325,2966.0272444420634,1444,7264.382408325997,2966.0272444420634
1,0.6514987169532821,9.277155453254454e-07,0.3273693072338218,0.001991474325433903,0.03946962954059428,7.67438309001543e-06,1.244703637990163e-05,0.008726045647678187,0.1524,,1444,,
