,p1,p2,p3,p4,p5,p6,p7,p8,Gkr,RMSE,iterations,CPU_time
0,0.00019982439787340727,0.09259119981392874,2.2891181210519658e-05,0.05133500752505175,0.07986557195140857,0.01512494234134777,0.01835987926243703,0.03654806097620676,0.045308791081603676,2001.5646024430318,947,1607.604385180999
1,0.00019985859595810705,0.09258445148190356,2.289324335741219e-05,0.051334363622007696,0.0798607792236961,0.015123657649755155,0.01835875867494271,0.036550203693002416,0.045308791081603676,2001.5646210577215,739,1461.8453133080002
2,0.00019984669609355026,0.09258652082128091,2.2892865069665326e-05,0.05133437864525425,0.0798645498798211,0.015123394040570351,0.01835980751214548,0.03654949820429424,0.045308791081603676,2001.564549645168,620,1232.8535746599991
3,0.00019983328742779417,0.09258948121696085,2.2893595694632127e-05,0.05133437619596101,0.07987881968453589,0.015119805018041227,0.018363082040034975,0.036554605661158576,0.045308791081603676,2001.5646163869442,764,1490.115503331006
4,0.00019983336992697854,0.09260119858120756,2.2889692121323474e-05,0.05133599950795806,0.0798341920464949,0.015116375867160931,0.01835235492285788,0.03655681285497635,0.045308791081603676,2001.564609236585,570,1145.041258927995
