,a_a0_a,a_a0_b,b_a1_a,b_a1_b,k_f_a,a_1_a,a_1_b,b_a0_a,b_a0_b,a_a1_a,a_a1_b,k_b_a,b_1_a,b_1_b,g_Kr,RMSE,iterations,CPU_time,score
0,0.022475625414706497,0.011849379479631508,6.880055011629515e-05,0.041792131644090305,0.023587299472381005,0.09081418049526155,0.023395921628570893,0.04625705104541598,0.06323827239950622,0.013672593094372184,0.03842444991452608,0.03700467312217831,0.006497785728005702,0.032666374592031804,0.1524258636437202,173.6572370185426,1036,4359.890307889002,173.6572370185426
