,a_a0_a,a_a0_b,b_a1_a,b_a1_b,k_f_a,a_1_a,a_1_b,b_a0_a,b_a0_b,a_a1_a,a_a1_b,k_b_a,b_1_a,b_1_b,g_Kr,RMSE,iterations,CPU_time,score
0,0.02250450376898913,0.01169449407641664,6.90066208051516e-05,0.04176863492224765,0.023815950330054007,0.09083899881817885,0.0233803628706542,0.04759737938160473,0.06328322498013672,0.013755768312736671,0.03797929317697953,0.03678030951072661,0.006499092295940756,0.032684570297378125,0.1524174975453782,202.9801587520993,1337,6717.897014750001,202.9801587520993
