,p1,p2,p3,p4,p5,p6,p7,p8,Gkr,RMSE,iterations,CPU_time,score
0,0.0016860891310558678,0.08445449312337108,2.2102236161237914e-05,0.051194347716965266,0.12138107287831337,0.026880971981700984,0.008874293474634715,0.028797040067689402,0.1545434849809025,654.9818121839791,2437,4842.450990485,654.9818121839791
1,0.9016096071870529,0.03982494713158126,0.0023658861755210207,3.4940792912191515e-07,1.7236797366041767e-05,7.256196064645084e-07,7.885180921035101,2.8086830741415507e-05,0.1524,,2437,,
