,p1,p2,p3,p4,p5,p6,p7,p8,Gkr,RMSE,iterations,CPU_time
0,5.454859006902059e-05,0.10130673298494358,1.7937082360616094e-05,0.05423361010211576,0.0641517511772374,0.011238147572843247,0.010567762930063892,0.04269457277928152,0.05388153672641493,7110.314092011274,1009,3441.0085663869977
1,5.4519263886790726e-05,0.10131570974634896,1.79411353232945e-05,0.0542316805461335,0.06414753737150683,0.011239330240205615,0.010567311232673564,0.042694891041847816,0.05388153672641493,7110.314055179945,852,3036.9779770560126
2,5.452974045237257e-05,0.10131188086575843,1.7932557530349196e-05,0.05423578037123433,0.06415490306351927,0.011237876984378049,0.010568669609988559,0.04269375004345284,0.05388153672641493,7110.314047681229,937,3329.640584806999
3,5.4537602730092713e-05,0.10130947298135856,1.793773665940071e-05,0.05423308096552442,0.06415389015097314,0.011239256665652857,0.010568710127906646,0.04269360027571066,0.05388153672641493,7110.314119189675,704,2500.02427553499
4,5.453610483309897e-05,0.10131083470388991,1.793601628604321e-05,0.05423400758646805,0.06415617027728,0.011238519797312567,0.01056870977414395,0.042693716083556314,0.05388153672641493,7110.314093283738,756,2540.774553460011
