,a_1_a,a_1_b,b_a0_a,b_a0_b,k_b_a,a_a0_a,a_a0_b,b_1_a,b_1_b,b_a1_a,b_a1_b,a_a1_a,a_a1_b,k_f_a,g_Kr,RMSE,iterations,CPU_time,score
0,0.09082327237191572,0.02339229385251312,0.047044386852183956,0.06305105886567115,0.03678740721019082,0.022398055121482217,0.011801803625354846,0.006495230599379962,0.032675273269528286,6.895954284535312e-05,0.04177488640307641,0.013753049763547192,0.03813955629279133,0.02373025296836882,0.15243876867930292,295.4142083724396,1304,9245.497551945,295.4142083724396
