,b_1_a,b_1_b,k_b_a,b_a0_a,b_a0_b,b_a1_a,b_a1_b,k_f_a,a_a1_a,a_a1_b,a_a0_a,a_a0_b,a_1_a,a_1_b,g_Kr,RMSE,iterations,CPU_time,score
0,0.006501584707404323,0.0326655071071775,0.03678487938145546,0.04753332537585564,0.06300211802367735,6.884583216337621e-05,0.041785437507677436,0.02367875686364014,0.013862462626830507,0.038615830548906854,0.022410715757741752,0.011310099631837354,0.09086285251229015,0.023403878255246015,0.1523882603705501,138.01549044960635,1296,4251.788090419,138.01549044960635
