,a_a0_a,a_a0_b,b_a1_a,b_a1_b,k_f_a,a_1_a,a_1_b,b_a0_a,b_a0_b,a_a1_a,a_a1_b,k_b_a,b_1_a,b_1_b,g_Kr,RMSE,iterations,CPU_time,score
0,0.022445277285509702,0.011928011355590327,6.878340666187797e-05,0.041793853150699035,0.023628270220469982,0.09076550996157218,0.023384652833866308,0.0463237861584048,0.06304749853102758,0.01360260840774502,0.03837114639488338,0.03669987921233236,0.006493297905972028,0.03268213060429703,0.1524087647605734,296.05844498198843,1488,9679.843895850001,296.05844498198843
