,a_1_a,a_1_b,b_a0_a,b_a0_b,k_b_a,a_a0_a,a_a0_b,b_1_a,b_1_b,b_a1_a,b_a1_b,a_a1_a,a_a1_b,k_f_a,g_Kr,RMSE,iterations,CPU_time,score
0,0.09094079695455183,0.023414902943812533,0.049211465260782114,0.06290210138525495,0.034955921354255175,0.02233847992548244,0.011440152154102158,0.00650392150833193,0.03265563316801733,6.927223807141566e-05,0.04173843467233243,0.014013664647362353,0.03860785326153641,0.023230917517180504,0.15242888377507618,139.29911256293266,1725,4966.031789975001,139.29911256293266
