,a_1_a,a_1_b,b_a0_a,b_a0_b,k_b_a,a_a0_a,a_a0_b,b_1_a,b_1_b,b_a1_a,b_a1_b,a_a1_a,a_a1_b,k_f_a,g_Kr,RMSE,iterations,CPU_time,score
0,0.09083800547602094,0.02339983678210211,0.050432784203679415,0.06420799509295393,0.034600654714480684,0.023959792670677285,0.010524837816426108,0.006497669367241204,0.03267949082272925,6.894083478025787e-05,0.04177297118180997,0.013008278134324784,0.03848113738184799,0.0237315291499965,0.15242639982003772,138.68168479407728,1949,5778.447502446001,138.68168479407728
