,p1,p2,p3,p4,p5,p6,p7,p8,Gkr,RMSE,iterations,CPU_time,score
0,0.0016860306467850188,0.08448314675007369,2.2119355546372372e-05,0.051194679897553476,0.12147054476655157,0.026887549865605074,0.00887429487229371,0.028786272540912643,0.15466823577218386,656.7724116173067,1499,3293.1125144769994,656.7724116173067
1,0.0022908151864678076,0.03945428811851717,5.020830645280954e-06,0.00025505654316933355,6.624411072153651e-06,0.01783669098169536,0.5987469482508743,2.33718245706155e-07,0.1524,,1499,,
