,p1,p2,p3,p4,p5,p6,p7,p8,Gkr,RMSE,iterations,CPU_time
0,0.00022645140918356642,0.06804323974461883,3.098678291288152e-05,0.057934542072581544,0.08935843624962747,0.00990993052385822,0.0031294393950251575,0.027862708588382995,0.2563052273693322,749.8606751413333,616,1505.4007117160072
1,0.00022644881205749972,0.06804349528499369,3.098708027740826e-05,0.05793441798728826,0.08935646448020261,0.009910413167240681,0.003129332771036362,0.02786266850381943,0.2563052273693322,749.8606783252412,613,1497.1240450760233
2,0.00022645290901264817,0.06804286198496551,3.0986470977345934e-05,0.05793462697483869,0.089355945724549,0.00991004456390075,0.003129325556511479,0.02786288766157395,0.2563052273693322,749.8606780233322,717,1746.5800786170003
3,0.00022644639471530175,0.06804297634176978,3.098602076830728e-05,0.057934717598090886,0.08935832732894851,0.009910339136053603,0.003129426857027718,0.027862512436056402,0.2563052273693322,749.8606772204499,1031,2520.3395811409864
4,0.0002264449967826698,0.06804342915978216,3.098661964321389e-05,0.05793458870195,0.0893566650017168,0.009910121141211967,0.0031293590767307055,0.027862861692188757,0.2563052273693322,749.8606784081189,636,1544.3577517340018
