,b_1_a,b_1_b,k_b_a,b_a0_a,b_a0_b,b_a1_a,b_a1_b,k_f_a,a_a1_a,a_a1_b,a_a0_a,a_a0_b,a_1_a,a_1_b,g_Kr,RMSE,iterations,CPU_time,score
0,0.006495451523757831,0.032674840106479065,0.03676811223348795,0.046834298822079984,0.0629679113205165,6.895636668776337e-05,0.041775162408927376,0.023708276746955134,0.013754661478027383,0.03817265215056996,0.02232167359448918,0.011872902772495877,0.09082660099581188,0.023392805322531393,0.15243861844468534,295.41411244972574,1193,6856.790746871,295.41411244972574
