,p1,p2,p3,p4,p5,p6,p7,p8,Gkr,RMSE,iterations,CPU_time
0,0.000231331945836149,0.07324591155361164,3.553061959705774e-05,0.05356805618263047,0.08586470105952751,0.00881841483505042,0.005803384146847501,0.03298730550881735,0.1294655974387777,161.53083300640492,854,1704.4518638620066
1,0.00023132874949722597,0.07324848169788147,3.5529739398972054e-05,0.05356835937849771,0.0858655435323539,0.008818115614996841,0.005803397650048819,0.032987243556029375,0.1294655974387777,161.53083518689223,717,1206.5733300970023
2,0.0002313242228011204,0.07324766386361499,3.553114859040669e-05,0.05356792150106144,0.08586350637982369,0.008818325023914017,0.005803311382443135,0.03298749566474045,0.1294655974387777,161.53083644450268,509,696.7403228059993
3,0.00023133531449086718,0.0732458902423883,3.55312652963124e-05,0.053567939828154665,0.08586425547895894,0.008818424735326956,0.005803359829364878,0.032987380288635515,0.1294655974387777,161.53083920876702,471,650.4783091589925
4,0.00023131942986289776,0.07324891175503082,3.552943348282788e-05,0.05356839387077447,0.08586518902175781,0.008818161594949712,0.005803400081807687,0.03298728765946459,0.1294655974387777,161.5308362515905,748,1640.2500046969944
