,b_1_a,b_1_b,k_b_a,b_a0_a,b_a0_b,b_a1_a,b_a1_b,k_f_a,a_a1_a,a_a1_b,a_a0_a,a_a0_b,a_1_a,a_1_b,g_Kr,RMSE,iterations,CPU_time,score
0,0.006499218231074482,0.03268009018173981,0.03680081543965095,0.045840647891466045,0.06270182710506883,6.879885701568174e-05,0.04178876662270143,0.023692106577868063,0.013786663011483562,0.038394298793060964,0.02186514759780684,0.012079028358395574,0.09081635171619336,0.023388093272559744,0.15234855354086524,294.9067521533271,1466,9660.003237514997,294.9067521533271
