,p1,p2,p3,p4,p5,p6,p7,p8,Gkr,RMSE,iterations,CPU_time,score
0,0.001691290465815454,0.03664976026588068,4.299294586298046e-05,0.045922827770652576,0.09318043493093146,0.021807328886824028,0.00735656522309198,0.02960159258849854,0.16386079503895584,1714.7121765399354,1366,4507.141806215,1714.7121765399354
1,1.9050013194095015e-06,0.0020441353762015104,4.6817435008161656e-05,4.6300041910897535e-06,4.516026901253797e-05,0.0014196109142563234,0.08012856187673399,6.653722879572369e-06,0.1524,,1366,,
