,p1,p2,p3,p4,p5,p6,p7,p8,Gkr,RMSE,iterations,CPU_time,score
0,1.0000036936692387e-07,0.18962805985376852,1.0000152324401463e-07,0.08922784671738024,1.000121816644332e-07,0.35286698297801306,6.719417751154346e-05,0.13763061850047012,0.3614092443042555,49942.13791237258,1406,2691.9316267719996,49942.13791237258
1,1.921877080365196e-06,3.629281889009421e-05,0.00021297784193802157,5.013818234628453e-07,1.1213657318574848e-06,2.9604011539802032e-05,0.0003133518374707942,6.708782948619795e-05,0.1524,,1406,,
