,p1,p2,p3,p4,p5,p6,p7,p8,Gkr,RMSE,iterations,CPU_time,score
0,0.0019689633642774053,0.0541214780901489,2.9785537215173883e-05,0.04873394953767996,0.09599994385290166,0.02311232041039739,0.006840865570647978,0.03138928460977915,0.15790256015417664,2609.632002970537,910,3257.530923603,2609.632002970537
1,1.0246571606317927e-05,0.053190704690669284,0.0028132135292639926,0.00047190242719589374,4.329868894825687,6.156476217282283e-05,0.0008785194847623488,4.9244418995220775e-06,0.1524,,910,,
