,p1,p2,p3,p4,p5,p6,p7,p8,Gkr,RMSE,iterations,CPU_time,score
0,0.0016860758078004671,0.08448528820690632,2.2119803929968904e-05,0.05119443371582917,0.1214726621538009,0.026888587065156115,0.008874501443796343,0.02878619513566355,0.15466618007549107,656.7724232650602,1033,1978.453454698,656.7724232650602
1,0.00015708112328433226,0.005314568594248317,0.012026917140665857,0.007288917942003902,0.08708030002814696,5.886999157587637e-05,0.0025245416657539745,4.1902229436863256e-07,0.1524,,1033,,
