,p1,p2,p3,p4,p5,p6,p7,p8,Gkr,RMSE,iterations,CPU_time
0,8.952871350503534e-05,0.10323179199943942,1.1834419450999062e-05,0.055369122530080944,0.05034780073719027,0.010365966489775585,0.009757574109765271,0.05081206009299069,0.0381,12016.461546151202,624,1085.6283189189853
1,8.950792405174469e-05,0.10323352037256081,1.1835086924195148e-05,0.055368802631090806,0.050346286024962696,0.010366461200612482,0.009757334539573968,0.05081287121572903,0.0381,12016.461525066412,566,977.2205666259979
2,8.959969764961163e-05,0.10321412654922563,1.1835035976947878e-05,0.055368609823172925,0.05034810371758234,0.010366033374226518,0.00975832355758123,0.05081141355981246,0.0381,12016.4615114182,759,1321.4619141369767
3,8.952884899313193e-05,0.10323272033225976,1.1833417214575684e-05,0.05536988459884936,0.050351061300166665,0.01036477185538253,0.009759359074157009,0.05081030158266055,0.0381,12016.461534845363,669,1164.3377110839938
4,8.957000132245346e-05,0.10322263434362412,1.1834600921669527e-05,0.05536948751989841,0.05034931641291523,0.010365971878554581,0.00975825587847665,0.050812209971206584,0.0381,12016.461486355605,1261,2163.091264222021
