,p1,p2,p3,p4,p5,p6,p7,p8,Gkr,RMSE,iterations,CPU_time,score
0,0.0016880992383992586,0.08453612575788884,2.206740204943563e-05,0.051216945257049944,0.12176124215676845,0.026915026552299992,0.008892126328347157,0.028749318498282737,0.15467629403190153,654.6967576631919,974,1950.0963781870005,654.6967576631919
1,0.0002315268340610018,0.0030326069493298584,0.0025590796648570597,0.00021862104457379258,1.156223137920913,7.166223298900934e-05,0.004352744874282751,5.338295176561673e-06,0.1524,,974,,
