,p1,p2,p3,p4,p5,p6,p7,p8,Gkr,RMSE,iterations,CPU_time
0,0.0002707800077575247,0.06546726990326619,3.491876157566338e-05,0.05538344540969548,0.08783586376369312,0.00894995971729934,0.0044455646669817874,0.030052202315321994,0.1812351643264147,287.6713613095181,748,2376.0216509189995
1,0.00027075879242866095,0.0654692443573029,3.491846270119466e-05,0.05538357827389547,0.08783557490961001,0.008949978478891129,0.004445524650290071,0.030052351037388434,0.1812351643264147,287.6713636372033,619,1897.3425544759957
2,0.0002707689221987857,0.0654681620235621,3.491946844104013e-05,0.05538328586542751,0.08783600782325257,0.008950262028651668,0.004445567145335716,0.030052143487604356,0.1812351643264147,287.6713639689288,654,1614.8548358940025
3,0.00027076961109367265,0.06546809981910497,3.4919985268472625e-05,0.05538315774580922,0.08783659992777344,0.008950115520144554,0.004445596781440526,0.030052205646882425,0.1812351643264147,287.6713611469815,975,2317.447342956999
4,0.00027076131019620954,0.06546910077725929,3.491935835582963e-05,0.055383312322010325,0.08783553818260079,0.008950092704391358,0.004445533712117109,0.030052259613096353,0.1812351643264147,287.6713617118323,846,2282.4177815799994
