,p1,p2,p3,p4,p5,p6,p7,p8,Gkr,RMSE,iterations,CPU_time
0,0.0003575404365929734,0.058603989987388416,3.3773281681538266e-05,0.058110874096427886,0.09104103325865548,0.009863378569388143,0.0023347260232992285,0.026165833853046733,0.3624703286528294,1046.9223261234456,578,1112.2455726740009
1,0.00035749855705563256,0.05860684422657049,3.3772544012869876e-05,0.058111110121209925,0.09103899379149656,0.009863831435346833,0.002334639161654273,0.026165858795394348,0.3624703286528294,1046.9223171413914,1017,2531.5691185680043
2,0.0003575414889134442,0.05860379628309865,3.377503956462113e-05,0.058110409357223336,0.09103957713862386,0.00986359157220599,0.0023347020926419845,0.026165740172105535,0.3624703286528294,1046.9223204609673,692,1369.9231105599902
3,0.00035752759765873284,0.05860568944932066,3.3773813224184685e-05,0.058110721977915995,0.09104150135402993,0.009863959043762692,0.002334694535509291,0.026165509235385537,0.3624703286528294,1046.9223352850934,646,1880.8778891890106
4,0.00035749876314575225,0.05860686276307813,3.37719634907045e-05,0.05811125422773169,0.09104693857245996,0.009864471426162735,0.002334832942500642,0.02616512401383564,0.3624703286528294,1046.9223222864796,975,3216.280300079001
