,a_a0_a,a_a0_b,b_a1_a,b_a1_b,k_f_a,a_1_a,a_1_b,b_a0_a,b_a0_b,a_a1_a,a_a1_b,k_b_a,b_1_a,b_1_b,g_Kr,RMSE,iterations,CPU_time,score
0,0.022400389295194126,0.011817287111184335,6.894677853622819e-05,0.04177626616730826,0.023708909186305232,0.09082654697617168,0.023392881729356614,0.04695719548514288,0.06302033847082497,0.013725073990134559,0.03817965029745014,0.03672024291616329,0.0064954598451076925,0.03267477925788231,0.15243873078678896,295.4140560948629,941,6075.701697482002,295.4140560948629
