,p1,p2,p3,p4,p5,p6,p7,p8,Gkr,RMSE,iterations,CPU_time
0,0.00020155998911824702,0.08219403926909467,3.485949126776097e-05,0.04835819976469742,0.06341184768130177,0.011310208021103663,0.01200792913296157,0.0392730840749992,0.05403868913693675,6300.683715903318,941,4669.789486480004
1,0.00020159294533414037,0.08218997192514137,3.486335634499358e-05,0.04835740874088697,0.06341035896602072,0.011309831678310164,0.012007711712953267,0.03927340098491964,0.05403868913693675,6300.683648466943,799,3988.7320650289766
2,0.00020159483302086597,0.08219045418044744,3.486452218762455e-05,0.048357378597943854,0.06341031591543518,0.011309741247651252,0.012008023581474812,0.03927347713233607,0.05403868913693675,6300.683643187092,661,3289.3955141459883
3,0.0002015988653955666,0.08218975359155943,3.48599173110587e-05,0.0483583500128182,0.06341742839252969,0.011310610893394682,0.012008700795848985,0.03927282318160817,0.05403868913693675,6300.683740462511,570,2850.1237729860004
4,0.00020157026554315082,0.08219270147485284,3.486005276787034e-05,0.0483584224525131,0.06341821457385036,0.011309224169545986,0.01200934048172001,0.039274332128348674,0.05403868913693675,6300.683679519831,552,2776.741183403996
