,a_a0_a,a_a0_b,b_a1_a,b_a1_b,k_f_a,a_1_a,a_1_b,b_a0_a,b_a0_b,a_a1_a,a_a1_b,k_b_a,b_1_a,b_1_b,g_Kr,RMSE,iterations,CPU_time,score
0,0.021942640641231928,0.011971457904667129,6.883512921906129e-05,0.041789793895236044,0.02368485854382035,0.09086887739920664,0.023390278749718326,0.04629162565698105,0.06259420524313035,0.01397946774977087,0.03829270868077855,0.037129615734239424,0.006498494740087195,0.03267750909944174,0.1524124986500253,173.3777077268503,980,4606.535103591999,173.3777077268503
