,p1,p2,p3,p4,p5,p6,p7,p8,Gkr,RMSE,iterations,CPU_time,score
0,0.001968990031150624,0.05412115585275985,2.9786020569972286e-05,0.04873399285531251,0.09599813415352587,0.023112253771189813,0.0068408579673708125,0.03138830273274123,0.1579055681745597,2609.6320052602227,2807,9938.217315648002,2609.6320052602227
1,0.010878829628063932,2.57514331835258e-06,0.3519115137337146,0.0002957993815805616,0.002620179029882988,0.0005686609750244392,1.3493364432255712,0.0005469655204803021,0.1524,,2807,,
