,p1,p2,p3,p4,p5,p6,p7,p8,Gkr,RMSE,iterations,CPU_time
0,0.0002146459945945405,0.05844590439428182,2.8441643047681253e-05,0.058372877046333,0.09468626087949929,0.00859711952062558,0.0028252015491296496,0.027826494398965455,0.3048,248.86302039018238,658,1286.2396077500016
1,0.00021463711203288882,0.05844608078788222,2.843935045867861e-05,0.05837367329199745,0.0947344025967541,0.008600981811155596,0.0028266491394133403,0.02782227743773266,0.3048,248.86301049092114,627,1232.21392306099
2,0.00021462305602016384,0.05844899806480194,2.8439198045157476e-05,0.05837371228210153,0.09473010579984206,0.008600582009050114,0.002826490470939364,0.027822699009960202,0.3048,248.86300752555502,506,990.8975808620016
3,0.00021463759482109188,0.0584482233306917,2.8436727438104023e-05,0.058374616833091704,0.09472652338569627,0.008600826904191356,0.0028263563007987795,0.027822618092675628,0.3048,248.86301011561187,793,1556.111393536994
4,0.0002146623939507011,0.05844474126062849,2.8441552872724183e-05,0.058372962181140735,0.09471730864458891,0.008601614865618312,0.0028261025824989966,0.027822298664442774,0.3048,248.86300230435776,596,1171.6584804050071
