,p1,p2,p3,p4,p5,p6,p7,p8,Gkr,RMSE,iterations,CPU_time
0,0.0002376638390494296,0.07712609916902437,3.594693682078711e-05,0.05249910361408657,0.08322779618687776,0.008756986446143412,0.006586404094449751,0.034628782902542864,0.10776307345282986,255.90108729208845,461,801.9748962599988
1,0.0002375902363497154,0.07713265150365865,3.5944163501998467e-05,0.05249975321208131,0.08322639580644237,0.008757092258893127,0.006586433883497454,0.0346283986641608,0.10776307345282986,255.90110790441176,711,1594.508065480004
2,0.0002376531428157642,0.07712609336934298,3.594806490319126e-05,0.05249879454868786,0.08322601351769274,0.008757262286629543,0.0065864495473622695,0.034628507661013136,0.10776307345282986,255.90108594363255,525,998.7883921039975
3,0.0002376573367588788,0.07712617733897043,3.594585095781396e-05,0.05249926690431331,0.0832282247404495,0.008757181988019249,0.0065864460666185684,0.034628402304581196,0.10776307345282986,255.9010873542606,496,969.324291758996
4,0.00023765094557121673,0.0771276575206215,3.5945153157738264e-05,0.05249949558104459,0.08322567459705647,0.008756713094699031,0.006586250729265374,0.034628733479590584,0.10776307345282986,255.90108619385077,595,1110.526304145009
