,p1,p2,p3,p4,p5,p6,p7,p8,Gkr,RMSE,iterations,CPU_time
0,0.00022549562729753112,0.0709914669804762,3.570112690500644e-05,0.053290624524819745,0.08574066934733475,0.008751693232667822,0.006014080866480314,0.03307776365165208,0.1281526136846661,419.02603878209607,526,1454.1995775589894
1,0.00022550195792217086,0.07099135797769293,3.5701253143828554e-05,0.053290639144731596,0.08574033148050882,0.00875150826405205,0.006014037176468053,0.03307787092870044,0.1281526136846661,419.02603529390325,667,1836.6041028540058
2,0.00022550150189801457,0.07099114822150573,3.5700631362079066e-05,0.05329081417226784,0.08574203879863747,0.008751875396884838,0.006014132248234647,0.033077598108398436,0.1281526136846661,419.0260351720118,769,2106.241690777999
3,0.00022550052559406472,0.07099149429115989,3.570187077362702e-05,0.05329052113571499,0.08573918923586869,0.008751776764453769,0.006013959608303302,0.03307774520853242,0.1281526136846661,419.02603394523925,926,2530.9821729520045
4,0.00022550607074428716,0.07099037836839427,3.5701757921756025e-05,0.05329052711729693,0.08573818446539971,0.008751665892768075,0.006013897584954649,0.03307781785480042,0.1281526136846661,419.0260355267185,570,1564.6529715200013
