,p1,p2,p3,p4,p5,p6,p7,p8,Gkr,RMSE,iterations,CPU_time
0,0.0002281730917436736,0.06592904513141815,2.8748047988901867e-05,0.06059996288620857,0.09364470923599584,0.010780216254496522,0.0013618776233450393,0.025358593308564135,0.6096,1436.7653366737622,522,1320.016425126989
1,0.0002281952253385683,0.06592645849217713,2.8751726296285554e-05,0.060598822423993344,0.09364728687929197,0.010780486121540535,0.0013619411693196872,0.025358262277729856,0.6096,1436.7653490416942,607,1523.372411468008
2,0.00022818741004048196,0.06592771467483259,2.8747726331024085e-05,0.06059990908674305,0.0936447221146964,0.010779275121475765,0.001361918149908546,0.02535840601578049,0.6096,1436.765337365642,836,2089.3923984369903
3,0.00022819505624704537,0.06592529571729219,2.874934963271376e-05,0.06059925747227697,0.09364570318011879,0.010780556275193958,0.0013619212250573244,0.025357991961002718,0.6096,1436.765371346824,583,1449.5223655579903
4,0.00022815387802880942,0.06593200070007456,2.8748767105761626e-05,0.06059964085353932,0.09365103882342078,0.01078110202504298,0.0013619862140442677,0.025357364770379174,0.6096,1436.7653632490271,498,1231.8287267429987
