,a_a0_a,a_a0_b,b_a1_a,b_a1_b,k_f_a,a_1_a,a_1_b,b_a0_a,b_a0_b,a_a1_a,a_a1_b,k_b_a,b_1_a,b_1_b,g_Kr,RMSE,iterations,CPU_time,score
0,0.02361808828384251,0.010795682206975753,6.892792439109814e-05,0.041774300606837955,0.023847240882061686,0.09084319345927819,0.023394456243091104,0.04988697708588298,0.06406670567855116,0.013124130721432434,0.03830739528482678,0.03502372526481432,0.006498768824393749,0.03268123549934203,0.15240768752662315,138.68323045648972,1136,3738.8301942890002,138.68323045648972
