,a_a0_a,a_a0_b,b_a1_a,b_a1_b,k_f_a,a_1_a,a_1_b,b_a0_a,b_a0_b,a_a1_a,a_a1_b,k_b_a,b_1_a,b_1_b,g_Kr,RMSE,iterations,CPU_time,score
0,0.02312267578751216,0.011238162339852226,6.885989015506687e-05,0.041786271558925475,0.023928363368016473,0.09085157030813144,0.023382329452448575,0.048849183094654615,0.0639147088615119,0.013571110830818672,0.037851553039360025,0.03660033041448387,0.006500683796669267,0.0326838201297118,0.1523845810699445,296.4157511927142,1669,8166.063774796996,296.4157511927142
