,p1,p2,p3,p4,p5,p6,p7,p8,Gkr,RMSE,iterations,CPU_time,score
0,1.0000004672917327e-07,0.1898726315466145,1.0000189654635424e-07,0.089225919345264,1.0000279475090027e-07,0.3528894629688032,6.717915363276743e-05,0.13763240344173236,0.3581130495848643,49916.40048061073,1607,3292.205129244001,49916.40048061073
1,2.8440554077036037e-06,0.001031610716132176,0.04727983271120202,0.00035815923658609076,1.2389061966511034e-06,4.3578068856756683e-05,1.0885785247303943e-07,0.0010081589959596482,0.1524,,1607,,
