,p1,p2,p3,p4,p5,p6,p7,p8,Gkr,RMSE,iterations,CPU_time,score
0,0.0016861326116222354,0.08445655064800818,2.2102905442910735e-05,0.05119419059014757,0.12137954846151479,0.026881847304842145,0.008874003511184756,0.028796249484928274,0.15454569637610407,654.9818190995135,1523,2804.057416271,654.9818190995135
1,0.4001881905682264,1.6779508737939185e-07,0.0013550529144591697,0.07903026947068247,1.930600680893417e-06,0.00010723109331304191,0.24137671617646048,9.227979318104986e-06,0.1524,,1523,,
