,p1,p2,p3,p4,p5,p6,p7,p8,Gkr,RMSE,iterations,CPU_time,score
0,0.0015679597029894248,0.07935218608206081,2.2205405074726578e-05,0.05118123704304048,0.09595828113620565,0.02395195452223066,0.007052807067540791,0.03131191440200752,0.15476858139270472,718.7755026355596,1271,2899.057962381,718.7755026355596
1,0.0024014674303675337,0.005773239109167091,6.276679253703056e-07,0.019941178056613437,0.08007526961266541,1.3231217044608898e-07,0.000109838391794188,0.10322023434102884,0.1524,,1271,,
