,b_1_a,b_1_b,k_b_a,b_a0_a,b_a0_b,b_a1_a,b_a1_b,k_f_a,a_a1_a,a_a1_b,a_a0_a,a_a0_b,a_1_a,a_1_b,g_Kr,RMSE,iterations,CPU_time,score
0,0.006496442142968967,0.03269904516638913,0.03718909439695875,0.04597202995003212,0.06287419710746635,6.89390853725524e-05,0.0417688911088003,0.023849207666967135,0.013677654419873396,0.037719220105672274,0.022160257947379667,0.012556315786767847,0.09075780947555999,0.02337793929489545,0.1523219804378727,138.47987843376768,1355,4710.73638518,138.47987843376768
