,a_a0_a,a_a0_b,b_a1_a,b_a1_b,k_f_a,a_1_a,a_1_b,b_a0_a,b_a0_b,a_a1_a,a_a1_b,k_b_a,b_1_a,b_1_b,g_Kr,RMSE,iterations,CPU_time,score
0,0.022044666794066754,0.011943661110731843,6.897363312804782e-05,0.04177078347558136,0.023753290342398033,0.09088461873241262,0.023391375208688156,0.04656939210239739,0.06277468194475258,0.013865202001748506,0.0382118110166556,0.03692599544559359,0.006502088936257584,0.03267779922050214,0.15240140360913518,203.16610866222257,1297,6036.464904531,203.16610866222257
