,p1,p2,p3,p4,p5,p6,p7,p8,Gkr,RMSE,iterations,CPU_time,score
0,0.001690749140272961,0.03664298409764424,4.2916880739604986e-05,0.045940737803505896,0.09316514777145184,0.021811463811889635,0.0073525311914413635,0.029598737363767624,0.16389738766059223,1709.9749067767207,1710,4835.429554890001,1709.9749067767207
1,0.000636699884125091,2.111780259629069e-06,0.0004655751485711588,2.1906035503383318e-05,5.757037324675247e-07,3.578463925490323e-07,0.19344799742172378,6.556112008101665e-06,0.1524,,1710,,
