,p1,p2,p3,p4,p5,p6,p7,p8,Gkr,RMSE,iterations,CPU_time,score
0,0.0016881948595375768,0.036653102511491925,4.2910591630563273e-05,0.045941877037895824,0.09317586857292583,0.02181384353789483,0.007353425909738018,0.029592489200158553,0.16392014710669056,1710.0088077806804,2896,8694.821405206001,1710.0088077806804
1,0.07959674449636325,0.0001859456855703146,0.8183124036575972,0.008225275829816421,2.4404796974849396e-07,1.2325400978563975e-06,0.005927066384396011,5.287615400599703e-06,0.1524,,2896,,
