,p1,p2,p3,p4,p5,p6,p7,p8,Gkr,RMSE,iterations,CPU_time,score
0,0.001614547043985331,0.07291532693963618,1.9061550853560336e-05,0.05228732049700486,0.11020581726430198,0.023173611592525643,0.008887958590797641,0.029404970948632914,0.15301856859484772,2970.004613850345,849,3745.9480221159974,2970.004613850345
1,0.00033215484701700567,6.793784084037288e-06,0.02101339029271006,0.0001881260092137157,0.6645577835519276,0.01741827737892881,0.006698392014108155,1.1129020156345546e-05,0.1524,,849,,
