,p1,p2,p3,p4,p5,p6,p7,p8,Gkr,RMSE,iterations,CPU_time
0,5.4686043756443846e-05,0.10125507390319616,1.7970144419597204e-05,0.054231041993864575,0.06447357402724141,0.011208498620185567,0.010582834635125904,0.0426643262459632,0.05403868913693675,7059.670295593495,699,2449.5283169120084
1,5.469643702811811e-05,0.10125182121394226,1.7968763495556706e-05,0.05423183485260087,0.06446733602936501,0.01121016652955587,0.0105816192586046,0.04266383392656071,0.05403868913693675,7059.670331638346,857,2994.6577572919778
2,5.4680246584992413e-05,0.10125617268307742,1.7968940696999268e-05,0.054231742101171564,0.064469583597341,0.011209355101693668,0.010583210754946842,0.04266271942110155,0.05403868913693675,7059.670271540221,888,2995.8460626529995
3,5.4692352308574415e-05,0.10125195834673935,1.796577170683562e-05,0.05423316009051868,0.06447035906987075,0.011208747169628445,0.010582675397614092,0.042664244775430696,0.05403868913693675,7059.670263897796,775,2566.958911773021
4,5.471059562999568e-05,0.10124685223025444,1.797258270173506e-05,0.054230063794112,0.06447419897381867,0.011207454287508214,0.010583771030219548,0.04266472637300705,0.05403868913693675,7059.670295033639,972,3218.3833012030227
