,a_a0_a,a_a0_b,b_a1_a,b_a1_b,k_f_a,a_1_a,a_1_b,b_a0_a,b_a0_b,a_a1_a,a_a1_b,k_b_a,b_1_a,b_1_b,g_Kr,RMSE,iterations,CPU_time,score
0,0.022496832666632646,0.011169933350971373,6.891161945231491e-05,0.041777955136316144,0.02364970267222896,0.09086700540812861,0.023403983255291316,0.0481173030978603,0.06313946805945536,0.013952213017187211,0.038551261421716665,0.036733481946989895,0.00650163097824034,0.03266522132847535,0.1523916688591814,138.0153649421675,1136,3747.0670561910006,138.0153649421675
