,p1,p2,p3,p4,p5,p6,p7,p8,Gkr,RMSE,iterations,CPU_time,score
0,0.0016915077645346028,0.03668086295520401,4.297829362990156e-05,0.0459259131004381,0.09314788320796018,0.02181301532380802,0.00735282205845633,0.02960005870582563,0.1638620980519454,1714.33654699362,1367,4078.1706136380003,1714.33654699362
1,0.20366907874937715,0.00011342535273824315,1.95080751798108e-07,0.0001836645662214405,0.00013608349609117251,4.133955193806269e-07,9.33077165379771,8.620869158076983e-06,0.1524,,1367,,
