,p1,p2,p3,p4,p5,p6,p7,p8,Gkr,RMSE,iterations,CPU_time,score
0,0.001969728652958834,0.05414237680085677,2.9803041625151946e-05,0.04872906117477655,0.096121765216997,0.023102367753972362,0.006852635225684221,0.03139165082173843,0.157895713068637,2609.928597182705,1556,4717.434366787,2609.928597182705
1,0.0006087082549783748,1.3232751986162128e-06,0.0008283662598671142,0.07182317007389438,1.5795867181318855e-06,0.04759459811931274,8.450704807335514,0.021160096851896706,0.1524,,1556,,
