,p1,p2,p3,p4,p5,p6,p7,p8,Gkr,RMSE,iterations,CPU_time
0,0.0002516596810421389,0.08839206852819693,3.2053027936277375e-05,0.0505087632579937,0.07062448285333174,0.009267937065034431,0.009127404197823583,0.03936164128582256,0.06435684129488249,1106.6051047891985,850,1856.237802774005
1,0.000251673095359776,0.08839277223718581,3.205320250227016e-05,0.050508662551544424,0.07062725122206681,0.009269388693943484,0.009127638072005161,0.03936121166480713,0.06435684129488249,1106.6051216637657,482,1050.0627160540025
2,0.0002516472592923696,0.08839373614821475,3.205222618840351e-05,0.050508699094259264,0.07062368594046996,0.009268986539381284,0.009127283195442672,0.03936143538583763,0.06435684129488249,1106.605090906354,671,1140.510189904002
3,0.0002516601797739432,0.08839348354393037,3.205110842457862e-05,0.05050935042945349,0.07062917161306784,0.009268273417712537,0.009128070519418599,0.039360941266901595,0.06435684129488249,1106.6051007018846,723,1327.2249608720012
4,0.0002516806812255261,0.08839053537245718,3.204583475039349e-05,0.05051068903880921,0.07062920374982813,0.009267775186131175,0.009127734517876124,0.03936141523772605,0.06435684129488249,1106.6050917649159,883,1189.8603206840053
