,p1,p2,p3,p4,p5,p6,p7,p8,Gkr,RMSE,iterations,CPU_time,score
0,0.001689618915270664,0.03664250950886607,4.293884301919343e-05,0.0459332692709156,0.09318540462102663,0.021811911986017743,0.007351106875082416,0.029618017656852482,0.16386486568520134,1711.9140871920931,1402,4337.812237345999,1711.9140871920931
1,0.00557660733607353,2.93259998872058e-07,0.0034377491734485528,0.0010922644049246,0.023244685767862164,0.02647111705202806,4.7669821269103076e-07,0.017734318082784327,0.1524,,1402,,
