,p1,p2,p3,p4,p5,p6,p7,p8,Gkr,RMSE,iterations,CPU_time,score
0,1.1528092267774598e-06,0.0033511940182340875,1.0001026534127569e-07,0.12446369954483251,7.644596867510968e-05,3.4819817688285986e-07,7.262428021744071e-05,5.697150429233164e-07,3.2924004522483923,86840.4981228416,1046,1865.2649555199996,86840.4981228416
1,2.2391769732516346e-05,6.312455443075054e-07,7.875753238345969e-06,1.1129903680079304e-05,0.00017337240997113298,1.9305012125813587e-07,1.3023583801250834e-05,0.0001338006156196741,0.1524,,1046,,
