,a_1_a,a_1_b,b_a0_a,b_a0_b,k_b_a,a_a0_a,a_a0_b,b_1_a,b_1_b,b_a1_a,b_a1_b,a_a1_a,a_a1_b,k_f_a,g_Kr,RMSE,iterations,CPU_time,score
0,0.09084622596780355,0.0233767033259271,0.047115077088737516,0.06329792820108554,0.03681958120064582,0.02226596587041958,0.011763163596783059,0.006500772956116952,0.032685854070722414,6.88203789775722e-05,0.04179205782845667,0.013792464714529924,0.03814723655177914,0.023758585608554816,0.15240716360162088,202.5291860214897,1446,7046.52169793,202.5291860214897
