,p1,p2,p3,p4,p5,p6,p7,p8,Gkr,RMSE,iterations,CPU_time
0,0.00021652178609344504,0.08413721531683768,3.7242558519620615e-05,0.051273472592076534,0.08481626704680732,0.01041629923402207,0.008552002343915302,0.03467386511109801,0.09127977271835509,399.0875082341311,524,1020.7817098469968
1,0.00021651527806502646,0.08413606140218016,3.723943883821049e-05,0.05127425913082452,0.08481438776263762,0.010415083720322488,0.008551887006346692,0.034674113155641305,0.09127977271835509,399.08750370360406,800,1558.233578808009
2,0.00021652526427369946,0.08413566737084238,3.7240061678327026e-05,0.051273934204407554,0.0848255969413961,0.010416045088302867,0.008552914122853882,0.03467343444988761,0.09127977271835509,399.08750750438173,581,1129.40129691099
3,0.00021650193190916617,0.08413695351593041,3.724129022874713e-05,0.05127368437919739,0.08481951463972053,0.010415766859839984,0.008552399846064353,0.03467348189344762,0.09127977271835509,399.0875109188558,569,1106.682780631003
4,0.00021650947058257043,0.08413747420527434,3.7239172590047546e-05,0.05127427595066239,0.08482087927942611,0.010417367827691745,0.008552475297355434,0.03467184848673297,0.09127977271835509,399.0875196630946,512,1004.1637877119938
