,b_1_a,b_1_b,k_b_a,b_a0_a,b_a0_b,b_a1_a,b_a1_b,k_f_a,a_a1_a,a_a1_b,a_a0_a,a_a0_b,a_1_a,a_1_b,g_Kr,RMSE,iterations,CPU_time,score
0,0.006493262458315617,0.032682249748542246,0.03669691607449315,0.0463255271576109,0.06304827145703738,6.878210876410174e-05,0.04179399590924227,0.02362823295409908,0.013601026129202413,0.03837173875503931,0.02244755998177246,0.011927371921498384,0.09076496597241214,0.02338464715250006,0.1524082763073468,296.0584452433509,1573,11302.879528556,296.0584452433509
