,a_a0_a,a_a0_b,b_a1_a,b_a1_b,k_f_a,a_1_a,a_1_b,b_a0_a,b_a0_b,a_a1_a,a_a1_b,k_b_a,b_1_a,b_1_b,g_Kr,RMSE,iterations,CPU_time,score
0,0.022791905724144777,0.011541399951561612,6.874649958992864e-05,0.04179227985430474,0.023577205590721788,0.09095201684909711,0.023389343970916836,0.04765928268768969,0.06299051481454444,0.013572613587932889,0.03851576805369094,0.03624778075873286,0.006510024206612743,0.032670952961481974,0.15235955597484485,202.95324444670064,1307,6595.853669246,202.95324444670064
