,p1,p2,p3,p4,p5,p6,p7,p8,Gkr,RMSE,iterations,CPU_time
0,0.00021000153702541898,0.05620734040446707,2.6941584969387903e-05,0.0595455340932295,0.09730023987016821,0.008617815686387842,0.002062182154978479,0.02681579513456018,0.43105229381131943,305.0190288148341,651,1132.0413113749964
1,0.00021000162005798187,0.05621018765058796,2.694573195555384e-05,0.05954467765721574,0.09730020307419104,0.008619571095537303,0.002062166278202309,0.02681507946488161,0.43105229381131943,305.01903405877573,672,1061.147704307994
2,0.0002099950588628665,0.05620803336753222,2.6942731742467835e-05,0.059545200385717034,0.09729641698113796,0.008617714041569476,0.002062133888611528,0.026815877318480456,0.43105229381131943,305.01903432815044,617,930.5090419359985
3,0.0002099894957806318,0.05620856802693777,2.6943499202308484e-05,0.05954499311547449,0.09729779144163571,0.00861784950409043,0.002062172118085504,0.026815816900647143,0.43105229381131943,305.0190379325536,621,968.2750431310051
4,0.00020999235418258448,0.05620585963847012,2.69434689427105e-05,0.05954483715372023,0.0973413370384411,0.008622015772953823,0.0020631151859564693,0.026811732761177907,0.43105229381131943,305.0190278107735,654,738.1640694340022
