,p1,p2,p3,p4,p5,p6,p7,p8,Gkr,RMSE,iterations,CPU_time
0,0.00021085625490348112,0.056143032433915344,2.6914076245929163e-05,0.05955169394140896,0.09722322848501007,0.008643557592260485,0.0020606571873765587,0.026785823488670053,0.43105229381131943,303.5015655792814,636,736.4838786670007
1,0.0002108447922054326,0.056140770303315615,2.691111197560685e-05,0.05955201437712551,0.09722713485506922,0.008643076885135938,0.0020607845773396027,0.026785413294236844,0.43105229381131943,303.5015636430349,945,1096.2840839479904
2,0.00021085246193617018,0.05613891894923227,2.6913695330857594e-05,0.05955107118723774,0.09722258005695882,0.008643286432580765,0.002060673693620274,0.02678571734192756,0.43105229381131943,303.5015691313258,654,1191.5177430449985
3,0.0002108544886692965,0.05614081041477201,2.691530752987658e-05,0.059550816264631726,0.0972250289600992,0.008644264585064359,0.0020606787315280302,0.026785392587375972,0.43105229381131943,303.50156459950216,662,1212.588339880007
4,0.00021086944863929436,0.056140463937893986,2.6912638756813233e-05,0.05955206634838178,0.09721994263238322,0.008643219917092436,0.0020605666482428724,0.026786054373915673,0.43105229381131943,303.5015694369332,584,1150.8149125869968
