,p1,p2,p3,p4,p5,p6,p7,p8,Gkr,RMSE,iterations,CPU_time,score
0,0.0016151985607099572,0.07289649919041616,1.9056100700639764e-05,0.052290140737138335,0.11025397789339489,0.023169186162601472,0.008890650415936265,0.02941183330464166,0.153002241326015,2966.6188168543626,1793,8874.122442092,2966.6188168543626
1,0.002235046309296801,3.678174208808135e-07,1.7040953426504974,1.2031672996903915e-07,7.526872744439142,1.251334454302168e-07,2.385186688537617,0.037057563851021096,0.1524,,1793,,
