,a_a0_a,a_a0_b,b_a1_a,b_a1_b,k_f_a,a_1_a,a_1_b,b_a0_a,b_a0_b,a_a1_a,a_a1_b,k_b_a,b_1_a,b_1_b,g_Kr,RMSE,iterations,CPU_time,score
0,0.02395017235151774,0.010546790106577433,6.893833048429959e-05,0.04177335011574196,0.023753589390095205,0.09083698812964282,0.023399720266888642,0.050392451198968,0.06421151155758074,0.013004171319729783,0.038454011203521946,0.03464269279342413,0.0064976064641440665,0.032679519329034505,0.15242656219075942,138.68168541733985,1279,3919.5636542150005,138.68168541733985
