,p1,p2,p3,p4,p5,p6,p7,p8,Gkr,RMSE,iterations,CPU_time
0,0.00021097474281279167,0.07576847859935591,3.9165924712153206e-05,0.05030778178214879,0.07297679220348585,0.009540825546252036,0.0063836996773949505,0.038223151784629386,0.09061758216320735,1559.823140023131,563,990.2677444180008
1,0.00021101199500166943,0.07576382686372723,3.9171262559282694e-05,0.05030663319563164,0.07297184775354626,0.009541316448175553,0.006383161957265645,0.03822270609069448,0.09061758216320735,1559.8230989367842,481,844.1216145140061
2,0.0002109360126669674,0.07577373911126743,3.917387271982659e-05,0.050305985621716696,0.07297239663409061,0.009541390306419045,0.00638314573642472,0.038222831659753195,0.09061758216320735,1559.8230849145575,608,1147.109235951997
3,0.00021102949909041882,0.07576580409521597,3.917521516274871e-05,0.05030572075270169,0.07297456321159028,0.00954119082669406,0.0063833512322074015,0.03822263261841956,0.09061758216320735,1559.8230947393283,738,1660.8756292479957
4,0.00021103049147204017,0.07576454145679927,3.9171720193317514e-05,0.05030655127786118,0.07297361961870973,0.009541702820572326,0.006383177376965766,0.038222818563038045,0.09061758216320735,1559.823075127717,709,1546.5834964100068
