,p1,p2,p3,p4,p5,p6,p7,p8,Gkr,RMSE,iterations,CPU_time
0,0.0002209520869851143,0.06246183348745199,3.099160831360698e-05,0.05672610593739052,0.0912578307312488,0.008633824929086117,0.0038233799412378277,0.02941878362525049,0.21552614690565972,180.77394376966322,675,897.8310007529944
1,0.0002209588790016922,0.06246058728012989,3.099215790465664e-05,0.0567258175845551,0.09126272650199398,0.008634775838850865,0.003823574003114711,0.029417936622487102,0.21552614690565972,180.77394571246307,637,1149.7919168529916
2,0.00022096171421549546,0.06246192342519263,3.099218073906833e-05,0.05672595347533473,0.09125901091086298,0.008634034333292252,0.003823428373553017,0.029418382269387366,0.21552614690565972,180.77394433510958,810,1609.708588353009
3,0.0002209526454952657,0.06246217805841621,3.099103513118601e-05,0.05672616922092568,0.09125735534773359,0.008633291210052347,0.003823365254712757,0.02941888102423654,0.21552614690565972,180.7739405230643,1218,2384.2432238030015
4,0.0002209578899399799,0.06246151898846731,3.099163043242671e-05,0.056726099891687594,0.09125954482269136,0.008634243383018872,0.003823459668867081,0.029418258940534854,0.21552614690565972,180.77394533825822,628,1159.3009231780015
