,p1,p2,p3,p4,p5,p6,p7,p8,Gkr,RMSE,iterations,CPU_time,score
0,0.0016145429078118188,0.07292012424119618,1.9058618797045135e-05,0.052288252430387434,0.11020498204568058,0.023173102988252262,0.008888171000789374,0.029406020669400575,0.1530119898916048,2970.004600208479,3214,15229.854958223,2970.004600208479
1,0.0258568915780483,1.0963060911572166e-07,0.1799001913427967,0.0004297867943723305,8.697723359016401e-06,1.7656499363137957e-07,0.6371428133132827,0.029003389787509267,0.1524,,3214,,
