,p1,p2,p3,p4,p5,p6,p7,p8,Gkr,RMSE,iterations,CPU_time,score
0,1.0000054360929758e-07,0.189746931086545,1.0000266225558905e-07,0.08921162440597102,1.3993624418432927e-07,0.3447271466315069,6.815488206912365e-05,0.13751234240691274,0.35918493356152453,49939.85567519074,1772,3250.8483412060014,49939.85567519074
1,0.020278353268847697,0.001089069490983082,2.647307109667271e-06,0.008847174623423883,1.4492003098836053e-07,1.4395908961007241e-07,2.9247669512103973e-05,0.028385046711950808,0.1524,,1772,,
