,p1,p2,p3,p4,p5,p6,p7,p8,Gkr,RMSE,iterations,CPU_time
0,0.00011887555328420082,0.09596687298089829,1.7774121786252052e-05,0.052850717606768176,0.05470072161526774,0.010154137653401436,0.00882186534633268,0.04759844407533635,0.045308791081603676,9202.75021738365,573,1330.7054599869953
1,0.00011883481985443362,0.09596747233811456,1.7771716334622116e-05,0.05285192136120122,0.0546985456174283,0.010155388757281269,0.008820783593384136,0.047599697428310044,0.045308791081603676,9202.75020070067,620,1881.2347968499962
2,0.00011895892209261839,0.09595068413191915,1.7771535981149437e-05,0.052852233101970236,0.05470194541146998,0.01015440370941418,0.008821375733974249,0.04759959406409935,0.045308791081603676,9202.75016032067,707,1697.5000639360005
3,0.00011874845366576032,0.09598426404465137,1.777378255802017e-05,0.05285007345129047,0.05469659588558008,0.010156438232951426,0.008820311382736026,0.047598859682493534,0.045308791081603676,9202.750166373791,1021,3011.4588890250016
4,0.00011887312336011317,0.09596472740977324,1.7772858903267345e-05,0.05285049109475686,0.054700839883714734,0.010155075215641358,0.008821194725254123,0.04759797638003225,0.045308791081603676,9202.750171280266,779,1726.3641858229967
