,a_a0_a,a_a0_b,b_a1_a,b_a1_b,k_f_a,a_1_a,a_1_b,b_a0_a,b_a0_b,a_a1_a,a_a1_b,k_b_a,b_1_a,b_1_b,g_Kr,RMSE,iterations,CPU_time,score
0,0.022449761969878367,0.011704730055528112,6.8963467845171e-05,0.04177499217788073,0.02388417251577627,0.09082574374989068,0.023406507770443594,0.047329019778969396,0.06321180425125421,0.013636120853884826,0.03817201681647364,0.036656258810523326,0.006495906271189504,0.03267399407956741,0.1524180079691458,139.29886202047126,1026,3603.9166233359997,139.29886202047126
