,p1,p2,p3,p4,p5,p6,p7,p8,Gkr,RMSE,iterations,CPU_time
0,0.00012035653104142279,0.0845282098390564,3.067252037494044e-05,0.05356236274550443,0.08451528533711739,0.009259246205044471,0.006703737884737738,0.03491424114965274,0.10776307345282986,792.2415618692016,1263,3413.6726251999935
1,0.00012036010393883058,0.08452841262326388,3.0672031605533966e-05,0.05356256452177676,0.08451251345672298,0.009258519576447253,0.006703355352780185,0.03491490804073972,0.10776307345282986,792.2415704956488,823,1889.2345416590106
2,0.00012036366681905092,0.08452771855622844,3.067277144234034e-05,0.053562313300990365,0.08451685155167149,0.009259042514785622,0.006703756536202501,0.03491426250614688,0.10776307345282986,792.2415626414579,614,1428.9690584119962
3,0.00012036127573601273,0.08452814164052788,3.067327921846277e-05,0.053562169464426275,0.08451669463689164,0.009259106342975321,0.0067036323268794005,0.0349144342037879,0.10776307345282986,792.2415576020834,958,1941.418992195002
4,0.00012035493936696765,0.08452852044772446,3.067251723855763e-05,0.05356240356531488,0.08451499455289849,0.00925866848455298,0.006703663005523453,0.03491460449235279,0.10776307345282986,792.2415622240279,1037,2630.692590638995
