,a_a0_a,a_a0_b,b_a1_a,b_a1_b,k_f_a,a_1_a,a_1_b,b_a0_a,b_a0_b,a_a1_a,a_a1_b,k_b_a,b_1_a,b_1_b,g_Kr,RMSE,iterations,CPU_time,score
0,0.023272950091595912,0.010768963926648233,6.933408464963987e-05,0.04172895276599983,0.02421875728623719,0.09104128558517897,0.023402150124952507,0.051885200664441515,0.0643673629890819,0.013698636356404132,0.03737998012578685,0.035840894278337025,0.0065112850304857185,0.03266850240587803,0.15242830835453355,138.18940979321732,1348,4229.792229679,138.18940979321732
