,p1,p2,p3,p4,p5,p6,p7,p8,Gkr,RMSE,iterations,CPU_time,score
0,0.001968674545462192,0.05413408730926165,2.980528578533462e-05,0.0487262222931928,0.09601714379512458,0.02310455081073049,0.006843416267720576,0.031398900103286276,0.1578751700853833,2605.9361404613323,1742,5962.559854969,2605.9361404613323
1,6.857658525141689e-06,7.161032129683182e-07,0.0016025885084788303,1.4399678466386216e-06,0.0038622362813490406,0.007066078927390835,1.1589206665407687e-07,1.816367117727055e-07,0.1524,,1742,,
