,p1,p2,p3,p4,p5,p6,p7,p8,Gkr,RMSE,iterations,CPU_time
0,0.00012073463550730841,0.08444374275820914,3.06636794506139e-05,0.05356784764852241,0.08451561751512848,0.009263411424136423,0.006709250052735481,0.03491114922659399,0.10776307345282986,793.580844859076,1374,3102.599386531001
1,0.00012073587140699305,0.08444334255240495,3.0664628192637445e-05,0.05356759369306063,0.0845164787064074,0.009263637592582818,0.006709309519453252,0.03491101235069179,0.10776307345282986,793.5808525946421,957,2404.480611760984
2,0.0001207358377048072,0.08444332048146298,3.066381263717484e-05,0.05356781003148416,0.08451437217864119,0.009263534289092067,0.0067091202545852945,0.034911062098002175,0.10776307345282986,793.5808493915429,922,1855.3295149450132
3,0.00012073210586718063,0.08444399825320988,3.0663928968985356e-05,0.05356769678612777,0.08451497150936389,0.0092635030644521,0.006709273948853544,0.03491082707695025,0.10776307345282986,793.5808440445728,1102,2604.4841235360072
4,0.00012072861535816865,0.08444467975970738,3.0663406730016875e-05,0.05356793223578102,0.08451469435745328,0.009263632639783637,0.006709132352461334,0.03491101165415744,0.10776307345282986,793.5808416435094,1345,2749.763354558003
