,b_1_a,b_1_b,k_b_a,b_a0_a,b_a0_b,b_a1_a,b_a1_b,k_f_a,a_a1_a,a_a1_b,a_a0_a,a_a0_b,a_1_a,a_1_b,g_Kr,RMSE,iterations,CPU_time,score
0,0.006511292801836404,0.03266858832928669,0.03583775771553011,0.05187743607847177,0.06436574450615062,6.933151038910823e-05,0.04172924390257523,0.024215216395722924,0.013695535801461059,0.03738745723381652,0.02327834843785158,0.010766525724654908,0.09104181638184018,0.02340219138051142,0.15242843626192337,138.18940987802443,1628,4772.052763423,138.18940987802443
