,a_a0_a,a_a0_b,b_a1_a,b_a1_b,k_f_a,a_1_a,a_1_b,b_a0_a,b_a0_b,a_a1_a,a_a1_b,k_b_a,b_1_a,b_1_b,g_Kr,RMSE,iterations,CPU_time,score
0,0.02219219811157599,0.012139261338787802,6.848043280245954e-05,0.041832346174390425,0.024852398346237134,0.09083785940075448,0.023403039666079907,0.04455222572919149,0.06364482048029402,0.013367721656396386,0.03759804476208793,0.03929239000710463,0.006496981496410753,0.03267003947426202,0.15241351452279467,138.3720706717776,1165,3638.376869277001,138.3720706717776
