,p1,p2,p3,p4,p5,p6,p7,p8,Gkr,RMSE,iterations,CPU_time,score
0,0.0018604807662247218,0.09354867735818735,1.3294716188322411e-05,0.05453704270465654,238.59299746687856,0.022837078701293513,21.5266396183437,0.029057517239055797,0.1388505300730152,13510.528201625506,1295,5875.388560923002,13510.528201625506
1,0.1314803833760948,0.0002281162674337148,2.0931883579753264e-07,1.6080717912903406e-05,0.0007714120978149753,0.02044018702422311,1.1558456936557135,2.041680311339331e-06,0.1524,,1295,,
