,p1,p2,p3,p4,p5,p6,p7,p8,Gkr,RMSE,iterations,CPU_time,score
0,0.0016855026166740113,0.08448402411167977,2.210239016766892e-05,0.05120465018504138,0.12144677297578065,0.026886375117834257,0.00887167146348599,0.028784261563263205,0.1546608619454649,654.199808866473,1411,2657.431189199,654.199808866473
1,0.0007638440281266344,1.1843544290445436e-07,0.0196526906958603,6.352856029295314e-07,0.0006791359501716542,0.0015321237872552957,9.802799424497979e-05,0.00014726545049892437,0.1524,,1411,,
