,p1,p2,p3,p4,p5,p6,p7,p8,Gkr,RMSE,iterations,CPU_time,score
0,0.0015678681071893547,0.0793372882625301,2.220785304405641e-05,0.051181841009776734,0.0959875308231957,0.02394157726240595,0.007054268345381095,0.03131602463018402,0.15483520012120408,723.5634727214288,1284,2892.3165437730004,723.5634727214288
1,5.5829166597711955e-05,0.00010165762935003519,0.0001825346065961036,7.502921129905497e-07,0.00021891367840742694,0.048585973243124754,1.619891271024616e-05,0.00031828325538858657,0.1524,,1284,,
