,a_a0_a,a_a0_b,b_a1_a,b_a1_b,k_f_a,a_1_a,a_1_b,b_a0_a,b_a0_b,a_a1_a,a_a1_b,k_b_a,b_1_a,b_1_b,g_Kr,RMSE,iterations,CPU_time,score
0,0.02222078945898119,0.011516018777989225,6.876662372982793e-05,0.04180009960871514,0.023890367470728462,0.09082946237595244,0.023385277708861084,0.04663602709827493,0.06250565115572346,0.013727687063861562,0.03851374070854874,0.03716482104451703,0.00649757106192392,0.03267406340929885,0.15242561372555194,173.9210279652484,1059,4961.106062385999,173.9210279652484
