,p1,p2,p3,p4,p5,p6,p7,p8,Gkr,RMSE,iterations,CPU_time
0,0.00022411384340622538,0.07237276814820937,3.645951001576914e-05,0.052103657935506476,0.08345958905625454,0.0087552816673052,0.006931851435929733,0.034415312988218004,0.10870874072059561,826.9929011176306,1229,3122.2049781690002
1,0.00022411102164719425,0.07237303071870602,3.646010836019335e-05,0.052103505701764356,0.0834596796957024,0.008755402980532371,0.006931912018745168,0.034415221277218584,0.10870874072059561,826.992900599123,671,1689.6461813269998
2,0.0002241121528551218,0.07237291814404648,3.645982290694981e-05,0.05210352350471792,0.08345962133929098,0.008755366129617205,0.0069318614745525215,0.034415308131722444,0.10870874072059561,826.9929024070664,525,1306.1900604120165
3,0.00022411139159180156,0.07237296293873494,3.645998666123006e-05,0.052103481546455395,0.08345966747904066,0.008755318964859893,0.006931851935469242,0.034415379967684845,0.10870874072059561,826.9929007556802,817,2017.5941076590098
4,0.00022410942741336922,0.07237306057739293,3.645941447253631e-05,0.05210361044209313,0.08346034779550163,0.008754897040152669,0.006931915900642001,0.034415742313838094,0.10870874072059561,826.9929030770032,931,3915.018385456002
