,b_1_a,b_1_b,k_b_a,b_a0_a,b_a0_b,b_a1_a,b_a1_b,k_f_a,a_a1_a,a_a1_b,a_a0_a,a_a0_b,a_1_a,a_1_b,g_Kr,RMSE,iterations,CPU_time,score
0,0.006495741765434209,0.03268921560347321,0.03633473328836675,0.04593830764498186,0.06272370279747344,6.86085430625651e-05,0.04181756654820036,0.02404395980742351,0.01334644644642698,0.03857366669775283,0.022022058306154783,0.011818392749344665,0.09079226985825779,0.023379914264898438,0.15239527127588381,139.04301152705239,985,2904.9920218179996,139.04301152705239
