,b_1_a,b_1_b,k_b_a,b_a0_a,b_a0_b,b_a1_a,b_a1_b,k_f_a,a_a1_a,a_a1_b,a_a0_a,a_a0_b,a_1_a,a_1_b,g_Kr,RMSE,iterations,CPU_time,score
0,0.006496182995735277,0.03268555789342356,0.03697109994878163,0.0464883059753814,0.06274125663978201,6.906012404968165e-05,0.041759969980384795,0.023783526124034605,0.013774572019289218,0.0380772131358996,0.02221410906870477,0.011983099270779585,0.09083889464292964,0.02340063189073907,0.15238463107881736,203.2558012323245,1153,5570.7571933360005,203.2558012323245
