,a_a0_a,a_a0_b,b_a1_a,b_a1_b,k_f_a,a_1_a,a_1_b,b_a0_a,b_a0_b,a_a1_a,a_a1_b,k_b_a,b_1_a,b_1_b,g_Kr,RMSE,iterations,CPU_time,score
0,0.022292274537500944,0.011778904485522242,6.910159877317326e-05,0.04175409594550892,0.02382450179179948,0.09081854630665989,0.02338940970388608,0.04683016885960412,0.06335570154820021,0.013689677223528266,0.03810135055405149,0.03661932550142,0.006498049220544858,0.03267869239279648,0.15239346362126074,173.8493988048967,905,4271.400649458999,173.8493988048967
