,p1,p2,p3,p4,p5,p6,p7,p8,Gkr,RMSE,iterations,CPU_time,score
0,2.624580076543746e-06,1.1225832714578367e-07,0.5954285908244652,1.59910690227174e-07,0.11039059061966694,0.0007808447126425309,8.610653797635009e-05,0.001657694493992874,0.15240005042506363,137516.44871725506,231,454.67551386599916,137516.44871725506
1,2.6245807279467087e-06,1.5531636150845506e-07,0.5954286310975565,4.846197046919107e-07,0.11039056720030713,0.000781059099427964,8.610654817091542e-05,0.001657790551831414,0.1524,,231,,
