,a_a0_a,a_a0_b,b_a1_a,b_a1_b,k_f_a,a_1_a,a_1_b,b_a0_a,b_a0_b,a_a1_a,a_a1_b,k_b_a,b_1_a,b_1_b,g_Kr,RMSE,iterations,CPU_time,score
0,0.02255822146805849,0.011711684102883806,6.89080418185782e-05,0.04177490812870808,0.02380045935670315,0.0908190033952329,0.023386327815458675,0.04731853982571331,0.06334509327966893,0.013581147884800655,0.0380656309454317,0.03646837742749604,0.0064965424404164985,0.032683656158127836,0.15239683369045345,174.58113540895778,971,4374.152108212002,174.58113540895778
