,p1,p2,p3,p4,p5,p6,p7,p8,Gkr,RMSE,iterations,CPU_time
0,5.467756418962713e-05,0.1012735098513848,1.793062571619103e-05,0.05423716661144071,0.0642309200573614,0.01121533920647234,0.01057722969381334,0.042730006685062584,0.05388153672641493,7112.205431281002,691,1890.66981471701
1,5.4667559580722786e-05,0.10127613373885595,1.7925712277902284e-05,0.054239480923877065,0.06423714948047146,0.011214543459209332,0.010578641958582167,0.04272877841630862,0.05388153672641493,7112.205386320026,1073,3349.073618809998
2,5.467614325719843e-05,0.10127397914796472,1.7929027339078406e-05,0.054238050949170016,0.06423086703130995,0.01121516571556716,0.01057763457030941,0.042729688890487484,0.05388153672641493,7112.205429782888,1248,3745.7620030219987
3,5.4663127191830224e-05,0.10127760323304855,1.7929574633423575e-05,0.054237665259573534,0.06423390824775788,0.011215085334465478,0.010578164840845379,0.04272905395283292,0.05388153672641493,7112.20540435214,940,2927.720454039998
4,5.467690727011059e-05,0.10127355005929714,1.793047305069122e-05,0.05423726074759631,0.06422709618675447,0.011215415437593678,0.01057700581473278,0.04272979702334412,0.05388153672641493,7112.205445410928,1063,3073.87952482501
