,a_a0_a,a_a0_b,b_a1_a,b_a1_b,k_f_a,a_1_a,a_1_b,b_a0_a,b_a0_b,a_a1_a,a_a1_b,k_b_a,b_1_a,b_1_b,g_Kr,RMSE,iterations,CPU_time,score
0,0.023095604751449658,0.011182569660565488,6.890863842398364e-05,0.04177661869739767,0.023751954570927592,0.09087109133199373,0.023395190403331555,0.048396129631369376,0.06348619276697819,0.013502217788111066,0.03832060236049078,0.036289788789440426,0.006502103249347205,0.032679053845837615,0.1523883837342636,295.9258908674737,1245,8072.684641718,295.9258908674737
