,p1,p2,p3,p4,p5,p6,p7,p8,Gkr,RMSE,iterations,CPU_time,score
0,0.0020681957778113835,2.0275442894706966e-07,1.059892091333135,1.0998960319927243e-07,1.4041016718321758e-05,0.301242488742844,0.0016327775423755945,0.10773277143346618,12.34411128720205,269391.9998442575,874,2701.167905303002,269391.9998442575
1,4.319512817555494e-07,1.2982275739913797e-06,0.3787638151231569,3.6970331242239794e-05,0.0013021104579826262,6.148917729936393e-07,3.1168236822967596e-07,0.002488431793978771,0.1524,,874,,
