,p1,p2,p3,p4,p5,p6,p7,p8,Gkr,RMSE,iterations,CPU_time,score
0,0.31401934015448224,1.0000003529464012e-07,2.6282671261690016,1.0000009584528169e-07,1.6850013336040599e-06,1.0000464574372522e-07,1.4925154897135144e-07,1.0000219595433862e-07,0.9460361774234085,121382.45595173833,1779,3300.4722720359996,121382.45595173833
1,0.17382076559763676,0.01202205963728734,1.212461958365744,0.03020944140640786,3.02774408923936e-06,0.0011872254462984403,1.8906236534164315e-07,5.656715144323232e-07,0.1524,,1779,,
