,p1,p2,p3,p4,p5,p6,p7,p8,Gkr,RMSE,iterations,CPU_time
0,0.00019453385620561334,0.0935440123321254,1.695051989192741e-05,0.05290722681710129,0.07879872924248878,0.017449231963398332,0.022777789951146394,0.036301001449694024,0.0381,2602.5884077158257,844,1704.4506096819969
1,0.00019453697673822246,0.09353991854816862,1.694811976164235e-05,0.05290849464089476,0.0787945491083775,0.01744687348350927,0.02277669274022327,0.036302076231002206,0.0381,2602.588414894964,539,1085.8163044309913
2,0.00019450865906608586,0.09355335505387916,1.6950228040370643e-05,0.052907904782326536,0.07880987250229647,0.017451360453379024,0.02278108836850777,0.036298876452599556,0.0381,2602.5884167085583,619,1249.7679254999966
3,0.00019454025591828457,0.09354134597628981,1.6949602684733842e-05,0.05290770991917957,0.07879674503753381,0.017447683334547354,0.022777272003206336,0.03630114816856522,0.0381,2602.5884012331676,780,1606.2523874259932
4,0.0001945701386303947,0.09353487188076522,1.6949156935081554e-05,0.05290838049226396,0.07879094317116168,0.017446765366480762,0.02277536411615179,0.03630328598992738,0.0381,2602.588405951011,673,1447.5508489420026
