,p1,p2,p3,p4,p5,p6,p7,p8,Gkr,RMSE,iterations,CPU_time
0,0.00021740619595728565,0.07635047902302679,3.654434931066635e-05,0.049925074411034234,0.0752648340032218,0.009434005280893023,0.009280106268126576,0.036857689628112145,0.0762,2886.935956533138,766,2349.925865113997
1,0.00021740644330324764,0.07634842132536801,3.654763787962141e-05,0.04992409366355215,0.07527028767140825,0.009434987737793657,0.009280997128723382,0.0368564947078923,0.0762,2886.9359513420645,836,3488.110054181001
2,0.00021740558246314808,0.0763475312862478,3.654614651179484e-05,0.04992458817660181,0.07526747672969229,0.00943456470490063,0.009280541562267446,0.03685721929047205,0.0762,2886.9359248114865,898,3651.7876720939967
3,0.00021741994831219608,0.07634649802602671,3.654468901166023e-05,0.04992492827642815,0.07526807498361182,0.009434714559758977,0.009280556739528855,0.036857034800971585,0.0762,2886.935945166154,574,1543.0181480939937
4,0.00021740754224819622,0.07634767716444057,3.654459371233692e-05,0.04992506722470474,0.07527034598609207,0.009434275022503602,0.009280808547976683,0.03685709934004966,0.0762,2886.93595300863,607,1625.5654134450015
