,p1,p2,p3,p4,p5,p6,p7,p8,Gkr,RMSE,iterations,CPU_time,score
0,0.008135840443690485,0.0017961120820103212,1.6061084903476839,0.007784774825541408,4.815275661630248,0.025593523697439342,0.6039753547189898,0.02960972427511514,15.830274980984939,53595.454484652044,1350,3024.4890150409997,53595.454484652044
1,7.532177457715797e-05,3.643460589485599e-05,3.8485190189689327,1.2983095837243837e-05,1.3944387812915862,5.226735707851296e-07,6.485127122341461,0.023494691542024833,0.1524,,1350,,
