,p1,p2,p3,p4,p5,p6,p7,p8,Gkr,RMSE,iterations,CPU_time,score
0,0.0019697685189407795,0.054148715612299024,2.981701160545307e-05,0.04872392316393684,0.09613874407587004,0.023124176033316624,0.006851327809717258,0.03138769469222141,0.15786472973475774,2603.0552848207517,1271,4073.8375276000006,2603.0552848207517
1,0.2648111992022741,0.029500622268219038,2.3824815030540246e-07,0.0002587533359003488,0.00015348670964312707,0.0035646395523564666,0.015325156646415927,4.530438329634203e-05,0.1524,,1271,,
