,p1,p2,p3,p4,p5,p6,p7,p8,Gkr,RMSE,iterations,CPU_time,score
0,0.001566918946938665,0.07930798003994549,2.2189695294144193e-05,0.05119124205327993,0.09598834492388501,0.023949638381403838,0.007054155117237279,0.031302522127605904,0.15483526949517235,719.8350890632644,1096,2324.2074191229985,719.8350890632644
1,6.010588196193029e-06,0.31300764779682944,0.02078263268779429,1.4083529508087421e-06,0.0003936941822613813,4.67940216224467e-06,0.06594124003388653,0.00013080436123541985,0.1524,,1096,,
