,a_a0_a,a_a0_b,b_a1_a,b_a1_b,k_f_a,a_1_a,a_1_b,b_a0_a,b_a0_b,a_a1_a,a_a1_b,k_b_a,b_1_a,b_1_b,g_Kr,RMSE,iterations,CPU_time,score
0,0.022197811144407317,0.011402238130086244,6.895185434331822e-05,0.041773360355163436,0.023654508595581818,0.0908671875161133,0.023404044523375057,0.0476710160254625,0.06294015229862224,0.014075196875220571,0.03850071844765068,0.03692701182031189,0.00650160289259993,0.032664924521391844,0.15239200237352074,138.01541764769254,1462,5122.174235499,138.01541764769254
