,a_a0_a,a_a0_b,b_a1_a,b_a1_b,k_f_a,a_1_a,a_1_b,b_a0_a,b_a0_b,a_a1_a,a_a1_b,k_b_a,b_1_a,b_1_b,g_Kr,RMSE,iterations,CPU_time,score
0,0.022285549263367364,0.011878972344203488,6.902743166577332e-05,0.04176654447119563,0.023786401025306346,0.09076224442506729,0.02339516982652318,0.04726527386750603,0.06293852369523782,0.013864048278409069,0.0379814212550812,0.036875574840392784,0.006489197376747681,0.032680382198846676,0.15241842312155887,203.44566984649754,1061,3060.910735458998,203.44566984649754
