,p1,p2,p3,p4,p5,p6,p7,p8,Gkr,RMSE,iterations,CPU_time,score
0,0.00011743173516534202,1.000274256832725e-07,0.0059286316325876465,1.000066689447176e-07,1.8173091239444294e-07,0.004746887771546271,0.0004210562297772069,0.00867334688235729,0.3462436901261506,101944.0595835001,987,1660.3918565329996,101944.0595835001
1,0.0001175743940010198,0.0002136760758553362,0.005581499653691955,1.234651262297218e-05,2.0182441340088665e-07,3.1582772268115313e-06,0.0004142333786328606,0.0005703995253706143,0.1524,,987,,
