,p1,p2,p3,p4,p5,p6,p7,p8,Gkr,RMSE,iterations,CPU_time,score
0,0.0016913024331829459,0.036650203301627785,4.2989930142110894e-05,0.045923389347066905,0.09318313326803954,0.021807352142014243,0.007356794638648323,0.029600955871893268,0.1638607934856336,1714.7121941875264,1074,3457.7214892289994,1714.7121941875264
1,0.0017603915571951028,0.12609856599862027,0.007946205863874201,0.038749118996574156,0.07251811457425274,3.597864104635654e-07,0.05885346026749672,3.82267523052929e-06,0.1524,,1074,,
