,p1,p2,p3,p4,p5,p6,p7,p8,Gkr,RMSE,iterations,CPU_time,score
0,0.0016153999810647566,0.07287382818394336,1.904681843285029e-05,0.05229155320056595,0.11011837317086534,0.023156990922041678,0.00888159890180584,0.02942756080430372,0.15297529047380679,2969.596254518548,901,3851.189495264998,2969.596254518548
1,0.012239274872128341,0.11665922168235364,1.0438233378430873e-05,0.109427847240324,0.0001958592251256836,3.258815313612491e-05,0.027351740892004334,0.00018880181010355512,0.1524,,901,,
