,a_a0_a,a_a0_b,b_a1_a,b_a1_b,k_f_a,a_1_a,a_1_b,b_a0_a,b_a0_b,a_a1_a,a_a1_b,k_b_a,b_1_a,b_1_b,g_Kr,RMSE,iterations,CPU_time,score
0,0.02329364467249949,0.01074687580205977,6.933191179708048e-05,0.04172919638639618,0.024204825332902653,0.09104279165631331,0.023402181648329357,0.05192662221220385,0.06437258982832313,0.013694029472239161,0.037399901105458704,0.035805015061338916,0.006511355668392173,0.032668452260545044,0.15242872855926914,138.18941040588192,1137,3564.0887151079996,138.18941040588192
