,a_a0_a,a_a0_b,b_a1_a,b_a1_b,k_f_a,a_1_a,a_1_b,b_a0_a,b_a0_b,a_a1_a,a_a1_b,k_b_a,b_1_a,b_1_b,g_Kr,RMSE,iterations,CPU_time,score
0,0.02184519716482371,0.012135666922072578,6.888204590148348e-05,0.04178345678986359,0.02371697743313368,0.09085450449131076,0.023387808595655507,0.04664665578605575,0.06273061752309803,0.013984360004568472,0.038073576482159074,0.03697291587069424,0.006503953508629107,0.03266603802045946,0.15239733461821153,202.7062333886011,1351,6315.433041844,202.7062333886011
