,p1,p2,p3,p4,p5,p6,p7,p8,Gkr,RMSE,iterations,CPU_time,score
0,0.001969307545697182,0.054173932492440624,2.97827465981188e-05,0.048734440146262235,0.09603477503239345,0.023116447604887437,0.0068430069032315724,0.03139450768758417,0.1578744398289878,2608.359408402701,1129,3246.551615679,2608.359408402701
1,0.004615046451000409,0.06075781812578609,0.00308999801818842,0.09391247422108719,3.4805888858161247e-07,4.7251595602006854e-05,1.8538479147146335e-05,0.018158235558329756,0.1524,,1129,,
