,p1,p2,p3,p4,p5,p6,p7,p8,Gkr,RMSE,iterations,CPU_time
0,0.00027126437549588125,0.06543339388985976,3.4961764097671114e-05,0.05537426812930488,0.0879065251197436,0.008970086178258806,0.004449322376639458,0.03004516754188843,0.1812351643264147,288.1884637542819,946,1809.093694145995
1,0.00027126469687926,0.06543343252599271,3.496087853788463e-05,0.05537451625752283,0.08790646340285102,0.008970166733239979,0.0044492731035168116,0.030045302167238656,0.1812351643264147,288.18846306795524,655,1259.8342099599831
2,0.00027127118298309597,0.06543296330830613,3.496122418880488e-05,0.05537440324928041,0.08790657656215804,0.008970115236152054,0.004449295438253339,0.030045152951100003,0.1812351643264147,288.1884626915899,905,1749.0816183229908
3,0.0002712682785743353,0.06543317330661835,3.49612064998323e-05,0.05537442278076939,0.08790686989640117,0.008970057576305946,0.00444929403401784,0.030045281951162104,0.1812351643264147,288.18846274508655,853,1649.57727822999
4,0.0002712663945170082,0.06543326769205779,3.4961212294467026e-05,0.05537439308247241,0.08790679771937983,0.008970020423548853,0.004449327157543161,0.03004522228974395,0.1812351643264147,288.18846272113626,605,1170.2627411799913
