,p1,p2,p3,p4,p5,p6,p7,p8,Gkr,RMSE,iterations,CPU_time
0,0.00027102653634235763,0.06547213979892048,3.50069302028383e-05,0.05536668203667595,0.08776418055980839,0.008973249430829871,0.004436299420486048,0.03006581841593955,0.1812351643264147,286.3707452513802,739,2250.752524030002
1,0.0002710405434957136,0.06547173703015985,3.500834324675132e-05,0.05536642280851795,0.08776235512173687,0.008973340328234969,0.004436152513472053,0.030066126192439688,0.1812351643264147,286.3707469229617,649,1293.2910562049947
2,0.0002710393750700655,0.06547175858000985,3.50068268394399e-05,0.05536675524113622,0.0877630226717974,0.008973111890436192,0.004436194535436793,0.030066097524741417,0.1812351643264147,286.3707443756901,826,2207.779499393
3,0.00027103042707091375,0.06547228608875254,3.5007585050354895e-05,0.055366571793489854,0.08776404299859016,0.008973087055022259,0.0044362603984394716,0.030066036960794556,0.1812351643264147,286.370744900722,717,2032.0988750090037
4,0.0002710253692982072,0.06547259723924796,3.500700974204113e-05,0.05536672457124284,0.0877631483398993,0.008973248895317877,0.004436208942722023,0.030066012568967692,0.1812351643264147,286.37074430641445,708,2318.783710607997
