,p1,p2,p3,p4,p5,p6,p7,p8,Gkr,RMSE,iterations,CPU_time,score
0,0.0016135824299283654,0.07289941587978939,1.9050733839700312e-05,0.052291147377944366,0.1102249505600494,0.023162186497456203,0.008891605029712205,0.029418883587861787,0.15296740220626587,2966.6571287649576,1434,6686.708301163002,2966.6571287649576
1,2.1327911557588024e-07,1.669095298729227e-07,0.0235985893869054,1.046969467818162e-06,0.4539153084080372,2.6957200653812077e-06,0.02611316292387588,1.40971033569114e-07,0.1524,,1434,,
