,a_a0_a,a_a0_b,b_a1_a,b_a1_b,k_f_a,a_1_a,a_1_b,b_a0_a,b_a0_b,a_a1_a,a_a1_b,k_b_a,b_1_a,b_1_b,g_Kr,RMSE,iterations,CPU_time,score
0,0.022300076573492724,0.0117810516299632,6.910266539292834e-05,0.04175404695814025,0.023824279616493128,0.09081838019080019,0.023389295311310603,0.04684593168223011,0.06337478468247623,0.013687099675403618,0.03809120326466723,0.03661062381532171,0.006498031200767153,0.03267873573008065,0.15239384780128162,173.849392474503,1104,5036.90582077,173.849392474503
