,p1,p2,p3,p4,p5,p6,p7,p8,Gkr,RMSE,iterations,CPU_time,score
0,2.8571242888088155e-07,0.0034766171353423298,9.743654365221353,1.8788942366916044e-07,4.149013296465312e-06,0.13690253576462008,0.001392158157426046,3.367373067097683e-07,0.1523981349241235,396941.30934892216,531,1719.835050357,396941.30934892216
1,2.8571124683507634e-07,0.0034816368627376545,9.743635247004429,3.6606060784222578e-06,4.148985202998763e-06,0.13690302999644902,0.0013921614419204053,9.994837080756033e-07,0.1524,,531,,
