,p1,p2,p3,p4,p5,p6,p7,p8,Gkr,RMSE,iterations,CPU_time,score
0,0.0015660518490836924,0.07931198129242233,2.223115360328198e-05,0.05117152357496563,0.0959767583210748,0.023932299294022998,0.007052065853635005,0.03133535536784343,0.1548236361109967,718.9105895533048,1529,3548.3488902149984,718.9105895533048
1,7.801396806363071,1.9424237798739978e-05,7.090215028021661e-07,2.506641218174839e-07,0.5650955726030749,1.1618099019557845e-05,0.37000979633152015,2.1034514583626956e-07,0.1524,,1529,,
