,p1,p2,p3,p4,p5,p6,p7,p8,Gkr,RMSE,iterations,CPU_time,score
0,0.0015675759130944025,0.07930003965042698,2.220239385697028e-05,0.05117829434133691,0.09594116407970471,0.023935121946314208,0.0070546202213109125,0.03132865008477638,0.15473761868900682,721.3703731187387,651,1538.9687721569999,721.3703731187387
1,0.00037959012096678364,5.298997714161018e-06,9.008759423353425e-05,6.32717752139352e-07,0.22418253374693906,7.687802358869513e-05,0.05597950359950489,1.6024305373243112e-05,0.1524,,651,,
