,p1,p2,p3,p4,p5,p6,p7,p8,Gkr,RMSE,iterations,CPU_time
0,0.00020775241353332026,0.08981371807407494,3.2647009127215586e-05,0.05032564936476049,0.08293428095858311,0.012234097073554382,0.01241588629591076,0.03595377867310368,0.06435684129488249,1014.3312983801886,757,1150.5636608450004
1,0.0002077557617196924,0.08981381952585922,3.264721741034732e-05,0.050325535863859364,0.08293511502625261,0.012234325958433106,0.012415990235031305,0.0359536080735742,0.06435684129488249,1014.3312965707086,745,1496.7826076990023
2,0.00020775793032535146,0.08981394476995751,3.264665967306811e-05,0.050325704638846634,0.08293104688942528,0.012233412504055538,0.012415444337624837,0.035954066299858194,0.06435684129488249,1014.3312982053009,699,1403.0938214359921
3,0.00020775216573508767,0.0898147151998753,3.2647699563770506e-05,0.05032544489663707,0.08292885768922194,0.012233677313305914,0.012415037381886259,0.03595429074557376,0.06435684129488249,1014.3312991432813,773,1551.528164260002
4,0.00020776315518263036,0.08981264355469451,3.2645468433650325e-05,0.050326078672690136,0.08293227334908111,0.012233422986846388,0.012415479403976215,0.035953901284749644,0.06435684129488249,1014.3312977449435,703,1410.1186998060002
