,p1,p2,p3,p4,p5,p6,p7,p8,Gkr,RMSE,iterations,CPU_time
0,0.00017930727475431568,0.09144999196308197,2.9994955632630948e-05,0.047894438586248304,0.049608659734792095,0.014627898178985412,0.015109779048874974,0.04444850971538829,0.0381,10953.184410371046,752,3725.7656979919993
1,0.00017932439254384036,0.09144856635718718,2.998768003234878e-05,0.04789672519099341,0.04961656408714261,0.01462388261855801,0.015112089198347261,0.04445046199677106,0.0381,10953.184440864157,458,2276.980984121008
2,0.00017932433442362117,0.09144604919967018,2.998799803968467e-05,0.04789661572763833,0.04961721816286026,0.01462274665342742,0.015111607990024319,0.044452010212169324,0.0381,10953.184365324172,648,3215.2478232520225
3,0.00017931103867465742,0.09144981505946473,2.9989864566741756e-05,0.047896306091809934,0.04961790825118009,0.01462413137979643,0.01511152747296625,0.04445352693798173,0.0381,10953.184387009118,903,4476.754782152013
4,0.00017931894696023,0.0914492971869751,2.9995386514211092e-05,0.047894516593723055,0.049590007581978124,0.014632879426561404,0.015104239977123029,0.04444324252705387,0.0381,10953.184358168444,1171,5817.880655540997
