,a_1_a,a_1_b,b_a0_a,b_a0_b,k_b_a,a_a0_a,a_a0_b,b_1_a,b_1_b,b_a1_a,b_a1_b,a_a1_a,a_a1_b,k_f_a,g_Kr,RMSE,iterations,CPU_time,score
0,0.09081849328253343,0.02338874027980011,0.04706399967149897,0.06338836119214764,0.03659762067762918,0.02234960798798938,0.011746122799393225,0.006498015558561904,0.032678941192681644,6.911465245552733e-05,0.041752731196981224,0.01368920971730811,0.03805758316525809,0.023837665058269883,0.15239525263093726,173.84946706045218,1210,5502.8654127459995,173.84946706045218
