,p1,p2,p3,p4,p5,p6,p7,p8,Gkr,RMSE,iterations,CPU_time
0,0.0001961777101245157,0.07956950513732579,3.618206727549858e-05,0.049887686265401535,0.06800297886146862,0.009760053197890915,0.006817324064522794,0.040339252589701766,0.0762,2835.759550027093,736,2071.342431817
1,0.00019616046273839634,0.07957156755882647,3.618056911085715e-05,0.049888114767266345,0.06800040085857438,0.009760686886511456,0.006817221791177074,0.04033805227538337,0.0762,2835.7595065610694,740,1748.4788771450112
2,0.00019619121773164502,0.07957063579818283,3.617922369597447e-05,0.04988883598357616,0.06800166976702512,0.009760917807668195,0.00681689013955622,0.040338922944701885,0.0762,2835.7595697314287,872,2382.653953813002
3,0.00019621334193644537,0.07956645438248718,3.617769665274824e-05,0.0498888650590759,0.06800188037770812,0.009759891251382814,0.006817002125979528,0.040339433288403566,0.0762,2835.759495090981,902,1884.2265933460003
4,0.00019615320968390394,0.07957176911897762,3.617936469239837e-05,0.04988793258859764,0.06800052933483701,0.009760574268355443,0.006817012988509101,0.040337808879100386,0.0762,2835.759524403922,776,2350.7925315119937
