,p1,p2,p3,p4,p5,p6,p7,p8,Gkr,RMSE,iterations,CPU_time
0,6.949042333697684e-05,0.09656714712656879,2.4892470093346995e-05,0.053321446916202775,0.07683146023636553,0.009933878653371761,0.008465828938730215,0.0382861912781576,0.07664514235271616,3004.821616451512,682,1270.9574485860066
1,6.949345470945345e-05,0.09656625008584128,2.4892158788964343e-05,0.05332168187697121,0.07683105632258488,0.009933603379210345,0.008465820580252444,0.03828601137283051,0.07664514235271616,3004.8215762675213,1285,2394.528071820998
2,6.948683285357683e-05,0.09656800881529858,2.4891476040521604e-05,0.053321782934091934,0.07682998984719208,0.00993394850724795,0.008465399048841775,0.03828647942368421,0.07664514235271616,3004.8216140351087,922,1708.586927072989
3,6.94927350189082e-05,0.0965661838640336,2.4890576134218967e-05,0.053322154568530865,0.07682996910146432,0.009933571250962938,0.008465498740119062,0.0382864550358839,0.07664514235271616,3004.8216137145077,889,1658.1791876000061
4,6.948203473939717e-05,0.09656912836653449,2.4891085706588957e-05,0.053321999966135826,0.0768188431801978,0.009936067878418305,0.00846467235608092,0.038283029242663795,0.07664514235271616,3004.8216179958063,793,1477.5657156359812
