,p1,p2,p3,p4,p5,p6,p7,p8,Gkr,RMSE,iterations,CPU_time,score
0,0.055539307827267764,1.0004216557896501e-07,0.0001244136625676202,1.0002232874211736e-07,3.0094070357486464e-07,1.0011027361639397e-07,1.549541519656931e-07,1.0004388217563046e-07,0.01711234732185249,240709.8644962753,1097,2206.5078921549975,240709.8644962753
1,0.054535678463077344,0.0036726987782005824,0.00014200030328036448,0.014484158698350175,2.94976732886606e-07,5.1717560117748115e-05,1.4392441168894928e-07,0.0005380217726280441,0.1524,,1097,,
