,b_1_a,b_1_b,k_b_a,b_a0_a,b_a0_b,b_a1_a,b_a1_b,k_f_a,a_a1_a,a_a1_b,a_a0_a,a_a0_b,a_1_a,a_1_b,g_Kr,RMSE,iterations,CPU_time,score
0,0.006495685990773745,0.03268050418417049,0.03700342109809198,0.04756311326167103,0.06305002581175623,6.890225948416217e-05,0.04177696318071197,0.023804190179341125,0.013810563457691676,0.03830994651633836,0.022549832532307423,0.011449610402545865,0.09081216055854502,0.023400838425946244,0.152374477047412,172.81759222535675,917,3999.303640309001,172.81759222535675
