,a_a0_a,a_a0_b,b_a1_a,b_a1_b,k_f_a,a_1_a,a_1_b,b_a0_a,b_a0_b,a_a1_a,a_a1_b,k_b_a,b_1_a,b_1_b,g_Kr,RMSE,iterations,CPU_time,score
0,0.022268091896196128,0.012805218272315578,6.874073363494927e-05,0.04179249291077243,0.024272469388032663,0.09063130360637663,0.023378309355564175,0.04475448763830693,0.06304120861277111,0.013333893147437556,0.037472891749616856,0.03804809595412382,0.0064877673116804455,0.032703655672771864,0.15231699756493502,138.4788682650535,958,3011.320906748,138.4788682650535
