,p1,p2,p3,p4,p5,p6,p7,p8,Gkr,RMSE,iterations,CPU_time,score
0,2.5890435373962665e-06,0.18780730497591636,0.00011484706376203219,0.03707095772613931,1.0000241738743482e-07,0.3374981787398041,4.8043200860739175e-05,0.0690978557608831,0.16695251372503037,33115.23502666848,1216,2394.804266112,33115.23502666848
1,1.8876425224305647e-05,0.017878163319750687,1.538881916748646e-07,3.505294631436613e-05,2.410974732038501e-07,3.893144856918327e-07,0.00023133445325027832,9.349487688377024e-06,0.1524,,1216,,
