,a_1_a,a_1_b,b_a0_a,b_a0_b,k_b_a,a_a0_a,a_a0_b,b_1_a,b_1_b,b_a1_a,b_a1_b,a_a1_a,a_a1_b,k_f_a,g_Kr,RMSE,iterations,CPU_time,score
0,0.09075495113312135,0.02338130439412429,0.046730358052121945,0.06326974207588572,0.03682342584447524,0.022309724483574996,0.011728938986287048,0.0064931125589160225,0.032690584446333444,6.865842136849571e-05,0.04181288445928394,0.013274946762502255,0.03798177527697174,0.024438473658500326,0.15239372948805807,139.04243625242594,1302,4110.2823006960025,139.04243625242594
