,p1,p2,p3,p4,p5,p6,p7,p8,Gkr,RMSE,iterations,CPU_time
0,0.00025015573156040156,0.08858214036817806,3.19481837698287e-05,0.05051326979146064,0.07054247146645619,0.009254735954183455,0.009162490534673003,0.039423839043775,0.06407630684233305,1117.9653705762787,680,1284.480587389
1,0.0002501084480905376,0.08860058197571488,3.194375212291354e-05,0.05051512107853843,0.07054178171889756,0.009253563755591861,0.009161993819569888,0.03942499437988794,0.06407630684233305,1117.965351639244,533,1035.7747037259978
2,0.0002501393805826223,0.08858804761744403,3.194689413584752e-05,0.05051442202378041,0.0705387285120947,0.009253840182758351,0.009161817843145332,0.03942501431478355,0.06407630684233305,1117.9653631732558,461,768.6187712090032
3,0.00025011702434732196,0.08860159000765741,3.1946112599461915e-05,0.05051454462540786,0.07054174655797649,0.00925465073818892,0.009161748437038684,0.03942440123131616,0.06407630684233305,1117.965348722376,492,905.680190775005
4,0.00025011622743243106,0.08860098462350856,3.1945517603629994e-05,0.050514681128344945,0.07054281932247475,0.009254444634114773,0.00916201359687117,0.03942427242758098,0.06407630684233305,1117.9653387150322,572,1292.173778862998
