,a_1_a,a_1_b,b_a0_a,b_a0_b,k_b_a,a_a0_a,a_a0_b,b_1_a,b_1_b,b_a1_a,b_a1_b,a_a1_a,a_a1_b,k_f_a,g_Kr,RMSE,iterations,CPU_time,score
0,0.09082461761085915,0.023392707350606497,0.04692114951794074,0.06303775841554478,0.03678221198437947,0.022423641908430082,0.011779320762316125,0.006495393151451591,0.03267508475601255,6.892256824365364e-05,0.041778988367909026,0.013718572735316488,0.03820702626347453,0.023717326562038257,0.15243755114620156,295.41414018226016,1423,9979.655702919,295.41414018226016
