,a_a0_a,a_a0_b,b_a1_a,b_a1_b,k_f_a,a_1_a,a_1_b,b_a0_a,b_a0_b,a_a1_a,a_a1_b,k_b_a,b_1_a,b_1_b,g_Kr,RMSE,iterations,CPU_time,score
0,0.022332583569521218,0.011732749927195347,6.889036788888583e-05,0.04178296220103117,0.023690111877389,0.09093517714672865,0.023393601642300497,0.04686870980391892,0.06305954072003733,0.01378914880480928,0.038288451499200495,0.036829046218168175,0.006505026449146675,0.0326687894378673,0.15241678388246702,295.45523527498074,1301,9286.656422933998,295.45523527498074
