,a_a0_a,a_a0_b,b_a1_a,b_a1_b,k_f_a,a_1_a,a_1_b,b_a0_a,b_a0_b,a_a1_a,a_a1_b,k_b_a,b_1_a,b_1_b,g_Kr,RMSE,iterations,CPU_time,score
0,0.0221940894597174,0.011105847586822162,6.934479466784152e-05,0.041730824053983095,0.023005848055172223,0.0909622125404496,0.02341005075316666,0.050251394809630354,0.06271082241274374,0.014249159230061275,0.03886206551128601,0.03431385316677452,0.006504306073354599,0.03265101836112651,0.15246533828652278,139.07731538122508,1447,4995.660974136001,139.07731538122508
