,p1,p2,p3,p4,p5,p6,p7,p8,Gkr,RMSE,iterations,CPU_time
0,0.000234058763074334,0.06983674951972386,2.2672952333632925e-05,0.062007910530395366,0.09691217870234517,0.009057299520907572,0.001500301081359599,0.02374068753278317,0.6096,1402.5606552654488,506,894.4733855009981
1,0.00023411171161718736,0.06983525913473916,2.2676343625672436e-05,0.06200663080319557,0.09690980557921,0.009057755076469292,0.0015002327921332136,0.02374061190150327,0.6096,1402.5606398173388,516,913.7615166129981
2,0.00023408164349519717,0.06983618767607512,2.2678073915203604e-05,0.062005859901976365,0.09690312119449777,0.00905719521364074,0.001500117331395858,0.02374120368993061,0.6096,1402.5605944752647,839,1491.7239710819995
3,0.00023410008841886896,0.06983493663021803,2.267781068663954e-05,0.062006146116107816,0.09690600363519407,0.009058009779816311,0.0015002058037494495,0.023740757341432894,0.6096,1402.5605932153064,915,2455.9724765749997
4,0.0002339954109620663,0.0698420874957435,2.2668745842086602e-05,0.06201013680795831,0.09691427952484581,0.009055592825397887,0.0015003818120500948,0.0237415827810521,0.6096,1402.5606905322172,710,1938.793945862999
