,p1,p2,p3,p4,p5,p6,p7,p8,Gkr,RMSE,iterations,CPU_time
0,0.00023317509714800052,0.0699232986548357,2.2608383911861375e-05,0.06203030496598438,0.09698208549060451,0.009046288508182624,0.0015014439870727923,0.02373511883811673,0.6096,1402.1723494038015,684,1125.2747868879815
1,0.00023309530089522427,0.06993058902757843,2.2602433428805116e-05,0.06203311445402585,0.09698298318624797,0.009046941158297375,0.0015014838618138994,0.02373463650104039,0.6096,1402.1724789545156,613,1005.8603679180087
2,0.00023310786593597844,0.06992893558537899,2.2599609650478756e-05,0.06203354837550365,0.09698930576068489,0.0090453324890079,0.0015015699044066812,0.023734998277298164,0.6096,1402.1723557472658,497,815.6416927760001
3,0.00023317331583144914,0.06992477432787943,2.259927476411961e-05,0.06203450707731065,0.0969840573847504,0.009045752305953142,0.0015014319265962957,0.02373544396886671,0.6096,1402.1724223745337,553,906.6369105339982
4,0.00023307854455509365,0.06993361302418771,2.2600027606923224e-05,0.06203338618148514,0.09699096507704238,0.00904574899951468,0.0015015316268426374,0.023734883001791145,0.6096,1402.1723302648825,692,1133.0116825700097
