,p1,p2,p3,p4,p5,p6,p7,p8,Gkr,RMSE,iterations,CPU_time,score
0,0.001692185590517941,0.03662964960165487,4.2963524920717836e-05,0.04592858543292556,0.09315534574913623,0.02181963230092805,0.007350692196141832,0.029605812641007066,0.16385873102040596,1709.8121387829858,1325,3902.723528589,1709.8121387829858
1,1.822667155706749e-05,7.002587444284053e-05,1.5338166279362586e-07,0.007441868885507211,0.0020248335445435563,0.09423305958053255,0.48304522919845944,1.021901534418307e-06,0.1524,,1325,,
