,p1,p2,p3,p4,p5,p6,p7,p8,Gkr,RMSE,iterations,CPU_time,score
0,0.0016152062043933756,0.0728952892143961,1.9056922018958197e-05,0.052289881911998126,0.11025534119765609,0.02316811148290497,0.008891143072392693,0.029411745151961013,0.15300216515658918,2966.6188053724827,1377,6055.639583958999,2966.6188053724827
1,4.6965625702383305,1.7069296300501444e-06,2.4233273278797446e-07,0.0001195146928552345,0.002341701786707357,6.024164119874035e-07,0.7280016179564059,0.006217531999340781,0.1524,,1377,,
