,p1,p2,p3,p4,p5,p6,p7,p8,Gkr,RMSE,iterations,CPU_time,score
0,0.001688561919271014,0.03667866009214939,4.2859667117387866e-05,0.0459558478403533,0.0932027288073052,0.02180195380228207,0.007355294370092363,0.02959919044645039,0.1639086177854671,1710.1925421202877,1448,4121.167017041,1710.1925421202877
1,1.2330971644660527,0.0007614123545548687,3.297423433131476e-05,1.67992965656834e-07,1.1489597138691345e-05,3.696485018180726e-06,7.028863782656851,0.02045784538817819,0.1524,,1448,,
