,p1,p2,p3,p4,p5,p6,p7,p8,Gkr,RMSE,iterations,CPU_time,score
0,0.0019698104139394094,0.05414832352116912,2.9818486378920515e-05,0.048723592078458555,0.0961385937939028,0.023124089822306924,0.006851111923207407,0.0313886175381509,0.15786497814125505,2603.055287946423,752,2533.382427397,2603.055287946423
1,0.04853816149525579,1.0166886869844694e-05,0.0001534421850378791,0.0018882632216463723,0.7404218054279008,2.189620260369158e-06,5.670905043435082e-05,5.875324200371972e-07,0.1524,,752,,
