,p1,p2,p3,p4,p5,p6,p7,p8,Gkr,RMSE,iterations,CPU_time,score
0,0.0016145529069951558,0.0729164782067679,1.90618030397556e-05,0.05228687839069087,0.11020348536321795,0.02317349120526593,0.00888749717373441,0.029406407748863855,0.1530165066930967,2970.0046306671757,1391,6614.503103926003,2970.0046306671757
1,0.046159850778692446,8.23912580086665e-06,7.303291836153563e-06,0.029150489763404844,0.016083771366135383,0.0011079646195322262,0.6304655743038231,0.028904489254329646,0.1524,,1391,,
