,a_1_a,a_1_b,b_a0_a,b_a0_b,k_b_a,a_a0_a,a_a0_b,b_1_a,b_1_b,b_a1_a,b_a1_b,a_a1_a,a_a1_b,k_f_a,g_Kr,RMSE,iterations,CPU_time,score
0,0.09102817701024098,0.0234005706510292,0.04978910496018183,0.06386851791657042,0.03718917029692958,0.022285043516623096,0.011674451351267852,0.00651039376174631,0.0326701652478203,6.937594510255923e-05,0.04172545650731148,0.013978927905528583,0.03691079079297726,0.024578618928934683,0.152427148288747,138.1900884232532,1409,3966.2709392899997,138.1900884232532
