,a_a0_a,a_a0_b,b_a1_a,b_a1_b,k_f_a,a_1_a,a_1_b,b_a0_a,b_a0_b,a_a1_a,a_a1_b,k_b_a,b_1_a,b_1_b,g_Kr,RMSE,iterations,CPU_time,score
0,0.02220857091833546,0.011987274114243794,6.906192700934739e-05,0.04175974980749988,0.023783630634049837,0.09083823489906666,0.02340061634180082,0.04647998217313051,0.06273976528040612,0.013777353628130318,0.038075497772565414,0.03697627202495774,0.00649611885747468,0.03268568477388702,0.15238449798409412,203.25580056335636,1309,6587.906582318001,203.25580056335636
