,p1,p2,p3,p4,p5,p6,p7,p8,Gkr,RMSE,iterations,CPU_time,score
0,0.001968652482681609,0.0541590150650018,2.9779144657289474e-05,0.0487370753813997,0.09611950385475371,0.023103643220533904,0.006851796162156698,0.03139450314536864,0.15788922481562087,2613.046571375753,1218,4029.106908509002,2613.046571375753
1,0.42905550872884834,0.010723129276548967,1.708123109776855e-05,7.713476527008353e-07,0.03176277157885263,0.0006639824572126016,9.277128451492618e-05,0.03559651302848005,0.1524,,1218,,
