,a_a0_a,a_a0_b,b_a1_a,b_a1_b,k_f_a,a_1_a,a_1_b,b_a0_a,b_a0_b,a_a1_a,a_a1_b,k_b_a,b_1_a,b_1_b,g_Kr,RMSE,iterations,CPU_time,score
0,0.02226200296753542,0.011302251118554311,6.908143353478424e-05,0.04175532865354864,0.023700152485092295,0.09083133703582391,0.023405946653586557,0.048291008429870406,0.06340042546511664,0.01427057829553939,0.03813610032536864,0.037226516231225755,0.006499075197976199,0.03267260878050935,0.15233805845077272,138.75784169032292,986,3376.146728357,138.75784169032292
