,p1,p2,p3,p4,p5,p6,p7,p8,Gkr,RMSE,iterations,CPU_time,score
0,0.0016897103483549478,0.036642420952854755,4.293928142579508e-05,0.04593328900216335,0.09318662994070614,0.0218120014295073,0.007351282669539353,0.02961761093249181,0.16386460509092438,1711.9140852565681,969,2992.3804498709997,1711.9140852565681
1,0.00048585337237813626,2.686044452861972e-06,0.00011273582714089531,1.5193330582156244e-05,0.010071110386589473,4.3762976173929667e-07,0.0002104679515641227,0.003517302667737806,0.1524,,969,,
