,a_a0_a,a_a0_b,b_a1_a,b_a1_b,k_f_a,a_1_a,a_1_b,b_a0_a,b_a0_b,a_a1_a,a_a1_b,k_b_a,b_1_a,b_1_b,g_Kr,RMSE,iterations,CPU_time,score
0,0.022213542088917314,0.011983088281331133,6.90630977748284e-05,0.04175962492186265,0.023784503567689894,0.0908384096971736,0.02340062312508962,0.046492524315941766,0.06273968316881055,0.013775846768168738,0.03807471636932638,0.036971910280242944,0.00649610170377539,0.03268568784985541,0.15238479519640988,203.25580191247147,1191,5987.654344887002,203.25580191247147
