,p1,p2,p3,p4,p5,p6,p7,p8,Gkr,RMSE,iterations,CPU_time,score
0,0.001969261063228832,0.05412174777808701,2.9801105216065754e-05,0.04872372257334795,0.09609163933078221,0.023100584979170672,0.006851181596855236,0.03139727723609664,0.1578385989701377,2605.4068103963273,1860,6196.061031218,2605.4068103963273
1,0.025027502660787862,1.1490919228742432e-07,7.5713958014549934e-06,7.468105510896348e-06,6.0444717309562215e-06,7.355511740220364e-07,9.38420198866424e-05,2.1654457420023245e-07,0.1524,,1860,,
