,p1,p2,p3,p4,p5,p6,p7,p8,Gkr,RMSE,iterations,CPU_time
0,0.0002076359523508104,0.0897236759992939,3.2542555314860753e-05,0.050348403121473324,0.08315089276175243,0.01221897772700868,0.012459656755685914,0.03591452274678884,0.06435684129488249,1012.3260422408144,667,1142.2404416309873
1,0.00020765881166335228,0.08971497219117791,3.253912470840517e-05,0.05034920503500965,0.08317651278406542,0.012220080216227011,0.01246365167637268,0.03591197834770306,0.06435684129488249,1012.3260184445954,796,1088.7717591289984
2,0.0002076544661783335,0.08971849136170006,3.2541065736617287e-05,0.050348627880222256,0.08315827672791098,0.01221923862252433,0.012460714710211254,0.03591374539044316,0.06435684129488249,1012.326033804303,603,1153.2549619689962
3,0.0002076478708446924,0.08972335004450484,3.2541926025700876e-05,0.05034851549218863,0.08315410329701148,0.012218906364629358,0.0124600594506251,0.03591469079916285,0.06435684129488249,1012.326039021819,677,854.9639199189987
4,0.00020765024235317136,0.08972138547070915,3.254144186605842e-05,0.05034868584182602,0.08315096045113747,0.01221856677494866,0.012459551190212166,0.03591462060008556,0.06435684129488249,1012.3260393397139,908,1130.994328241999
