,b_1_a,b_1_b,k_b_a,b_a0_a,b_a0_b,b_a1_a,b_a1_b,k_f_a,a_a1_a,a_a1_b,a_a0_a,a_a0_b,a_1_a,a_1_b,g_Kr,RMSE,iterations,CPU_time,score
0,0.0065003769504128886,0.032660597736758556,0.03790178605465151,0.047287874779568924,0.06339158300864192,6.886348684232955e-05,0.04178557584925897,0.024409682793791732,0.013690594754603175,0.037860047937841285,0.02238395233505064,0.011562510785660765,0.09086140620958433,0.023420261462897347,0.15240084340658952,138.0135141474189,1187,3479.551970280999,138.0135141474189
