,p1,p2,p3,p4,p5,p6,p7,p8,Gkr,RMSE,iterations,CPU_time,score
0,0.007585033918364799,0.18893388221435248,1.0000030300215454e-07,0.07669048510427594,7.137645275908207e-06,1.0242543550004427e-07,1.4299741190820604e-07,1.0046874685492407e-07,0.4334764352223427,120620.04160436532,1565,2852.50903826,120620.04160436532
1,0.059866333036584424,0.10272955605475487,7.41461659015227e-07,2.9146359815544678e-05,4.567101216318527e-06,5.953739852201408e-07,1.1389235204510073e-06,3.0565422555057417e-06,0.1524,,1565,,
