,p1,p2,p3,p4,p5,p6,p7,p8,Gkr,RMSE,iterations,CPU_time,score
0,0.001970061072079354,0.054153729631033674,2.9802736923284554e-05,0.048728404869858695,0.0961432935569169,0.023111852555380025,0.006853819171225623,0.03138575488166836,0.15789393307640923,2603.9765885694824,839,2789.9218325429997,2603.9765885694824
1,1.180568404720197e-05,0.005393835839363443,8.775680504769337e-06,0.052332955655274606,0.05773427994698368,2.636485838134408e-06,0.0012613011932108452,0.0024078029520505596,0.1524,,839,,
