,p1,p2,p3,p4,p5,p6,p7,p8,Gkr,RMSE,iterations,CPU_time,score
0,0.0019689719822675662,0.05412326364958207,2.9787102589208478e-05,0.04873352040445072,0.09600590337711029,0.023112766781082716,0.006841439384480647,0.031388269430111894,0.15790369838130938,2609.632004216729,1069,3893.6062361740005,2609.632004216729
1,0.023192148923625523,4.378277401853423e-06,3.4881527688149883e-05,0.07180105152768161,0.10759541492087804,1.6522659931809375e-06,2.659842631521347e-06,8.21120269811613e-07,0.1524,,1069,,
