,p1,p2,p3,p4,p5,p6,p7,p8,Gkr,RMSE,iterations,CPU_time
0,0.0002216755792247235,0.07266424467871901,3.955838698694056e-05,0.05139765262020439,0.07822560845922881,0.009326157203229971,0.00596934456916668,0.03591749274514763,0.10870874072059561,691.4865239607572,483,1033.4663306019938
1,0.00022174172871426118,0.07265842358843096,3.955746909983076e-05,0.05139794337354839,0.07822576250799966,0.009326331747061798,0.005969314059134316,0.03591714294256584,0.10870874072059561,691.4865139864751,758,1419.3400114889955
2,0.00022167832065956352,0.07266381924425035,3.955476743728882e-05,0.0513984619718021,0.07822528914187127,0.009326396141827472,0.005969412574476315,0.03591631995386032,0.10870874072059561,691.4865116213736,525,939.8932152229972
3,0.0002217145451572203,0.07266185733943484,3.956082907898523e-05,0.05139708732109301,0.07822527789070315,0.009326493639949295,0.005969330352685524,0.03591683821795549,0.10870874072059561,691.4865173188925,644,1147.639505789004
4,0.00022175526599395805,0.07265758954537573,3.955856747075405e-05,0.05139774062676009,0.07822470560897833,0.009326762071394585,0.005969203880679404,0.03591704507227019,0.10870874072059561,691.4865236445415,501,886.754916749007
