,a_a0_a,a_a0_b,b_a1_a,b_a1_b,k_f_a,a_1_a,a_1_b,b_a0_a,b_a0_b,a_a1_a,a_a1_b,k_b_a,b_1_a,b_1_b,g_Kr,RMSE,iterations,CPU_time,score
0,0.022280875437563543,0.011767454012086245,6.888811278446477e-05,0.04178320368511558,0.023682852273169432,0.09093665872283098,0.023393724061468592,0.04674848732516677,0.06301430347798001,0.013805837413066716,0.0383038612479838,0.036865679827043495,0.006505137059155584,0.0326686162850242,0.15241657494193134,295.45519688487434,1210,7812.632386911999,295.45519688487434
