,p1,p2,p3,p4,p5,p6,p7,p8,Gkr,RMSE,iterations,CPU_time
0,0.00022101160092377167,0.06663060574672244,3.3260065101254374e-05,0.05563995663063555,0.08793672642822266,0.009064862031667304,0.0044976927197977,0.030198856402684788,0.1812351643264147,155.85271539283872,607,1113.5614794480061
1,0.000221013367878884,0.06663074464479748,3.3260732938943475e-05,0.055639780468052895,0.08793613183333893,0.009064254081091872,0.004497656370870933,0.03019914011206988,0.1812351643264147,155.85272050919806,496,820.3812969970022
2,0.00022103190610114903,0.06662845864206995,3.325974521213564e-05,0.05563997085869037,0.0879374152489666,0.009064320442005967,0.004497624580045697,0.030199393394743465,0.1812351643264147,155.85271450504382,1407,3071.2650674909964
3,0.00022100724845833158,0.06662813991959683,3.32615739078141e-05,0.055639517175535266,0.08793383628542192,0.009064838986941203,0.004497626111338943,0.030199225828541374,0.1812351643264147,155.85271739201832,653,1171.591978209006
4,0.00022100882089675034,0.06662998119862143,3.325952019697248e-05,0.055640084306425724,0.08793523246482324,0.009064764276491642,0.004497612820550657,0.030199021585330024,0.1812351643264147,155.85271724090657,745,1658.1150642870052
