,p1,p2,p3,p4,p5,p6,p7,p8,Gkr,RMSE,iterations,CPU_time
0,0.00022054374203529458,0.06669771956470426,3.330504108144881e-05,0.05563212608770666,0.08794758596951038,0.009111635001386186,0.004496931209040433,0.03018367970386804,0.1812351643264147,154.71626075729233,815,1130.1336990400014
1,0.0002205465627311983,0.0666976197454351,3.33037034068822e-05,0.05563252466120866,0.08794659439214415,0.009111245809727582,0.004496912433945372,0.030183536204560595,0.1812351643264147,154.71626152971413,629,837.8550098380001
2,0.00022054565726483075,0.06669825264967243,3.3302864256360557e-05,0.055632815072579264,0.08794843410230303,0.009111604453526078,0.0044969720530062115,0.030183194021127166,0.1812351643264147,154.71626523544214,555,706.506418631001
3,0.00022054518216294724,0.06669688890866707,3.330457825920227e-05,0.055632389394622186,0.08794738636463871,0.009111464268573358,0.004496972640603173,0.030183740238275164,0.1812351643264147,154.71626369283814,495,637.655603635998
4,0.00022054684932135748,0.06669582761569386,3.330612218153366e-05,0.05563191289199859,0.08794760223777581,0.00911167556798551,0.004496995116307597,0.030183950020942235,0.1812351643264147,154.71626058087037,813,1234.6754142770005
