,p1,p2,p3,p4,p5,p6,p7,p8,Gkr,RMSE,iterations,CPU_time,score
0,0.001567422663514381,0.07934457779592469,2.221738085506978e-05,0.05118335543439782,0.09597357337237336,0.02395400011977323,0.00705001586908506,0.03130987896112709,0.154862823000313,720.6326362067532,1050,2531.546819920997,720.6326362067532
1,7.715868197341476e-06,4.9971418404193236e-05,0.0008794703740959267,0.002556681070601638,0.01194206740827649,0.09919810934572551,1.3132885654732514e-05,0.005089605291141564,0.1524,,1050,,
