,a_a0_a,a_a0_b,b_a1_a,b_a1_b,k_f_a,a_1_a,a_1_b,b_a0_a,b_a0_b,a_a1_a,a_a1_b,k_b_a,b_1_a,b_1_b,g_Kr,RMSE,iterations,CPU_time,score
0,0.02221343733192431,0.01182660643396573,6.898347611060783e-05,0.04176927161581431,0.023783402999168438,0.09083827103974511,0.02339352178034993,0.04764896545535065,0.0626147152464323,0.013740469125754133,0.03815008925577467,0.03630202696195034,0.006496906096243964,0.032681516253409516,0.15238977421786648,202.01383194453842,1509,7097.644348364,202.01383194453842
