,p1,p2,p3,p4,p5,p6,p7,p8,Gkr,RMSE,iterations,CPU_time,score
0,0.0015674203158668903,0.07934503760453417,2.2215852323389255e-05,0.05118395480057135,0.0959729113943752,0.023954195806919383,0.007050133769387011,0.031309313230500346,0.15486201516463868,720.6326114229431,1307,2722.4778818410014,720.6326114229431
1,0.007026044750944512,8.090421422487496e-05,0.01822507414721703,4.912765641117538e-06,0.004536200624281121,2.7423971281048645e-07,0.6610460533354356,4.165540253880174e-07,0.1524,,1307,,
