,a_1_a,a_1_b,b_a0_a,b_a0_b,k_b_a,a_a0_a,a_a0_b,b_1_a,b_1_b,b_a1_a,b_a1_b,a_a1_a,a_a1_b,k_f_a,g_Kr,RMSE,iterations,CPU_time,score
0,0.09092522414044124,0.02341233497668951,0.05385248552982401,0.06386895300273455,0.03387918167174992,0.023225283575283414,0.010407083501630493,0.006507665518685158,0.03264727720210555,6.951931609041839e-05,0.04170824841859701,0.014180598087956015,0.03815951069182929,0.023194053046615534,0.1523811178545147,138.52856355563992,1535,5181.779289767001,138.52856355563992
