,p1,p2,p3,p4,p5,p6,p7,p8,Gkr,RMSE,iterations,CPU_time,score
0,43.16963769749266,0.0005907050543338682,4.328305438268711e-06,0.13998984829070624,0.10607063840114825,0.021730991993974016,0.014261688088270266,0.03493294031011818,0.08552042382222773,47210.598342894154,2028,6342.048778028002,47210.598342894154
1,0.10427438785914869,1.2404461826993303e-07,8.940589527221123e-05,0.03658283790771397,0.5472003845631142,0.003013729654214599,2.0129956692268606e-07,0.001784609116056577,0.1524,,2028,,
