,a_1_a,a_1_b,b_a0_a,b_a0_b,k_b_a,a_a0_a,a_a0_b,b_1_a,b_1_b,b_a1_a,b_a1_b,a_a1_a,a_a1_b,k_f_a,g_Kr,RMSE,iterations,CPU_time,score
0,0.09083786080872899,0.023393563114550715,0.04760731258061878,0.0626070105648555,0.03631010668927984,0.022200232002280534,0.01183705488549882,0.006496824092515349,0.032681667020968745,6.898458498712794e-05,0.04176912887554436,0.013742350488492682,0.03815209436195189,0.023782299168003056,0.15238988852818924,202.01383636993734,1369,6257.863169060999,202.01383636993734
