,p1,p2,p3,p4,p5,p6,p7,p8,Gkr,RMSE,iterations,CPU_time,score
0,0.001969765739301396,0.0541485634938506,2.9816924451931134e-05,0.04872397590931905,0.0961375301128101,0.023124173545876456,0.006851261712713326,0.03138782088807057,0.15786432804502246,2603.0552799726083,1026,3328.837026145,2603.0552799726083
1,6.188182399287194e-07,0.012727301871659383,0.003914434534616643,4.70580139612918e-07,0.0008759104290117957,0.0012425593030982705,5.234321722560516e-06,7.814515182103112e-05,0.1524,,1026,,
