,p1,p2,p3,p4,p5,p6,p7,p8,Gkr,RMSE,iterations,CPU_time
0,0.00011895544473390814,0.09594049773459745,1.782757349075452e-05,0.05282424565929583,0.05474549066511295,0.01016530223333744,0.008844798775073045,0.047470617318808236,0.045374817422412735,9176.205334824861,682,1166.999234181014
1,0.00011929043529236542,0.09588581156891644,1.7829483621628203e-05,0.05282311428117146,0.05475319197869572,0.010162375209635628,0.008844633413339058,0.04747931124544598,0.045374817422412735,9176.205244969737,661,1132.548951158009
2,0.00011916821690632501,0.09590638468985249,1.7829304852173817e-05,0.05282307733074915,0.05475439392231331,0.010162841687660788,0.008843995502314449,0.047480881434126834,0.045374817422412735,9176.205249785382,598,1040.62690535601
3,0.000119057111499353,0.09592363578960728,1.7813193216080065e-05,0.05283210694340928,0.05476181834274145,0.010160065204778364,0.008845869566199626,0.047479186265345245,0.045374817422412735,9176.20534756613,643,1125.031654810009
4,0.00011909460130853723,0.09591757673717544,1.7828861004773334e-05,0.05282308141728871,0.054751594641921426,0.010163614873237116,0.008844016565900998,0.047479416697042365,0.045374817422412735,9176.205303817487,503,880.6746502080059
