,a_a0_a,a_a0_b,b_a1_a,b_a1_b,k_f_a,a_1_a,a_1_b,b_a0_a,b_a0_b,a_a1_a,a_a1_b,k_b_a,b_1_a,b_1_b,g_Kr,RMSE,iterations,CPU_time,score
0,0.023264769845076222,0.010381826999440935,6.951851439361308e-05,0.041708418167772994,0.02319358450121109,0.09092513084534405,0.023412339190257075,0.05393989701961801,0.0638957921495213,0.014167803394857658,0.0381565909423682,0.03385171674671613,0.006507642770205022,0.03264713575515814,0.1523818200862724,138.52856398729898,1667,5489.702716054999,138.52856398729898
