,a_a0_a,a_a0_b,b_a1_a,b_a1_b,k_f_a,a_1_a,a_1_b,b_a0_a,b_a0_b,a_a1_a,a_a1_b,k_b_a,b_1_a,b_1_b,g_Kr,RMSE,iterations,CPU_time,score
0,0.02228586248343523,0.01187410458111421,6.902572348281322e-05,0.04176672081187149,0.02378676506911243,0.09076255889968206,0.023395245518102025,0.04726325962748039,0.06293403854213007,0.013863773012013395,0.03798728896782086,0.03687668038674281,0.006489179193675763,0.03268043205428191,0.15241821925322366,203.4456697934391,1175,5615.991913255,203.4456697934391
