,b_1_a,b_1_b,k_b_a,b_a0_a,b_a0_b,b_a1_a,b_a1_b,k_f_a,a_a1_a,a_a1_b,a_a0_a,a_a0_b,a_1_a,a_1_b,g_Kr,RMSE,iterations,CPU_time,score
0,0.0065113453893101015,0.03266810396881138,0.03613383754401303,0.05123934979640087,0.06409807747344312,6.939437765074873e-05,0.04172218007407781,0.024214323552590667,0.013891462782716777,0.03732350918860889,0.022838892132180526,0.011063712180986056,0.0910443044134874,0.023402254136999135,0.15242948223801034,138.18951289873937,1140,3335.309084120001,138.18951289873937
