,b_1_a,b_1_b,k_b_a,b_a0_a,b_a0_b,b_a1_a,b_a1_b,k_f_a,a_a1_a,a_a1_b,a_a0_a,a_a0_b,a_1_a,a_1_b,g_Kr,RMSE,iterations,CPU_time,score
0,0.006504195838418957,0.03265563895326386,0.03534511542788962,0.049181931539845236,0.0629392683787389,6.929143359842242e-05,0.041736426742508784,0.0233147626468094,0.01414948135673963,0.03851090337187514,0.022216946346895514,0.011435315696827776,0.09094412411541773,0.02341520912354854,0.15242753503954495,139.29918583054177,984,3071.908718173,139.29918583054177
