,p1,p2,p3,p4,p5,p6,p7,p8,Gkr,RMSE,iterations,CPU_time,score
0,0.0019686556311036803,0.054141655908059964,2.9763473885798305e-05,0.04873946476915538,0.09612526829294706,0.023111891384231597,0.006855491586001511,0.03137512870410002,0.15788181155712047,2608.3642061554874,1571,4753.754174119998,2608.3642061554874
1,4.756816932825058e-05,0.012968269867843857,3.388187333102779e-05,0.007880570850426984,0.00011829532316701296,1.7630065506148425e-06,2.8221451062865768,3.392173631587562e-07,0.1524,,1571,,
