,p1,p2,p3,p4,p5,p6,p7,p8,Gkr,RMSE,iterations,CPU_time,score
0,0.0015660828874739983,0.07931176381626434,2.223124583535605e-05,0.0511713478997729,0.09597472767360313,0.023931693593177084,0.007051911681616471,0.031335983845413314,0.1548233187661737,718.9106048712504,1941,4402.725458117999,718.9106048712504
1,0.05018531526309442,0.0004121546489052949,1.4064073190554635e-05,0.0018729355372782224,4.1978245508445825e-05,0.003608851414456674,1.0596434168327284,3.421358514755811e-05,0.1524,,1941,,
