,b_1_a,b_1_b,k_b_a,b_a0_a,b_a0_b,b_a1_a,b_a1_b,k_f_a,a_a1_a,a_a1_b,a_a0_a,a_a0_b,a_1_a,a_1_b,g_Kr,RMSE,iterations,CPU_time,score
0,0.006502125544495074,0.03266768432318469,0.0371540415557429,0.046273468135614504,0.06286893267023697,6.884804934582535e-05,0.041787006169530426,0.023816627017406833,0.01384663445293985,0.03817698586341716,0.021983586240040036,0.012010011073704759,0.09086478971527864,0.023386687288242898,0.15241834439544805,296.84351725219403,1119,7873.647164960999,296.84351725219403
