,b_1_a,b_1_b,k_b_a,b_a0_a,b_a0_b,b_a1_a,b_a1_b,k_f_a,a_a1_a,a_a1_b,a_a0_a,a_a0_b,a_1_a,a_1_b,g_Kr,RMSE,iterations,CPU_time,score
0,0.006500807583714927,0.03268585708366806,0.036821873769777164,0.04717265009122734,0.06330427691306362,6.882243184185939e-05,0.041791834473544745,0.023760845566309224,0.01379731675853525,0.03813970985086638,0.02227773494925746,0.011752058335119199,0.0908465148435695,0.02337667579840739,0.15240699614682002,202.5291758879366,1300,6618.6959821909995,202.5291758879366
