,p1,p2,p3,p4,p5,p6,p7,p8,Gkr,RMSE,iterations,CPU_time
0,0.0002264325289051215,0.06848826406071229,3.190975660239602e-05,0.05700221565408105,0.08875868627134743,0.009557241764722522,0.0037033373515195723,0.02889314684270074,0.21552614690565972,554.6837794030763,536,2183.836863673001
1,0.00022643216507394943,0.0684887955156364,3.19088237676375e-05,0.05700241217274417,0.08875787812428712,0.00955729135188477,0.0037032869320596873,0.028893163683413717,0.21552614690565972,554.6837786083839,576,1664.4392515380023
2,0.00022643214313238026,0.06848839561723555,3.1908943152806085e-05,0.05700239187495106,0.08875823703155195,0.009557363631701107,0.003703312825264789,0.028893122877045912,0.21552614690565972,554.6837760668045,752,3147.658363167997
3,0.00022643152113395088,0.06848871025751867,3.190919970465861e-05,0.057002387846244146,0.0887583924019014,0.009557287712007983,0.0037033083324569268,0.02889329086055686,0.21552614690565972,554.6837766267396,539,1889.6219032440058
4,0.00022643400093030436,0.06848800054844612,3.1909392604970116e-05,0.057002281746822196,0.08875882361839973,0.009557273233889444,0.00370334664207514,0.028893180825523213,0.21552614690565972,554.6837756725051,624,1609.9848718619905
