,p1,p2,p3,p4,p5,p6,p7,p8,Gkr,RMSE,iterations,CPU_time,score
0,0.0019688363584808603,0.05414886410519404,2.9820930900701446e-05,0.048722059678090256,0.09600514295861375,0.023113933820395886,0.0068427427311409635,0.031396872565187924,0.15786048777923836,2602.4615418753947,2758,9765.783860649004,2602.4615418753947
1,0.3946711217138594,0.004309419489722051,0.006903748334360462,2.2847290803854223e-05,3.0050823676137546e-07,2.0185687699570195e-07,5.181215090548654e-05,2.2871462970144095e-06,0.1524,,2758,,
