,p1,p2,p3,p4,p5,p6,p7,p8,Gkr,RMSE,iterations,CPU_time
0,0.0001198496238241157,0.09581065665769521,1.7822901567429473e-05,0.052813080867162784,0.05479069991243166,0.010130091536372215,0.008836005731012953,0.04762582679839998,0.045308791081603676,9203.59109231339,847,2367.3048638109976
1,0.00011981143566270675,0.09581418973530573,1.782308050411416e-05,0.05281173568985943,0.054791768805785165,0.010129878571024332,0.008835565473198128,0.04762689379537008,0.045308791081603676,9203.591228441097,607,1830.3984429129996
2,0.00011984454513859373,0.09581166367956946,1.7825246100732305e-05,0.052811486021208394,0.054792642551904455,0.010129325429695697,0.008837117719248265,0.047624396365237624,0.045308791081603676,9203.591116721635,792,2216.798575164001
3,0.00011987527361369575,0.095807136786743,1.7822645833202252e-05,0.052813109411821275,0.05479213813817982,0.01013052451448279,0.008836601746614856,0.04762370260407865,0.045308791081603676,9203.59116753193,536,1348.3705302309972
4,0.00011987822971276749,0.0958042882474936,1.782214460352471e-05,0.05281313857084933,0.054790421203854384,0.010129737299145599,0.0088358673633649,0.04762597424816727,0.045308791081603676,9203.591113165709,934,1938.4849459229954
