,p1,p2,p3,p4,p5,p6,p7,p8,Gkr,RMSE,iterations,CPU_time,score
0,0.001684703348984154,0.08444480709079238,2.2114519424665913e-05,0.05119866245091071,0.12143346917434009,0.02689973221664007,0.008870911619806082,0.028776553672155897,0.15466035449922452,653.2881354217324,1639,3186.922373227999,653.2881354217324
1,0.13718410994257754,0.12786996637995435,0.0004958532594753122,1.6095193001114715e-07,8.963839021205173e-05,0.1146883524763724,0.009485004453503195,3.814251285488856e-07,0.1524,,1639,,
