,b_1_a,b_1_b,k_b_a,b_a0_a,b_a0_b,b_a1_a,b_a1_b,k_f_a,a_a1_a,a_a1_b,a_a0_a,a_a0_b,a_1_a,a_1_b,g_Kr,RMSE,iterations,CPU_time,score
0,0.0065015879688918405,0.03266532947292345,0.036853524101776135,0.04786359691543021,0.06305930481856428,6.891186014703387e-05,0.041777951887481325,0.023666443482034682,0.013985485771719763,0.03853448281725104,0.022380499147218694,0.01126788261456025,0.0908656106042233,0.023403755005909948,0.15239088295942613,138.01537344152004,972,3376.164738452,138.01537344152004
