,p1,p2,p3,p4,p5,p6,p7,p8,Gkr,RMSE,iterations,CPU_time
0,0.00022501489931779623,0.07486243207964638,3.623637702473854e-05,0.053389877215639925,0.08651227886964517,0.009349339540255531,0.00608355839287385,0.03267238581142776,0.1281526136846661,161.1527070501351,698,824.4329311839974
1,0.00022501945845283212,0.0748612735806435,3.6236334120514015e-05,0.05338984700633274,0.08650788585094493,0.009348671138986488,0.006083262803925533,0.0326730093022201,0.1281526136846661,161.1527066588302,734,915.3485422840022
2,0.00022501253227195215,0.0748630503295132,3.6236368808325395e-05,0.05338987477666514,0.08650706773998607,0.009349100809484341,0.006083197586100614,0.032672732528857135,0.1281526136846661,161.15270695640635,534,680.920628627995
3,0.00022501831369927013,0.07486169052748706,3.62366683355344e-05,0.053389761303678174,0.08650760477831707,0.009349011784409916,0.006083244121309869,0.032672699579386684,0.1281526136846661,161.15270729640264,489,969.7306737510007
4,0.0002250137698915729,0.07486236051352106,3.623639985641202e-05,0.053389858082963974,0.08650994322020163,0.00934902471172678,0.006083402579097081,0.03267266909752882,0.1281526136846661,161.15270738359465,634,1067.8346004150008
