,p1,p2,p3,p4,p5,p6,p7,p8,Gkr,RMSE,iterations,CPU_time,score
0,0.0019690629552042843,0.05413062669956223,2.978428064949423e-05,0.04873428845796748,0.09600491868046789,0.023112960623926083,0.006841335026133244,0.031387890424375266,0.15790279455012285,2609.631994986436,2279,6916.858213346,2609.631994986436
1,1.0643597165492126e-05,0.1884356034486596,0.37053992547617154,1.4820075625836407e-06,2.1273977531616227e-06,2.9803935843219493e-05,1.17807115555478e-07,0.0001391345777589245,0.1524,,2279,,
