,b_1_a,b_1_b,k_b_a,b_a0_a,b_a0_b,b_a1_a,b_a1_b,k_f_a,a_a1_a,a_a1_b,a_a0_a,a_a0_b,a_1_a,a_1_b,g_Kr,RMSE,iterations,CPU_time,score
0,0.006495956265560976,0.03268906339503255,0.03542508791162172,0.047246105924031674,0.06317869902725413,6.853243684474976e-05,0.04182585052081354,0.023876487454362095,0.013031033560973569,0.03885549543774941,0.02285347014874433,0.011165010340529921,0.09079423966980314,0.023380559055963566,0.15239493644256275,139.04254696181835,1695,5372.997689506999,139.04254696181835
