,p1,p2,p3,p4,p5,p6,p7,p8,Gkr,RMSE,iterations,CPU_time,score
0,4.687619859481676e-06,0.0005429434249170858,0.00030229460725065177,0.028300076677358718,0.0897186844356673,0.020207663794684198,0.007416582694446223,0.03103097570998009,25.47958247455559,15624.159500660042,1578,4489.1277247689995,15624.159500660042
1,0.11983602550464666,7.209513452750191e-05,3.673877012327369,0.0008827985730917203,6.306654675119199e-05,0.0002637757733753681,5.827278266370828e-06,0.0013617559608490057,0.1524,,1578,,
