,a_a0_a,a_a0_b,b_a1_a,b_a1_b,k_f_a,a_1_a,a_1_b,b_a0_a,b_a0_b,a_a1_a,a_a1_b,k_b_a,b_1_a,b_1_b,g_Kr,RMSE,iterations,CPU_time,score
0,0.022045267523340115,0.011942873993973455,6.897272119714308e-05,0.04177090304120025,0.023752668073824208,0.09088477030971134,0.023391434224191713,0.04656552743586239,0.06277316659421922,0.013864680660066223,0.03821460742991795,0.03692631780998252,0.0065021024119478145,0.032677728011851204,0.15240139006779505,203.16610874209243,1208,5639.236349068,203.16610874209243
