,p1,p2,p3,p4,p5,p6,p7,p8,Gkr,RMSE,iterations,CPU_time,score
0,0.0015674423975461872,0.07934518559616778,2.2218214507806808e-05,0.05118310934335201,0.09597304829598281,0.02395354474435782,0.007050065469104691,0.031310148672628026,0.1548633955317772,720.632625202318,963,2114.6826725319997,720.632625202318
1,9.918014769748013e-06,1.138048578887823e-06,5.4491112368181583e-05,0.09672320465545906,0.00016332888530645756,1.2686942292702872e-05,0.05170371218583039,0.03166165223058895,0.1524,,963,,
