,p1,p2,p3,p4,p5,p6,p7,p8,Gkr,RMSE,iterations,CPU_time,score
0,0.001687997013910102,0.08453385489456258,2.2068542911165358e-05,0.05121646238261551,0.12175587524880166,0.02691488304987064,0.008891676325854688,0.028750504530898075,0.15467470045302406,654.6967656488279,1408,2900.866303407,654.6967656488279
1,6.485973798096321e-07,3.216621884057699e-05,3.884791071197956e-07,0.02663442141829115,0.00013755709680189252,1.6823143425247286e-05,0.007631788840903408,1.2533391767185035e-05,0.1524,,1408,,
