,p1,p2,p3,p4,p5,p6,p7,p8,Gkr,RMSE,iterations,CPU_time,score
0,0.0019698114137026383,0.05414841866866567,2.9817248600105958e-05,0.048723962022406656,0.0961390686374784,0.023124132619656054,0.0068512485361189954,0.03138806912332244,0.15786553395982433,2603.055261185844,1771,5859.237102256,2603.055261185844
1,0.20366907874937715,0.00011342535273824315,1.95080751798108e-07,0.0001836645662214405,0.00013608349609117251,4.133955193806269e-07,9.33077165379771,8.620869158076983e-06,0.1524,,1771,,
