,p1,p2,p3,p4,p5,p6,p7,p8,Gkr,RMSE,iterations,CPU_time,score
0,25.014436864860016,0.0044045598742051915,759.067703996538,0.002272354012342614,0.12146457230433247,0.029559111389026223,0.021975317526662617,0.030650463499962657,1.868600487377942,63360.705250438165,2132,4759.354946363999,63360.705250438165
1,3.169810299531992e-06,1.870926251962788e-05,0.19823962693524239,5.967392229764392e-07,0.00028770478648935623,2.6199023598719285e-07,1.4533964043734486,1.4571840629157706e-05,0.1524,,2132,,
