,p1,p2,p3,p4,p5,p6,p7,p8,Gkr,RMSE,iterations,CPU_time
0,0.00022776240430450484,0.06600476891249561,2.8757141592331195e-05,0.060602499614758824,0.0937536030057681,0.01077860751008525,0.001363946919631343,0.025354492937097246,0.6096,1430.3401371053,797,1861.7563735529839
1,0.0002277636068449101,0.06600355545026253,2.8757034598471626e-05,0.060602630177381274,0.09375201895623363,0.010778455075803318,0.001363913158977658,0.02535505557653742,0.6096,1430.3401203473363,993,2320.186029159988
2,0.00022777760134201847,0.06600200961294668,2.8757590724680224e-05,0.060602265723417384,0.09375988651051426,0.010779710426617146,0.001364006128374644,0.02535420047499564,0.6096,1430.340122151007,761,1789.9745220989862
3,0.0002277787630916237,0.06600187027460466,2.875696580583141e-05,0.060602783591184185,0.09375936615545229,0.010779492974722228,0.0013640000444866333,0.025354469576531313,0.6096,1430.3400864830612,923,2174.472787742008
4,0.0002277610686793522,0.0660030763264682,2.8757307783713354e-05,0.06060237749322276,0.09375970385974447,0.010779509627271214,0.0013640188092426877,0.02535397306329159,0.6096,1430.3400963527993,776,1817.5854078150005
