,p1,p2,p3,p4,p5,p6,p7,p8,Gkr,RMSE,iterations,CPU_time,score
0,0.0016912273987143374,0.036650251096634334,4.2988335248863666e-05,0.04592370452663819,0.0931835368810749,0.02180684399967917,0.00735700713113622,0.0296013380592299,0.1638596939831994,1714.7122077991428,1650,4751.066247778001,1714.7122077991428
1,3.7205966890427185,1.8026318631139727e-06,0.003935903770773569,0.0004805048818860023,1.0523686366866677e-05,5.96812686332379e-05,3.1669274067728805,0.008201283191933827,0.1524,,1650,,
