,a_a0_a,a_a0_b,b_a1_a,b_a1_b,k_f_a,a_1_a,a_1_b,b_a0_a,b_a0_b,a_a1_a,a_a1_b,k_b_a,b_1_a,b_1_b,g_Kr,RMSE,iterations,CPU_time,score
0,0.022505224386124095,0.011668880719456003,6.898076964224468e-05,0.0417671907641318,0.023646513356403935,0.09080802830517372,0.023398714707910207,0.046916030375970266,0.06311869555243992,0.01365402616843001,0.03844865227108028,0.03675612368067746,0.006495661345986057,0.03267608787183752,0.15241543410067274,173.76845547930705,1168,5130.818740167,173.76845547930705
