,p1,p2,p3,p4,p5,p6,p7,p8,Gkr,RMSE,iterations,CPU_time,score
0,0.001968623088159805,0.054133906752568975,2.9806518705964122e-05,0.048725955453788654,0.09601501281401367,0.023104523233720326,0.006843244197779286,0.03139892271903672,0.15787586041608762,2605.936165801735,1597,5459.014151047001,2605.936165801735
1,0.875281873030065,0.021354973894261022,0.18683983368849644,0.0066978434865083624,0.016389379755964762,0.09436947816251394,0.00017821284293480127,0.0019190102055793297,0.1524,,1597,,
