,p1,p2,p3,p4,p5,p6,p7,p8,Gkr,RMSE,iterations,CPU_time,score
0,0.8126750979030684,1.0000104348248202e-07,0.03936471721346177,1.000003844960678e-07,1.4179396829643344e-07,1.0003074365078788e-07,3.2836065765566937e-06,1.0012927915500461e-07,0.007011868789950336,341681.11016353243,1367,3560.539831779,341681.11016353243
1,0.8244913017753089,1.677868063473967e-05,0.04015421185192305,0.0004980205999980042,1.3555133379653862e-07,2.680010050407659e-07,3.0768054480648562e-06,4.2745682757873084e-07,0.1524,,1367,,
