,a_1_a,a_1_b,b_a0_a,b_a0_b,k_b_a,a_a0_a,a_a0_b,b_1_a,b_1_b,b_a1_a,b_a1_b,a_a1_a,a_a1_b,k_f_a,g_Kr,RMSE,iterations,CPU_time,score
0,0.09088481878772273,0.023391488006542477,0.04657094688710772,0.06277334587182427,0.03692131152365996,0.022049565452337133,0.011940281429768003,0.006502095492351512,0.032677711497545996,6.897318786642537e-05,0.04177084407020557,0.013862089938814022,0.038215079674657,0.02375272877550026,0.15240157956133793,203.1661081980326,2185,11075.731146890997,203.1661081980326
