,a_a0_a,a_a0_b,b_a1_a,b_a1_b,k_f_a,a_1_a,a_1_b,b_a0_a,b_a0_b,a_a1_a,a_a1_b,k_b_a,b_1_a,b_1_b,g_Kr,RMSE,iterations,CPU_time,score
0,0.021917474904185455,0.012029248937081944,6.893613113690535e-05,0.04177681606993106,0.023760116417194995,0.09081760261355216,0.02338984674422912,0.04636420209171551,0.06255543550909966,0.013935386267069205,0.03820392520858111,0.03717655803934272,0.006497472098249167,0.03267352146594652,0.15241442177992062,173.5265209666426,1060,4948.1334016910005,173.5265209666426
