,p1,p2,p3,p4,p5,p6,p7,p8,Gkr,RMSE,iterations,CPU_time,score
0,0.001614642935790258,0.07288963660134584,1.9054285547650064e-05,0.05228704190389631,0.11005765672090603,0.023160892877623303,0.008877816453290624,0.029425894421930922,0.1529483605078028,2963.75963550555,1371,5098.399719250999,2963.75963550555
1,1.2155940453071788e-06,0.007333086183036138,3.8414565659209114e-06,2.4957677435582523e-05,4.6475697327714,2.4637052522779323e-05,2.982562785547858,2.806343653192413e-05,0.1524,,1371,,
