,p1,p2,p3,p4,p5,p6,p7,p8,Gkr,RMSE,iterations,CPU_time
0,0.00022817930738394483,0.0659675023357615,2.874607219068756e-05,0.0606037287965893,0.09373466007343935,0.010781990559611593,0.0013630752738148244,0.025362054815035496,0.6096,1432.4465239752274,1010,2431.1759782619774
1,0.00022818927264471015,0.06596642067075406,2.8744432845494342e-05,0.06060429333597103,0.09373113486691277,0.010781492142197433,0.0013630051448891675,0.025362719515494125,0.6096,1432.4465521729967,509,1227.3530945169914
2,0.00022819448423127815,0.06596604161887108,2.874640218006422e-05,0.06060359085278099,0.09372800117104438,0.010780627820251092,0.0013629932100366786,0.025362829792223464,0.6096,1432.4465713127104,639,1541.46178091201
3,0.00022819264587938074,0.06596627856679523,2.8747034190252047e-05,0.060603442340127114,0.09373122319974785,0.010781619327236232,0.001363016222320202,0.025362395461393166,0.6096,1432.44656852893,781,1885.118372900004
4,0.00022818469549700275,0.06596726106098533,2.8745251624416117e-05,0.06060407912797708,0.09372573761554923,0.010781691364012193,0.001362891373304045,0.025363335108898443,0.6096,1432.446557250686,1008,2434.3109209579998
