,b_1_a,b_1_b,k_b_a,b_a0_a,b_a0_b,b_a1_a,b_a1_b,k_f_a,a_a1_a,a_a1_b,a_a0_a,a_a0_b,a_1_a,a_1_b,g_Kr,RMSE,iterations,CPU_time,score
0,0.0064991116301598584,0.03268461994365328,0.03678633059605068,0.047601068103078834,0.0632811810776011,6.900876708243802e-05,0.04176838706560827,0.02381621435125123,0.013760759896317348,0.037976012912277674,0.02249974205942194,0.011696473961103283,0.09083918943028284,0.023380296485110717,0.15241738800511423,202.98015875478265,1474,6951.262661472998,202.98015875478265
