,p1,p2,p3,p4,p5,p6,p7,p8,Gkr,RMSE,iterations,CPU_time
0,0.00019748972083312465,0.07942090856789921,3.6237070600344614e-05,0.04987353825738179,0.06805177351487049,0.0097417757940075,0.006824137688416235,0.040342487956653815,0.0762,2840.8083345171785,558,1245.3161758890055
1,0.0001975419007386925,0.07941880078159093,3.623875997498993e-05,0.049873601639726,0.06805279543406093,0.009741729445077342,0.006824570004413934,0.04034154306687199,0.0762,2840.8083649703326,686,1869.015970588007
2,0.00019754715751395464,0.07941797440972855,3.623509024039941e-05,0.04987432250556252,0.0680520425077923,0.009742266955496872,0.006824406739154564,0.04034058435977819,0.0762,2840.8083753362125,474,1153.2475053789967
3,0.00019751350519888402,0.07941976401998303,3.6237850529134405e-05,0.04987362850448554,0.06805077177317241,0.00974187578343554,0.0068247903142967595,0.04033988409110099,0.0762,2840.80836150462,630,1865.6988265909895
4,0.00019753861308235754,0.07941808774175318,3.6235120637240616e-05,0.04987483941386937,0.0680512956550376,0.009742395535317526,0.0068244213036324,0.04034165212333075,0.0762,2840.808366658589,590,1679.8630554249976
