,p1,p2,p3,p4,p5,p6,p7,p8,Gkr,RMSE,iterations,CPU_time
0,0.00019900883283646662,0.09275571097344638,2.3050889907531208e-05,0.05127336776848745,0.08001557834122056,0.015205819368237011,0.018407157033035765,0.036504970257626154,0.045308791081603676,1996.9287553120976,936,1916.2167646300004
1,0.00019900979189490254,0.09275667973716543,2.304994270345583e-05,0.051273723718516205,0.07998561911868428,0.015217200813594907,0.018400484492445995,0.0364928489260594,0.045308791081603676,1996.9287868078964,659,1118.1133469640044
2,0.00019899312865668896,0.0927595485764786,2.3052911073248994e-05,0.0512726114968234,0.07996504014164822,0.015194807174727633,0.01839528866796715,0.036517368049420025,0.045308791081603676,1996.9287431149253,844,1366.0542001280046
3,0.00019901815179475943,0.09275700869810855,2.3051038676977907e-05,0.05127336617893177,0.07998052162965985,0.01521575509809011,0.018398965982646613,0.036495179876100396,0.045308791081603676,1996.9287871345755,605,837.3971342700024
4,0.00019900416250482274,0.09275668882700773,2.305345607505082e-05,0.05127243702662787,0.08001595954351211,0.015202652152449073,0.01840747388213449,0.036509646134429065,0.045308791081603676,1996.9287737546933,647,1166.2949341880012
