,a_a0_a,a_a0_b,b_a1_a,b_a1_b,k_f_a,a_1_a,a_1_b,b_a0_a,b_a0_b,a_a1_a,a_a1_b,k_b_a,b_1_a,b_1_b,g_Kr,RMSE,iterations,CPU_time,score
0,0.02241090721519345,0.011809484908083215,6.894634767868027e-05,0.04177632888307195,0.023713956006076297,0.09082641091938988,0.023392724541627042,0.0469854582697225,0.06303265513044513,0.013721144885904465,0.03817284012998123,0.03671573748439558,0.006495470518126311,0.0326748636960355,0.15243851510625508,295.4140512485487,1547,10828.755832902,295.4140512485487
