,p1,p2,p3,p4,p5,p6,p7,p8,Gkr,RMSE,iterations,CPU_time,score
0,0.0016140801086286865,0.07286815556430044,1.9093564465597915e-05,0.052270679752024554,0.11009740010626254,0.023165954349542352,0.008879672395161249,0.029427986273967085,0.15297889254856542,2962.148186184457,1171,5585.008875540003,2962.148186184457
1,1.5130676042061093,4.913722989522848e-07,0.0003361016276645903,1.7095418775635488e-05,0.0020755543942065904,5.948068159964401e-06,0.03794896563958606,9.966961346435636e-07,0.1524,,1171,,
