,p1,p2,p3,p4,p5,p6,p7,p8,Gkr,RMSE,iterations,CPU_time,score
0,0.37014187779696484,1.0000005561546778e-07,2.95372442818401,1.0000047625244116e-07,2.7596490573404505e-07,1.0049926054517105e-07,1.0449974546970993e-05,1.0010207210561265e-07,0.07571127685656635,121372.6232314027,1241,2058.274111006,121372.6232314027
1,0.3553329121158463,0.011040125118601004,3.06534625680469,0.04636875142080817,2.807253514743026e-07,0.002887652655352135,1.0347220753710546e-05,9.982224366641653e-06,0.1524,,1241,,
