,a_a0_a,a_a0_b,b_a1_a,b_a1_b,k_f_a,a_1_a,a_1_b,b_a0_a,b_a0_b,a_a1_a,a_a1_b,k_b_a,b_1_a,b_1_b,g_Kr,RMSE,iterations,CPU_time,score
0,0.021614783360558634,0.012125490163315175,6.936417437424376e-05,0.04172614376959009,0.02360971514594483,0.09074380625059934,0.023386996596451524,0.047591818198456544,0.06314992414732973,0.01474510429639076,0.03746430400720283,0.03780861430582096,0.006490885966195732,0.032676833905853415,0.15237654813411897,138.75327245966625,926,2693.9454618500004,138.75327245966625
