,a_a0_a,a_a0_b,b_a1_a,b_a1_b,k_f_a,a_1_a,a_1_b,b_a0_a,b_a0_b,a_a1_a,a_a1_b,k_b_a,b_1_a,b_1_b,g_Kr,RMSE,iterations,CPU_time,score
0,0.02274182464362553,0.01120918857280993,6.852282794674218e-05,0.04182686622039665,0.02386481516243456,0.09079863662343789,0.023381151856210067,0.047015059384638215,0.06308847221871271,0.013078158923915102,0.03890471591224183,0.03553421196138769,0.006496307994128784,0.0326883670259767,0.15239396245434841,139.0425722286974,1581,4830.001373669,139.0425722286974
