,p1,p2,p3,p4,p5,p6,p7,p8,Gkr,RMSE,iterations,CPU_time,score
0,0.0016862872243262378,0.08444459624002776,2.20650556505007e-05,0.0512205410351985,0.1213628177093268,0.02686219542488684,0.008866495939138304,0.028801709487153448,0.15465518591307506,655.6513364960666,1313,2773.8709058120003,655.6513364960666
1,1.0586611935202859,0.005945152639411363,7.044078116148215e-05,0.00028633118122805857,4.982344734457936e-05,0.1568396218964568,0.006512295388666032,0.04268584687812565,0.1524,,1313,,
