,p1,p2,p3,p4,p5,p6,p7,p8,Gkr,RMSE,iterations,CPU_time,score
0,0.00161469165072373,0.07292030315935617,1.9060153789903972e-05,0.05228758956870489,0.11009779637190384,0.023161272978051203,0.008879452175402654,0.029416667580558373,0.1530062748334506,2974.664725544215,1010,4763.862970531,2974.664725544215
1,0.0409906879200872,1.4283827404816935e-07,4.326591224534063e-06,0.0018461513615948225,2.4241028480936277,7.3500249884223115e-06,0.38327787299364124,0.0007957983168189815,0.1524,,1010,,
