,a_a0_a,a_a0_b,b_a1_a,b_a1_b,k_f_a,a_1_a,a_1_b,b_a0_a,b_a0_b,a_a1_a,a_a1_b,k_b_a,b_1_a,b_1_b,g_Kr,RMSE,iterations,CPU_time,score
0,0.021916977114392434,0.012029544161065268,6.893678020942438e-05,0.04177674622431712,0.02376106376785734,0.0908175627167931,0.023389866355824112,0.04636401948218617,0.06255561226076484,0.013936256682195083,0.03820212455951122,0.037179583112149674,0.0064974788079999145,0.032673546612550196,0.15241435442774173,173.5265211196572,1132,4864.47208544,173.5265211196572
