,p1,p2,p3,p4,p5,p6,p7,p8,Gkr,RMSE,iterations,CPU_time
0,0.00022605618679111597,0.06990816964931477,3.4484443094103045e-05,0.05459699999793206,0.0873823214172274,0.00891475500677217,0.005154211304358731,0.031584815465455364,0.1524,296.3816120016585,531,1441.74134975599
1,0.0002260564202954184,0.06990806815861589,3.448458082689536e-05,0.05459695637181342,0.0873822560898261,0.008914688570690806,0.00515421845140293,0.03158485886828583,0.1524,296.38161189894856,458,1241.569886813988
2,0.00022605616494523163,0.06990821065513794,3.4484636841210446e-05,0.05459694710012981,0.08738249943554541,0.008914769408918416,0.005154225890014763,0.031584812629382654,0.1524,296.38161200947843,466,1261.167193368019
3,0.00022605568121267147,0.06990819210401535,3.44845377706772e-05,0.05459696841967888,0.08738243290322044,0.008914715972947771,0.005154230924738377,0.031584804645048675,0.1524,296.3816118616723,657,1731.6610099560057
4,0.00022605662222827417,0.06990817499236475,3.4484618466710595e-05,0.05459696268358426,0.08738176391542847,0.008914705437524798,0.005154188772527994,0.031584854719590064,0.1524,296.38161200890784,591,1564.5311978259997
