,p1,p2,p3,p4,p5,p6,p7,p8,Gkr,RMSE,iterations,CPU_time
0,0.00020699983377602698,0.08997029716764698,3.267637705542857e-05,0.05031466614737427,0.08315661649113251,0.012283652458030264,0.01245740380021827,0.03588558602575434,0.06435684129488249,1012.347157580955,596,1267.721777084007
1,0.0002069984539591153,0.0899703558575553,3.267655078755557e-05,0.050314705384899,0.08315443430266883,0.01228340568036059,0.012457127332462528,0.035885908400626484,0.06435684129488249,1012.347156926532,745,1266.1794793720037
2,0.0002069899777429021,0.089973850481552,3.2674784781017893e-05,0.05031519321239205,0.0831632401837077,0.012285584580997223,0.01245828007184971,0.035884082377005015,0.06435684129488249,1012.347150970037,591,684.0202539729944
3,0.00020700647495836246,0.08997082233704475,3.26735241452556e-05,0.05031541037165033,0.08315698005279007,0.012284550582061803,0.012457315418494177,0.03588465345955937,0.06435684129488249,1012.3471452111157,791,1280.4646156100061
4,0.00020700059795609514,0.08997003822864474,3.267607709765386e-05,0.050314854001309445,0.08315441574783063,0.012284597903064447,0.012457036663542755,0.03588494918237538,0.06435684129488249,1012.3471430351165,645,1186.2205656279984
