,a_a0_a,a_a0_b,b_a1_a,b_a1_b,k_f_a,a_1_a,a_1_b,b_a0_a,b_a0_b,a_a1_a,a_a1_b,k_b_a,b_1_a,b_1_b,g_Kr,RMSE,iterations,CPU_time,score
0,0.022313177189545296,0.011783039682439506,6.910290920934627e-05,0.04175402734117897,0.023821867483458208,0.09081745029596085,0.02338930903492627,0.04685596643103101,0.06340795261335075,0.01368045839476854,0.038082892020031615,0.03659685528756228,0.0064979383154501885,0.032678931763815394,0.15239404021996866,173.84940129514032,1216,5390.103141128002,173.84940129514032
