,p1,p2,p3,p4,p5,p6,p7,p8,Gkr,RMSE,iterations,CPU_time,score
0,0.0016884409667173759,0.03667771150893043,4.285685493374066e-05,0.04595639095901594,0.09320099828296079,0.02180189146017658,0.007355139570956702,0.029599572471257253,0.1639077017490329,1710.192534406933,1497,4313.6327133099985,1710.192534406933
1,0.0071237652468771765,3.5985443884000016e-06,6.902291046500236,2.2242345860132604e-06,0.002604389760906201,0.0721135928523128,0.0019852571986699145,0.0003015070171612869,0.1524,,1497,,
