,a_a0_a,a_a0_b,b_a1_a,b_a1_b,k_f_a,a_1_a,a_1_b,b_a0_a,b_a0_b,a_a1_a,a_a1_b,k_b_a,b_1_a,b_1_b,g_Kr,RMSE,iterations,CPU_time,score
0,0.02162442437864514,0.01222177933800264,6.936020623089578e-05,0.041727460324023156,0.023822146079772018,0.09073757059480628,0.023386525859356428,0.04754641217761623,0.06328533603784148,0.014688659151344525,0.037188270153252816,0.038156975167329236,0.006490496770805757,0.032677467340473776,0.15237731718530736,138.75329784002977,1346,4000.008718085,138.75329784002977
