,p1,p2,p3,p4,p5,p6,p7,p8,Gkr,RMSE,iterations,CPU_time,score
0,0.00196890382021829,0.05414931618886472,2.9821180778794754e-05,0.04872199264055828,0.09600481024188977,0.0231138188328432,0.0068427204895306175,0.03139687860762954,0.15786079035349898,2602.4615424747853,1568,5006.971054674,2602.4615424747853
1,5.837219331238903e-06,6.394574693101655e-07,8.72416951530138e-07,0.05445982688882401,1.9659104707402185e-06,0.008629766491183306,5.4825202652392864e-05,1.1537627748371702e-05,0.1524,,1568,,
