,a_a0_a,a_a0_b,b_a1_a,b_a1_b,k_f_a,a_1_a,a_1_b,b_a0_a,b_a0_b,a_a1_a,a_a1_b,k_b_a,b_1_a,b_1_b,g_Kr,RMSE,iterations,CPU_time,score
0,0.021648395169618202,0.01212629528001769,6.936011774348793e-05,0.04172691493301912,0.023676937338248185,0.09074286725957806,0.023386885907162817,0.047638839995612484,0.06321865823844115,0.014718892736673263,0.03737910326806153,0.03790500083308851,0.00649084444108576,0.03267688043576898,0.15237695748083627,138.75326227820776,1125,2217.2431343360004,138.75326227820776
