,p1,p2,p3,p4,p5,p6,p7,p8,Gkr,RMSE,iterations,CPU_time
0,0.00023080947905545734,0.07356313661134263,3.5503302987616843e-05,0.05351622880664027,0.08588542742777482,0.008789006272624246,0.005856069676898529,0.03307737421056842,0.1281526136846661,164.25653823230942,659,1192.029205660001
1,0.0002307980894362844,0.07356413760908555,3.550175210195623e-05,0.053516536848833736,0.08588602128326873,0.008789862769019411,0.0058561249955900434,0.033076259461791324,0.1281526136846661,164.25653604756343,615,1121.7381782940065
2,0.00023081893979339915,0.07356216268299258,3.550336484427188e-05,0.05351607143211239,0.08588724269662949,0.008789496324533005,0.005856165576763627,0.033076685811285096,0.1281526136846661,164.2565378459739,602,1294.3882652480097
3,0.00023079993623189798,0.07356432987425231,3.5502169338927714e-05,0.05351648601746279,0.08588567411749268,0.008789361875925713,0.005856120674268266,0.033076445878813865,0.1281526136846661,164.2565350234112,728,1624.6582462130027
4,0.00023079421516159832,0.07356564091977075,3.550044979305934e-05,0.05351694957428934,0.08588679750602354,0.008789636167133215,0.00585608119196544,0.03307640981399946,0.1281526136846661,164.25653740028832,518,877.885012209008
