,p1,p2,p3,p4,p5,p6,p7,p8,Gkr,RMSE,iterations,CPU_time,score
0,0.0016909037585171678,0.03664173579121731,4.292023199379966e-05,0.045940059506091514,0.09316619607157385,0.021811219793869883,0.007352635435427304,0.029598924838435972,0.16389808275579343,1709.974898873649,1082,3399.187091808999,1709.974898873649
1,0.433478054058067,1.719602170956307e-05,1.2639854339489155e-07,0.0018619425002787701,0.02039276883547286,0.00016146847858998284,0.030463602516538395,1.207908012140409e-06,0.1524,,1082,,
