,a_a0_a,a_a0_b,b_a1_a,b_a1_b,k_f_a,a_1_a,a_1_b,b_a0_a,b_a0_b,a_a1_a,a_a1_b,k_b_a,b_1_a,b_1_b,g_Kr,RMSE,iterations,CPU_time,score
0,0.02237621657331135,0.011190247313579352,6.902552435149614e-05,0.04176163652583998,0.023736370806427712,0.09082842384015768,0.023405821160446483,0.04832218653475076,0.06348287196561862,0.014199016296303262,0.03818578223887473,0.037261160780406144,0.006499057710340149,0.03267330933308151,0.1523345512014264,138.75787021059188,1266,4422.848790659,138.75787021059188
