,p1,p2,p3,p4,p5,p6,p7,p8,Gkr,RMSE,iterations,CPU_time,score
0,0.0016134152147315106,0.07286281955631725,1.9078375332337763e-05,0.05227859674311319,0.1100646027850223,0.02316678515933772,0.008879663565353715,0.029416783872033885,0.1529688129699635,2972.381356276367,1524,7103.510958352999,2972.381356276367
1,0.0003976541001602708,4.1989267756972045e-05,0.0034987266962754906,0.0017827173844397197,0.01319472633368611,1.8356577334656033e-05,0.4362648519470688,5.855932667222971e-05,0.1524,,1524,,
