,p1,p2,p3,p4,p5,p6,p7,p8,Gkr,RMSE,iterations,CPU_time,score
0,0.0016855903479336624,0.08448729982921108,2.2100496912559892e-05,0.051205430455581125,0.12144905246941119,0.0268874527247393,0.008871633370837337,0.028782940075758632,0.1546623960683587,654.1998175743421,1061,2171.552989633001,654.1998175743421
1,1.4400260365858541e-06,0.00021333634854816622,1.0764704261077664e-06,0.0005271672848720613,2.1681621778480364,5.071944928639316e-05,0.25624872415361866,3.6854248137452603e-06,0.1524,,1061,,
