,p1,p2,p3,p4,p5,p6,p7,p8,Gkr,RMSE,iterations,CPU_time
0,0.0002239339072988895,0.06571276216956028,3.26353164326533e-05,0.05572792107816445,0.08925004249656794,0.008710393184632013,0.004433774621285784,0.030444723720882614,0.1812351643264147,152.51751124590743,590,1234.5307558080094
1,0.00022392516256619462,0.06571389019308434,3.2636837091603686e-05,0.05572762477992631,0.0892426789584731,0.008710319465790154,0.00443342990062676,0.030445097516988304,0.1812351643264147,152.51751251455897,684,1390.8698334039946
2,0.0002239305771268963,0.06571424839644509,3.263603314857957e-05,0.055727841522941524,0.08925780570659947,0.008712317726801172,0.004434155269511412,0.030443232691308723,0.1812351643264147,152.51750896861483,640,1175.8246418299968
3,0.0002239305076553931,0.06571336018692134,3.2636123833020746e-05,0.05572774596807509,0.08925601504142013,0.008711707208981416,0.004434084666871915,0.03044358924364882,0.1812351643264147,152.51751105110145,662,1377.892146899001
4,0.00022392554655946653,0.06571464394659479,3.2636462852817384e-05,0.05572770847946663,0.08925769343558897,0.00871224414384168,0.004434165680389603,0.030443221090581913,0.1812351643264147,152.51750945812333,671,1225.4637839819916
