,p1,p2,p3,p4,p5,p6,p7,p8,Gkr,RMSE,iterations,CPU_time
0,0.00022415199899418836,0.0657772468296768,3.2491962951702234e-05,0.05576651937365063,0.08901092112302328,0.008693825391526992,0.004419835089575534,0.030443939284939728,0.1812351643264147,151.02257448047766,484,595.1798890320024
1,0.00022416185117746313,0.06577532685136504,3.2492968815592813e-05,0.0557661856367976,0.08900568584345224,0.008693132505099944,0.004419578852857228,0.03044473902717593,0.1812351643264147,151.0225741877015,657,1084.7419144330015
2,0.00022415451632083156,0.0657758222800547,3.2491760589308547e-05,0.05576647481434561,0.08900667041985436,0.008692712523648867,0.004419656092381673,0.03044479058276812,0.1812351643264147,151.02257497026602,488,689.5917297449996
3,0.00022415953134605397,0.06577567522950246,3.249238432963564e-05,0.05576634850746476,0.089007040787309,0.008693080327784581,0.004419642578164468,0.030444648034581,0.1812351643264147,151.022573688081,574,688.0912189929986
4,0.00022415659808162731,0.0657752185023368,3.249233447646873e-05,0.05576633545955386,0.08900517478229872,0.008692763638786384,0.004419573097825913,0.03044493313929806,0.1812351643264147,151.022573824434,520,624.3065214199996
