,p1,p2,p3,p4,p5,p6,p7,p8,Gkr,RMSE,iterations,CPU_time,score
0,0.0016907835048429007,0.036641420027726634,4.292087226793014e-05,0.04593998140867739,0.09316550234065045,0.021811089530332388,0.007352555332709174,0.02959884807265209,0.1638998223339807,1709.9749063074719,1576,4680.1352148589995,1709.9749063074719
1,0.00012337732603108964,0.052128545679615924,3.9006973546118333,6.1162255309174765e-06,1.8153533169136888,0.016271944598577264,8.580017504814682e-05,0.006160155021144413,0.1524,,1576,,
