,a_1_a,a_1_b,b_a0_a,b_a0_b,k_b_a,a_a0_a,a_a0_b,b_1_a,b_1_b,b_a1_a,b_a1_b,a_a1_a,a_a1_b,k_f_a,g_Kr,RMSE,iterations,CPU_time,score
0,0.09083945804971057,0.023380347091419142,0.04760146338201114,0.06328228182702343,0.036780053054315504,0.0225037766878661,0.011693853848272755,0.006499140197756403,0.03268454841628247,6.900663741385372e-05,0.04176862371088973,0.013756884169268468,0.0379796708986647,0.023815657405950205,0.15241738991712703,202.98015805527712,1743,8095.959465953998,202.98015805527712
