,a_a0_a,a_a0_b,b_a1_a,b_a1_b,k_f_a,a_1_a,a_1_b,b_a0_a,b_a0_b,a_a1_a,a_a1_b,k_b_a,b_1_a,b_1_b,g_Kr,RMSE,iterations,CPU_time,score
0,0.023270573937012984,0.010765556899493765,6.933387388197382e-05,0.041728970291646884,0.024210991599917634,0.09104271872250684,0.02340232364160756,0.051883045851358854,0.06436106281378458,0.013701926713981296,0.03739094618235899,0.03583290632908525,0.0065113651243914215,0.03266837419225062,0.15242847835519657,138.1894100070452,1355,4004.9316908170013,138.1894100070452
