,p1,p2,p3,p4,p5,p6,p7,p8,Gkr,RMSE,iterations,CPU_time
0,0.00021532836210500276,0.06417440314598365,3.203192878682257e-05,0.05660387735234561,0.08863392506396521,0.009287561980771446,0.003916559138752232,0.02895529812951796,0.21552614690565972,192.5686702468441,671,1574.5337216369953
1,0.00021532025444343748,0.06417724994758772,3.2033495770728876e-05,0.056603647463229975,0.08863724594747356,0.009288691497549403,0.003916671978038415,0.0289547297533079,0.21552614690565972,192.56866469147084,1438,3019.350183114002
2,0.00021532094680822936,0.06417707643163478,3.203285657650821e-05,0.056603738181451396,0.08863636650051976,0.0092887865157262,0.003916570124416416,0.02895472201468839,0.21552614690565972,192.56866528809837,969,1698.243602157003
3,0.00021532493904372944,0.06417513279687914,3.203295010463996e-05,0.05660382331762892,0.08863393962046284,0.009288057660518472,0.003916571353943848,0.028955306352905167,0.21552614690565972,192.56868375058934,528,770.3573478899925
4,0.00021530426360310607,0.06417673950117479,3.203394335717508e-05,0.056603328325581403,0.0886304557110132,0.009288335022070894,0.003916475533817032,0.0289551585585098,0.21552614690565972,192.56865950379304,919,1725.4840188710077
