,p1,p2,p3,p4,p5,p6,p7,p8,Gkr,RMSE,iterations,CPU_time
0,0.00021587073122397973,0.06402589771081756,3.2090525785461535e-05,0.056586346792875185,0.08853056198117898,0.009266990632779965,0.003914029355260775,0.028984311457183783,0.21552614690565972,193.3140373995655,565,937.8566327340013
1,0.0002158671211452044,0.06402495144476812,3.208876431415182e-05,0.056586640578333555,0.08852906786146242,0.00926623922971446,0.003914005331431822,0.0289848306286733,0.21552614690565972,193.3140262212133,1290,2049.154050787998
2,0.00021586665067721284,0.06402431941299586,3.2092915729097826e-05,0.056585567191013826,0.08852760588584208,0.009266781952673398,0.003913987700566242,0.028984929666117838,0.21552614690565972,193.31403777071705,518,1041.1183430169986
3,0.0002158739597891035,0.06402433354506382,3.208944922391803e-05,0.056586527327249066,0.08852992362912876,0.009266865392219385,0.003913975113664023,0.028984864717333178,0.21552614690565972,193.31403274382365,682,1200.3578007960023
4,0.00021586888381585194,0.06402553253884856,3.20892447137947e-05,0.05658657841456178,0.08853225734672315,0.009266958028243176,0.003914086346617974,0.028984629254274977,0.21552614690565972,193.31403699643494,654,1504.5381364060013
