,p1,p2,p3,p4,p5,p6,p7,p8,Gkr,RMSE,iterations,CPU_time,score
0,0.0016880236276284508,0.08453201056426617,2.2068366518507296e-05,0.051216568291440036,0.12175214029992597,0.026914145275540573,0.008891335225397257,0.02875068927708705,0.1546764812364978,654.6967631304333,1011,1989.3328735059986,654.6967631304333
1,5.922199438822077,0.026405718421472504,0.0002151876570922748,1.3653778432989912e-07,0.04322578989780483,0.1075969228942626,0.0001469948037035831,6.236363009417438e-07,0.1524,,1011,,
