,p1,p2,p3,p4,p5,p6,p7,p8,Gkr,RMSE,iterations,CPU_time
0,0.0003039344326146497,0.0626240032134317,3.486277213352442e-05,0.05617574261989113,0.0882269633974701,0.009164215082799979,0.003793429640805822,0.028742585182162026,0.21552614690565972,471.2541176427383,625,1999.4330542780008
1,0.00030395438102849033,0.06262284669318667,3.486167736748414e-05,0.05617607714858134,0.08822715558873882,0.009164102630441252,0.0037934165716278024,0.028742561999922235,0.21552614690565972,471.25411626030666,766,2388.4636532010045
2,0.00030394417618491085,0.06262330135834103,3.486161438586026e-05,0.05617610176590291,0.08822352307430205,0.009164000176884185,0.0037932228298540693,0.028743055184660173,0.21552614690565972,471.25412468320894,747,1538.1890740289964
3,0.0003039480151861528,0.06262313637181512,3.4861870106191576e-05,0.056176014734579796,0.0882250543758887,0.009164002674918664,0.0037933193877374796,0.028742782278380632,0.21552614690565972,471.25412487625584,684,2251.168577133998
4,0.00030394699741058667,0.06262358354739661,3.486162589514665e-05,0.05617609575953062,0.08822665539801233,0.00916419504884948,0.003793377128306771,0.02874267965920607,0.21552614690565972,471.254117344146,636,2023.9588374420055
