,p1,p2,p3,p4,p5,p6,p7,p8,Gkr,RMSE,iterations,CPU_time
0,0.00030403071078240727,0.06264749376917526,3.4810061466565535e-05,0.05618563367325128,0.08832233028523204,0.009160447406314456,0.0037957074231180473,0.02873799691376827,0.21552614690565972,471.2311758359954,960,1790.6653566979803
1,0.000304038934073657,0.062646813288716,3.481011389111701e-05,0.056185550436833785,0.08832215716128079,0.009160481390481626,0.003795714026360162,0.028738000391192117,0.21552614690565972,471.2311761596959,865,1612.3642192789994
2,0.00030401779024945774,0.0626477824375997,3.4809643299621e-05,0.05618568453920137,0.08832318281987647,0.009160685579876628,0.003795763044404629,0.02873782363036925,0.21552614690565972,471.2311833354286,750,1374.5802892619977
3,0.00030403658740915315,0.06264671548380868,3.480921524686207e-05,0.05618576066443012,0.08832055992149318,0.009160366039743078,0.0037956135918952136,0.028738146460362518,0.21552614690565972,471.23117538959167,1051,1943.685007847991
4,0.0003040287476452178,0.0626472544724793,3.480975830918004e-05,0.05618566907596714,0.08832040269534866,0.00916040139784865,0.0037956225760509285,0.028738191578439595,0.21552614690565972,471.23117547813376,1005,1857.641958052991
