,p1,p2,p3,p4,p5,p6,p7,p8,Gkr,RMSE,iterations,CPU_time
0,0.00019510170631726478,0.09333627829966352,1.680235200268158e-05,0.0529811488801089,0.07905216810429501,0.017450980009997445,0.022860221402249484,0.036234456241007296,0.0381,2595.96674527279,734,1039.753078253998
1,0.00019512837348045566,0.0933346923837747,1.680421050809479e-05,0.05298033551253545,0.07906211455366584,0.01744987525157884,0.022863512307471964,0.03623538436903067,0.0381,2595.9667281859693,689,914.7488617609924
2,0.00019515861630691497,0.09332824260051072,1.68014690557269e-05,0.05298122657903233,0.0790740869031198,0.017453651890468488,0.02286653405590091,0.03623117406005951,0.0381,2595.966717191146,913,1197.7063343699992
3,0.00019513511462721555,0.09333120731368431,1.6802945992451338e-05,0.05298065629113816,0.07910775749721814,0.01746191226015724,0.02287638198800231,0.03622278419510344,0.0381,2595.9667891191534,887,1534.1891143309913
4,0.00019515517439420554,0.09333057431790504,1.680318474855575e-05,0.05298082557284452,0.07907217334444237,0.01745793999993761,0.02286596818500042,0.03622656692320853,0.0381,2595.966709748694,982,2078.818051263006
