,p1,p2,p3,p4,p5,p6,p7,p8,Gkr,RMSE,iterations,CPU_time
0,0.00022149510481712692,0.07265858485964012,3.964778131468689e-05,0.05137824448678489,0.07812647984349624,0.009327355568964036,0.005959348950265092,0.03592124273873556,0.10870874072059561,693.8954672012171,536,1645.5714146719984
1,0.0002214677270282293,0.07266152775280826,3.964631422830525e-05,0.05137858568108592,0.07812684654603301,0.009326500185514694,0.005959412707925831,0.03592145528114602,0.10870874072059561,693.8954671169333,620,1903.7604577239981
2,0.0002214364214509772,0.07266427907319167,3.964017509582941e-05,0.051380165281046095,0.07812768885136019,0.009326454333156639,0.005959620059425359,0.03592063247313359,0.10870874072059561,693.895461530243,880,2682.883872231003
3,0.0002215005250103071,0.07265851594636505,3.9647397380656025e-05,0.05137833142623063,0.07812591932845579,0.009327343169630175,0.005959256009972502,0.03592154249144235,0.10870874072059561,693.8954596354798,680,1812.267236345011
4,0.00022147441749210286,0.07266173001421107,3.9643624921945964e-05,0.051379324364920834,0.0781265364544731,0.009327083645813927,0.00595915836395519,0.03592179721952447,0.10870874072059561,693.8954734263298,583,1041.168157588996
