,p1,p2,p3,p4,p5,p6,p7,p8,Gkr,RMSE,iterations,CPU_time
0,0.0002088254971855216,0.055462397838989874,2.6369819136172047e-05,0.060018732968609816,0.09815448883254833,0.008643578119140783,0.001750904243814239,0.02643789173938153,0.5126104547386644,325.24132402592033,511,966.7514039579983
1,0.0002088377696014602,0.05546064208155887,2.6370559230097973e-05,0.06001879492565966,0.09813936708146173,0.008642547115599454,0.0017506542175363194,0.02643858622863549,0.5126104547386644,325.2413158731341,562,674.0290876930012
2,0.00020883375758529453,0.05546064433016408,2.6369972739021135e-05,0.06001864989530932,0.09814307757616593,0.008643540517494148,0.0017506738881754758,0.02643830929139247,0.5126104547386644,325.2413225414418,630,1233.4695069129957
3,0.00020883262722179322,0.0554627422322998,2.6369055758925635e-05,0.06001891378189098,0.0981530393640182,0.008644067121486047,0.0017508771137390484,0.02643708611400081,0.5126104547386644,325.2413189913673,656,1284.9364072769968
4,0.0002088236715753873,0.05546097624049607,2.6372047388355007e-05,0.06001813199705916,0.09813373515595818,0.008642326327362278,0.0017505968849208945,0.026439250173251924,0.5126104547386644,325.2413163988376,1027,2010.806520332997
