,p1,p2,p3,p4,p5,p6,p7,p8,Gkr,RMSE,iterations,CPU_time,score
0,0.0015679734636087493,0.07933891216723916,2.220792030334189e-05,0.051181864953007854,0.09598980115803657,0.023942019626436394,0.0070542871007644205,0.03131592411324555,0.15483605939792228,723.563465583525,1733,4235.133237697,723.563465583525
1,5.175053645460239e-07,5.896122378540755e-05,0.05387160503587951,0.031851670563767406,0.010446926976877272,6.543279138301107e-07,0.11993937273936615,8.438760014702552e-06,0.1524,,1733,,
