,a_a0_a,a_a0_b,b_a1_a,b_a1_b,k_f_a,a_1_a,a_1_b,b_a0_a,b_a0_b,a_a1_a,a_a1_b,k_b_a,b_1_a,b_1_b,g_Kr,RMSE,iterations,CPU_time,score
0,0.022440745186678795,0.011251561746713322,6.892975648022203e-05,0.041776092308226154,0.023701644870601123,0.09086289218323845,0.02340319109152207,0.04804813111221941,0.06314047847568295,0.013962682769763526,0.038450259715372165,0.036829851618689534,0.006501319264909824,0.03266588132247935,0.15239257015426355,138.01538050795537,921,3021.942156896999,138.01538050795537
