,p1,p2,p3,p4,p5,p6,p7,p8,Gkr,RMSE,iterations,CPU_time
0,0.00021595230306894556,0.06410199157597284,3.210792118061265e-05,0.05659050973290668,0.08855182833042956,0.009294855505390904,0.003911897377075499,0.028970234127648833,0.21552614690565972,191.68911240628398,496,1129.465655508
1,0.0002159471885165765,0.06410262863166846,3.210735691674975e-05,0.056590581054377885,0.08855285807343298,0.00929471522999013,0.003911986355218437,0.028970138320004887,0.21552614690565972,191.6890911737751,1012,2068.7111065820027
2,0.0002159644141598252,0.06410268940431682,3.210744374343773e-05,0.05659045567426344,0.08855206500480627,0.009294812618476606,0.00391184612277113,0.02896978935355023,0.21552614690565972,191.68911474759938,753,1717.6899347590006
3,0.00021594651006660235,0.06410222717162725,3.2108124105444215e-05,0.056590255533435496,0.08855422689039391,0.0092949630773069,0.003912083835030039,0.028970131296577575,0.21552614690565972,191.6891127055352,462,674.3954002450046
4,0.00021594801674949848,0.06410119006839173,3.2106755076433786e-05,0.05659075919979821,0.08855191540880258,0.009295029610869216,0.003911947367820154,0.02897011107504215,0.21552614690565972,191.6891111434559,488,745.4890739449984
