,a_a0_a,a_a0_b,b_a1_a,b_a1_b,k_f_a,a_1_a,a_1_b,b_a0_a,b_a0_b,a_a1_a,a_a1_b,k_b_a,b_1_a,b_1_b,g_Kr,RMSE,iterations,CPU_time,score
0,0.022408880452186114,0.011811208938388561,6.894757784348026e-05,0.04177619249126285,0.023715005868198396,0.09082601796728693,0.023392705566559355,0.046980860312100324,0.06303149742784257,0.013720938811723968,0.038172157373743576,0.03671744174875368,0.006495429316762699,0.032674914381114376,0.15243881666722414,295.4140510211017,1082,7736.344753678997,295.4140510211017
