,p1,p2,p3,p4,p5,p6,p7,p8,Gkr,RMSE,iterations,CPU_time,score
0,0.0019687929087120176,0.05414930295027891,2.982127443783564e-05,0.0487219857212348,0.09600376126111802,0.023113709275080947,0.0068427568673147384,0.03139695989608752,0.15785995607000455,2602.461567542516,1079,3420.251373864,2602.461567542516
1,0.04498273907492228,4.157966873474958e-07,1.6236168583690823e-06,1.6670650206124935e-05,6.172136322376102e-05,0.016607225550939627,0.915057433802057,1.059993644547489e-06,0.1524,,1079,,
