,p1,p2,p3,p4,p5,p6,p7,p8,Gkr,RMSE,iterations,CPU_time,score
0,0.0016145647671656396,0.07291424453639339,1.90630382252694e-05,0.052286494715076036,0.11019148314129651,0.023173885414020195,0.008886424904397552,0.029406195842656385,0.15301884556399492,2970.00461246977,1318,6328.760365663999,2970.00461246977
1,0.0003315342900544707,0.000913699993886236,2.7262437208682694e-06,0.03297756951277101,7.489911311391583,3.7149377072359146e-07,0.23504959240470064,1.4602503474759e-05,0.1524,,1318,,
