,p1,p2,p3,p4,p5,p6,p7,p8,Gkr,RMSE,iterations,CPU_time
0,0.00024357055997182867,0.08074471339867778,3.568747203145015e-05,0.051620758143159626,0.07993109709883989,0.008807125438756318,0.007342779111373934,0.03612892338130837,0.09127977271835509,428.43969039486046,504,980.9754326010006
1,0.0002435521229606102,0.08074385899485376,3.568786431653858e-05,0.051620540770073574,0.0799283470885921,0.00880670429241816,0.007342672364817137,0.036129499829918414,0.09127977271835509,428.4396942410748,502,677.2064754890016
2,0.00024356301941015312,0.08074380148827605,3.568691457308899e-05,0.05162078376389981,0.07992772981156623,0.008807423406324672,0.00734261088706792,0.03612840102291032,0.09127977271835509,428.43968531212425,525,706.639335394997
3,0.00024355978889147438,0.08074438770830665,3.5688030693792845e-05,0.05162061469546468,0.07992438176873405,0.008807682731765286,0.007342271493534349,0.03612832753253922,0.09127977271835509,428.4396666721736,889,1210.9793785540096
4,0.0002435755430577245,0.08074290339968561,3.568751917620277e-05,0.05162061523569681,0.07992639212277793,0.00880760397835618,0.007342451196491563,0.036128084151383,0.09127977271835509,428.43968955561814,496,745.8347977340018
