,p1,p2,p3,p4,p5,p6,p7,p8,Gkr,RMSE,iterations,CPU_time,score
0,0.0016143405692310743,0.07288080489235506,1.9050684464672947e-05,0.052291854794510165,0.1101613960375536,0.023163322098858956,0.008884880204703046,0.029409062373435883,0.15302367272944148,2966.027411784659,1818,7926.752958292,2966.027411784659
1,1.889014753902199e-05,3.0333096089314747e-05,1.3238103972473776,0.0002779286700092543,0.0001284359343742375,9.997961152693883e-05,0.35045437567069626,2.248148648323366e-07,0.1524,,1818,,
