,p1,p2,p3,p4,p5,p6,p7,p8,Gkr,RMSE,iterations,CPU_time,score
0,0.001567590799317994,0.07930063538479254,2.2202117149751473e-05,0.05117839601323004,0.09594170578697934,0.023935502393314764,0.007054727488928051,0.03132805103883556,0.15473731223993198,721.3703916502833,1358,2970.9337642399996,721.3703916502833
1,6.220773036870045e-06,0.0005313114001576068,4.187106257460255e-05,0.0012998230285038476,0.00023871648059640136,0.01625448375122719,1.6122189025534014e-05,2.2276829322709446e-07,0.1524,,1358,,
