,b_1_a,b_1_b,k_b_a,b_a0_a,b_a0_b,b_a1_a,b_a1_b,k_f_a,a_a1_a,a_a1_b,a_a0_a,a_a0_b,a_1_a,a_1_b,g_Kr,RMSE,iterations,CPU_time,score
0,0.006488017698730706,0.03269277809220521,0.03663763370858047,0.04618788763517571,0.06285760804492056,6.887060053194635e-05,0.04178308341657678,0.023766409607013077,0.01363883863615474,0.03827495987563276,0.022136353242245943,0.01198673698160542,0.09074906728042291,0.02339619948907795,0.1523796791279353,202.7399101391674,1185,5971.607815334999,202.7399101391674
