,a_a0_a,a_a0_b,b_a1_a,b_a1_b,k_f_a,a_1_a,a_1_b,b_a0_a,b_a0_b,a_a1_a,a_a1_b,k_b_a,b_1_a,b_1_b,g_Kr,RMSE,iterations,CPU_time,score
0,0.022315524964908018,0.011858087164477582,6.902625622424095e-05,0.041766654341280934,0.023787381671319226,0.09076228433781383,0.023395228503158585,0.04731640463385147,0.06295312752580196,0.013854762244163002,0.03798340506056039,0.036862312743171165,0.006489203701252874,0.03268039007052261,0.15241850819780117,203.44568071436265,964,4259.223230290998,203.44568071436265
