,p1,p2,p3,p4,p5,p6,p7,p8,Gkr,RMSE,iterations,CPU_time
0,0.00015093884082525562,0.08931501570927095,2.468890055456431e-05,0.051050606239097844,0.05910361300379994,0.009996237701950255,0.00802718497521375,0.04482797944410534,0.05403868913693675,6649.4323101849595,717,1255.39221725901
1,0.00015089421499686075,0.08932188339286788,2.469044143692346e-05,0.05105020344733137,0.05910599783505691,0.009995078988099525,0.00802818854372002,0.04482699359374042,0.05403868913693675,6649.4323967954,597,1054.8388273589953
2,0.00015086250859033514,0.08932166743217017,2.4684569314261247e-05,0.05105191266290208,0.05910148405440259,0.009995871697041848,0.008027201339828044,0.044827781956156006,0.05403868913693675,6649.432310990994,1275,2234.746508287004
3,0.00015097336679118753,0.08931117418525444,2.468635858312428e-05,0.05105159873957291,0.05910606644651341,0.009995386005576975,0.008027591726857766,0.04482766161623874,0.05403868913693675,6649.432337741661,613,1080.9296943689988
4,0.00015093460673344723,0.08931630200859252,2.4691023021997826e-05,0.05105004251139973,0.05910355265562688,0.009994506883238979,0.00802765398903183,0.0448287330764552,0.05403868913693675,6649.432422485755,688,1210.9484381120128
