,b_1_a,b_1_b,k_b_a,b_a0_a,b_a0_b,b_a1_a,b_a1_b,k_f_a,a_a1_a,a_a1_b,a_a0_a,a_a0_b,a_1_a,a_1_b,g_Kr,RMSE,iterations,CPU_time,score
0,0.006495412818065315,0.03267489674954079,0.036716505175888904,0.04698034809659907,0.06302887815819092,6.894932731030563e-05,0.04177600564891128,0.02371388225507914,0.013723841425832273,0.03817010494393978,0.022404195238386427,0.011815525272131661,0.09082609419176524,0.023392773218040633,0.1524388457786787,295.4140525755312,961,6330.253014187998,295.4140525755312
