,p1,p2,p3,p4,p5,p6,p7,p8,Gkr,RMSE,iterations,CPU_time,score
0,0.0016915208685214103,0.03668129356674545,4.297760417074493e-05,0.045926089413756734,0.09314904264112993,0.021813223295047715,0.007352716903658027,0.02960053168131525,0.16386221096244136,1714.3365659453812,1295,3910.1694626790013,1714.3365659453812
1,9.548992250373247e-05,0.028062065372650363,0.006577392809524821,0.0014701784688804884,0.03550477964175837,1.511184524253989e-06,0.008581587562269665,0.002606725284068355,0.1524,,1295,,
