,a_a0_a,a_a0_b,b_a1_a,b_a1_b,k_f_a,a_1_a,a_1_b,b_a0_a,b_a0_b,a_a1_a,a_a1_b,k_b_a,b_1_a,b_1_b,g_Kr,RMSE,iterations,CPU_time,score
0,0.022447131783243278,0.011926819277067938,6.878270600116608e-05,0.04179392627932443,0.023627376527382764,0.09076523832753686,0.02338463627563916,0.04632550657154489,0.06304734609533488,0.013602002261227831,0.03837246434965761,0.03669800964420165,0.006493287789423558,0.03268223154496473,0.15240844217142221,296.058443982214,1798,11672.147212758999,296.058443982214
