,p1,p2,p3,p4,p5,p6,p7,p8,Gkr,RMSE,iterations,CPU_time,score
0,0.0019686825362568673,0.05413435801299289,2.980490526664368e-05,0.048726349723737475,0.09601882001238113,0.02310462537184338,0.006843472446690905,0.031399191188251074,0.15787449611009302,2605.9361644205565,1116,3748.6096159789995,2605.9361644205565
1,0.541168939800402,5.612936586395598e-05,2.332774936657492e-05,2.4062372442790602e-05,0.3421497511221314,5.520316912975544e-07,7.722091194916142e-05,0.0019659097604583123,0.1524,,1116,,
