,a_a0_a,a_a0_b,b_a1_a,b_a1_b,k_f_a,a_1_a,a_1_b,b_a0_a,b_a0_b,a_a1_a,a_a1_b,k_b_a,b_1_a,b_1_b,g_Kr,RMSE,iterations,CPU_time,score
0,0.021946248329867725,0.012008857646116264,6.885910330377288e-05,0.04178281857793738,0.023692977312948917,0.0908237039063988,0.023397112702563977,0.04605317359727117,0.06302663230062838,0.013777784777170444,0.038300942934779245,0.03679890883900725,0.00649841410259969,0.03267772448466084,0.15237071074182765,203.2338809285094,1066,5323.002606963002,203.2338809285094
