,p1,p2,p3,p4,p5,p6,p7,p8,Gkr,RMSE,iterations,CPU_time
0,9.072964484816124e-05,0.10300750855939932,1.1868571870187004e-05,0.05533676378222999,0.05033781404972356,0.010381387920167922,0.009742670447765948,0.050816709380375774,0.0381,12031.505407686827,698,1210.1937768379867
1,9.087056086612625e-05,0.10297943687941637,1.1879376482120054e-05,0.055329063679072525,0.05033069810591719,0.010385035156578584,0.009740797739334294,0.05081657522804295,0.0381,12031.505453483016,595,1029.8539800919825
2,9.074119439123417e-05,0.10300681842042203,1.1871241682400792e-05,0.055334660109046876,0.05033357787212691,0.010383824022333584,0.009740920283043079,0.050818499554708796,0.0381,12031.505461966422,592,1025.4142174950102
3,9.082842161302617e-05,0.10298814811639587,1.1877540948385937e-05,0.055330241175205554,0.05033386435323904,0.010383456851170585,0.009741755176845827,0.05081626081360495,0.0381,12031.505388914677,623,1041.0585284429835
4,9.082213799695936e-05,0.10298893276695821,1.1871632821727129e-05,0.05533484925146223,0.05033442330238357,0.010383797159377919,0.009740445372075279,0.050818800231904666,0.0381,12031.505409484293,593,982.5552999000065
