,p1,p2,p3,p4,p5,p6,p7,p8,Gkr,RMSE,iterations,CPU_time,score
0,0.0019687922572356235,0.05414942357374361,2.9822240023291664e-05,0.048721632521043785,0.09600352944179032,0.02311377940840453,0.006842742083567276,0.03139668120368755,0.1578607758891999,2602.4615731179515,1657,5159.877102007,2602.4615731179515
1,1.7892272169656632e-05,0.00038272332418794105,1.07552855380429,6.679486562647198e-07,0.03927701826824582,2.8657085415375427e-06,1.1033807426694787e-06,0.00024947393397928286,0.1524,,1657,,
