,p1,p2,p3,p4,p5,p6,p7,p8,Gkr,RMSE,iterations,CPU_time
0,0.00021198305000442053,0.05716347111661696,2.7585936455829e-05,0.0590151596557403,0.09646173201200924,0.008635191113237335,0.002426430256344121,0.027245131710117117,0.3624703286528294,278.6721337557914,521,1077.9791666009987
1,0.00021197657838567985,0.05716406035664859,2.758559183340714e-05,0.05901491294880693,0.09645993646262574,0.00863515953058747,0.0024263535682873725,0.027245001724554487,0.3624703286528294,278.67212998620346,533,925.400003806004
2,0.00021199807914879516,0.05716080655874607,2.758498222266311e-05,0.059015170799695364,0.09645786612647003,0.0086349882508375,0.0024262869626932386,0.02724538133278097,0.3624703286528294,278.67213174057457,600,1248.2282312290045
3,0.00021198996526671283,0.057164989792185775,2.758736051649183e-05,0.05901456916098264,0.09644995776227314,0.008635009600855411,0.0024260878090249585,0.02724551572980092,0.3624703286528294,278.6721276821541,656,1073.636830028001
4,0.00021199620780736918,0.05716179131817747,2.758768754635975e-05,0.05901455248890262,0.09646121160920225,0.008636295183503189,0.002426372115947465,0.027244839302648486,0.3624703286528294,278.67213621448116,656,1054.331708490994
