,p1,p2,p3,p4,p5,p6,p7,p8,Gkr,RMSE,iterations,CPU_time
0,0.00021235647571134857,0.05723250034387521,2.7479809830708486e-05,0.05904718614782816,0.0961370237338525,0.008630614351183655,0.0024163210825249998,0.027240503743577928,0.3624703286528294,276.21106106228444,840,1098.0694236929994
1,0.00021235760556927613,0.05723210790328361,2.747441652344454e-05,0.059049017217774495,0.096144482546901,0.008630529673580748,0.002416480386786257,0.027240196539097462,0.3624703286528294,276.21106572891813,542,734.1914975149994
2,0.0002123596573857584,0.057230966838010155,2.7477226117533217e-05,0.05904793381820578,0.09613645337937866,0.00862978029247205,0.0024162682631986322,0.0272412659713448,0.3624703286528294,276.21105270717067,873,1795.5640675220056
3,0.00021234422617288852,0.05723350573736227,2.7479092793415854e-05,0.0590473091390632,0.09614198718506929,0.008631116072581083,0.002416465448100882,0.02723971966706283,0.3624703286528294,276.21106322880837,684,1327.7685003579973
4,0.00021234529623764193,0.05722919300117628,2.7476921365229692e-05,0.05904765522008759,0.09614609729366212,0.008630030205828339,0.00241657463329727,0.027240389258657013,0.3624703286528294,276.21106163680423,658,1046.9315679939973
