,a_a0_a,a_a0_b,b_a1_a,b_a1_b,k_f_a,a_1_a,a_1_b,b_a0_a,b_a0_b,a_a1_a,a_a1_b,k_b_a,b_1_a,b_1_b,g_Kr,RMSE,iterations,CPU_time,score
0,0.02312321063535723,0.011237549659752412,6.885941192654292e-05,0.04178632910867426,0.02392833172349726,0.09085138671611592,0.023382263161855068,0.04884853306009051,0.06391574386218796,0.013570612103598315,0.03785212337286813,0.03660006429127908,0.006500685351846435,0.03268382544584114,0.15238454909178087,296.4157510040924,1215,8544.913384957,296.4157510040924
