,p1,p2,p3,p4,p5,p6,p7,p8,Gkr,RMSE,iterations,CPU_time,score
0,0.001614577785618571,0.07288992758605674,1.9053959862101713e-05,0.052287213296456636,0.11006293881278562,0.02316114462309958,0.008878052948241896,0.029425694831625618,0.15294977564598317,2963.759675432432,2029,8864.020976611,2963.759675432432
1,0.11927148001138424,5.22908078867978e-06,0.23047134434801583,8.645391490612924e-06,0.3049751645116277,6.989315378976017e-05,2.734773331170603e-06,0.01914075268970312,0.1524,,2029,,
