,b_1_a,b_1_b,k_b_a,b_a0_a,b_a0_b,b_a1_a,b_a1_b,k_f_a,a_a1_a,a_a1_b,a_a0_a,a_a0_b,a_1_a,a_1_b,g_Kr,RMSE,iterations,CPU_time,score
0,0.006488136379611679,0.032692603738567305,0.03662027984982556,0.046245362914955616,0.06288714734640725,6.886479950219913e-05,0.04178374957805102,0.023767889152995263,0.013623749275803673,0.03827573767203797,0.02217770870619129,0.011962242065306904,0.090749843529844,0.02339622493717331,0.15237964636505977,202.7399508612161,934,4354.074642813,202.7399508612161
