,a_a0_a,a_a0_b,b_a1_a,b_a1_b,k_f_a,a_1_a,a_1_b,b_a0_a,b_a0_b,a_a1_a,a_a1_b,k_b_a,b_1_a,b_1_b,g_Kr,RMSE,iterations,CPU_time,score
0,0.022791373237436827,0.011540391848897031,6.87467388320288e-05,0.041792242670018034,0.023577034357335196,0.09095216949062089,0.023389320941807488,0.047656218338535256,0.06298983026509031,0.013573447768821491,0.03851717885327926,0.03625064344160311,0.006510055638552175,0.03267097505848468,0.15235949525202733,202.9532443082457,1293,6500.825782440001,202.9532443082457
