,p1,p2,p3,p4,p5,p6,p7,p8,Gkr,RMSE,iterations,CPU_time,score
0,0.0016145510713676823,0.07291402477015417,1.9064327386628965e-05,0.05228599961731075,0.11019305871222583,0.023173656190934463,0.008886822240761814,0.02940590268811029,0.15301730926523913,2970.004505771128,1142,5326.776876862001,2970.004505771128
1,0.00868912148216765,1.0276017985261991e-05,0.001557255199153106,0.0018241185722905882,0.8843495936147774,0.010254326831919286,0.00022570165622277767,4.273951560906419e-07,0.1524,,1142,,
