,a_a0_a,a_a0_b,b_a1_a,b_a1_b,k_f_a,a_1_a,a_1_b,b_a0_a,b_a0_b,a_a1_a,a_a1_b,k_b_a,b_1_a,b_1_b,g_Kr,RMSE,iterations,CPU_time,score
0,0.022223246596230446,0.011056337894976311,6.933195357253325e-05,0.041732123303630304,0.022979147554035587,0.09096498226573664,0.02341069393925154,0.050296199749068175,0.06270395024015385,0.014242410373519556,0.03892744641007766,0.03425844906214052,0.00650451249673982,0.032650488900906736,0.15246465979373333,139.07733958098854,1122,3874.960167856999,139.07733958098854
