,p1,p2,p3,p4,p5,p6,p7,p8,Gkr,RMSE,iterations,CPU_time
0,0.0001725067761696979,0.07631213073289919,3.298178323303757e-05,0.05399408472581528,0.08638384903188515,0.009015842021565497,0.005907982644768095,0.03322731246489336,0.1281526136846661,330.7553843078359,875,1739.969125042
1,0.00017250418662997713,0.0763124636764456,3.298160157721887e-05,0.053994114073124426,0.0863839918506956,0.009015832005622827,0.00590795888291946,0.033227413207963546,0.1281526136846661,330.755384523036,1048,2050.1329372150067
2,0.00017249691244726673,0.07631313394663171,3.298182564143114e-05,0.05399403825781827,0.08638331007028142,0.00901572541295449,0.005907947629873502,0.03322746272865388,0.1281526136846661,330.7553857601077,1017,1977.781558090006
3,0.00017250704857720936,0.0763121831217316,3.298164728047783e-05,0.05399410320447827,0.08638387351492705,0.009015935684091718,0.005907928678438281,0.03322741679627493,0.1281526136846661,330.7553838837801,828,1608.7194753240037
4,0.00017250247160121042,0.07631266776006976,3.2981524938027625e-05,0.05399409903977376,0.08638377398416426,0.009015915487791442,0.00590796279296841,0.033227315548472615,0.1281526136846661,330.7553873177983,536,1039.8008974060067
