,a_a0_a,a_a0_b,b_a1_a,b_a1_b,k_f_a,a_1_a,a_1_b,b_a0_a,b_a0_b,a_a1_a,a_a1_b,k_b_a,b_1_a,b_1_b,g_Kr,RMSE,iterations,CPU_time,score
0,0.02235653614230616,0.011631268812030712,6.89227839253702e-05,0.04177399989932359,0.023827392203254992,0.0907903004253542,0.023395975229016614,0.0470251157777633,0.06349922162395333,0.013636235589971946,0.03838228565850882,0.036668220148139224,0.006495886937888984,0.032679518202745735,0.15237874218139733,173.71913591581074,1240,5753.1837322500005,173.71913591581074
