,p1,p2,p3,p4,p5,p6,p7,p8,Gkr,RMSE,iterations,CPU_time
0,5.1176035982706804e-05,0.10220408112846419,1.3939836725582136e-05,0.05552641502754202,0.0571709395101477,0.012181653583724097,0.011392632219988258,0.046837952458603484,0.045308791081603676,9704.52592846672,763,2245.8093425920015
1,5.117338757391542e-05,0.10220291835640864,1.393748093149471e-05,0.05552841785199786,0.05716340978825217,0.012181886983616594,0.011392913555252219,0.04683469928427626,0.045308791081603676,9704.525929969079,942,2914.351782764992
2,5.11892540161963e-05,0.10219941071702669,1.3939015690034548e-05,0.05552716749803064,0.05716748576428729,0.01218109502293679,0.011391791528999603,0.046838975506733424,0.045308791081603676,9704.525881680978,1356,3615.9815785329993
3,5.1193981714989096e-05,0.10219700095107527,1.3937192649230282e-05,0.05552814586711929,0.05720143195149334,0.012171653583795522,0.011397057842831172,0.04685074920923623,0.045308791081603676,9704.525878368304,599,1455.812291757
4,5.117892343067806e-05,0.10220264672023952,1.3939745288456046e-05,0.05552676033617581,0.05717044499765918,0.012181037773634794,0.01139272040917687,0.04683809175516745,0.045308791081603676,9704.525862851811,1404,2839.5130373110005
