,a_a0_a,a_a0_b,b_a1_a,b_a1_b,k_f_a,a_1_a,a_1_b,b_a0_a,b_a0_b,a_a1_a,a_a1_b,k_b_a,b_1_a,b_1_b,g_Kr,RMSE,iterations,CPU_time,score
0,0.02380050866003043,0.010270147579567207,6.940775046963788e-05,0.04171670570761426,0.023378221132451905,0.0909024901198046,0.023392678240686204,0.05283243325229382,0.06425183103626163,0.01363045003727204,0.03821259623864373,0.0341782761180844,0.00650069299202168,0.03268801269359954,0.15241803642714127,138.18857502660174,1608,5768.334776341999,138.18857502660174
