,a_a0_a,a_a0_b,b_a1_a,b_a1_b,k_f_a,a_1_a,a_1_b,b_a0_a,b_a0_b,a_a1_a,a_a1_b,k_b_a,b_1_a,b_1_b,g_Kr,RMSE,iterations,CPU_time,score
0,0.02363551446911033,0.010440476309794972,6.945442797430411e-05,0.0417117386064263,0.023447840562193796,0.09089799200446434,0.023391433579516396,0.0526471830724026,0.06421026735428369,0.013684103615547071,0.03804907081376362,0.034339118300034124,0.0065003008170957215,0.032688872349380296,0.15242013070179902,138.1886295192551,1204,4229.192648335001,138.1886295192551
