,a_a0_a,a_a0_b,b_a1_a,b_a1_b,k_f_a,a_1_a,a_1_b,b_a0_a,b_a0_b,a_a1_a,a_a1_b,k_b_a,b_1_a,b_1_b,g_Kr,RMSE,iterations,CPU_time,score
0,0.02234997877642807,0.011866963656808746,6.855768661562528e-05,0.041820301232401665,0.023961503310838073,0.0907508247470595,0.023392926168331968,0.044887707767457506,0.06330918105640158,0.013490903659231399,0.038352193069290226,0.03786323084062964,0.006490791400919315,0.03268316319509901,0.15240004763157097,138.3725577444572,959,3210.727366526,138.3725577444572
