,p1,p2,p3,p4,p5,p6,p7,p8,Gkr,RMSE,iterations,CPU_time,score
0,0.0016146025044280008,0.07291987764955389,1.9061537262911863e-05,0.052287196972578665,0.11020298276223708,0.023173761470470473,0.008887733324808312,0.02940504207217483,0.1530169811571809,2970.004592157222,1164,5380.233693351001,2970.004592157222
1,0.00472075028029356,0.0005374416626155681,1.4346594857870413e-06,3.533275696752296e-06,2.5704184066206555e-07,3.269351075605329e-05,0.0029588582122030147,2.385467787971791e-07,0.1524,,1164,,
