,a_a0_a,a_a0_b,b_a1_a,b_a1_b,k_f_a,a_1_a,a_1_b,b_a0_a,b_a0_b,a_a1_a,a_a1_b,k_b_a,b_1_a,b_1_b,g_Kr,RMSE,iterations,CPU_time,score
0,0.022498975902326156,0.012327995872878212,6.886180897196903e-05,0.04177782522228215,0.023914340558068105,0.09075165707702079,0.023376988562644724,0.04629687241049223,0.06311913411562792,0.01350120943188983,0.03774230625017278,0.03709555277504551,0.006496204729559225,0.03270042003236405,0.15231982858002055,138.47994288343307,1329,4491.047498776,138.47994288343307
