,p1,p2,p3,p4,p5,p6,p7,p8,Gkr,RMSE,iterations,CPU_time
0,0.00020854732912809948,0.055493435847346805,2.6381341978872633e-05,0.06001230372063314,0.09872097568292694,0.008710378823183007,0.0017612489713704057,0.026373610627695773,0.5126104547386644,325.0123526122346,970,1701.4159397220064
1,0.00020853064187240715,0.05549547255951206,2.637782870427873e-05,0.06001378853265386,0.09868657396392573,0.008706456305883176,0.0017606244340920845,0.026377349395224722,0.5126104547386644,325.0123893988689,549,1004.628146877003
2,0.00020852313479593807,0.0554938482808391,2.6376873989616823e-05,0.060013481069948645,0.09872084896953315,0.008708663631932482,0.0017613022838366978,0.026374386864841313,0.5126104547386644,325.0123941208234,670,1210.829647703009
3,0.00020852859758694556,0.05549218659693697,2.6379359985896526e-05,0.060012881371697926,0.09868578697729075,0.008706223125894445,0.0017606621373927403,0.026377529282670415,0.5126104547386644,325.0123443295405,677,1154.2883951920085
4,0.00020852414762865767,0.0554958364882889,2.6380508151672804e-05,0.06001282518771466,0.09871306788845119,0.008709734898545698,0.0017611336669998102,0.02637443097637051,0.5126104547386644,325.0123527590019,880,1564.7835194740037
