,a_a0_a,a_a0_b,b_a1_a,b_a1_b,k_f_a,a_1_a,a_1_b,b_a0_a,b_a0_b,a_a1_a,a_a1_b,k_b_a,b_1_a,b_1_b,g_Kr,RMSE,iterations,CPU_time,score
0,0.022402454992384017,0.011270255199841416,6.925750609308071e-05,0.041739871772351084,0.023220207889620252,0.09094866613655916,0.02341601768668573,0.04946059566409755,0.06296369750488544,0.014039271369577172,0.03869650417251828,0.034947756826529286,0.006504580523714584,0.03265483718339606,0.15242644282524992,139.29904327094863,939,2921.2682586269993,139.29904327094863
