,a_a0_a,a_a0_b,b_a1_a,b_a1_b,k_f_a,a_1_a,a_1_b,b_a0_a,b_a0_b,a_a1_a,a_a1_b,k_b_a,b_1_a,b_1_b,g_Kr,RMSE,iterations,CPU_time,score
0,0.023120850734660345,0.011240127192316787,6.886028969276526e-05,0.0417862251936267,0.0239268358248516,0.09085103961137088,0.02338228118475719,0.0488422059218695,0.06391232314948816,0.013571093032029734,0.03785296791317326,0.036598913604384685,0.006500649477684578,0.03268381472732258,0.15238475762087572,296.415751207902,1141,7338.012539038999,296.415751207902
