,a_a0_a,a_a0_b,b_a1_a,b_a1_b,k_f_a,a_1_a,a_1_b,b_a0_a,b_a0_b,a_a1_a,a_a1_b,k_b_a,b_1_a,b_1_b,g_Kr,RMSE,iterations,CPU_time,score
0,0.023952539339639867,0.010529381325718333,6.893979019308041e-05,0.04177306526682273,0.02372974294087746,0.09083775269232378,0.023399726516691612,0.0504099747237676,0.06420028928142948,0.013010610287504484,0.03848537160606498,0.03460822592558185,0.006497670561001739,0.032679581460975146,0.1524261701314789,138.6816850382913,1525,4739.323972113001,138.6816850382913
