,p1,p2,p3,p4,p5,p6,p7,p8,Gkr,RMSE,iterations,CPU_time,score
0,0.0019692626764326628,0.054122925995159714,2.980226202528937e-05,0.048723317569034565,0.09609264975992837,0.02310078137201001,0.006851119979557551,0.031397524474952386,0.15783897636657002,2605.4068157245706,2285,7165.922371710001,2605.4068157245706
1,3.4563303850298235e-05,1.5161932001047166e-07,1.360517678535288,0.01758890746567361,1.289354269606458e-05,7.984899423829555e-06,2.3198076452750835,0.022441604841650652,0.1524,,2285,,
