,p1,p2,p3,p4,p5,p6,p7,p8,Gkr,RMSE,iterations,CPU_time,score
0,0.0015684063458883562,0.07933983972851912,2.2187875715277358e-05,0.051192549577847295,0.09594981897458377,0.023951941287226313,0.0070480647217720845,0.031304074861493274,0.15485856777158705,722.202767061555,1567,3295.5599878939997,722.202767061555
1,0.09450306061429622,2.3273324101638714e-06,1.6250736039998618e-06,0.06323418489496009,1.5252865314271509e-05,0.2297572468846138,1.3121268197836631e-06,0.026527093158341793,0.1524,,1567,,
