,a_a0_a,a_a0_b,b_a1_a,b_a1_b,k_f_a,a_1_a,a_1_b,b_a0_a,b_a0_b,a_a1_a,a_a1_b,k_b_a,b_1_a,b_1_b,g_Kr,RMSE,iterations,CPU_time,score
0,0.022314790970743164,0.011728642792896352,6.882059049573097e-05,0.04179204087396993,0.02376336030406217,0.09084654157010351,0.023376626699190422,0.047238584832214436,0.0633262938057995,0.013784824039773219,0.03813845374568609,0.0368037264141751,0.00650083451775839,0.032685841457171946,0.1524071944793717,202.5291922237314,973,4873.147764380999,202.5291922237314
