,p1,p2,p3,p4,p5,p6,p7,p8,Gkr,RMSE,iterations,CPU_time
0,0.0002250985792786925,0.07090889722743986,3.777671702155559e-05,0.05281779117197123,0.0828865000156014,0.00908779398109839,0.00559733483774082,0.03378371474418453,0.1281526136846661,291.4748109205311,607,1927.034780107002
1,0.00022507680392120554,0.07091005634490348,3.7776613506807814e-05,0.05281774261317406,0.08288651996228055,0.00908800808034414,0.005597252534833859,0.03378383384672349,0.1281526136846661,291.47480630853704,493,1559.3749455769866
2,0.00022507493255579167,0.07091032958663226,3.7777667970962106e-05,0.052817375503324604,0.08288591275905514,0.009088146496217555,0.005597311209748601,0.0337836042652202,0.1281526136846661,291.474813521895,677,1985.2472444400046
3,0.00022508479929823146,0.07090959954598683,3.7773388835297015e-05,0.05281865312244649,0.08288507840522553,0.009088048599688958,0.005597091410093565,0.033783973788887985,0.1281526136846661,291.4748203941357,532,1528.4419629500044
4,0.00022510177631382332,0.07090854439134961,3.777503006604069e-05,0.05281821456924257,0.08288767888340288,0.009087852002672677,0.005597157498712456,0.0337842298839393,0.1281526136846661,291.47481264375415,540,1453.3280283839995
