,p1,p2,p3,p4,p5,p6,p7,p8,Gkr,RMSE,iterations,CPU_time,score
0,0.0002215459660781975,0.001072810668900788,0.003971133061679976,0.009755182920158511,0.06687360219342686,3.2791432724129577e-06,4.1840527479715156e-07,0.00012317880385918028,0.15240109443211508,563919.282057093,397,2049.66215839,563919.282057093
1,0.00022154620201110477,0.0010733034148867246,0.003971141222491213,0.009755743196257369,0.06687372263458403,2.0882708495235512e-07,4.1840501198939664e-07,0.00012606298766814047,0.1524,,397,,
