,p1,p2,p3,p4,p5,p6,p7,p8,Gkr,RMSE,iterations,CPU_time
0,0.0002263633244487666,0.06982595182837374,2.4909096211509003e-05,0.060062798365955586,0.09488575821271843,0.009010612693072436,0.0029424017195602537,0.025787567413798125,0.3048,812.673722810057,786,1386.8768867059844
1,0.00022638354377100962,0.06982644685342332,2.4908621046703128e-05,0.06006300483745733,0.09488727895180193,0.00901095619157589,0.0029424810786641818,0.025786866621985757,0.3048,812.6737283592865,515,911.0107752869953
2,0.00022636794559310547,0.06982600840061483,2.4906991637092876e-05,0.06006340495132572,0.09488951706548591,0.00900998738134025,0.002942620621248843,0.025786907801380998,0.3048,812.6737416414792,607,1073.2284440530057
3,0.00022641315211981974,0.06982449849740847,2.4913720057520394e-05,0.0600610741110609,0.09488609148778251,0.009011432675671035,0.0029424259161685623,0.025786682142946177,0.3048,812.6737500639848,635,1111.7650857099798
4,0.00022636315035777637,0.0698263929920935,2.4910595184680492e-05,0.06006214406572056,0.09488560034061198,0.009010429827577627,0.0029424789645296195,0.025787193210095434,0.3048,812.673771461197,565,977.2841204849829
