,p1,p2,p3,p4,p5,p6,p7,p8,Gkr,RMSE,iterations,CPU_time,score
0,7.207714372355548e-06,0.0025112053838420045,0.000416146991922144,0.026607044709697502,0.08949339134107098,0.02196297624984298,0.004672174932737845,0.03499772470726173,17.995469226438342,55049.57548910105,1423,6481.4290447680005,55049.57548910105
1,0.00017613357442276717,1.423465752485896e-05,1.6352695575720284,1.6310756658142052e-06,6.751458975229186e-05,0.0016582781683893053,0.16004906365879343,7.120452810742662e-05,0.1524,,1423,,
