,p1,p2,p3,p4,p5,p6,p7,p8,Gkr,RMSE,iterations,CPU_time,score
0,0.0016908332676135195,0.03664127578178879,4.29188212298773e-05,0.045940293178191344,0.09316675991218477,0.021811118012498767,0.007352632016076308,0.02959954964455999,0.16389734204931086,1709.9749019613967,1497,4236.584687294999,1709.9749019613967
1,0.11732360835440067,5.066129920225679e-06,0.000891943477203794,5.43909112482734e-05,0.004424311356005513,9.676679048415004e-07,3.2428921151729972,1.2249622526621455e-05,0.1524,,1497,,
