,p1,p2,p3,p4,p5,p6,p7,p8,Gkr,RMSE,iterations,CPU_time,score
0,2.286209675295243,0.012946643383300527,2.1497295401024457,0.0005438437079876095,1.714432718265654,0.032699160063291224,0.23577623810970777,0.01915675147871903,0.14367012683283512,53543.85195640956,642,1157.161300152,53543.85195640956
1,0.3040226827390206,0.039510094714176436,5.778594130606656,5.553079902371253e-07,0.0931389321286056,5.3767470031056666e-06,2.260592194786695e-05,0.002640190446110268,0.1524,,642,,
