,p1,p2,p3,p4,p5,p6,p7,p8,Gkr,RMSE,iterations,CPU_time
0,0.0002337284328445047,0.06988323159855547,2.2654132400233277e-05,0.06202036825420778,0.09696274117117204,0.009049984989118744,0.0015012776061753897,0.023742944092095777,0.6096,1402.7309807681884,458,1257.9659702000063
1,0.00023361104189200194,0.06989211888667972,2.264683525883426e-05,0.06202288784373467,0.09696409329346999,0.009049254584717862,0.001501325365663098,0.023742908341170814,0.6096,1402.7308835374079,756,1573.5394273639977
2,0.00023369816805996052,0.06988673730924583,2.265240191834077e-05,0.062020954238500854,0.09696098924163576,0.00905050402551685,0.001501222085292391,0.023742959254327466,0.6096,1402.730965759542,780,1924.4455552340078
3,0.0002336881134114702,0.06988502369464872,2.264867471918909e-05,0.062022023630478075,0.09696253809035187,0.009049736323054329,0.0015012848287567254,0.023742926751770192,0.6096,1402.7309179842891,585,1589.7140822040092
4,0.00023368029260829447,0.06988784651372372,2.2650937761178838e-05,0.06202159519720217,0.09696289010698429,0.009050397828148673,0.0015012556403865686,0.023743112130374226,0.6096,1402.730988266583,630,1894.7166066589998
