,a_1_a,a_1_b,b_a0_a,b_a0_b,k_b_a,a_a0_a,a_a0_b,b_1_a,b_1_b,b_a1_a,b_a1_b,a_a1_a,a_a1_b,k_f_a,g_Kr,RMSE,iterations,CPU_time,score
0,0.09082294289310147,0.023389304584246862,0.04823498378183242,0.0635567544307863,0.036095455571809196,0.02257661074891674,0.011773179065284458,0.006497107274150168,0.03268528698518724,6.907653700961783e-05,0.041758465183351474,0.013466153939567672,0.03772459002113267,0.024116367187316846,0.15241221701347255,138.68423032849688,1154,3856.949003811,138.68423032849688
