,p1,p2,p3,p4,p5,p6,p7,p8,Gkr,RMSE,iterations,CPU_time,score
0,0.0019694371161372444,0.05417515376721601,2.978358301525286e-05,0.0487342327389853,0.0960360921648431,0.023116581057780437,0.006843016072914695,0.03139425994794771,0.15787588634898056,2608.3594055500607,2737,8537.758090102,2608.3594055500607
1,0.5555046852701262,2.927278005661657e-07,4.0090870412154205,0.03512314326686033,3.462824825146048e-06,2.1362751607262407e-05,0.0010035997562301002,4.369387653726214e-07,0.1524,,2737,,
