,b_1_a,b_1_b,k_b_a,b_a0_a,b_a0_b,b_a1_a,b_a1_b,k_f_a,a_a1_a,a_a1_b,a_a0_a,a_a0_b,a_1_a,a_1_b,g_Kr,RMSE,iterations,CPU_time,score
0,0.006497639181001789,0.032666567778010226,0.0369626330838084,0.046453723756675655,0.06329813294588611,6.879685510929515e-05,0.0417925501120908,0.02360153873374678,0.01363863658966083,0.03842103749122468,0.02257741421967776,0.011772896286562782,0.0908123302972658,0.023395833279789426,0.15242669863824118,173.6571392634319,1171,5249.335214816001,173.6571392634319
