,p1,p2,p3,p4,p5,p6,p7,p8,Gkr,RMSE,iterations,CPU_time,score
0,0.0016896693129839165,0.03664219344793636,4.293866570366592e-05,0.04593326219745517,0.09318656668811551,0.021811736559534316,0.007351101076698526,0.029618303333928838,0.16386512892932126,1711.9140942483104,1134,3351.259710511,1711.9140942483104
1,4.576549545432268e-07,1.2341389996794714e-07,5.33507535255015e-05,0.0160506132856036,0.21288413652960428,3.694107227163198e-06,3.2858559779295336e-07,0.0006390155727672108,0.1524,,1134,,
