,a_1_a,a_1_b,b_a0_a,b_a0_b,k_b_a,a_a0_a,a_a0_b,b_1_a,b_1_b,b_a1_a,b_a1_b,a_a1_a,a_a1_b,k_f_a,g_Kr,RMSE,iterations,CPU_time,score
0,0.09083141836489651,0.02338513018446715,0.04635127269912112,0.062445714491598005,0.0372353796372739,0.0220727820506648,0.011643853917802777,0.006497761927384066,0.032674183890899995,6.877888982084629e-05,0.04179864035921599,0.01378357471756368,0.038496066208936724,0.023869709708171052,0.1524236977847305,173.92125119706085,1391,6174.547261046999,173.92125119706085
