,p1,p2,p3,p4,p5,p6,p7,p8,Gkr,RMSE,iterations,CPU_time
0,0.00024256148132627278,0.08086242868010846,3.568671895031709e-05,0.05162083694098183,0.08008027732240518,0.008825470743957854,0.00735972642239504,0.036101409332993876,0.09127977271835509,429.3985231605771,788,1825.746435441004
1,0.0002425920309575061,0.08086253470328729,3.568892407994665e-05,0.051620423608789094,0.08008239179758557,0.008826270806597675,0.007359777246386928,0.03610130099393823,0.09127977271835509,429.3985203929173,820,1774.54008530399
2,0.00024259183404522864,0.08086222068369264,3.568788335709304e-05,0.051620605273973254,0.0800842511684504,0.008825972913964007,0.007360009063946695,0.03610094710671463,0.09127977271835509,429.39852252475845,560,1261.9733074190008
3,0.0002425675103729078,0.08086475080753777,3.5684473932205e-05,0.051621472639669305,0.08008421572019907,0.008826000038792482,0.0073598464369522,0.03610083098328877,0.09127977271835509,429.39852476754584,607,1223.2948653240019
4,0.00024258783790889036,0.08086505126037537,3.5686745731222864e-05,0.05162083819127535,0.08008158386737227,0.008826543825120643,0.007359596531704913,0.036100515655744105,0.09127977271835509,429.39851794513584,488,1053.9412279789976
