,a_a0_a,a_a0_b,b_a1_a,b_a1_b,k_f_a,a_1_a,a_1_b,b_a0_a,b_a0_b,a_a1_a,a_a1_b,k_b_a,b_1_a,b_1_b,g_Kr,RMSE,iterations,CPU_time,score
0,0.022193644690773964,0.012128604055829552,6.848323111354043e-05,0.04183197344999553,0.02484070761302645,0.09083878020294281,0.023403058879660876,0.044570101302014185,0.06364362242127075,0.013373707428096224,0.03760962362272115,0.0392768699156061,0.006497043636306885,0.03267003370332775,0.15241358034783556,138.3720709531641,1169,3440.344734337001,138.3720709531641
