,a_a0_a,a_a0_b,b_a1_a,b_a1_b,k_f_a,a_1_a,a_1_b,b_a0_a,b_a0_b,a_a1_a,a_a1_b,k_b_a,b_1_a,b_1_b,g_Kr,RMSE,iterations,CPU_time,score
0,0.02229761474759528,0.01104339001629288,6.933941923394031e-05,0.04173153314838355,0.023017371538129248,0.09096068627541005,0.02340968590952416,0.050432215013718334,0.06279591203584299,0.014209531081256983,0.03883483674612774,0.03428082330256225,0.0065042169327950315,0.032651243146473594,0.15246585620991843,139.0773792761499,1437,4677.314179066001,139.0773792761499
