,p1,p2,p3,p4,p5,p6,p7,p8,Gkr,RMSE,iterations,CPU_time,score
0,0.06923351861239187,3.3822987547232595e-07,7.607847476229616e-06,1.0523288050284284e-07,8.112162808322972e-05,1.0197925875313515e-07,3.397857949831167e-06,1.0131281819708938e-07,0.18503557647672952,458307.07170765277,1181,4453.291286316,458307.07170765277
1,0.06793402982736887,2.6691356310185898e-05,7.516781858768242e-06,4.1156425419444265e-07,8.078343884815916e-05,0.005357182205888786,3.303567252679833e-06,0.0243004585660901,0.1524,,1181,,
