,a_a0_a,a_a0_b,b_a1_a,b_a1_b,k_f_a,a_1_a,a_1_b,b_a0_a,b_a0_b,a_a1_a,a_a1_b,k_b_a,b_1_a,b_1_b,g_Kr,RMSE,iterations,CPU_time,score
0,0.021734441701008467,0.01207622100254726,6.934976042024429e-05,0.04172816930537403,0.02369460317815621,0.0907413589598169,0.023386872612150035,0.04777163838000761,0.06328517603165382,0.014669808807584608,0.037362982484937655,0.03785635291668027,0.006490774212836456,0.032676950611105204,0.15237686374824672,138.7532681623643,1179,3331.6825376760007,138.7532681623643
