,p1,p2,p3,p4,p5,p6,p7,p8,Gkr,RMSE,iterations,CPU_time
0,0.00021058389849214074,0.07901103677700268,3.592318035092711e-05,0.04905206466677349,0.0698647138252964,0.010199059889751972,0.01063880375990651,0.037963300721181814,0.06407630684233305,4466.694170749031,488,1588.8845288370067
1,0.00021059670915161242,0.07901217741069519,3.592644186815612e-05,0.049051233136785784,0.06984958594476358,0.010197417704942877,0.010636586683563726,0.037964964617028245,0.06407630684233305,4466.694209558401,750,3339.91891319101
2,0.0002105966573232878,0.0790090582380118,3.592208408166362e-05,0.049052117695695965,0.06986252662068045,0.010198338086432456,0.01063873662385504,0.037963098810500834,0.06407630684233305,4466.694180833451,529,2074.9407885479886
3,0.00021059417111181993,0.07901071337418179,3.5917076547376594e-05,0.04905341079034134,0.06988487091639654,0.010192979258289466,0.010641312349860883,0.03796962341474955,0.06407630684233305,4466.694196086259,598,2820.5803224529955
4,0.0002105738221721659,0.07901716783288126,3.592680660238051e-05,0.04905093836630742,0.06985449028257075,0.010198163515833062,0.010637275083002752,0.03796419430847918,0.06407630684233305,4466.694210330739,1157,5116.677307325997
