,a_1_a,a_1_b,b_a0_a,b_a0_b,k_b_a,a_a0_a,a_a0_b,b_1_a,b_1_b,b_a1_a,b_a1_b,a_a1_a,a_a1_b,k_f_a,g_Kr,RMSE,iterations,CPU_time,score
0,0.0907630867251036,0.023395059653721677,0.04739810860193166,0.06296840665200118,0.03684928964384011,0.022339459620596688,0.011841010390232696,0.006489324331115609,0.032680183615918915,6.902601505742952e-05,0.04176675539815569,0.013852447763734083,0.03797455509240081,0.023790857919487457,0.15241869952303097,203.4457109203896,1469,7316.784110589002,203.4457109203896
