,a_a0_a,a_a0_b,b_a1_a,b_a1_b,k_f_a,a_1_a,a_1_b,b_a0_a,b_a0_b,a_a1_a,a_a1_b,k_b_a,b_1_a,b_1_b,g_Kr,RMSE,iterations,CPU_time,score
0,0.022832934118727045,0.011278558818758585,6.852439774911546e-05,0.04182741684279601,0.024088859950649952,0.09078916691913626,0.023379998515760503,0.04711408073112679,0.06329480059713066,0.01299253671015169,0.03859817211744459,0.03578231846195992,0.006495677194796962,0.03268969489334762,0.15239536805595622,139.04258423956333,1098,3279.2262201449994,139.04258423956333
