,a_1_a,a_1_b,b_a0_a,b_a0_b,k_b_a,a_a0_a,a_a0_b,b_1_a,b_1_b,b_a1_a,b_a1_b,a_a1_a,a_a1_b,k_f_a,g_Kr,RMSE,iterations,CPU_time,score
0,0.09085143238981086,0.023382278380114103,0.04884018964404194,0.06391298728194557,0.03659967345028027,0.023122032545984248,0.011239373951331916,0.0065006934080825245,0.03268384393342347,6.885830691350981e-05,0.04178644664414998,0.013569549417788838,0.03785374496673408,0.023928046294815392,0.1523843530553524,296.4157517423386,1434,10210.254933507,296.4157517423386
