,a_a0_a,a_a0_b,b_a1_a,b_a1_b,k_f_a,a_1_a,a_1_b,b_a0_a,b_a0_b,a_a1_a,a_a1_b,k_b_a,b_1_a,b_1_b,g_Kr,RMSE,iterations,CPU_time,score
0,0.022125583002385242,0.011994445801013547,6.887154606659878e-05,0.04178298022421157,0.023765762252627096,0.09074990157771474,0.023396176147278246,0.046178405253425966,0.0628524109814542,0.013645113807411843,0.03827232096784404,0.0366461075114316,0.006488109769730528,0.032692646639153666,0.15237968555129508,202.73990810099554,1267,6409.456795372,202.73990810099554
