,a_1_a,a_1_b,b_a0_a,b_a0_b,k_b_a,a_a0_a,a_a0_b,b_1_a,b_1_b,b_a1_a,b_a1_b,a_a1_a,a_a1_b,k_f_a,g_Kr,RMSE,iterations,CPU_time,score
0,0.0907651010358378,0.023379814780572012,0.047062973402323606,0.06328422348910122,0.03658547744302275,0.022830874706902496,0.011958053187942824,0.0064970918228809,0.03269766086797552,6.885637502251708e-05,0.04177800103540321,0.013438352569889143,0.0379528387934515,0.023765881373383802,0.15232047740729046,138.48025902681496,1435,4973.299125673002,138.48025902681496
