,p1,p2,p3,p4,p5,p6,p7,p8,Gkr,RMSE,iterations,CPU_time,score
0,0.0016912248219297721,0.036650069683225796,4.299072236925286e-05,0.04592343871709972,0.09318291268476078,0.021806895595584564,0.007356709202156294,0.029600966705225516,0.1638643918382721,1714.7122076069836,1068,3104.4987239,1714.7122076069836
1,0.00013479344543306692,0.2080489029371604,0.1001945670107405,3.4854392736412313e-07,0.020976480225936987,1.8496278601999186e-07,0.03371650563049237,2.2355300910196572e-07,0.1524,,1068,,
