,a_1_a,a_1_b,b_a0_a,b_a0_b,k_b_a,a_a0_a,a_a0_b,b_1_a,b_1_b,b_a1_a,b_a1_b,a_a1_a,a_a1_b,k_f_a,g_Kr,RMSE,iterations,CPU_time,score
0,0.09079303288175694,0.023395483181047012,0.046912861120698306,0.06348991941171521,0.03664620440721947,0.022257609295136437,0.011747851486769005,0.006496053416208878,0.0326795966365991,6.894650653760888e-05,0.0417714541001456,0.013667203372266113,0.038322903624097446,0.023811497273721595,0.15237896486239075,173.71940392243593,1048,4833.796613360999,173.71940392243593
