,b_1_a,b_1_b,k_b_a,b_a0_a,b_a0_b,b_a1_a,b_a1_b,k_f_a,a_a1_a,a_a1_b,a_a0_a,a_a0_b,a_1_a,a_1_b,g_Kr,RMSE,iterations,CPU_time,score
0,0.006496347131916077,0.032699394688121566,0.03707659520016698,0.04615569924492261,0.06298344080276781,6.891106835378104e-05,0.04177216098043273,0.023871438913197138,0.013582537394864586,0.03772562630938829,0.022324552389750504,0.012460241191688122,0.0907557927584677,0.023377663147620492,0.15232202907070572,138.47989250623434,883,3050.1686253210028,138.47989250623434
