,p1,p2,p3,p4,p5,p6,p7,p8,Gkr,RMSE,iterations,CPU_time
0,4.7428432538715715e-05,0.10384147248656744,9.248495529714365e-06,0.05819480233424644,0.05091022634878375,0.013101065574182873,0.010353102930704064,0.057760335001102205,0.0381,12605.215858514013,505,1683.059455184004
1,4.742073378066593e-05,0.10384608904343562,9.248199798074343e-06,0.05819551974538553,0.050911687243871004,0.013101631636759509,0.01035230145962732,0.05776296290616516,0.0381,12605.215871214581,657,2174.131980912003
2,4.7411798531074344e-05,0.10384836497544161,9.247768038998322e-06,0.05819547650263845,0.050911506380949,0.013102698852217194,0.010352695955844409,0.05776044415137404,0.0381,12605.215920072851,976,3233.7504987470165
3,4.741912513248816e-05,0.10384524118178243,9.248703615144844e-06,0.0581951707537258,0.050907815022661285,0.013101889453620388,0.010351558251570993,0.05776376198281208,0.0381,12605.21588315862,597,1986.4533036299981
4,4.743086493843656e-05,0.10384016776583674,9.24568842194821e-06,0.05819747999790545,0.050915150912266165,0.013099476237468752,0.010354097028858289,0.05776028633436201,0.0381,12605.2158600136,1140,3787.136753661005
