,p1,p2,p3,p4,p5,p6,p7,p8,Gkr,RMSE,iterations,CPU_time,score
0,0.001968933839665798,0.05415081562300502,2.9819337809543102e-05,0.04872254921039827,0.09600711262333511,0.02311379489652934,0.006842827587527256,0.03139659139141396,0.15786176746146868,2602.4615809552693,1353,4306.632373384999,2602.4615809552693
1,3.295014556931612e-06,0.0002052177256866613,8.390127437072309e-05,0.0019861431077819007,0.0008359114275071017,0.00025745198127194674,0.37728711292005457,0.01088866249775204,0.1524,,1353,,
