,p1,p2,p3,p4,p5,p6,p7,p8,Gkr,RMSE,iterations,CPU_time,score
0,0.0015674884330689576,0.0793459658880894,2.221616429827578e-05,0.051183738922609086,0.09597290664507895,0.02395431599674579,0.007050095434588478,0.03130928250280831,0.1548616373318364,720.6326184651244,2065,4391.435328937001,720.6326184651244
1,0.005823562008036364,4.3684048657255454e-05,0.2965766280451939,0.012020127598358042,4.076766368801512e-06,0.03570906312837127,1.0441834474134451e-05,0.001780298442697062,0.1524,,2065,,
