,p1,p2,p3,p4,p5,p6,p7,p8,Gkr,RMSE,iterations,CPU_time
0,0.00022939956951269376,0.069963555741644,2.336632492161968e-05,0.06129582575561805,0.09617455991122592,0.00905329762151588,0.002109533895669921,0.02450924766458356,0.43105229381131943,1147.492892878874,527,909.9313858209935
1,0.00022938664692983906,0.06996425525310324,2.3360706374105018e-05,0.06129800424130968,0.09617436026454147,0.009052921475308784,0.0021095284435886275,0.02450926601630317,0.43105229381131943,1147.4929456907525,813,1407.2639054350147
2,0.0002293992005330315,0.06996365959129999,2.33665130180298e-05,0.06129571294523767,0.09617275046624865,0.009053407508442872,0.0021094927868993175,0.024509209943010774,0.43105229381131943,1147.4928832993555,714,1229.735182561999
3,0.00022944019550422275,0.06996001737874906,2.3366705637231663e-05,0.06129585863933758,0.09617045808936203,0.009053312786562977,0.0021094193467528087,0.02450971287407044,0.43105229381131943,1147.4928549937056,827,1412.9565786479798
4,0.0002294165802195988,0.06996270719252722,2.336207801402967e-05,0.06129747860551188,0.09617457097439731,0.009052524224985646,0.0021094971576897928,0.02450983105035252,0.43105229381131943,1147.4928781070614,913,1564.3560250510054
