,a_a0_a,a_a0_b,b_a1_a,b_a1_b,k_f_a,a_1_a,a_1_b,b_a0_a,b_a0_b,a_a1_a,a_a1_b,k_b_a,b_1_a,b_1_b,g_Kr,RMSE,iterations,CPU_time,score
0,0.021847380955986394,0.01213401974032445,6.888275209159114e-05,0.041783349734876504,0.02371653174741354,0.09085468627909497,0.023387722541942827,0.046655739415093364,0.06272960130246497,0.013984509137907015,0.03807336448551589,0.03697063525264167,0.0065039911390000526,0.03266606241017033,0.1523972982066003,202.70623357873183,1175,5464.570958502,202.70623357873183
