,p1,p2,p3,p4,p5,p6,p7,p8,Gkr,RMSE,iterations,CPU_time,score
0,0.0015675457768776697,0.07933766584326676,2.2159811812678522e-05,0.051199682934463996,0.0959719589261305,0.023948547340347667,0.007058306632799999,0.031302190842894706,0.15476265293391733,720.605701540682,1729,3824.650541654002,720.605701540682
1,2.5117033500568923e-05,0.12445903726912602,0.1269118199873299,0.024252965602519414,0.6491339746999066,0.00031248227266457434,0.0025714735868974546,0.0022547293835872726,0.1524,,1729,,
