,p1,p2,p3,p4,p5,p6,p7,p8,Gkr,RMSE,iterations,CPU_time,score
0,0.001969419232702588,0.054173514309085714,2.9783069197701665e-05,0.048734369915521714,0.09603283284294313,0.02311651030618361,0.006842863300198687,0.0313944028839071,0.15787556721601942,2608.35939243281,1493,5273.907152235999,2608.35939243281
1,2.5008619564568654e-07,4.9949122436074e-05,1.371435007915469e-05,1.3416804700381293e-06,2.8640213239358363e-06,1.012235752944195e-06,3.3959826330591714,0.04008976787325869,0.1524,,1493,,
