,p1,p2,p3,p4,p5,p6,p7,p8,Gkr,RMSE,iterations,CPU_time
0,0.00022372342819539345,0.06971215027784092,2.805525576031448e-05,0.057971354295302105,0.0928670767480204,0.008850079554315616,0.004034636019392217,0.027988744755247034,0.21552614690565972,421.9606021688192,493,901.9286375739903
1,0.00022372674594458883,0.06971205591085647,2.8053472878939515e-05,0.05797221727869299,0.09286722995774625,0.008849891009286764,0.004034596671805955,0.027989083267324813,0.21552614690565972,421.9606037203883,576,1271.3413352899952
2,0.00022367546133827105,0.06971615100781117,2.8055420025155226e-05,0.057971385884303735,0.09286852832274989,0.008849990811937812,0.0040348162685804375,0.027988497151393274,0.21552614690565972,421.9606210938336,514,1569.530808128009
3,0.00022368824823583002,0.06971578267583574,2.8051021314426342e-05,0.05797276701721543,0.09287117950646373,0.00884975461891791,0.004034846126317818,0.027988705388558636,0.21552614690565972,421.96059905783545,798,1755.7255761349807
4,0.00022369409033093078,0.06971450266940901,2.805441959711794e-05,0.05797218586488091,0.09286512641082315,0.00885009855655611,0.004034613258436571,0.027989168381738844,0.21552614690565972,421.96060211858116,738,1351.8073890710075
