,p1,p2,p3,p4,p5,p6,p7,p8,Gkr,RMSE,iterations,CPU_time,score
0,0.026293569549381248,1.1511499843806127e-07,0.00011439332773373258,1.123804969557127e-07,0.00039460877243425687,1.0013014371689699e-07,1.3271718771963254e-05,1.0015801102849099e-07,0.22959051964676613,458416.50731242093,997,3909.810365827,458416.50731242093
1,0.02649000806307953,0.02482659868869709,0.00010609771624550638,0.09927304926820121,0.0004016320461973838,6.270016384976367e-06,1.2518320329255513e-05,0.0006528268412132559,0.1524,,997,,
