,p1,p2,p3,p4,p5,p6,p7,p8,Gkr,RMSE,iterations,CPU_time
0,0.00023148646517957779,0.06993985435504779,2.2997135467343167e-05,0.06168333384266875,0.09649944716536753,0.0090638099932741,0.0017786000905213987,0.024076619510781258,0.5126104547386644,1287.8172813282897,555,1660.8428317489888
1,0.00023152787572098082,0.06993863741647022,2.2997192417632185e-05,0.061683082968998375,0.09649405622122034,0.009062711385886903,0.0017784198866316037,0.02407746735902367,0.5126104547386644,1287.817365382167,692,2018.2352168450016
2,0.00023142311390887078,0.0699472674564648,2.3003141090998866e-05,0.061680328643080706,0.09649488060036839,0.009062410877724603,0.0017785729266632856,0.024076425832610795,0.5126104547386644,1287.8174193015063,839,2131.1391693859914
3,0.00023152997314619992,0.06993928534523797,2.3011484365511326e-05,0.061677496687295316,0.09649084030294997,0.009063502603596632,0.0017784847115958216,0.024076839318355574,0.5126104547386644,1287.8173184226137,1171,2346.6719957650057
4,0.00023149358754152453,0.06994336348366204,2.2987148538620743e-05,0.06168767396717499,0.09649963143429531,0.009061762820384886,0.0017785411071855656,0.024077684747011305,0.5126104547386644,1287.8175139989796,658,1495.492085956008
