,p1,p2,p3,p4,p5,p6,p7,p8,Gkr,RMSE,iterations,CPU_time
0,4.7436334286641314e-05,0.10384982643513417,9.318993889707266e-06,0.058128000995676804,0.050872387165269414,0.013133959084923711,0.0103673510034842,0.05767666070693194,0.0381,12612.040590430048,569,1892.4074659390026
1,4.744179815880621e-05,0.10384681774244676,9.31693298928071e-06,0.05812975187823971,0.0508734776662764,0.013133317813755705,0.010368633432280812,0.057673972042925625,0.0381,12612.0405694887,692,2284.7355182890024
2,4.745122357614505e-05,0.10384385246756926,9.314079491822458e-06,0.05813219152688222,0.050888594234433884,0.013128337238208837,0.010367830615348204,0.05768917557109772,0.0381,12612.040664382608,536,1770.2721775099926
3,4.7438494989630375e-05,0.10384609113808844,9.31826805908901e-06,0.058128543195045596,0.05085992544512197,0.0131394510017904,0.010370237395419089,0.05765808720225935,0.0381,12612.040633522682,905,2992.163771344989
4,4.7434482252539504e-05,0.10384763639222905,9.316585783309123e-06,0.05813028056767417,0.05085900958062496,0.013138043920762442,0.010369175080593714,0.057661165289514364,0.0381,12612.040635146506,699,2301.2840474379773
