,p1,p2,p3,p4,p5,p6,p7,p8,Gkr,RMSE,iterations,CPU_time
0,0.00020694170374152915,0.05489844817330298,2.5983575948945513e-05,0.06038650863735896,0.098612844886611,0.00859361327974132,0.0014821370994291079,0.026187105084127256,0.6096,345.4762737746182,566,662.7925309139973
1,0.00020695034985571687,0.054900554253903285,2.598073803383985e-05,0.06038760634672696,0.0986006221076849,0.008592718100993388,0.0014819150785097704,0.026187744785518597,0.6096,345.4762780794713,505,571.3315256159985
2,0.00020694631595499422,0.05489597518634829,2.598307911987041e-05,0.06038635595469115,0.09862499298154509,0.008593864782733766,0.0014823259396318715,0.026186482630226028,0.6096,345.47628023506996,831,936.4377575179969
3,0.00020695631642956365,0.05489516165057284,2.5983859715754423e-05,0.060386267925892474,0.09862438239571812,0.00859501656497014,0.001482286886864476,0.02618610967358185,0.6096,345.47627064715437,548,734.8518017430033
4,0.0002069496763188961,0.05489941643239828,2.598310783590519e-05,0.060386785951867965,0.09861135707984159,0.008594112464514385,0.0014820658008732775,0.026186948052754136,0.6096,345.47627136714925,867,1658.107607802005
