,p1,p2,p3,p4,p5,p6,p7,p8,Gkr,RMSE,iterations,CPU_time,score
0,7.979062123334026,0.02372014931441867,1.1007535626249544e-07,0.005979690347185651,1.5553389068531503e-07,1.000807129764718e-07,1.483823694655392e-07,1.0004428981787979e-07,0.016822962007078123,121386.74464518367,1171,2139.2907212520004,121386.74464518367
1,9.50314971954579,0.042772045093866756,1.5184659218503527e-07,4.738272055959783e-06,8.03330669529297e-05,0.05894806687319046,1.2657538148099807e-07,2.7262655574339955e-06,0.1524,,1171,,
