,a_1_a,a_1_b,b_a0_a,b_a0_b,k_b_a,a_a0_a,a_a0_b,b_1_a,b_1_b,b_a1_a,b_a1_b,a_a1_a,a_a1_b,k_f_a,g_Kr,RMSE,iterations,CPU_time,score
0,0.09082363316403436,0.02339242934722105,0.04698798284104645,0.06305548630510828,0.03679989970386103,0.022426839051880375,0.011775135166560865,0.006495290575389391,0.03267534753180816,6.893324788885952e-05,0.04177780797467094,0.013731395486699669,0.03817894080349206,0.023726781810353,0.15243780597151696,295.4141488715132,1358,9683.806078926002,295.4141488715132
