,b_1_a,b_1_b,k_b_a,b_a0_a,b_a0_b,b_a1_a,b_a1_b,k_f_a,a_a1_a,a_a1_b,a_a0_a,a_a0_b,a_1_a,a_1_b,g_Kr,RMSE,iterations,CPU_time,score
0,0.006497681076496516,0.03267953033768397,0.034591199506920786,0.0504318937159493,0.06420410980220141,6.894029384238703e-05,0.04177300507746141,0.023725639074788155,0.013007915387516684,0.038486587058728976,0.023961527654971556,0.010524632353490652,0.09083796356214205,0.023399749354524612,0.15242616991363897,138.6816848436672,1419,4202.484822830999,138.6816848436672
