,b_1_a,b_1_b,k_b_a,b_a0_a,b_a0_b,b_a1_a,b_a1_b,k_f_a,a_a1_a,a_a1_b,a_a0_a,a_a0_b,a_1_a,a_1_b,g_Kr,RMSE,iterations,CPU_time,score
0,0.006501147169632356,0.0326574180920323,0.036566238841416535,0.04796126509370907,0.06303906735853607,6.902530995666776e-05,0.04176573298234087,0.023831204674529094,0.01384110036971054,0.03832358607509407,0.0223122387253039,0.011469492561685855,0.09088185851121568,0.023421618513189787,0.15240985538516402,138.0142529160291,1386,4357.180978806,138.0142529160291
