,a_a0_a,a_a0_b,b_a1_a,b_a1_b,k_f_a,a_1_a,a_1_b,b_a0_a,b_a0_b,a_a1_a,a_a1_b,k_b_a,b_1_a,b_1_b,g_Kr,RMSE,iterations,CPU_time,score
0,0.022213079105091234,0.011826753814399854,6.898557264718965e-05,0.041769035023861416,0.02378375400246326,0.09083845200666835,0.023393563596469935,0.047650238750331246,0.06261448747024202,0.013741334784269192,0.0381486848727147,0.03630308150570171,0.006496889025504394,0.0326815558600979,0.152389900515524,202.01383176862197,1269,5924.903225323,202.01383176862197
