,p1,p2,p3,p4,p5,p6,p7,p8,Gkr,RMSE,iterations,CPU_time,score
0,0.0016885070061659665,0.03667774671408299,4.285648211771999e-05,0.0459566584948658,0.09320264476498509,0.0218016000631529,0.007355263183312528,0.02959929358225285,0.1639098779274867,1710.192503932752,1574,4546.663333853,1710.192503932752
1,0.36382493780434355,9.343537536672235e-07,2.6343842236114122e-05,0.08681787178915837,3.3060195527177836e-07,0.01289833970025573,0.00022250219229900313,0.0006976304186393358,0.1524,,1574,,
