,p1,p2,p3,p4,p5,p6,p7,p8,Gkr,RMSE,iterations,CPU_time,score
0,0.0016135808493798602,0.07290205181249985,1.9049886800529426e-05,0.052291369830115834,0.11022039370514697,0.02316269272648239,0.008891231769913369,0.02941906551968393,0.1529642460968211,2966.657142422358,1301,6345.301397335999,2966.657142422358
1,7.818028559455378e-05,3.533783406029805e-05,3.4206764532482062e-06,4.8169127206699736e-05,1.990168149069658e-07,7.53016406273167e-05,0.006531706226611323,0.012121468539470505,0.1524,,1301,,
