,p1,p2,p3,p4,p5,p6,p7,p8,Gkr,RMSE,iterations,CPU_time
0,0.00022632287227625287,0.06852208643745573,3.193747831073975e-05,0.056989767532226586,0.08882792702811217,0.009563922138148322,0.003708544524405481,0.028864328605837663,0.21552614690565972,553.5739205960826,573,1397.9966215289896
1,0.0002263282962349575,0.06852205885660159,3.193623138467937e-05,0.05699011401601243,0.08882848867280041,0.009564166419687709,0.003708525816557372,0.02886419261903453,0.21552614690565972,553.57392043323,995,2428.8463401219924
2,0.00022631721668347433,0.06852323510358793,3.193644723023324e-05,0.05699010396329892,0.08882919543348534,0.009564225933997089,0.003708545127342155,0.02886430448765047,0.21552614690565972,553.5739191048563,612,1496.224853548978
3,0.00022631934095642157,0.06852279024647062,3.193659791952906e-05,0.0569899783893537,0.08882873951462893,0.009564088892814479,0.00370855223095966,0.028864188784785437,0.21552614690565972,553.5739214128006,616,1504.8531815519964
4,0.00022632187170942,0.0685228228611618,3.1936744572229746e-05,0.05698998379229286,0.08882805053675907,0.009564194821904976,0.0037085222905757307,0.028864241685784036,0.21552614690565972,553.5739191027012,671,1641.2156062120048
