,p1,p2,p3,p4,p5,p6,p7,p8,Gkr,RMSE,iterations,CPU_time,score
0,0.0016921696008184415,0.03663022718646918,4.29631957764488e-05,0.0459287981011509,0.09315572875029744,0.021819866061728935,0.007350903534554619,0.029605412503007744,0.16385834051612466,1709.8121670297792,1728,4902.491032827002,1709.8121670297792
1,6.375703642462118e-07,9.267971141021988e-07,0.1490950997036526,2.652475418512043e-06,0.030761281641569986,0.1293093868146874,0.0011668619864244752,0.035581446477488884,0.1524,,1728,,
