,p1,p2,p3,p4,p5,p6,p7,p8,Gkr,RMSE,iterations,CPU_time
0,0.00026995401734872915,0.06553615189059889,3.497748993056032e-05,0.05536584955188436,0.08780916547915858,0.008984101532592045,0.004444183387049345,0.030032349260289255,0.1812351643264147,287.30610054415354,522,1010.1187570280163
1,0.00026995505706692107,0.06553630470812669,3.4976939917602495e-05,0.05536596870160244,0.08781081072580625,0.008984233164648435,0.004444241054981681,0.03003223694771382,0.1812351643264147,287.30609922074063,573,1109.0673907960008
2,0.0002699539714858641,0.0655362750829947,3.4977667217967224e-05,0.05536579621533733,0.08781088432766246,0.008984220839896792,0.00444426485887704,0.030032172488149975,0.1812351643264147,287.3060982782822,641,1248.2168540809944
3,0.00026995379352464174,0.06553659426474182,3.497848239005638e-05,0.0553655935539862,0.08781069555968953,0.008984301013888172,0.004444228714943637,0.03003225849675327,0.1812351643264147,287.30609604746195,939,1818.4883466719766
4,0.0002699492151558552,0.0655367163614817,3.497601037566329e-05,0.05536621222889996,0.087811746002202,0.00898419517737606,0.004444286222294134,0.030032141467074024,0.1812351643264147,287.3060991816641,1009,1971.80847884799
