,p1,p2,p3,p4,p5,p6,p7,p8,Gkr,RMSE,iterations,CPU_time
0,0.00020382569499800374,0.09147232111152319,2.8405322003858334e-05,0.05049571522353339,0.08150508364539726,0.013480250098489483,0.015036364310000088,0.03637081370493336,0.05403868913693675,1462.3411346694907,481,974.594906711005
1,0.00020382915424060582,0.0914722598654363,2.840155185931287e-05,0.05049684848902552,0.08151803742500442,0.013480998057405606,0.015038554769457695,0.036369622923235485,0.05403868913693675,1462.3411518865605,770,1574.0265182110015
2,0.0002038187129597832,0.0914738845262686,2.8404581127694026e-05,0.05049579610745733,0.0814929662017588,0.013477363095453826,0.015034050103117801,0.03637370307393507,0.05403868913693675,1462.3411416265385,737,1504.0649916400143
3,0.0002038159237086457,0.09147467854733352,2.8404101579527095e-05,0.050496112624543205,0.08149419237881211,0.01347759698918224,0.015034249993167633,0.03637359820523596,0.05403868913693675,1462.3411405801328,811,1651.6089843999944
4,0.00020381101048867834,0.09147286895635741,2.840065462974592e-05,0.050497132187637,0.08151527505216634,0.013480481949143067,0.015038042582656015,0.03636998189923868,0.05403868913693675,1462.3411563858951,569,1099.8316686390026
