,p1,p2,p3,p4,p5,p6,p7,p8,Gkr,RMSE,iterations,CPU_time
0,0.00021717573523127615,0.0840519528501828,3.7137429857449474e-05,0.05130198538399981,0.08488767394215341,0.01042215583459246,0.008555003164413457,0.034662782693522236,0.09127977271835509,398.2691927119346,657,1283.3915544829943
1,0.0002171780218892995,0.08405352119960789,3.7135212155100734e-05,0.051302272450799255,0.08489228187103876,0.010421788429056908,0.008555332736396143,0.03466303804106892,0.09127977271835509,398.26918937366406,679,1325.341432448011
2,0.00021717480584818234,0.08405383068461554,3.713658007843207e-05,0.051301979648414875,0.08487678039326803,0.01042066425561735,0.008553883083392536,0.0346640041031774,0.09127977271835509,398.2691874107711,977,1539.9726831380103
3,0.00021717857929725649,0.08405284066577097,3.713430079276264e-05,0.051302676947350426,0.0848769214570739,0.010420421999327571,0.00855383847167434,0.034664158720937234,0.09127977271835509,398.26919303598896,456,520.3175519929937
4,0.00021715900526415185,0.08405705957131217,3.7135621093951426e-05,0.051302217114080444,0.08487872595596896,0.010420497638473155,0.008554079004654158,0.034664200921382386,0.09127977271835509,398.2691879247845,893,1015.5412675129919
