,p1,p2,p3,p4,p5,p6,p7,p8,Gkr,RMSE,iterations,CPU_time,score
0,0.8438402967685897,0.0016017224443330277,1.8895490626999847e-07,0.0012629098066099065,0.054734677306846086,0.026996371153356635,0.01093282390341066,0.053848321590327757,0.05254297595456143,65199.06300598607,1335,4093.688941171,65199.06300598607
1,2.66067599410374,0.000193497101823687,4.464970366743423,0.015349991176537436,3.7675049824362255e-07,0.04081472044255445,7.354657715828154e-06,0.1531486143127059,0.1524,,1335,,
