,p1,p2,p3,p4,p5,p6,p7,p8,Gkr,RMSE,iterations,CPU_time
0,0.00020335112380898487,0.05939624727150228,2.9649538556522468e-05,0.05869752359787214,0.08988556619944918,0.009662487068592691,0.0025118796142768974,0.026435119329164865,0.3624703286528294,316.368225866534,517,937.4533565339952
1,0.0002033300849883824,0.0594002094724164,2.9648440538459354e-05,0.058697953821785796,0.08988752680657101,0.009663128413251813,0.0025119257845856212,0.026434668002433048,0.3624703286528294,316.3682174775359,665,1113.7914044089994
2,0.00020334778141770026,0.05939648404185536,2.9649225699697345e-05,0.05869766021291888,0.08988808085113775,0.009662774154593151,0.0025119776099541483,0.02643483319972254,0.3624703286528294,316.368238847025,591,1358.2207150559989
3,0.00020332999121124308,0.05939763551378416,2.9651351448765894e-05,0.05869671621867987,0.08988565815224434,0.009663108669543414,0.002512000861598298,0.026434049994306354,0.3624703286528294,316.36823333604707,591,1138.7306144680042
4,0.00020333364272318542,0.05939810143082479,2.9652823211347932e-05,0.05869640002295133,0.08988614579670147,0.009661932709096823,0.002512015366099938,0.0264351414183563,0.3624703286528294,316.3682196716161,729,1036.6072647629917
