,p1,p2,p3,p4,p5,p6,p7,p8,Gkr,RMSE,iterations,CPU_time,score
0,0.0016851326344151294,0.0844612406361858,2.2073992949181415e-05,0.05121175538950169,0.1213238265796276,0.02688186153115824,0.008869005340399506,0.0287889881251471,0.15459595744580154,654.5817549898468,1377,2524.890560391,654.5817549898468
1,2.2152146398408514,4.404774389843894e-06,6.434384133121553e-07,5.725644986727874e-05,0.0058662362024419585,2.174077894714439e-07,2.7238194650728176e-07,0.024114705456941755,0.1524,,1377,,
