,p1,p2,p3,p4,p5,p6,p7,p8,Gkr,RMSE,iterations,CPU_time,score
0,0.0016144962346475436,0.07291521749071303,1.9063895794104537e-05,0.052286081660017227,0.11018876291766865,0.02317376870771511,0.008886309750060188,0.02940626301618709,0.15301836578281175,2970.004568431499,1170,5849.857752147,2970.004568431499
1,4.015221994802682e-07,0.021184371920423793,1.1111621928472908e-07,1.0985030952972759e-07,6.541311313067396,0.00010405980641797138,0.04498354962218853,0.0008553774291491162,0.1524,,1170,,
