,b_1_a,b_1_b,k_b_a,b_a0_a,b_a0_b,b_a1_a,b_a1_b,k_f_a,a_a1_a,a_a1_b,a_a0_a,a_a0_b,a_1_a,a_1_b,g_Kr,RMSE,iterations,CPU_time,score
0,0.006487805530733691,0.032703613742572496,0.03803871580599092,0.04475466014188991,0.06303851238569971,6.874326587286573e-05,0.04179222603659552,0.02427761361887219,0.013331054400870679,0.037463498688486876,0.022262384604511572,0.012817093454952699,0.09063189997258239,0.023378398631367307,0.15231695828098932,138.47886850427093,964,2816.917032841,138.47886850427093
