,b_1_a,b_1_b,k_b_a,b_a0_a,b_a0_b,b_a1_a,b_a1_b,k_f_a,a_a1_a,a_a1_b,a_a0_a,a_a0_b,a_1_a,a_1_b,g_Kr,RMSE,iterations,CPU_time,score
0,0.006502078404063352,0.03267775135775765,0.036925211743083525,0.046564843815475356,0.06277357758258145,6.897328270748838e-05,0.04177083169768934,0.02375273915336615,0.013864035885841598,0.0382138893686828,0.022045891027200826,0.011943148753138658,0.09088479773389166,0.023391483584866726,0.15240149129433556,203.16610863179838,1413,6739.950439122001,203.16610863179838
