,p1,p2,p3,p4,p5,p6,p7,p8,Gkr,RMSE,iterations,CPU_time,score
0,0.0019697592279497985,0.05414308891463162,2.980367642360616e-05,0.04872896374696447,0.09611910537159733,0.023103397585147328,0.006852329090185057,0.03139034663461404,0.15789879845534452,2609.9285881208907,1103,3426.423374539001,2609.9285881208907
1,0.01837302746846269,1.5075299899762002e-06,1.034326412086157e-05,0.0004855590378189101,0.121644027841661,3.1981306291567214e-05,4.955175421761717e-05,0.01646915616419789,0.1524,,1103,,
