,p1,p2,p3,p4,p5,p6,p7,p8,Gkr,RMSE,iterations,CPU_time
0,0.00034596014261227315,0.0594641940653069,3.418453609445168e-05,0.057551106117797804,0.08972133378473258,0.00966837191067008,0.0027366112182030497,0.026842653203828164,0.3048,875.122147486732,698,2292.5427993030025
1,0.00034597848426217847,0.05946290786924486,3.4184962319174945e-05,0.05755103784080365,0.08972351465777507,0.009668479180361296,0.002736735102808966,0.026842313248498884,0.3048,875.1221496373913,574,1549.3396688889916
2,0.0003459872216051254,0.05946166746781098,3.418769323517167e-05,0.057550270898780495,0.08972202823441229,0.00966859229720612,0.0027366947236300175,0.026842336882961112,0.3048,875.1221396236874,508,990.8552372440026
3,0.0003459954856112546,0.059460804384380055,3.418581711270085e-05,0.057550698918471706,0.08972308826889062,0.009668381009884909,0.0027367366781075367,0.02684237600728627,0.3048,875.1221448722499,524,1021.2779101939959
4,0.00034598780817430126,0.059461593471969505,3.418541858034506e-05,0.05755080249849855,0.0897230437140306,0.00966841993511938,0.0027367521469190068,0.026842162069344217,0.3048,875.1221451579545,721,1453.4310793759942
