,p1,p2,p3,p4,p5,p6,p7,p8,Gkr,RMSE,iterations,CPU_time
0,0.0003450866857736629,0.059530700654611544,3.412125883054922e-05,0.057569293514066755,0.08978603935676215,0.009660373323240936,0.002738674683956364,0.026844297988898803,0.3048,875.0538856027711,560,1012.8789529319911
1,0.00034508751105820183,0.059530033291163,3.411986722701474e-05,0.057569554317748343,0.0897849598482748,0.009660383206124,0.0027386886925134003,0.026843927242976368,0.3048,875.05388049601,800,1409.0811592929822
2,0.00034511126442026693,0.05952904367028864,3.412315173099297e-05,0.057568759659187556,0.08978458393602616,0.009660638163128323,0.0027386658874238427,0.02684394858461864,0.3048,875.0538786992197,988,1719.8368573139887
3,0.000345087298541432,0.05953020400465684,3.412130340677094e-05,0.05756916469103797,0.08978444779089913,0.009660293492954898,0.002738623668724568,0.026844305566863954,0.3048,875.0538859101382,520,902.922702818003
4,0.00034508977994227247,0.05953032939184416,3.412106769600624e-05,0.0575692244840833,0.08978568350509675,0.009660681024901743,0.0027386813822630114,0.026843864768059708,0.3048,875.0538894377596,628,1091.4969678159978
