,p1,p2,p3,p4,p5,p6,p7,p8,Gkr,RMSE,iterations,CPU_time,score
0,0.0016908511814541208,0.03664219839676671,4.2918465247458985e-05,0.045940500550773734,0.09316575371948861,0.021811725019190844,0.00735244148133992,0.029598399587522875,0.16390055096298084,1709.9749254854535,1565,4235.916745421,1709.9749254854535
1,2.193828331343783e-07,1.156618448434585e-06,0.8895593800956049,4.172584900110361e-07,0.002746401787317556,0.09438163099019573,1.2079095926754837,0.03512422242257511,0.1524,,1565,,
