,p1,p2,p3,p4,p5,p6,p7,p8,Gkr,RMSE,iterations,CPU_time,score
0,0.001613665965934085,0.07290465463700221,1.904976456563747e-05,0.052291328656222276,0.11021800293872938,0.02316308797683669,0.008891233110312462,0.029418813517075905,0.1529624625657253,2966.6572671118392,1402,6027.659424410998,2966.6572671118392
1,1.1881841858753826e-05,0.03723292422144556,0.6270464991178699,1.699751647303364e-07,8.220940578321786e-06,4.962942385025983e-07,8.004597092635074e-05,4.067247545328539e-07,0.1524,,1402,,
