,p1,p2,p3,p4,p5,p6,p7,p8,Gkr,RMSE,iterations,CPU_time,score
0,0.0016144909238740028,0.0729210222053282,1.9059620110961236e-05,0.05228786049299826,0.11020688414524744,0.023172899769013426,0.008888322389656948,0.029405629068157114,0.15301401916767982,2970.004533594405,1371,7192.362386164,2970.004533594405
1,0.09370735423868498,0.04331826705051111,7.015214472312143e-05,6.0117673774624e-05,2.4726352673199408,1.6359056389054723e-07,5.435457552373842e-07,0.027356172754190923,0.1524,,1371,,
