,p1,p2,p3,p4,p5,p6,p7,p8,Gkr,RMSE,iterations,CPU_time,score
0,0.0015661156827920803,0.0793129944899587,2.2231864251650786e-05,0.05117113043605428,0.09597640654450394,0.023931814813124726,0.007052022653440907,0.03133583987316902,0.15482354782732188,718.9106127384051,1307,2983.0468209130013,718.9106127384051
1,0.02402357715846544,4.1491549544553364e-07,4.948922372512616e-05,7.759997953027692e-07,0.001187289240928964,3.7652082530633434e-06,3.268771061317227,9.960063570321584e-05,0.1524,,1307,,
