,p1,p2,p3,p4,p5,p6,p7,p8,Gkr,RMSE,iterations,CPU_time,score
0,0.0015674719259786809,0.07934599223514906,2.221757721257709e-05,0.051183196826832235,0.09597260905159026,0.023954167365997904,0.007049959907304141,0.0313099430279453,0.1548627376700741,720.6326217512392,1646,3775.0234900270007,720.6326217512392
1,0.2942820430158617,5.802710037942232e-07,0.03083994037612318,1.0617816524009297e-05,0.15905458024657002,0.00010620464678810807,0.00010302952639475575,0.002882246107100591,0.1524,,1646,,
