,a_a0_a,a_a0_b,b_a1_a,b_a1_b,k_f_a,a_1_a,a_1_b,b_a0_a,b_a0_b,a_a1_a,a_a1_b,k_b_a,b_1_a,b_1_b,g_Kr,RMSE,iterations,CPU_time,score
0,0.022206433058025082,0.011830283386955489,6.887939399840339e-05,0.041783969111526466,0.023817650712538895,0.09082728853998781,0.0233924858076096,0.046601442585890655,0.06307153700897035,0.013959717883103058,0.0381464232555555,0.03765167568817604,0.006497989789959274,0.032670766138864764,0.15242603156076195,296.48323516617296,1198,7921.064984142,296.48323516617296
