,p1,p2,p3,p4,p5,p6,p7,p8,Gkr,RMSE,iterations,CPU_time,score
0,0.001969408871390342,0.054174242186412494,2.9784001392300048e-05,0.04873397202415686,0.09603451230117037,0.02311658352046909,0.0068430693103732855,0.03139427727214366,0.15787391108200835,2608.359393319632,1591,4930.151260234001,2608.359393319632
1,3.149479628263571e-06,0.023449591773554438,0.06098533812387781,2.6172807379959873e-07,1.0156223438254854e-06,0.008651842754489927,1.8829675163207755,0.0022516476421894126,0.1524,,1591,,
