,p1,p2,p3,p4,p5,p6,p7,p8,Gkr,RMSE,iterations,CPU_time
0,0.00024367547310215324,0.09717286841680986,1.9108674806528368e-05,0.051921003144593685,0.05500894805845119,0.010251448170884685,0.012966729146070529,0.04577835200926854,0.0381,2962.9725120794647,874,1957.2368856329995
1,0.00024366571145775394,0.09717524139774764,1.9110461092975428e-05,0.051920809203002266,0.055005534961139045,0.010254203951772732,0.012966012718906142,0.04577624217033212,0.0381,2962.972508001118,1205,1961.7575297809963
2,0.00024367350463013192,0.09717437095635156,1.9108681918581556e-05,0.05192091057543972,0.0550108652089603,0.010251870150630695,0.012966872837844548,0.04577794128106132,0.0381,2962.9725185766133,521,674.1266802449973
3,0.00024366764655500253,0.09717573182713354,1.9114524907342144e-05,0.051918689488004995,0.05500738957273314,0.010252668558261981,0.012966762239663976,0.04577758035846773,0.0381,2962.9725232179435,814,1099.326803459
4,0.0002436559143249357,0.09717678806729477,1.911034148112336e-05,0.051920196947651424,0.05501283964092917,0.010252311815783023,0.012967484099775205,0.04577835919294018,0.0381,2962.972512771249,827,1799.6983833520062
