,p1,p2,p3,p4,p5,p6,p7,p8,Gkr,RMSE,iterations,CPU_time
0,0.00022427646930793716,0.06964952269555204,2.814019262676986e-05,0.05795086090001863,0.09274851526657502,0.008867380881462565,0.004029241940504403,0.0279933835488051,0.21552614690565972,422.19473407204777,566,1371.3444083310023
1,0.00022419386443443164,0.06965618630311642,2.8133293462236353e-05,0.0579529240071668,0.09275567079188202,0.008866214572615303,0.004029444397255768,0.02799411036460984,0.21552614690565972,422.1947229558939,479,1026.2660089740093
2,0.00022421811235823541,0.06965400915637343,2.8134740178171588e-05,0.057952489259334015,0.09275136602536582,0.00886738167829204,0.004029299847144681,0.027993385796123465,0.21552614690565972,422.19468302093065,830,1541.9446734700032
3,0.00022421726750198231,0.06965312276165803,2.8135074439253502e-05,0.05795267262157752,0.0927494760063964,0.008866937080508092,0.004029248805815067,0.027993936000422583,0.21552614690565972,422.19467700353414,1304,2367.2522681400005
4,0.0002242257694878258,0.06965315365793168,2.8137021592826213e-05,0.05795170313433719,0.09275542941475567,0.008866654477794484,0.004029491604144451,0.02799397798333583,0.21552614690565972,422.1947024139432,493,877.1236207530019
