,p1,p2,p3,p4,p5,p6,p7,p8,Gkr,RMSE,iterations,CPU_time
0,0.00022443977947444622,0.06966315359184046,2.8108248222428447e-05,0.05795853304664317,0.09272087333680344,0.00887225647513568,0.004027217604726066,0.027978047307664306,0.21552614690565972,421.2747776500297,630,1504.5922285070046
1,0.0002244230636132573,0.06966550645590235,2.8107373648078837e-05,0.05795881465924215,0.09272009252635026,0.008872955425682836,0.0040271489523260404,0.027977464821428814,0.21552614690565972,421.274788416331,728,1719.5326974459967
2,0.0002244422274091478,0.06966410856597864,2.8108208747087994e-05,0.05795855353638617,0.09272309412436075,0.008872531976420602,0.004027296104214453,0.027977591736876972,0.21552614690565972,421.2747865431796,923,2582.9316844549976
3,0.00022442388979560118,0.06966526192807289,2.810854882521292e-05,0.05795848995042594,0.09272088959965506,0.008872616077472448,0.004027247885298114,0.027977673204943106,0.21552614690565972,421.27478065510604,917,2677.6887616530003
4,0.00022442550656198053,0.06966483441171946,2.810838366025535e-05,0.05795849150145945,0.09271955955127102,0.008872780872339983,0.0040271777876556974,0.027977478515110864,0.21552614690565972,421.2747898686286,658,1916.4350399520044
