,p1,p2,p3,p4,p5,p6,p7,p8,Gkr,RMSE,iterations,CPU_time,score
0,0.0016881848865046875,0.03665321959773908,4.291135827611588e-05,0.045941717683206734,0.09317661403757964,0.02181387468823599,0.00735355353653994,0.02959274915731663,0.1639188813568066,1710.0088069681894,1374,3967.893557772999,1710.0088069681894
1,0.197221409660372,2.1342863797619445e-05,0.002353687170937374,0.10063983683980321,3.132438471192473e-05,1.560224043495544e-06,0.03610105165440254,0.07191400704956682,0.1524,,1374,,
