,a_a0_a,a_a0_b,b_a1_a,b_a1_b,k_f_a,a_1_a,a_1_b,b_a0_a,b_a0_b,a_a1_a,a_a1_b,k_b_a,b_1_a,b_1_b,g_Kr,RMSE,iterations,CPU_time,score
0,0.023263498595173,0.010383174489381447,6.952447198108653e-05,0.04170773546677034,0.0231896592530176,0.09092578578541277,0.02341242035698909,0.05395963864940335,0.06389605837763568,0.014170016121208892,0.03815445958735912,0.03383538940338671,0.006507673067253372,0.032647019765080235,0.15238216005401006,138.5285648282089,1155,3851.5211154009994,138.5285648282089
