,p1,p2,p3,p4,p5,p6,p7,p8,Gkr,RMSE,iterations,CPU_time,score
0,0.568175025296638,4.021225123932249e-05,0.059412350770131225,0.05245900545330141,942.4134849120425,0.00042792400033533825,0.9796703069504996,0.042450429892752516,9.39924900080842,53685.939177469765,1129,2453.0890884750006,53685.939177469765
1,9.047788050018138,0.017535610585472462,0.023838620747467464,5.5150712010077225e-05,0.0016344163375629325,0.011656916651420953,2.3179031665721153e-07,1.3471391456070562e-05,0.1524,,1129,,
