,p1,p2,p3,p4,p5,p6,p7,p8,Gkr,RMSE,iterations,CPU_time,score
0,0.0019692885456038395,0.054123357279244354,2.980032975607235e-05,0.04872385893639359,0.09609329613777157,0.023100256062483636,0.006851369149285802,0.03139713626150426,0.1578382255937792,2605.4068062570063,1317,4473.561874931998,2605.4068062570063
1,1.5420582463692378e-05,0.004090776985704791,1.3483496537292675e-06,1.6565948670955e-06,3.3846647915002164,0.00017639781155480425,1.902815458387957,2.3612430735332485e-06,0.1524,,1317,,
