,p1,p2,p3,p4,p5,p6,p7,p8,Gkr,RMSE,iterations,CPU_time,score
0,0.5941498016894927,1.0000016427489378e-07,0.13905622486209585,1.0000016310536741e-07,8.676113965029243e-06,1.0000022825585169e-07,3.386178829934655e-07,1.0000100460431323e-07,0.22083931482187116,101917.53268236197,1185,1599.2685449989995,101917.53268236197
1,0.57176418107979,0.00727455426240603,0.14984083129603037,1.560953930795598e-05,9.11270423095307e-06,0.0005794691347896595,3.2131613347235276e-07,7.672527987847318e-06,0.1524,,1185,,
