,b_1_a,b_1_b,k_b_a,b_a0_a,b_a0_b,b_a1_a,b_a1_b,k_f_a,a_a1_a,a_a1_b,a_a0_a,a_a0_b,a_1_a,a_1_b,g_Kr,RMSE,iterations,CPU_time,score
0,0.006489196378026229,0.032680360241639145,0.03687154391600085,0.04728118866537902,0.0629431983123259,6.902602769237365e-05,0.041766700568424193,0.023786829031434347,0.013861871940070762,0.037982356524674535,0.022292999277065264,0.011872880792357914,0.09076217013852504,0.02339516299764647,0.1524183149893904,203.44566911620592,1365,6432.653591209,203.44566911620592
