,a_1_a,a_1_b,b_a0_a,b_a0_b,k_b_a,a_a0_a,a_a0_b,b_1_a,b_1_b,b_a1_a,b_a1_b,a_a1_a,a_a1_b,k_f_a,g_Kr,RMSE,iterations,CPU_time,score
0,0.0907767143328653,0.02339316858600977,0.0457245581559661,0.06255852496029718,0.037456933304197526,0.021710205260392003,0.012334888798128033,0.006495134429725105,0.032677379964279475,6.90088854112404e-05,0.04176771561253194,0.014034127664464041,0.0381126992248294,0.023696170354779264,0.15239402105959302,295.8990653173032,1554,9900.519729728,295.8990653173032
