,p1,p2,p3,p4,p5,p6,p7,p8,Gkr,RMSE,iterations,CPU_time,score
0,0.0019693184369860006,0.05417619088754934,2.9784090154225395e-05,0.0487340616001117,0.09603509215841147,0.023116532948742295,0.006843004075541697,0.031394606213351654,0.15787486232504427,2608.3593922193413,1918,6049.459321619999,2608.3593922193413
1,0.00010611646133236411,8.174363993936002e-06,0.08840909128059697,1.5212889496903333e-06,6.960659151682465e-05,1.3191681275213635e-06,1.1974917870376915,3.7322887832790114e-05,0.1524,,1918,,
