,p1,p2,p3,p4,p5,p6,p7,p8,Gkr,RMSE,iterations,CPU_time,score
0,0.001688563886495018,0.03666563120671371,4.288809596153179e-05,0.045939940392051924,0.09317465421210466,0.021808846248775285,0.0073537723322550375,0.029606916143342273,0.16385729129785917,1711.7413373422442,1435,3999.401970041001,1711.7413373422442
1,2.0686420714979058e-07,2.5785806264875267e-06,4.5524691602570514e-05,0.039793356237968563,0.026156273525262244,2.36468226262346e-05,0.2378318977713469,1.0217979962302346e-07,0.1524,,1435,,
