,p1,p2,p3,p4,p5,p6,p7,p8,Gkr,RMSE,iterations,CPU_time
0,0.00035714686569543827,0.05864570568364308,3.384749193874626e-05,0.05809278445095889,0.0910474307137827,0.009883783389771651,0.0023334168564490376,0.026164428603737844,0.3624703286528294,1043.4929675008323,591,1020.9596455830033
1,0.00035715207726650923,0.05864535739112023,3.384873705709823e-05,0.05809251345008818,0.09105124277445742,0.009883576772890779,0.0023335964218522756,0.02616408240343799,0.3624703286528294,1043.4929566121782,561,968.0511580340099
2,0.00035716689141918165,0.05864491574675312,3.384998637674583e-05,0.058092273979590416,0.09104743140156123,0.009883539806852424,0.002333396371002213,0.026164859044156493,0.3624703286528294,1043.492961570764,594,1024.8188240919844
3,0.0003571283548034265,0.058646941253467984,3.384876150394403e-05,0.058092450474110595,0.09105125422267853,0.00988353912222827,0.0023335707639352975,0.026164094309535025,0.3624703286528294,1043.492941686573,1102,1901.6589400430094
4,0.00035713589678242736,0.05864652824320035,3.384562509792288e-05,0.05809344487198475,0.09104974331678843,0.009884168335545737,0.0023334268074957534,0.026164568697169283,0.3624703286528294,1043.492937798634,1029,1778.7610202890064
