,p1,p2,p3,p4,p5,p6,p7,p8,Gkr,RMSE,iterations,CPU_time
0,0.0003570215961959899,0.058663070421916715,3.378506367687354e-05,0.05810951381334715,0.0910561687595091,0.009870935113841205,0.002333328265734193,0.026169041090326715,0.3624703286528294,1047.4681075679648,745,2481.917689220005
1,0.0003569920973708892,0.058665135334653645,3.378402917610403e-05,0.058109667785463004,0.09105618756977649,0.009870880613087529,0.002333352084656653,0.026168807435460496,0.3624703286528294,1047.4680928527437,1153,3691.0924582309963
2,0.0003569952891149772,0.058664685236490176,3.378304075533313e-05,0.05810992982490809,0.09105736049385948,0.009870717136360613,0.002333378103598695,0.026168848920644007,0.3624703286528294,1047.468112730097,520,997.8706910830078
3,0.0003570170398288899,0.05866362970577501,3.378362631380854e-05,0.05810992215240053,0.09105650486838592,0.009871253878857726,0.002333338230051956,0.026168845368893447,0.3624703286528294,1047.468126492767,1037,2857.2100702570024
4,0.0003569916448907813,0.05866468121742889,3.378333810791143e-05,0.058109848008700796,0.0910558403790687,0.009870979067183226,0.0023333279185163334,0.026168903830898694,0.3624703286528294,1047.468103168584,1064,3513.7469572940026
