,p1,p2,p3,p4,p5,p6,p7,p8,Gkr,RMSE,iterations,CPU_time,score
0,0.0016920325379138283,0.036632839627065275,4.295724001830757e-05,0.045929834763842214,0.09315694790380712,0.02181900844129784,0.007351032053093093,0.029606262998914286,0.16385508000066523,1709.8121565169465,1198,3511.932450616001,1709.8121565169465
1,0.001890603701570262,0.001383579558039879,8.108266377313088e-06,1.789374730608524e-05,4.078693219452805,0.0004610156676028183,8.781151636214213e-06,4.653524749397444e-07,0.1524,,1198,,
