,a_a0_a,a_a0_b,b_a1_a,b_a1_b,k_f_a,a_1_a,a_1_b,b_a0_a,b_a0_b,a_a1_a,a_a1_b,k_b_a,b_1_a,b_1_b,g_Kr,RMSE,iterations,CPU_time,score
0,0.02253753614634261,0.011561481646715378,6.88757082352731e-05,0.041782315065817775,0.02379922514418916,0.09080198172227583,0.023377735019427748,0.04763133188129248,0.06329791805010268,0.013732386924008107,0.03810336840607168,0.036684188485435615,0.006496195851374214,0.032691731424011314,0.15238875688223621,295.7206998172661,1227,8019.669641317,295.7206998172661
