,a_1_a,a_1_b,b_a0_a,b_a0_b,k_b_a,a_a0_a,a_a0_b,b_1_a,b_1_b,b_a1_a,b_a1_b,a_a1_a,a_a1_b,k_f_a,g_Kr,RMSE,iterations,CPU_time,score
0,0.09083367214386005,0.023406013648373865,0.0484077069777768,0.06337998792385924,0.037128298842742796,0.02221453299595808,0.011365931845899556,0.006499065917203098,0.03267199781179467,6.913387308492568e-05,0.041749502141277275,0.014306775635477704,0.038069669581048016,0.023681047810157643,0.15234138496859617,138.7578660003397,1506,5333.732400812001,138.7578660003397
