,p1,p2,p3,p4,p5,p6,p7,p8,Gkr,RMSE,iterations,CPU_time,score
0,0.001684536416239775,0.08446396690476338,2.2113922599015e-05,0.05119496206375662,0.12153538007564514,0.02687489759135218,0.0088782949520459,0.02879755059069882,0.15464914419855552,652.3532082311477,1273,2728.8188030400015,652.3532082311477
1,1.87062672117046,4.8969691667882e-05,1.6713356946055384e-06,9.639302530638177e-06,1.1457024380028262e-06,0.00039193782061698536,0.001143105471147688,0.04548827352100007,0.1524,,1273,,
