,p1,p2,p3,p4,p5,p6,p7,p8,Gkr,RMSE,iterations,CPU_time,score
0,5.741534529445014,1.0557698660268207e-07,0.24752309383350166,1.0566107671955325e-07,0.0010464339434214705,0.0002289892085271687,5.00686649079386e-05,3.5350106330775124e-07,0.15316318892415917,101924.08202821098,666,1033.3275231759999,101924.08202821098
1,6.098029898425062,7.529561371191977e-07,0.25820422197591736,2.3841658010553098e-07,0.00103996756517323,0.08812337022194774,4.772808582215506e-05,0.031707698822542686,0.1524,,666,,
