,a_a0_a,a_a0_b,b_a1_a,b_a1_b,k_f_a,a_1_a,a_1_b,b_a0_a,b_a0_b,a_a1_a,a_a1_b,k_b_a,b_1_a,b_1_b,g_Kr,RMSE,iterations,CPU_time,score
0,0.02395322122068338,0.010530579380324668,6.893873084085026e-05,0.04177317791330393,0.023732100424949193,0.09083816223298691,0.023399664956058126,0.05040901056586,0.06420077934245551,0.013007207638159978,0.03848392163293546,0.03460394820244219,0.0064977173673480965,0.03267959947224014,0.15242601486081397,138.68168523839205,1208,3738.5346430169993,138.68168523839205
