,p1,p2,p3,p4,p5,p6,p7,p8,Gkr,RMSE,iterations,CPU_time,score
0,0.15395678639759125,4.0303175425409845e-05,2.2416128300449932e-07,8.391055644971404e-07,1.9366109084963058e-05,1.0006314719866179e-07,5.342879519414616e-07,1.0001346301240956e-07,0.27699544638058265,458338.95256162505,1121,4227.491753777002,458338.95256162505
1,0.13724834983990616,9.094508349285959e-05,2.2528168782561802e-07,0.017405656603531515,2.0382812529342016e-05,4.964679718146074e-07,4.898587352294773e-07,4.577209008835092e-05,0.1524,,1121,,
