,p1,p2,p3,p4,p5,p6,p7,p8,Gkr,RMSE,iterations,CPU_time,score
0,0.0016134051639178702,0.07285951031407259,1.90793903881377e-05,0.05227811001474369,0.11005945478507816,0.023166014869823965,0.008879013715612855,0.029418092884071385,0.15296913140734258,2972.3813889310986,1581,7556.556853144999,2972.3813889310986
1,8.766380825523385,7.14270985866679e-06,0.00012301288216762867,0.01546690283773843,9.284971737319477,6.32852064878619e-05,0.9719498550172561,0.00763062948081181,0.1524,,1581,,
