,p1,p2,p3,p4,p5,p6,p7,p8,Gkr,RMSE,iterations,CPU_time
0,0.00020740859305203645,0.08985900054500238,3.2682027022755334e-05,0.05030929333327445,0.08255550950385168,0.012240548295570778,0.012363451256795152,0.03595496944330225,0.06435684129488249,1014.2047482566908,821,1423.4166421219998
1,0.00020741982696553227,0.08985616063707118,3.268347876455107e-05,0.050309005184825034,0.08253476142100533,0.012239124346605202,0.012360300315351931,0.03595713232467966,0.06435684129488249,1014.2047385317883,885,1608.988579251003
2,0.0002074172367034531,0.08985644949179822,3.268368490970881e-05,0.05030900291131103,0.08253102633571975,0.012238967644450396,0.012359682678285393,0.03595738784859607,0.06435684129488249,1014.2047510163192,571,1205.084410490992
3,0.00020741204556659566,0.08986000117923883,3.2679312440413876e-05,0.05031030443914074,0.08255706136515231,0.0122395764853743,0.012363573847222118,0.035955658098981325,0.06435684129488249,1014.2047512763656,506,1068.1121396980016
4,0.00020741145024156493,0.08985937465397759,3.2681607302737613e-05,0.05030957676629221,0.08255826837484799,0.012240153101650966,0.012363835621993311,0.035955436737763344,0.06435684129488249,1014.2047489223654,771,1639.4278864059888
