,b_1_a,b_1_b,k_b_a,b_a0_a,b_a0_b,b_a1_a,b_a1_b,k_f_a,a_a1_a,a_a1_b,a_a0_a,a_a0_b,a_1_a,a_1_b,g_Kr,RMSE,iterations,CPU_time,score
0,0.006499070052670406,0.032684776875217786,0.03680337780173061,0.047573872590875026,0.06325987677201807,6.901307460403645e-05,0.0417678946832691,0.02381559611945717,0.013773951065823622,0.03797416428378664,0.02247357342887967,0.01171081546910295,0.09083913717929079,0.023380207916043855,0.15241740479166932,202.98017798224362,1069,4835.196515636002,202.98017798224362
