,p1,p2,p3,p4,p5,p6,p7,p8,Gkr,RMSE,iterations,CPU_time
0,0.0002255758408280302,0.06993398404130899,3.445930450675357e-05,0.05460616250959806,0.08728213861851479,0.008901274468162707,0.00514917589658255,0.031581869489670074,0.1524,173.4342969457603,830,2098.601907299002
1,0.00022557714640637964,0.06993392536005462,3.445924515007807e-05,0.05460618193446423,0.0872822627252391,0.00890123403152083,0.005149183782582499,0.031581933369174954,0.1524,173.4342968191425,738,1289.8921905790048
2,0.00022557807915877008,0.06993387815435344,3.4459650452024365e-05,0.05460606636575183,0.08728220550120969,0.00890125500624212,0.005149177542784906,0.03158193840554526,0.1524,173.43429705590125,618,1130.9977620800055
3,0.0002255777340714932,0.06993387697737927,3.4458757618149315e-05,0.05460632087848242,0.08728235143910923,0.008901200439994678,0.005149187254981216,0.03158190518219676,0.1524,173.4342971053398,512,955.4785918389971
4,0.00022557539956665645,0.06993395576743247,3.445919738939946e-05,0.054606188874882354,0.08728215809595825,0.008901241044069934,0.005149177816951598,0.03158195772624318,0.1524,173.43429706268685,577,1252.032383259997
