,p1,p2,p3,p4,p5,p6,p7,p8,Gkr,RMSE,iterations,CPU_time,score
0,0.0016889769504829818,0.03664999780970951,4.284688484963839e-05,0.04595497848017629,0.09319712912238375,0.021806503244214164,0.00735295909049177,0.029606722389722156,0.16389745914116866,1708.2253018760666,1312,3932.2205225760003,1708.2253018760666
1,0.20366907874937715,0.00011342535273824315,1.95080751798108e-07,0.0001836645662214405,0.00013608349609117251,4.133955193806269e-07,9.33077165379771,8.620869158076983e-06,0.1524,,1312,,
