,a_1_a,a_1_b,b_a0_a,b_a0_b,k_b_a,a_a0_a,a_a0_b,b_1_a,b_1_b,b_a1_a,b_a1_b,a_a1_a,a_a1_b,k_f_a,g_Kr,RMSE,iterations,CPU_time,score
0,0.09086181682191338,0.02342011538660089,0.0477058469094849,0.06352046517854704,0.03770911536918535,0.022535222306470596,0.011484109126004043,0.006500316800333929,0.03266053061154478,6.888832987891374e-05,0.04178289391711624,0.013636063028505119,0.037788972498754,0.024422441549298644,0.15240332881259025,138.0135075314469,1337,3751.44263899,138.0135075314469
