,p1,p2,p3,p4,p5,p6,p7,p8,Gkr,RMSE,iterations,CPU_time
0,0.00022534591840055288,0.0699655023866934,3.446456207383707e-05,0.05460548181338283,0.08721271844499652,0.008923392891778804,0.005145269730584545,0.031566429985368745,0.1524,202.74510732719807,673,1212.9372248559957
1,0.00022534298176345204,0.069965742248766,3.4464438634251534e-05,0.054605510282921405,0.08721264236499504,0.008923353055155191,0.005145275730406,0.03156641669836502,0.1524,202.74510733430117,675,1210.1444982659887
2,0.00022534640460571668,0.06996544044437604,3.446440248503734e-05,0.054605520971917315,0.08721246351330898,0.008923397292802147,0.005145262428381727,0.03156639593013,0.1524,202.74510725440982,689,1234.9619385109982
3,0.00022534333299107018,0.06996568554148494,3.446434902271186e-05,0.054605529975184364,0.0872127379171601,0.008923301758509798,0.005145287149723296,0.03156644018740833,0.1524,202.74510695839982,861,1542.7448116099986
4,0.0002253431421122283,0.06996572117044841,3.4464187541610104e-05,0.05460556887066137,0.08721259047964257,0.008923336881763996,0.005145270452369684,0.031566429550099716,0.1524,202.74510703437673,777,1393.4767303599801
