,p1,p2,p3,p4,p5,p6,p7,p8,Gkr,RMSE,iterations,CPU_time
0,0.00022655487815856698,0.06801007682429273,3.0959085847853436e-05,0.05794802747897417,0.08928101368309542,0.009901829996404583,0.003124925325743641,0.027891538174131595,0.2563052273693322,751.6928263040438,926,2361.0529574419925
1,0.00022655539491522558,0.06800953852111068,3.0958192691159196e-05,0.057948329673347156,0.08928341803989417,0.009901942984945728,0.003125009369000909,0.0278913734696685,0.2563052273693322,751.6928212260468,620,1573.4893686090072
2,0.00022656908916939944,0.06800838767265173,3.095677139838271e-05,0.05794871713179598,0.08928546292220421,0.009902241784709121,0.0031250504607035208,0.027891134357476224,0.2563052273693322,751.6928172709398,640,1798.8620229529915
3,0.00022656119284296118,0.06800945468556864,3.0958594399820146e-05,0.05794816509633505,0.08928019484829854,0.009901696073861408,0.0031249119404522605,0.027891566315883513,0.2563052273693322,751.6928206542091,580,2270.958567530004
4,0.00022655631320887484,0.0680092354653789,3.095691919759215e-05,0.057948546162358686,0.08928758153962929,0.009902380652427534,0.0031251232844925945,0.02789092837049475,0.2563052273693322,751.6928154825416,979,4391.727630555004
