,b_1_a,b_1_b,k_b_a,b_a0_a,b_a0_b,b_a1_a,b_a1_b,k_f_a,a_a1_a,a_a1_b,a_a0_a,a_a0_b,a_1_a,a_1_b,g_Kr,RMSE,iterations,CPU_time,score
0,0.006504329259920198,0.032650499620889915,0.03454287014071703,0.04962151981422245,0.06244100872430208,6.939480501746136e-05,0.04172508119654635,0.023013696241652653,0.01441299514636212,0.038823399757931615,0.021800960775711118,0.011399894832610133,0.09096366595230138,0.023410425366592214,0.15246539324067993,139.07721663586642,1780,6142.420655686999,139.07721663586642
