,p1,p2,p3,p4,p5,p6,p7,p8,Gkr,RMSE,iterations,CPU_time,score
0,0.0016834465452649698,0.08439695767983953,2.20800404900669e-05,0.05121376388558448,0.12134685958374904,0.026861625148195373,0.008864111706203479,0.028803461056721352,0.15468852247691034,653.2885817605545,2004,3708.017859798,653.2885817605545
1,1.04255428246656e-06,9.483313595497525e-06,0.5255794083601742,0.06085750048564712,1.0433542626051553,0.001559337645308612,3.763154890888956e-05,0.02826058456441045,0.1524,,2004,,
