,p1,p2,p3,p4,p5,p6,p7,p8,Gkr,RMSE,iterations,CPU_time
0,0.0002246504198999809,0.06565367035351426,3.2605681618420645e-05,0.05573472937601033,0.08905712008656265,0.008706378545275346,0.004423932295167322,0.0304386506941318,0.1812351643264147,152.3926336025466,535,833.9462468529964
1,0.0002246407879465655,0.0656542925679851,3.260517704311769e-05,0.05573480056500251,0.08905508583057119,0.008706118509808422,0.004423844590906738,0.030438804922148288,0.1812351643264147,152.3926318089589,931,1223.1210532820114
2,0.00022464625614915566,0.06565337935161386,3.260568258904818e-05,0.0557347017420895,0.08905138228332315,0.008705871566041402,0.004423642617637388,0.03043934866046446,0.1812351643264147,152.3926313479027,903,1037.8156823820027
3,0.0002246453077533648,0.06565323299120682,3.260442246758256e-05,0.05573501178047945,0.08905196391571388,0.008705801772036077,0.004423657146321266,0.03043922714562148,0.1812351643264147,152.39263271075563,858,986.6713572349981
4,0.00022464378387337036,0.06565419965039936,3.26048309435887e-05,0.055734963446058564,0.08905380756773716,0.008705864401114986,0.0044237739107956826,0.030439107942494985,0.1812351643264147,152.39263330623103,607,835.9313275169989
