,p1,p2,p3,p4,p5,p6,p7,p8,Gkr,RMSE,iterations,CPU_time
0,0.00022413774030861163,0.0658053249662998,3.261036040748335e-05,0.05573745432772406,0.08940760332175336,0.008762448648397123,0.004440464351962548,0.030383075962478693,0.1812351643264147,152.12821619137208,474,936.0841142540012
1,0.0002241340823758517,0.06580544041153324,3.2606138433154126e-05,0.055738407535676895,0.08940926469281352,0.00876143421572864,0.0044405601175215486,0.030383230219799932,0.1812351643264147,152.12820651866113,632,1219.610687487002
2,0.00022413400508070985,0.0658058566401372,3.2607299062694335e-05,0.055738101843279125,0.08940850955485999,0.008761481400843424,0.004440504970313117,0.03038341465858313,0.1812351643264147,152.128210290261,559,1081.1492127240017
3,0.00022413627122536134,0.06580439757153794,3.2606379727593817e-05,0.055738268383078694,0.08941231223705272,0.008761087899640512,0.004440719562019013,0.030383627199465846,0.1812351643264147,152.12820770432742,618,1034.9247025020013
4,0.00022413393190606805,0.06580515748202319,3.2607454155286174e-05,0.05573805760030956,0.08941357998735132,0.008761836607292711,0.0044407527122150275,0.03038326376140224,0.1812351643264147,152.12821015487913,576,662.7119932000023
