,p1,p2,p3,p4,p5,p6,p7,p8,Gkr,RMSE,iterations,CPU_time,score
0,0.00015734628705157917,1.4577250041647266e-07,8.628362805833849e-05,1.4515865102979294e-07,9.87192120184089e-07,1.2811028534493236e-07,2.1898234829701032e-07,1.2957663263113517e-07,0.05468661347511485,341639.52487571555,1320,2440.1850719540016,341639.52487571555
1,0.00015479358390191845,3.8783606696198335e-07,8.861811569043012e-05,8.33916428259246e-06,1.0298170457819435e-06,1.91733568548578e-05,2.321867586458162e-07,3.6243062581298444e-06,0.1524,,1320,,
