,p1,p2,p3,p4,p5,p6,p7,p8,Gkr,RMSE,iterations,CPU_time,score
0,0.0016152685802567495,0.0728964249555462,1.905677775651347e-05,0.0522899654470406,0.11026121411091343,0.023168753321224683,0.008891077780146184,0.029411886907237242,0.1530042077976141,2966.618793461506,1332,6489.205056818002,2966.618793461506
1,2.55350695009075e-07,0.00015772862527569346,1.0219036781260819e-05,8.32827437677222e-05,5.4445292964155205e-05,0.0009282930101521781,0.01428274972161555,0.006078051257989447,0.1524,,1332,,
