,p1,p2,p3,p4,p5,p6,p7,p8,Gkr,RMSE,iterations,CPU_time,score
0,2.6051718704658037e-07,0.06934608379694494,1.0000701822383052e-07,8.284100820204124e-07,6.064060977051779e-07,0.007638519263277609,4.336092582150328e-07,0.009877908968922034,0.2122945293231187,231496.24949982233,1295,3282.7170427850006,231496.24949982233
1,1.5457069669800404e-06,0.003958912951795066,1.934986355769635e-06,4.183396091714703e-05,2.1154747993662296e-06,1.667435406036306e-06,2.3518831992732486e-06,0.05987107374825953,0.1524,,1295,,
