,a_1_a,a_1_b,b_a0_a,b_a0_b,k_b_a,a_a0_a,a_a0_b,b_1_a,b_1_b,b_a1_a,b_a1_b,a_a1_a,a_a1_b,k_f_a,g_Kr,RMSE,iterations,CPU_time,score
0,0.090839261242007,0.02339350925375909,0.04778288195463745,0.0626526641450742,0.036281800765888744,0.02227641029427909,0.011777519142914682,0.006497049490852168,0.03268135918014008,6.897874646447089e-05,0.04176984664213809,0.013726036523337686,0.03815028410772219,0.023788589204710924,0.15238978160501893,202.01390251508266,1921,8776.388874682001,202.01390251508266
