,a_1_a,a_1_b,b_a0_a,b_a0_b,k_b_a,a_a0_a,a_a0_b,b_1_a,b_1_b,b_a1_a,b_a1_b,a_a1_a,a_a1_b,k_f_a,g_Kr,RMSE,iterations,CPU_time,score
0,0.09076235789507044,0.023395188476438584,0.04724209736007987,0.06293181117979545,0.03688493473653798,0.022275376265439958,0.011882651173879247,0.006489181010594753,0.03268040130381826,6.902752469479658e-05,0.04176650930741253,0.013868045893574309,0.03798497486504906,0.023785999851963845,0.15241826649126908,203.44567334283974,1380,6459.699730929002,203.44567334283974
