,p1,p2,p3,p4,p5,p6,p7,p8,Gkr,RMSE,iterations,CPU_time,score
0,0.0016920806282148836,0.03663063164703492,4.296132985983866e-05,0.045929090729141905,0.09315636327760027,0.021819533291750265,0.007350932178901877,0.029605303149812204,0.16386032873565956,1709.812166524823,1330,3772.9771946,1709.812166524823
1,1.3164496248333992,8.343077459865168e-07,2.4027062062374624e-05,0.0001621340363430325,0.0005247232372099297,0.060761917689785595,9.260547906829334,1.4290347142079467e-06,0.1524,,1330,,
