,b_1_a,b_1_b,k_b_a,b_a0_a,b_a0_b,b_a1_a,b_a1_b,k_f_a,a_a1_a,a_a1_b,a_a0_a,a_a0_b,a_1_a,a_1_b,g_Kr,RMSE,iterations,CPU_time,score
0,0.006504004117798893,0.03266597048681162,0.03697390956954196,0.04663861506561304,0.0627252949333585,6.888310579636509e-05,0.04178331536550081,0.02371538039279128,0.013985844125504255,0.03807497977781313,0.021841669120868008,0.01213899909931914,0.09085503444011508,0.023387857794701462,0.1523974160070731,202.7062341327567,1106,5158.070507822,202.7062341327567
