,a_a0_a,a_a0_b,b_a1_a,b_a1_b,k_f_a,a_1_a,a_1_b,b_a0_a,b_a0_b,a_a1_a,a_a1_b,k_b_a,b_1_a,b_1_b,g_Kr,RMSE,iterations,CPU_time,score
0,0.023102951824587697,0.011177124877791522,6.890726236833685e-05,0.041776791130331024,0.0237513326034079,0.09087190189476915,0.023395196561857685,0.04841007728725675,0.06349079090810723,0.013500705556658811,0.03832162095364012,0.03628583379129806,0.0065021891763352435,0.032678974894787986,0.15238821600897887,295.92589162928516,1137,7565.012376333001,295.92589162928516
