,p1,p2,p3,p4,p5,p6,p7,p8,Gkr,RMSE,iterations,CPU_time,score
0,0.0015675679521440916,0.0793008832266062,2.2203180597851568e-05,0.05117795406647995,0.09594167036293585,0.023934416799019403,0.007054793398279931,0.031329625232723875,0.15473512161263905,721.3703552266699,1487,3332.980606916999,721.3703552266699
1,0.008331694303913595,2.3715862470911227e-05,9.492748677442935e-07,0.08367901061249007,3.6048998760402484e-05,0.00010108594305954292,0.0004567477709355144,0.042571045010570435,0.1524,,1487,,
