,p1,p2,p3,p4,p5,p6,p7,p8,Gkr,RMSE,iterations,CPU_time
0,0.00020029974009700763,0.09250716283619197,2.300077592866488e-05,0.05129202095412697,0.07977403316104192,0.015202028288406671,0.018358951503469802,0.03648249610891506,0.045308791081603676,1999.8013238612314,553,1029.165110484002
1,0.00020030130818046027,0.09250796391282858,2.2998764155835935e-05,0.05129300891886093,0.0797707492921256,0.015201127427820494,0.01835799005767997,0.036483007854104486,0.045308791081603676,1999.8013355324592,712,1441.474868121004
2,0.0002003021698673327,0.09250817579010115,2.300048298019234e-05,0.051292307273568774,0.07976923499274886,0.015202070971267162,0.018357676917104666,0.03648307947394814,0.045308791081603676,1999.8013262102434,822,1655.6822618429942
3,0.0002003181975658334,0.09250379030650292,2.3001907846132128e-05,0.05129152768722248,0.07976669057917112,0.015201586167549254,0.01835714044191115,0.03648340614217415,0.045308791081603676,1999.801322499936,904,1727.6696254339986
4,0.0002003228529491372,0.09250358171662182,2.3001566911220837e-05,0.051291854041219054,0.07977303032432748,0.01520105212079404,0.01835861104230741,0.03648364406163914,0.045308791081603676,1999.8013168730536,881,1053.5632588270018
