,p1,p2,p3,p4,p5,p6,p7,p8,Gkr,RMSE,iterations,CPU_time,score
0,0.001692035642239975,0.036630788078788036,4.2960347076674565e-05,0.04592935339673534,0.09315581107481229,0.021819400766857268,0.007350728382324142,0.029606246540427546,0.16385938669149144,1709.8121390035597,1256,3961.248435667,1709.8121390035597
1,3.175999624182279e-05,1.9686364968851555e-05,3.762405871497588e-05,2.0817583748051492e-07,0.9267662519097515,8.035385541717429e-07,1.308265481487312,1.558129845098236e-06,0.1524,,1256,,
