,a_a0_a,a_a0_b,b_a1_a,b_a1_b,k_f_a,a_1_a,a_1_b,b_a0_a,b_a0_b,a_a1_a,a_a1_b,k_b_a,b_1_a,b_1_b,g_Kr,RMSE,iterations,CPU_time,score
0,0.023024659678887012,0.010251954242199893,6.94985631924709e-05,0.0417090875084989,0.02283155810420658,0.09090081597599076,0.023408354869564302,0.053404966874399905,0.06347602829253599,0.014329949957011225,0.03883362150226826,0.03350220182831436,0.006504349273985384,0.03265821678007185,0.15239247317733667,138.5361826387745,1082,3408.18228605,138.5361826387745
