,b_1_a,b_1_b,k_b_a,b_a0_a,b_a0_b,b_a1_a,b_a1_b,k_f_a,a_a1_a,a_a1_b,a_a0_a,a_a0_b,a_1_a,a_1_b,g_Kr,RMSE,iterations,CPU_time,score
0,0.006502111352753188,0.03267907070416256,0.03628723790497728,0.0484073025543298,0.06348962730099283,6.89086760944984e-05,0.041776619875519935,0.02375267057384654,0.013501492493566115,0.038320419186314014,0.023099283217273156,0.011178244931819526,0.09087104557493367,0.023395169943034526,0.15238821452766643,295.9258898040591,1734,11883.428560822998,295.9258898040591
