,p1,p2,p3,p4,p5,p6,p7,p8,Gkr,RMSE,iterations,CPU_time,score
0,0.0016141661080218367,0.07287008082100549,1.9093597404904457e-05,0.05227065778597353,0.11010230988318788,0.02316650391570152,0.008879844559335222,0.02942782755332516,0.15297975475537187,2962.1482425095955,1437,6120.574016339,2962.1482425095955
1,0.015432450815978603,0.0009355552821153093,4.056123568832397,0.015689623207365562,0.01123077480719695,0.03017524364826328,0.4872691693253446,8.028716682131751e-05,0.1524,,1437,,
