,a_1_a,a_1_b,b_a0_a,b_a0_b,k_b_a,a_a0_a,a_a0_b,b_1_a,b_1_b,b_a1_a,b_a1_b,a_a1_a,a_a1_b,k_f_a,g_Kr,RMSE,iterations,CPU_time,score
0,0.0908272400275631,0.023392434758191107,0.0468264272178293,0.06315850348135826,0.03757636632182561,0.02231787623759882,0.011754284958912016,0.006498002633409149,0.03267079627358429,6.887581406333006e-05,0.041784432993726896,0.013921309944607947,0.03813170495055876,0.023827324439036953,0.1524262043955965,296.483073008032,1363,9225.945757666,296.483073008032
