,p1,p2,p3,p4,p5,p6,p7,p8,Gkr,RMSE,iterations,CPU_time,score
0,0.39879778452571113,0.0017236122786794218,26.86316576304595,0.00868930677747008,46.63435994685651,0.025312776874313277,5.278055927823428,0.02956654814243101,5.96415291229811,53597.371411454355,1909,4189.222479954,53597.371411454355
1,0.01544425294743535,5.438761816618021e-05,0.47109434106032466,5.309832252055651e-07,0.055335903236885434,7.866096290204131e-05,2.5869422938125178e-05,0.031407991299361386,0.1524,,1909,,
