,a_a0_a,a_a0_b,b_a1_a,b_a1_b,k_f_a,a_1_a,a_1_b,b_a0_a,b_a0_b,a_a1_a,a_a1_b,k_b_a,b_1_a,b_1_b,g_Kr,RMSE,iterations,CPU_time,score
0,0.02227223085829195,0.012803230516889556,6.873953672753836e-05,0.04179265625300513,0.024286445277338857,0.09063183025922762,0.023378388828911335,0.04476744366636891,0.06305297757462429,0.01332957164179632,0.037461016100053965,0.038059593820946515,0.006487832512989717,0.03270360193612757,0.15231671035078245,138.4788688089353,1243,3823.0945580820003,138.4788688089353
