,p1,p2,p3,p4,p5,p6,p7,p8,Gkr,RMSE,iterations,CPU_time,score
0,0.0016890282051128815,0.036649391352081215,4.2848064903354135e-05,0.04595465413605709,0.09319732941973426,0.021806501250544376,0.007353027435271394,0.029607049026966818,0.1638959312348121,1708.2252937844476,1143,1807.5649877020005,1708.2252937844476
1,0.050098189927772756,0.0009604140795731848,0.05626952816512429,0.001274772814596542,0.00011877994236607308,0.0038997196526467342,0.023861260180404992,2.294978499793038e-06,0.1524,,1143,,
