,a_a0_a,a_a0_b,b_a1_a,b_a1_b,k_f_a,a_1_a,a_1_b,b_a0_a,b_a0_b,a_a1_a,a_a1_b,k_b_a,b_1_a,b_1_b,g_Kr,RMSE,iterations,CPU_time,score
0,0.022213428730275816,0.011826313411962282,6.898434761548267e-05,0.04176918841847642,0.023783559970603683,0.090838210187312,0.023393553483020996,0.047647460722017504,0.06261506641161893,0.01374043231803161,0.038150317875331886,0.036302763374793406,0.006496875131961318,0.032681524145287556,0.15239003844921226,202.01383236708355,1081,5009.8359441699995,202.01383236708355
