,a_a0_a,a_a0_b,b_a1_a,b_a1_b,k_f_a,a_1_a,a_1_b,b_a0_a,b_a0_b,a_a1_a,a_a1_b,k_b_a,b_1_a,b_1_b,g_Kr,RMSE,iterations,CPU_time,score
0,0.02239451702840015,0.01158180546812989,6.886212832107462e-05,0.04178582736651268,0.02445102513044347,0.09086024163533014,0.023420244627886704,0.04728972641590697,0.0634146836552693,0.013666063566467643,0.03781409782654081,0.037925042468359746,0.006500310857088906,0.03266071841015773,0.1524008646098322,138.01351299160197,1006,3095.0656216940006,138.01351299160197
