,p1,p2,p3,p4,p5,p6,p7,p8,Gkr,RMSE,iterations,CPU_time
0,0.00020352661620488867,0.05928268900867135,2.96726269659737e-05,0.058675506834795964,0.08983495469786336,0.009648148862093127,0.0025121242028042874,0.026456636966312234,0.3624703286528294,317.6010600586958,904,1964.2177711149998
1,0.0002035348345823203,0.05927917647708385,2.967104934732214e-05,0.05867556836989356,0.08983803428258891,0.009648823362776891,0.002512254579178452,0.02645570219145737,0.3624703286528294,317.60107293947544,600,1092.0275568679936
2,0.0002035419022099059,0.05928017727149694,2.96721775449599e-05,0.058675329004651666,0.08983555079829539,0.009648811398502316,0.0025121210493593703,0.026455992666066967,0.3624703286528294,317.60110187510304,517,807.1364813360124
3,0.00020351859017013677,0.05928008438769571,2.9671567749181626e-05,0.05867578549764563,0.0898314686863442,0.009648956035795707,0.002512089012946871,0.02645626593062108,0.3624703286528294,317.60105911855845,1041,1592.0565731550014
4,0.00020353184456317833,0.059280921029152785,2.9670330936033005e-05,0.058676033330760304,0.0898379225075746,0.00964818162629039,0.002512191882811136,0.02645650547312577,0.3624703286528294,317.60105911292845,934,1945.316008038004
