,p1,p2,p3,p4,p5,p6,p7,p8,Gkr,RMSE,iterations,CPU_time
0,0.00020430050950667744,0.05931667679410321,2.9602951834530016e-05,0.058703286224459306,0.08997424906014406,0.009642716171837729,0.0025106697408783683,0.0264500639285214,0.3624703286528294,318.08048100157123,1047,2253.741610222998
1,0.0002043108580255884,0.05931738748285958,2.960177140420069e-05,0.058703716348854705,0.08997677393663171,0.009643004534603336,0.002510682868647505,0.026449599762777002,0.3624703286528294,318.0805322564202,579,1238.8295421549992
2,0.00020432569273631275,0.05931710741930049,2.9603925016511574e-05,0.058703149403748,0.08998183593710499,0.009642491721625885,0.0025108312220809463,0.02644957901528283,0.3624703286528294,318.0805456766114,499,1076.5795386960017
3,0.0002043104859664099,0.05931778195605127,2.9597191182095462e-05,0.058705121145483326,0.08997729362683853,0.009641364792426393,0.002510628281741072,0.026450560199750457,0.3624703286528294,318.0805568878164,466,1008.4240323280028
4,0.00020431946308713784,0.05931732760960169,2.959889510086572e-05,0.05870446272612908,0.08998508741668254,0.009641342732231186,0.0025108618793866534,0.026450229679502724,0.3624703286528294,318.08048457117525,974,2038.0927791819995
