,a_a0_a,a_a0_b,b_a1_a,b_a1_b,k_f_a,a_1_a,a_1_b,b_a0_a,b_a0_b,a_a1_a,a_a1_b,k_b_a,b_1_a,b_1_b,g_Kr,RMSE,iterations,CPU_time,score
0,0.02245991220566151,0.011918188555422688,6.878295635652371e-05,0.041793907181274244,0.023627634394360587,0.09076491987007783,0.02338469029330087,0.046353404021312127,0.06305752087674309,0.013598444355065856,0.0383705057969836,0.03668811339690456,0.006493249988830684,0.032682228901159335,0.15240856071012507,296.0584451032803,1966,13345.807612395998,296.0584451032803
