,p1,p2,p3,p4,p5,p6,p7,p8,Gkr,RMSE,iterations,CPU_time
0,0.00017214446729392526,0.07636768468959004,3.30159398137749e-05,0.0539846339209475,0.08628351310099547,0.009015616925525912,0.005899898864577808,0.03323667549048448,0.1281526136846661,330.1359107445446,1011,2002.4457362369867
1,0.0001721434858667528,0.07636753001583706,3.301434772188997e-05,0.0539849757977855,0.08628593171414618,0.00901515627897126,0.005900174839687819,0.033236651268346525,0.1281526136846661,330.13591334132053,980,1924.3942367539858
2,0.0001721439267850525,0.07636776752976988,3.301541026670444e-05,0.053984723460867245,0.08628341079488093,0.009015577289697064,0.00589995741776628,0.03323644065959424,0.1281526136846661,330.13591207459285,753,1481.9475039730023
3,0.0001721434084665498,0.07636772605816612,3.3013861635607004e-05,0.05398512789369328,0.08628703798780686,0.00901526254199031,0.0059002229965120735,0.03323651809126952,0.1281526136846661,330.13591397230283,735,1450.4542093100026
4,0.00017214171224759375,0.076367864358231,3.301521864780691e-05,0.053984749164096915,0.08628310868391564,0.009015668371168491,0.005899907627731461,0.03323647470216003,0.1281526136846661,330.135913434624,536,1053.3714342160092
