,p1,p2,p3,p4,p5,p6,p7,p8,Gkr,RMSE,iterations,CPU_time,score
0,0.0019693107777062975,0.054122694111480386,2.9802416532589192e-05,0.048723284171500916,0.09609332102493186,0.023100458202319117,0.006851212003993155,0.03139755931286609,0.15783908241880223,2605.4067965658323,1624,5081.774095585002,2605.4067965658323
1,3.602677968050972e-06,1.5789057291704012e-07,0.20061236916970698,0.048056126255649104,0.9780570196913241,9.392039209499021e-07,0.00014839642412723457,0.0010905844288416106,0.1524,,1624,,
