,p1,p2,p3,p4,p5,p6,p7,p8,Gkr,RMSE,iterations,CPU_time,score
0,0.0015675593836973162,0.07933529323303347,2.2159619974417462e-05,0.05119962540252172,0.09597066285078941,0.023948477689579063,0.007058136916140053,0.03130269513344202,0.1547617446752207,720.6057199753737,1314,2906.667652203,720.6057199753737
1,0.00011924490434903295,0.032761010052640094,0.9686012183203269,2.716919406152043e-07,0.04445427492213866,0.010100197247217089,2.4745746810658125e-07,0.025866713863004608,0.1524,,1314,,
