,p1,p2,p3,p4,p5,p6,p7,p8,Gkr,RMSE,iterations,CPU_time,score
0,0.0016847250221549471,0.08444511803244206,2.211459462183695e-05,0.05119853813548775,0.12143218634844201,0.02689979448347959,0.008870772787738445,0.02877663526239221,0.15466146800045674,653.2881453806323,1644,3568.597525244,653.2881453806323
1,1.088550963476976e-05,1.0273782267893154e-05,1.8561163211722123,3.0829729296032e-06,0.44971606040857304,9.735031138827454e-07,1.9928786985573024,0.023000193686308762,0.1524,,1644,,
