,p1,p2,p3,p4,p5,p6,p7,p8,Gkr,RMSE,iterations,CPU_time,score
0,0.0016136216719515996,0.07290305786200525,1.9048218183730873e-05,0.05229201576908113,0.11021541088138735,0.02316287720391077,0.00889064809195605,0.02941952286557876,0.15296354589858488,2966.657171548652,1751,8646.521391894996,2966.657171548652
1,0.00026511164780632405,0.005630191702176584,0.3520763616551628,9.526135255007351e-05,0.7228248829382122,0.0006410248914423319,8.974130255562798e-05,1.8508910367166771e-06,0.1524,,1751,,
