,p1,p2,p3,p4,p5,p6,p7,p8,Gkr,RMSE,iterations,CPU_time
0,0.0001751961876169603,0.07593286586390079,3.3143459092030346e-05,0.054010719618074514,0.08650390559487535,0.009009228318286615,0.005866761194652381,0.03312472545748507,0.1294655974387777,312.7396694210264,535,1013.5805540699948
1,0.00017519919855317714,0.07593252451716563,3.314304335297711e-05,0.05401084620561362,0.08650429123897604,0.009009264665087582,0.005866769870827346,0.03312472539344754,0.1294655974387777,312.739667476044,781,1485.7939286449982
2,0.00017519516914919205,0.07593307671541434,3.314374666056532e-05,0.05401062776401766,0.08650386416742023,0.009009181305784075,0.005866720483901946,0.03312491658723733,0.1294655974387777,312.7396655086534,1243,2358.096075067995
3,0.00017519092895004995,0.07593336231580787,3.3143155597025225e-05,0.05401077999145336,0.08650375101124554,0.00900917844719294,0.005866743649705231,0.03312476259214082,0.1294655974387777,312.739666877088,647,1225.7891696169972
4,0.00017519315710953323,0.07593309821115563,3.314246160736152e-05,0.05401097881022162,0.08650515924244616,0.009008936523771294,0.005866808418852286,0.03312507541738159,0.1294655974387777,312.7396678456869,646,1225.0716899919935
