,a_a0_a,a_a0_b,b_a1_a,b_a1_b,k_f_a,a_1_a,a_1_b,b_a0_a,b_a0_b,a_a1_a,a_a1_b,k_b_a,b_1_a,b_1_b,g_Kr,RMSE,iterations,CPU_time,score
0,0.022447159427165807,0.011927703519529069,6.87828843027795e-05,0.041793907278957744,0.02362758862697775,0.09076497870727974,0.023384651352169307,0.04632476218461158,0.06304795861513382,0.01360150037323041,0.03837201887830749,0.03669724091473141,0.006493254474583762,0.032682232100930214,0.152408547962651,296.0584461289169,1435,9382.723241800999,296.0584461289169
