,p1,p2,p3,p4,p5,p6,p7,p8,Gkr,RMSE,iterations,CPU_time,score
0,0.001614062728777699,0.0728690803753217,1.909366776867056e-05,0.05227047699863845,0.11009462435404292,0.023165733022559087,0.00887965171420218,0.029427847183681882,0.15297808979701258,2962.1481785153396,1094,5274.192092836001,2962.1481785153396
1,4.553612122105638e-05,0.0006041601864458002,3.4688635552667493e-06,5.07488651450681e-07,0.01555876510763071,3.3402545670323427e-06,0.000278398024540589,0.021135900988503625,0.1524,,1094,,
