,a_1_a,a_1_b,b_a0_a,b_a0_b,k_b_a,a_a0_a,a_a0_b,b_1_a,b_1_b,b_a1_a,b_a1_b,a_a1_a,a_a1_b,k_f_a,g_Kr,RMSE,iterations,CPU_time,score
0,0.09082891956515332,0.023399076939414492,0.04694725933621996,0.06329464433699017,0.03674773530828888,0.022337802662783846,0.011751548267577712,0.006497512718047343,0.032680995990967375,6.890827162646032e-05,0.041777409796455264,0.0134874536590852,0.03812148858314581,0.024152663768302916,0.152415234718635,138.68346788938217,1357,3799.1711512429993,138.68346788938217
