,p1,p2,p3,p4,p5,p6,p7,p8,Gkr,RMSE,iterations,CPU_time,score
0,0.0015676257481589367,0.0793018466169936,2.220237587624619e-05,0.05117823838490447,0.09594239570193695,0.023934877451146915,0.007054804257627022,0.03132876882519571,0.15473660740814668,721.3703632658357,1883,4161.326477775,721.3703632658357
1,0.00020178912172092058,3.858162181310839e-05,1.816634474710617,4.555074711923396e-06,0.0009533414911645977,2.706385889412357e-07,0.030624234394129164,0.0007020912822498619,0.1524,,1883,,
