,p1,p2,p3,p4,p5,p6,p7,p8,Gkr,RMSE,iterations,CPU_time,score
0,0.0016883036199523327,0.03665357632803042,4.29096770907501e-05,0.04594199653185431,0.09317651975889962,0.021813803626043446,0.007353567046640142,0.029592223194367828,0.16391862246293532,1710.0087747465857,1225,3905.681195617999,1710.0087747465857
1,0.000268287088409614,0.000637787142305711,0.00016396948171236618,4.3205289491828755e-06,2.1547808837852237e-05,6.037830615602879e-06,0.001966709032848222,9.25473961314902e-05,0.1524,,1225,,
