,p1,p2,p3,p4,p5,p6,p7,p8,Gkr,RMSE,iterations,CPU_time,score
0,0.0019696563543134277,0.0541419718480253,2.9803531850499604e-05,0.04872892803893634,0.09611951087977057,0.023102779907908287,0.006852366015730355,0.03139172904222791,0.1578963942881968,2609.928599172428,806,2778.4740664990004,2609.928599172428
1,6.400520955622011e-05,1.747291593155112e-07,1.1338131906508e-06,0.001638513359702396,0.062336288286308675,1.519385996468161e-07,0.014066792265042117,1.643882833182467e-07,0.1524,,806,,
