,p1,p2,p3,p4,p5,p6,p7,p8,Gkr,RMSE,iterations,CPU_time,score
0,0.001969347809902722,0.05417620948803893,2.9782888011490594e-05,0.04873448988497628,0.0960343520316107,0.02311659543247684,0.006842983546375447,0.03139434078475043,0.15787542539669966,2608.359406808871,887,2965.0904738829995,2608.359406808871
1,3.194769624587099e-05,0.007167518702135132,6.766920359569705e-07,6.197703005826418e-05,0.0001657721566613008,0.0005699286698930682,0.35602787306470535,0.0043978533844454435,0.1524,,887,,
