,b_1_a,b_1_b,k_b_a,b_a0_a,b_a0_b,b_a1_a,b_a1_b,k_f_a,a_a1_a,a_a1_b,a_a0_a,a_a0_b,a_1_a,a_1_b,g_Kr,RMSE,iterations,CPU_time,score
0,0.0064958448729120905,0.03267953343349406,0.03665570291560483,0.04703494437119078,0.06351442606330283,6.892304254080187e-05,0.04177400196567761,0.023827374968272426,0.013630121319278979,0.038378764656137945,0.022365802050915415,0.011629417340651767,0.0907896619177304,0.023396010569330373,0.15237881920830468,173.71913769579473,923,4381.541609041,173.71913769579473
