,p1,p2,p3,p4,p5,p6,p7,p8,Gkr,RMSE,iterations,CPU_time,score
0,0.0016879883213692009,0.08453386263885111,2.206746380471385e-05,0.051216686200638274,0.12176097674752298,0.026914351364746285,0.008892353465107075,0.02875053191800006,0.15467299208178834,654.6967760216002,731,1630.0003565470001,654.6967760216002
1,0.0015838520646549678,0.0017826403915402926,1.3207740432640988e-06,0.11550897952885504,3.2239749226366814,1.5259190402899004e-05,0.01888914440294216,4.25243612649291e-05,0.1524,,731,,
