,p1,p2,p3,p4,p5,p6,p7,p8,Gkr,RMSE,iterations,CPU_time,score
0,0.0016851189287220558,0.0844594589822079,2.2073640554246506e-05,0.05121177068943194,0.12131998739165252,0.026882383872301328,0.00886886651881843,0.02878831075927721,0.15459459030304562,654.5817592826206,1435,2809.9804728570007,654.5817592826206
1,0.017358257069207145,0.0013550061603892463,0.03287195504033657,0.0046302681772930005,0.3317209790179338,0.007708679926016302,2.4344588386535355e-07,0.0001689694001671765,0.1524,,1435,,
