,p1,p2,p3,p4,p5,p6,p7,p8,Gkr,RMSE,iterations,CPU_time,score
0,1.1627799302047208,0.009176945585575188,34.01815584358003,0.0009809783503327155,3.8696501416348528,0.04100025978354266,0.45951661856675724,0.013897884487070475,2.530309189271899,53561.155146379635,1520,2864.0079772049994,53561.155146379635
1,2.899578295825104e-06,2.1674820717783935e-05,0.06884328090629517,1.84948578846781e-07,0.0009843912699509594,3.520805270107918e-05,0.21252408378496135,0.001754424530369918,0.1524,,1520,,
