,p1,p2,p3,p4,p5,p6,p7,p8,Gkr,RMSE,iterations,CPU_time
0,0.0003682877549280772,0.05784652624732497,3.364947369904024e-05,0.05851596900513159,0.09237517545314186,0.010054916265992257,0.0019879052016298086,0.02562690238720348,0.43105229381131943,1193.198025438205,641,1244.8203681349987
1,0.0003682879123698768,0.05784594887936745,3.365065602649105e-05,0.05851588138965528,0.09237504609371228,0.010054826396747617,0.001987919727506627,0.025626878415222917,0.43105229381131943,1193.1980065132486,982,1907.8463399739994
2,0.0003682678153795064,0.05784746108686352,3.3649325210367725e-05,0.05851612659196183,0.09237413051416893,0.010055194992991219,0.001987867162702942,0.02562684543622117,0.43105229381131943,1193.1980188852133,635,1481.50130180399
3,0.0003682759741421538,0.057847293210150766,3.3649172007911376e-05,0.058516205167786245,0.09237280209212653,0.010055671709375984,0.001987803999356099,0.025626852395873072,0.43105229381131943,1193.1980374366144,734,2379.383179080003
4,0.0003682678758394285,0.05784747789718011,3.36529022509432e-05,0.05851528886917512,0.09237148947185275,0.010055424942719469,0.0019878129511319547,0.025627035276755927,0.43105229381131943,1193.1980386333296,564,1869.1401592729962
