,p1,p2,p3,p4,p5,p6,p7,p8,Gkr,RMSE,iterations,CPU_time,score
0,0.0015663494450019644,0.07928727375283101,2.21687232363459e-05,0.051201490485233224,0.09598718268735168,0.023935169076462048,0.007052031263658819,0.03131444069093762,0.15487050781901845,719.5676499742128,870,2016.6114305779993,719.5676499742128
1,2.9906085127362023e-05,1.9661890162807354e-06,3.533651996353251e-05,0.049216867809564184,0.10345724915295401,9.917179082013375e-06,0.08330529154521876,0.026581891191222232,0.1524,,870,,
