,p1,p2,p3,p4,p5,p6,p7,p8,Gkr,RMSE,iterations,CPU_time
0,0.00022538455235757423,0.07102569943855862,3.572149619155988e-05,0.05328620097270627,0.08575112579351395,0.008740693394883163,0.006015821111962043,0.03308396927703566,0.1281526136846661,418.49815437275333,769,2026.7335862269974
1,0.0002253916263126626,0.07102530540594285,3.572124526163982e-05,0.05328626873775213,0.08575201257252468,0.008740847117580983,0.006015837723274824,0.033083901337880424,0.1281526136846661,418.49815313050254,1027,2620.7894497720117
2,0.0002253886966844905,0.07102577514980592,3.5721282223703926e-05,0.053286244767625654,0.08575158114651481,0.008740784041277936,0.006015818559737122,0.0330839098395432,0.1281526136846661,418.4981558146166,749,1892.3416904849873
3,0.00022538940241313715,0.07102548527638665,3.5720596138158704e-05,0.05328641886990826,0.08575230372467481,0.00874062010364715,0.006015911022102806,0.033083811479877566,0.1281526136846661,418.49815700357,511,1291.5898057750019
4,0.00022539107499528662,0.0710252291224678,3.572038042065489e-05,0.053286429198409944,0.08575291511707883,0.008740566430537873,0.006015941142473249,0.033083898725032944,0.1281526136846661,418.4981544754085,973,2440.359066717996
