,p1,p2,p3,p4,p5,p6,p7,p8,Gkr,RMSE,iterations,CPU_time,score
0,0.001204009483884055,0.18680610512226783,7.629019142291257,0.004701506039970468,0.001117431464167785,0.10028235180623805,0.1084509153429398,0.0680224863210636,0.07612417787994451,267567.0440283679,999,4910.259960280001,267567.0440283679
1,0.0010721130056747354,0.13827192517965375,8.873517364400271,8.799016425677249e-05,0.0011659647355808302,0.012273778065237094,0.13532919148450623,0.002852961062766145,0.1524,,999,,
