,p1,p2,p3,p4,p5,p6,p7,p8,Gkr,RMSE,iterations,CPU_time
0,5.9903618441951796e-05,0.09960972296735136,2.153379720305448e-05,0.05359560146990003,0.07098732571866044,0.010481697243322301,0.009496328934992252,0.04016967738796421,0.06435684129488249,4829.911247001079,562,996.0988547310117
1,5.992391106334098e-05,0.09960459942074527,2.1534152173031118e-05,0.05359547064923488,0.07098568804627758,0.010482064468345731,0.009495787921948166,0.04017016924949443,0.06435684129488249,4829.911240244687,1060,2819.0799842740234
2,5.9920114795292774e-05,0.09960454338612132,2.1538447564423564e-05,0.053593722806427595,0.07098691030303782,0.010480599557007727,0.00949544381719004,0.04017361327061585,0.06435684129488249,4829.911338188598,896,3111.5136203370057
3,5.9903082946335204e-05,0.099609855256104,2.15299619470955e-05,0.05359720605376035,0.0709847155504952,0.01048201475761918,0.009495316352508129,0.040170593763764986,0.06435684129488249,4829.911206363215,1108,3859.7583810439974
4,5.991127974727165e-05,0.09960709875113138,2.1530121030867104e-05,0.05359715415253351,0.07098586889539905,0.01048240014027306,0.00949543507963786,0.040170532748685456,0.06435684129488249,4829.911246996801,619,2154.166969676997
