,p1,p2,p3,p4,p5,p6,p7,p8,Gkr,RMSE,iterations,CPU_time
0,0.00020918920101236887,0.055416560723417614,2.6387251160759698e-05,0.060006837525186096,0.09798374790374409,0.008641181130000682,0.0017489980102950817,0.02643022846779742,0.5126104547386644,325.3189065280361,614,1213.678218807996
1,0.00020918902480108475,0.055415541118552965,2.6384921057503762e-05,0.06000679185856359,0.0979951536108213,0.008642282375885846,0.001749214343197958,0.026428767985966085,0.5126104547386644,325.3188914696051,530,890.2451654039905
2,0.00020919964866421747,0.05541175453790804,2.638434757177753e-05,0.06000696666367937,0.09798608722364344,0.00864048132871256,0.0017490596267213054,0.026430154924169478,0.5126104547386644,325.31888190221434,699,1070.5971096799913
3,0.00020921187737746454,0.0554144316723089,2.638954220641466e-05,0.06000572337933686,0.09798930734397028,0.008642932413021841,0.001749094091966168,0.026428663989437294,0.5126104547386644,325.31888037264156,783,1490.6335740889917
4,0.00020920932870026774,0.05541047552142357,2.638631008570574e-05,0.060006101911468226,0.09798485052498485,0.008640776052274967,0.00174907782757855,0.02642971297742979,0.5126104547386644,325.318884579322,569,879.9177364769857
