,p1,p2,p3,p4,p5,p6,p7,p8,Gkr,RMSE,iterations,CPU_time,score
0,0.08835909808544684,1.0012352731249332e-07,0.0017207316901416754,1.0017058451594384e-07,0.00030399366702863953,1.000006789205598e-07,3.7121847691637756e-07,1.0000362840259566e-07,6.866040555100058,121372.29400327684,1090,1807.6149987730005,121372.29400327684
1,0.37480500170101333,0.003788380270746578,0.0002903319939378749,0.016465986724757763,0.0012524141654115292,9.182781185739906e-07,2.440440239476755e-07,4.780344150485503e-06,0.1524,,1090,,
