,a_a0_a,a_a0_b,b_a1_a,b_a1_b,k_f_a,a_1_a,a_1_b,b_a0_a,b_a0_b,a_a1_a,a_a1_b,k_b_a,b_1_a,b_1_b,g_Kr,RMSE,iterations,CPU_time,score
0,0.02193873101480296,0.01197996387271511,6.883530516204028e-05,0.041789817493129044,0.023681657682854254,0.09086894314335299,0.02339026946618743,0.046270388353010394,0.06260052527515625,0.013978180064293064,0.038291439471321284,0.03712427297113215,0.006498472033222723,0.03267748688954223,0.15241302647529667,173.37770614781687,1236,5826.724684803998,173.37770614781687
