,p1,p2,p3,p4,p5,p6,p7,p8,Gkr,RMSE,iterations,CPU_time
0,0.0003801857818196602,0.056896448480268126,3.323062934266791e-05,0.05918783576066542,0.09558965691393735,0.010275031486802479,0.0014544257091984893,0.024801195523756935,0.6096,1422.1069772812593,579,1088.5956849020004
1,0.0003801903283428559,0.05689622253616125,3.323036416376692e-05,0.05918793620002896,0.09558902986459017,0.010274853604552594,0.0014544273055384952,0.024801416117719986,0.6096,1422.106993435463,643,1265.767060019003
2,0.0003801851075897766,0.05689608573871018,3.3231323367051514e-05,0.0591876857678373,0.09558739343861751,0.010275165395812238,0.001454400395649811,0.024801370458590252,0.6096,1422.107000130471,524,1524.737221087009
3,0.00038024741908047487,0.05689318417639591,3.322928059854822e-05,0.05918830607792248,0.09558665177388251,0.010274762809318319,0.001454368779366607,0.024801722780964406,0.6096,1422.1069970966532,508,1626.270743606001
4,0.00038017207667349553,0.056896188221637195,3.32299989123397e-05,0.059188192288246864,0.09559221500239617,0.010275122568978699,0.0014544807258684625,0.02480133715659903,0.6096,1422.1069875108751,584,1773.9453312569967
