,a_a0_a,a_a0_b,b_a1_a,b_a1_b,k_f_a,a_1_a,a_1_b,b_a0_a,b_a0_b,a_a1_a,a_a1_b,k_b_a,b_1_a,b_1_b,g_Kr,RMSE,iterations,CPU_time,score
0,0.022649791226586773,0.011662234779266568,6.884640845186253e-05,0.04178265231492146,0.023700789465077105,0.09081184381624421,0.02339203486983915,0.04695169666378428,0.06385347155439673,0.013643518784815487,0.03822911340097303,0.03684797517470189,0.006492942174082872,0.032702750967009704,0.15237848789109043,173.78006005548963,933,4093.2114484390004,173.78006005548963
