,a_a0_a,a_a0_b,b_a1_a,b_a1_b,k_f_a,a_1_a,a_1_b,b_a0_a,b_a0_b,a_a1_a,a_a1_b,k_b_a,b_1_a,b_1_b,g_Kr,RMSE,iterations,CPU_time,score
0,0.02235570187816336,0.011229144522016921,6.907390957389955e-05,0.04175616277532067,0.023696263292767052,0.09083118007760727,0.023406000086670087,0.048458841541172346,0.06346650341964041,0.014235393272190158,0.03814434573756022,0.037154502679513944,0.006499056669817305,0.032672565963151386,0.15233839447763625,138.75784509039028,906,2968.260522471,138.75784509039028
