,p1,p2,p3,p4,p5,p6,p7,p8,Gkr,RMSE,iterations,CPU_time,score
0,0.001568003857276456,0.07935512932447145,2.2205501375879438e-05,0.051180812838439955,0.0959572911028029,0.02395195969881229,0.007052850936845809,0.03131254586204979,0.15476445547411827,718.7755242675877,3547,8195.403139700002,718.7755242675877
1,0.014279739376984044,0.10330143252915847,2.030603519198644,1.935226042127944e-06,0.002538495584684673,7.223618809722097e-07,0.0026220594980672206,3.6846518561238965e-07,0.1524,,3547,,
