,p1,p2,p3,p4,p5,p6,p7,p8,Gkr,RMSE,iterations,CPU_time,score
0,9.336826290614596,0.02539470694595063,7.963351869212117e-06,0.005559959106206088,0.13864619497891278,0.017744185058706455,0.028992179605982053,0.0870706942868193,0.03664275274431268,196599.11080839302,1344,5649.000485339999,196599.11080839302
1,0.3261141238805048,2.2335646195203885e-05,0.0010375212393257869,6.555238191839933e-07,5.928646932366433e-07,0.0027006680513911854,9.168571884489146e-05,0.0002645322932936418,0.1524,,1344,,
