,a_a0_a,a_a0_b,b_a1_a,b_a1_b,k_f_a,a_1_a,a_1_b,b_a0_a,b_a0_b,a_a1_a,a_a1_b,k_b_a,b_1_a,b_1_b,g_Kr,RMSE,iterations,CPU_time,score
0,0.022176737513739636,0.012873141950938024,6.875559012682699e-05,0.0417908476451938,0.024282618701529698,0.09063235669352758,0.02337836881420051,0.04464545645895435,0.0629907825292362,0.013374990746816244,0.037442850109647256,0.038132733748468955,0.006487820972038923,0.03270355173334038,0.15231710581413227,138.47886654783528,1182,3709.736822318,138.47886654783528
