,p1,p2,p3,p4,p5,p6,p7,p8,Gkr,RMSE,iterations,CPU_time,score
0,0.0016881977274065907,0.0366539021977478,4.2910643845956687e-05,0.04594196619500101,0.09317648708594917,0.021813578816564913,0.007353376365285594,0.029592643594798653,0.16392087552382315,1710.0088047728743,1479,4654.806622011001,1710.0088047728743
1,0.0055472365431586705,0.0034759431204918153,2.206688823084169,0.0012356584071403578,0.7221815066100155,7.243169413093637e-06,0.0013142784206977734,1.1494778634415674e-05,0.1524,,1479,,
