,a_a0_a,a_a0_b,b_a1_a,b_a1_b,k_f_a,a_1_a,a_1_b,b_a0_a,b_a0_b,a_a1_a,a_a1_b,k_b_a,b_1_a,b_1_b,g_Kr,RMSE,iterations,CPU_time,score
0,0.02226379841495579,0.011484248263574331,6.876558394990165e-05,0.041800228651462386,0.02389683476561123,0.09082902520376995,0.02338514248237652,0.04672909827972336,0.06253356904081318,0.01371393053707127,0.03850964252540391,0.03714538234432656,0.006497532537014822,0.0326741436323868,0.15242599279503824,173.92104012571002,1239,5797.0747496349995,173.92104012571002
