,p1,p2,p3,p4,p5,p6,p7,p8,Gkr,RMSE,iterations,CPU_time,score
0,0.0015669408127575062,0.07930694646641222,2.2189921002173195e-05,0.05119112890766767,0.09598538300839037,0.023949383541062196,0.007053985442804999,0.03130287071805349,0.15483397192680246,719.835091428345,1489,3226.477105883,719.835091428345
1,2.3932708389708064,0.057614473480366864,0.00040078543387417906,0.03756116656007962,2.390323956478461e-05,0.0012157828131733237,0.04373169941777948,3.97775395066867e-06,0.1524,,1489,,
