,p1,p2,p3,p4,p5,p6,p7,p8,Gkr,RMSE,iterations,CPU_time,score
0,0.001567544538435742,0.07933634020412385,2.215989427779122e-05,0.05119954390146656,0.0959741974260779,0.023948599645957906,0.007058472755406055,0.031302401162864736,0.15476118785669207,720.6057183251203,1194,2692.940332878,720.6057183251203
1,0.03736864365675016,0.00019479406046333094,4.113913843226957e-05,0.0015014116172689636,3.811521210634645,5.424398093367044e-06,2.0697874530160684e-06,2.331838310371279e-07,0.1524,,1194,,
