,a_a0_a,a_a0_b,b_a1_a,b_a1_b,k_f_a,a_1_a,a_1_b,b_a0_a,b_a0_b,a_a1_a,a_a1_b,k_b_a,b_1_a,b_1_b,g_Kr,RMSE,iterations,CPU_time,score
0,0.022556983082667938,0.011629651244679252,6.898314062828113e-05,0.04176699122439041,0.023655672942622184,0.0908076682341919,0.023398542383700382,0.04704184796684689,0.06314120383175602,0.013640445036180669,0.03843855179995223,0.03673256202033171,0.0064955976439052205,0.03267606918755631,0.15241672480239352,173.76842912820553,1039,4523.669484263,173.76842912820553
