,p1,p2,p3,p4,p5,p6,p7,p8,Gkr,RMSE,iterations,CPU_time
0,0.00021132458299621186,0.06195777813371087,3.103214413277898e-05,0.05742135954578541,0.08910083403424711,0.009416558158964606,0.003393006767565561,0.027972217655099454,0.2563052273693322,235.76890674560255,513,1036.170613913011
1,0.00021133528319526929,0.061957152139691676,3.103111175705819e-05,0.057421643780923744,0.08910395616775854,0.00941687823742046,0.0033931004409579143,0.027971624231579055,0.2563052273693322,235.76890345880796,627,897.8825959149981
2,0.0002113277879887662,0.06195749445255713,3.1031375157158704e-05,0.0574217070350358,0.08910091040385469,0.009416141645150903,0.003393021049149639,0.02797224814356922,0.2563052273693322,235.7689063016044,738,1441.3466677090037
3,0.00021132867642047602,0.06195579232993462,3.103117456495888e-05,0.05742168908694799,0.08910318671246299,0.009416688637042269,0.003393141981779786,0.027971871336042543,0.2563052273693322,235.7688869565031,946,1825.3620090610057
4,0.00021133978174649794,0.06195684496210401,3.1031692982589276e-05,0.05742151368102154,0.08910238892376027,0.009417177227607088,0.003392976563733786,0.02797158408248849,0.2563052273693322,235.7688975402584,835,1600.4154887939949
