,p1,p2,p3,p4,p5,p6,p7,p8,Gkr,RMSE,iterations,CPU_time
0,0.00021137330465804564,0.06206536459373175,3.110963203014788e-05,0.05741034433538867,0.08896921798794742,0.00945616118650771,0.0033860368017584017,0.027952503400786217,0.2563052273693322,235.01249845491404,565,997.7645390360049
1,0.00021135810557251997,0.062067432262934194,3.1109984897489685e-05,0.057410582634991346,0.08896868027401178,0.009456021190773909,0.003386022347213221,0.027952960538235583,0.2563052273693322,235.01249248080777,847,1485.9843749889988
2,0.0002113872370183956,0.06206355996821908,3.1108959084857385e-05,0.05741047665829759,0.08896665244203607,0.009456264797627578,0.0033858405116006336,0.027952837162381842,0.2563052273693322,235.0125059238307,547,1245.9017865979986
3,0.00021137845329874668,0.062064433279485194,3.1110774460493605e-05,0.057409751082442104,0.08896777203726812,0.009456260382130167,0.0033859836027950413,0.02795217405167011,0.2563052273693322,235.01249881696796,703,1603.930870791999
4,0.00021138555273452508,0.06206523013192809,3.110608717710533e-05,0.057411028415202806,0.08897353809258259,0.00945572121830855,0.003386129874669494,0.02795177630765939,0.2563052273693322,235.01251166497832,695,1249.7970422959988
