,p1,p2,p3,p4,p5,p6,p7,p8,Gkr,RMSE,iterations,CPU_time
0,0.0001959809200858236,0.07957709751156983,3.6156139538043417e-05,0.04989507237123856,0.06809131582060543,0.009728086548303334,0.0068293530552386746,0.040352873617688224,0.0762,2840.635343745143,634,1849.0222123440035
1,0.00019592770231918814,0.07957651440339146,3.61500136798455e-05,0.049896407457861745,0.06808876046537943,0.009728764130679914,0.0068286061835367735,0.04035483612841063,0.0762,2840.635348643409,550,1584.216019405998
2,0.00019597974486420663,0.07957157568100894,3.615249264794745e-05,0.0498956651649017,0.06808985321472284,0.009728330541728237,0.006829031271837256,0.040353562065083094,0.0762,2840.6353361685387,663,1755.4829924130026
3,0.00019601571655474326,0.07957050805118542,3.61582276964115e-05,0.04989422545018222,0.0680957502883105,0.009727158924669077,0.006829125003664486,0.040356044741515024,0.0762,2840.6353514923676,1043,2287.282059806006
4,0.00019591724110644998,0.07957672239391608,3.6150436372800326e-05,0.04989639914873872,0.06808749158534562,0.009728642677254755,0.006828650598460306,0.04035408956024833,0.0762,2840.635304297235,559,1101.778369333013
