,p1,p2,p3,p4,p5,p6,p7,p8,Gkr,RMSE,iterations,CPU_time
0,6.001680707325039e-05,0.0995717319694812,2.1472482510087678e-05,0.05362067151776948,0.07105006249477405,0.010437518663736932,0.009504111887517874,0.04020269983076018,0.06435684129488249,4826.535682336496,1012,1800.1905373710033
1,5.998352772401053e-05,0.09958285418885089,2.1469812427609074e-05,0.05362177523234113,0.07105149559778182,0.010437767704433675,0.009504466148798235,0.040201959072249265,0.06435684129488249,4826.535715267428,1105,2902.9058893919864
2,6.001752614402256e-05,0.09957148235190762,2.146900881820011e-05,0.053622087949536455,0.07106440665736997,0.010434134519012137,0.00950626558104521,0.04020443852313047,0.06435684129488249,4826.535724228423,607,2125.042595326988
3,6.0011071641585966e-05,0.09957443894612497,2.147750238112587e-05,0.053618671557417584,0.07105139054521277,0.010438458503295146,0.009503900249168045,0.040202814922260605,0.06435684129488249,4826.535681605579,1292,4494.296251207008
4,6.000774323601355e-05,0.09957441057820578,2.147259808583225e-05,0.05362057116520848,0.07105008807898124,0.010437538190890926,0.009504231818885536,0.040202103514752716,0.06435684129488249,4826.535672157242,829,2758.1017334049975
