,a_a0_a,a_a0_b,b_a1_a,b_a1_b,k_f_a,a_1_a,a_1_b,b_a0_a,b_a0_b,a_a1_a,a_a1_b,k_b_a,b_1_a,b_1_b,g_Kr,RMSE,iterations,CPU_time,score
0,0.02246346755538441,0.011615644098198648,6.888627251000784e-05,0.04178110340287007,0.02380227734219785,0.09080116408443746,0.02337760460258646,0.047518300113056314,0.0632518418190298,0.013756389065904146,0.03809110482061681,0.03672246022552132,0.006496107985415197,0.03269187098170662,0.15238891710452987,295.720649039446,1150,8163.750231180999,295.720649039446
