,p1,p2,p3,p4,p5,p6,p7,p8,Gkr,RMSE,iterations,CPU_time,score
0,0.001691525913852153,0.03668128844611744,4.2975241744557445e-05,0.045926476137907006,0.09314984206716688,0.021812941774812012,0.007352968942947283,0.029600080728407786,0.16386121624570607,1714.3365933270118,1119,3277.600650551998,1714.3365933270118
1,0.3312439300678134,0.009277248631778017,2.6119180841819135e-05,0.00016179554669215962,0.027838030319630325,0.0006924873409331168,1.628692300314044e-07,3.2743964734925646e-06,0.1524,,1119,,
