,p1,p2,p3,p4,p5,p6,p7,p8,Gkr,RMSE,iterations,CPU_time,score
0,12.147181718916846,4.793805627946229e-07,0.0016885705403985082,3.9759425622380435e-07,1.1819654855929697e-05,1.0038805001324723e-07,1.0050957038296507e-07,1.0216130958568036e-07,0.7974477875485391,101942.0119278109,787,1169.2570319120005,101942.0119278109
1,1.7235291518276066,2.511808521676545e-07,0.00148910244568578,1.265573914443834e-06,2.1201943579371737e-05,9.457095999382629e-07,1.3063222003941666e-07,4.319256652344223e-07,0.1524,,787,,
