,p1,p2,p3,p4,p5,p6,p7,p8,Gkr,RMSE,iterations,CPU_time
0,0.00021069513112738586,0.06210805781591356,3.1057202567789634e-05,0.057419447904890494,0.08897375083230726,0.009433983273735654,0.0033883658724573346,0.027953201448267552,0.2563052273693322,235.97136080583448,502,1106.8664260509977
1,0.00021068324001571878,0.062112030000583705,3.1054393398637855e-05,0.057420371640289604,0.08897392328764143,0.009432321821087178,0.0033883220608651884,0.027953990400296707,0.2563052273693322,235.9713744152217,598,1318.1321035309957
2,0.00021071608073905756,0.06210896172400506,3.10519663570363e-05,0.057421109843935905,0.08898144647723157,0.009432590752685016,0.003388498617061579,0.027953386046276733,0.2563052273693322,235.9713701065744,785,1182.573627906997
3,0.0002106894450940577,0.062108100973982734,3.1055732029930996e-05,0.05741974261482263,0.08897967114234862,0.009432424773121053,0.003388694501106101,0.02795377727413575,0.2563052273693322,235.9713793106859,525,1159.9572797260043
4,0.00021070492910635832,0.06210704550311099,3.1056887635281536e-05,0.05741942899890918,0.0889774565238554,0.009433542876605711,0.0033885245991215323,0.027953030032472122,0.2563052273693322,235.97137784899394,485,1074.5850997990055
