,p1,p2,p3,p4,p5,p6,p7,p8,Gkr,RMSE,iterations,CPU_time
0,0.00019489653682835573,0.09346620780112835,1.68825884223532e-05,0.052937994287631275,0.0784245968015,0.01746955183303548,0.02266452924618059,0.03627722216065991,0.0381,2601.3664605420277,1143,1517.5493765390129
1,0.0001948799298291906,0.09347108989368826,1.68818280643921e-05,0.05293866766214345,0.07842270046001329,0.01747521058063472,0.022663724646614477,0.03627148715475939,0.0381,2601.366435014474,981,1425.6721351839951
2,0.00019494764126768053,0.09345401340382287,1.6887945689062205e-05,0.05293488397157254,0.07836484691451817,0.017469354080629527,0.022647377449234205,0.03627851323345208,0.0381,2601.3664588063257,674,1069.4318635319942
3,0.00019489797711852327,0.09346701400586144,1.6882281117662252e-05,0.05293807300841155,0.07842084279108809,0.017474496886334775,0.0226630272500177,0.03627291228829646,0.0381,2601.366465147913,567,971.9431190940086
4,0.0001948735001856759,0.09347149674118986,1.6884507363820244e-05,0.05293729987480748,0.07840764020826177,0.017467429553349123,0.02265976534084032,0.036280501748368055,0.0381,2601.366470140472,869,1077.9692820010096
