,a_a0_a,a_a0_b,b_a1_a,b_a1_b,k_f_a,a_1_a,a_1_b,b_a0_a,b_a0_b,a_a1_a,a_a1_b,k_b_a,b_1_a,b_1_b,g_Kr,RMSE,iterations,CPU_time,score
0,0.02290153745856591,0.011200867109269127,6.850448700147739e-05,0.04182946714810313,0.024027338754115436,0.0907896542553565,0.023380160459479705,0.047164567847368555,0.06329054701500365,0.012969047929612334,0.03870452419477614,0.0356571604550248,0.006495752872017319,0.032689600195786456,0.15239425153571537,139.0425522184156,1352,4266.427333384,139.0425522184156
