,a_a0_a,a_a0_b,b_a1_a,b_a1_b,k_f_a,a_1_a,a_1_b,b_a0_a,b_a0_b,a_a1_a,a_a1_b,k_b_a,b_1_a,b_1_b,g_Kr,RMSE,iterations,CPU_time,score
0,0.023121445681738066,0.01124017309270558,6.885925013506491e-05,0.041786345313559244,0.0239264007340577,0.09085140666587939,0.02338220615410699,0.04883907923008426,0.06391261056983631,0.013570387388435414,0.037854004744981656,0.03659851771368892,0.006500684267855553,0.03268386241306303,0.15238463094051646,296.4157515867336,976,6715.471099425999,296.4157515867336
