,p1,p2,p3,p4,p5,p6,p7,p8,Gkr,RMSE,iterations,CPU_time
0,0.00022224990671425966,0.0726257764755915,3.96408643313848e-05,0.051379065308654735,0.07823367574851876,0.00932181771184377,0.0059652730980645,0.035934760033187414,0.10870874072059561,693.0157373272036,710,2007.4826007889933
1,0.00022223004712812502,0.07262731788507895,3.9642672126780404e-05,0.05137861715550034,0.07823315470838499,0.009321804268295404,0.005965385549148601,0.03593452636577014,0.10870874072059561,693.0157302674065,601,1155.2633385060035
2,0.00022219730172717782,0.07263223855403635,3.9640016816952866e-05,0.051379154999066645,0.07823541601746267,0.009321585335303612,0.005965494407264302,0.035934045351933015,0.10870874072059561,693.0157230578188,627,1548.7741451589973
3,0.0002221716395051868,0.07263343634793298,3.96348917722683e-05,0.05138054868874361,0.07823443987376998,0.009322197511707828,0.005965337770204263,0.03593393002682817,0.10870874072059561,693.015719906731,931,1680.7790561529982
4,0.00022222044457584236,0.07262831603640559,3.963832436852043e-05,0.05137969242428814,0.078233220125761,0.009322230819667465,0.005965194864343906,0.035934691590530796,0.10870874072059561,693.0157202739276,673,1207.6575014339905
