,p1,p2,p3,p4,p5,p6,p7,p8,Gkr,RMSE,iterations,CPU_time,score
0,0.0019686433806042547,0.05414171866693911,2.9760780007266303e-05,0.04874024529291093,0.09612649214422853,0.023111783791282887,0.0068555728863545565,0.03137488111713486,0.15788171113278385,2608.36418951664,1425,4708.545608023,2608.36418951664
1,0.0011989701378003683,5.539799206763547e-07,8.440514700469705e-05,0.0072254163403472505,8.973605728613043e-05,0.00994305005034372,0.039113408113491024,0.0051107007821576894,0.1524,,1425,,
