,p1,p2,p3,p4,p5,p6,p7,p8,Gkr,RMSE,iterations,CPU_time
0,0.00017938736232964058,0.09141884924778712,2.9935053502396412e-05,0.04791186539019971,0.04948597248305248,0.014635628760252734,0.015056947972834077,0.04446140454293596,0.0381,10938.086595902374,812,4017.2350216240156
1,0.0001793514363918526,0.09142206908735429,2.9938625114606627e-05,0.04791022685375115,0.04948961215130038,0.014634060640386318,0.01505809132409129,0.04446268552551004,0.0381,10938.08657914981,673,3347.8105025389814
2,0.00017937526401930242,0.09141831867990571,2.993590339819963e-05,0.047911222004192525,0.049487862200726436,0.014634479379877342,0.015056706268268783,0.04446347840351403,0.0381,10938.086601555546,594,2957.570212233026
3,0.00017937417668168992,0.09142192483873122,2.99383568876105e-05,0.04791029157242095,0.04948674454068053,0.01463585361506648,0.015057424832229166,0.04446224922661878,0.0381,10938.086580294612,710,3503.736306249979
4,0.00017937207175156502,0.09142100901655532,2.99346075643603e-05,0.047911415085194725,0.049487276694751246,0.014635719657513787,0.01505661128641854,0.044462008064892394,0.0381,10938.08659378771,513,2546.2234635929926
