,p1,p2,p3,p4,p5,p6,p7,p8,Gkr,RMSE,iterations,CPU_time,score
0,0.0016855224808931828,0.08448408993465154,2.2101971755593234e-05,0.05120502713153441,0.12144826835010758,0.02688612457424378,0.008871506717803651,0.028784427893263163,0.1546636920103174,654.1998119124441,1072,2268.0572335239995,654.1998119124441
1,0.13335349449051612,1.9113169011562492e-06,0.00026041631099895697,6.2430214217605635e-06,0.9051100816520747,0.0015449480492674464,0.00022188732897492175,1.7636957137926866e-06,0.1524,,1072,,
