,a_a0_a,a_a0_b,b_a1_a,b_a1_b,k_f_a,a_1_a,a_1_b,b_a0_a,b_a0_b,a_a1_a,a_a1_b,k_b_a,b_1_a,b_1_b,g_Kr,RMSE,iterations,CPU_time,score
0,0.022115053585113086,0.012071015703105691,6.860213335022869e-05,0.04181535050355129,0.02399307992105814,0.09074923412683472,0.023392459013560615,0.0446177494194436,0.06317602578130636,0.013589177742890424,0.03824678816558639,0.03805482329500816,0.00649058248018433,0.03268326811704394,0.15240167569569746,138.37263723953393,887,2917.0046190529993,138.37263723953393
