,p1,p2,p3,p4,p5,p6,p7,p8,Gkr,RMSE,iterations,CPU_time
0,0.00022524783351079086,0.06996932588659047,3.441298116214757e-05,0.054616542603580134,0.08740215049725047,0.008891402446077655,0.005156962181045254,0.031586266785139365,0.1524,173.6113030649615,558,1429.0611886690021
1,0.00022524140936934316,0.06996998808926337,3.441327645613776e-05,0.05461645569635098,0.08740212759798832,0.00889140974100305,0.005156954646536959,0.03158628237905318,0.1524,173.61130306815454,808,2151.784196289009
2,0.0002252456031471982,0.069969487217983,3.441292552414364e-05,0.05461655841609884,0.08740222493068957,0.008891433622647271,0.005156961663885557,0.031586280982849144,0.1524,173.6113032356223,474,1366.8526788430026
3,0.00022524346332869998,0.06996961809883769,3.441279925797709e-05,0.054616598421448316,0.08740199725385417,0.008891472152840441,0.005156938426495423,0.03158632864842894,0.1524,173.6113032229716,1012,3015.8536214449996
4,0.00022524708514479094,0.0699693469668166,3.441311513085474e-05,0.054616519872839525,0.08740209431351119,0.008891423140571009,0.005156957481350234,0.03158629276834542,0.1524,173.61130307473366,580,1817.3314174800034
