,p1,p2,p3,p4,p5,p6,p7,p8,Gkr,RMSE,iterations,CPU_time,score
0,0.0016862569914134241,0.084445217036566,2.2064446497131752e-05,0.05122066181596728,0.12136764744061439,0.026862645561382438,0.008867052290860832,0.02880109807888825,0.15465328225368702,655.6513292032571,1542,3222.004622386,655.6513292032571
1,0.20366907874937715,0.00011342535273824315,1.95080751798108e-07,0.0001836645662214405,0.00013608349609117251,4.133955193806269e-07,9.33077165379771,8.620869158076983e-06,0.1524,,1542,,
