,p1,p2,p3,p4,p5,p6,p7,p8,Gkr,RMSE,iterations,CPU_time
0,0.0002496880293707573,0.09456680920766511,2.444921218313151e-05,0.050792488003988896,0.06015554588678203,0.009850213405770738,0.011445121004542678,0.043449803098098407,0.045374817422412735,2230.7431503938355,679,1488.7552881729935
1,0.0002496731085736725,0.09457056024209887,2.4451827623340185e-05,0.05079139901811378,0.06016350338571775,0.00984772615365047,0.01144645663047624,0.04345428562404859,0.045374817422412735,2230.7431611134034,717,1605.1652195439965
2,0.00024968738625159024,0.09456950328890854,2.4450379497069665e-05,0.050791433979049026,0.060166023383830695,0.009847390808036746,0.011446880288831021,0.04345328232916552,0.045374817422412735,2230.743155679851,595,932.2031910720107
3,0.00024963373135603945,0.0945740025870688,2.445643935217064e-05,0.050789729385043614,0.060154955893171554,0.009852242770677108,0.011445348167788775,0.04344935080082212,0.045374817422412735,2230.7431804720554,571,824.1501466190093
4,0.00024966152995713393,0.09457177328827093,2.4455030303222092e-05,0.05079050153943788,0.060153890708032266,0.009851780593846584,0.011445082098971465,0.043449856201064,0.045374817422412735,2230.743161900021,611,780.9922014059994
