,a_1_a,a_1_b,b_a0_a,b_a0_b,k_b_a,a_a0_a,a_a0_b,b_1_a,b_1_b,b_a1_a,b_a1_b,a_a1_a,a_a1_b,k_f_a,g_Kr,RMSE,iterations,CPU_time,score
0,0.09075040034614947,0.02338810736343316,0.04850064728095517,0.06342990071611392,0.03727958887524999,0.02209272267440137,0.011654953288246075,0.006491463266464894,0.0326760576752294,6.930602119750944e-05,0.0417322852243272,0.014568667845770392,0.037677949948372175,0.023516164546704833,0.15237485023268985,138.75342404413132,1623,4832.112438335001,138.75342404413132
