,a_1_a,a_1_b,b_a0_a,b_a0_b,k_b_a,a_a0_a,a_a0_b,b_1_a,b_1_b,b_a1_a,b_a1_b,a_a1_a,a_a1_b,k_f_a,g_Kr,RMSE,iterations,CPU_time,score
0,0.09086718746163189,0.02338699734097661,0.046997325532796785,0.06312588122405603,0.036807676070233865,0.02234127326346379,0.01178237070360445,0.0065022642282030136,0.03266731941584746,6.88421454119042e-05,0.04178787653978281,0.013702698162562699,0.03814426308019729,0.023827872362614456,0.15242022748377118,296.84472871018374,1635,11780.566587885995,296.84472871018374
