,b_1_a,b_1_b,k_b_a,b_a0_a,b_a0_b,b_a1_a,b_a1_b,k_f_a,a_a1_a,a_a1_b,a_a0_a,a_a0_b,a_1_a,a_1_b,g_Kr,RMSE,iterations,CPU_time,score
0,0.006495109471244925,0.03267748188698794,0.03745954436840248,0.04571567331201513,0.06255457733684118,6.90102731643807e-05,0.041767537060208824,0.023696619192762405,0.014036656181556797,0.03811048644461896,0.02170302260249653,0.012340177169458287,0.09077648225155834,0.02339311365990843,0.15239381233773353,295.8990641448619,1463,9556.807576031,295.8990641448619
