,p1,p2,p3,p4,p5,p6,p7,p8,Gkr,RMSE,iterations,CPU_time,score
0,0.0019693038455998687,0.054123222570011204,2.980176300387868e-05,0.04872337438778361,0.09609269363829827,0.023100416636652306,0.006851354403032278,0.03139724852209505,0.1578375505872877,2605.4067770349698,2118,7073.668754519,2605.4067770349698
1,0.0003584589121227185,8.0284226007899e-06,0.0001567980584170172,6.443521886200667e-06,0.0010398748001538272,5.035906888184925e-07,4.002617358329176,0.0383066189240691,0.1524,,2118,,
