,p1,p2,p3,p4,p5,p6,p7,p8,Gkr,RMSE,iterations,CPU_time
0,0.00022630973621311107,0.0707993504281248,3.788623302352769e-05,0.05279436744753824,0.08283529284685177,0.009108144709437105,0.005591390567784908,0.03378934473773896,0.1281526136846661,292.93863899384854,679,1601.637682962988
1,0.00022628910138537304,0.07080066749818913,3.788427663730866e-05,0.05279479495320148,0.08283551287029493,0.00910799270026539,0.00559151559470238,0.03378923520222272,0.1281526136846661,292.93864061059315,553,1273.7805443420075
2,0.00022630623888550804,0.07079918309466036,3.788231744941475e-05,0.052795493710894446,0.08283464811457877,0.00910831924454115,0.005591317927454577,0.033789444699659395,0.1281526136846661,292.93863675252425,893,1994.5246450440027
3,0.0002263129485617332,0.07079879952054097,3.7884864836930475e-05,0.052794560904111,0.08283702275173019,0.009108041136243097,0.0055915646209884215,0.03378929033114991,0.1281526136846661,292.9386435833312,475,1404.8880390979903
4,0.0002262934859488077,0.07080098537507046,3.7884293175782125e-05,0.05279462596324547,0.08283892011352648,0.009107591141477668,0.0055916468201932645,0.03378956505881294,0.1281526136846661,292.93865026380826,678,1909.3226010100043
