,a_1_a,a_1_b,b_a0_a,b_a0_b,k_b_a,a_a0_a,a_a0_b,b_1_a,b_1_b,b_a1_a,b_a1_b,a_a1_a,a_a1_b,k_f_a,g_Kr,RMSE,iterations,CPU_time,score
0,0.09093448266197096,0.02340525865761943,0.048366028923284184,0.062376924217205296,0.036134739431486144,0.021331991437683093,0.011625929266536049,0.006502907875286031,0.03265751277328818,6.930994040052192e-05,0.0417351581688265,0.01472285423912954,0.03857958725233525,0.023329749909180703,0.1524518925223707,139.07905024474246,1299,4350.643687874999,139.07905024474246
