,p1,p2,p3,p4,p5,p6,p7,p8,Gkr,RMSE,iterations,CPU_time,score
0,0.0019686672140592125,0.05414302296728413,2.976297481942649e-05,0.04873957404488261,0.09612684910136789,0.023112220765729507,0.006855501671821115,0.03137492093969982,0.15788217971503749,2608.3641925994325,2039,6196.184371585001,2608.3641925994325
1,0.5463838832989626,1.6811084381777247e-05,0.0014576030499591191,1.5029450770221401e-05,9.163596737321248e-06,1.1753329659219172e-05,2.2147645203285964,7.82049210678765e-06,0.1524,,2039,,
