,p1,p2,p3,p4,p5,p6,p7,p8,Gkr,RMSE,iterations,CPU_time
0,0.00022736411864228876,0.06674878655554412,2.93230152301906e-05,0.059843938385018516,0.09174533594523789,0.010577182944432363,0.0018932925760224916,0.026041097345213322,0.43105229381131943,1226.1445282341274,521,1255.5834823900077
1,0.0002273576666685336,0.06674887361896634,2.932100865551368e-05,0.05984475225067382,0.09174872991612022,0.010577009317320868,0.0018933356713755113,0.02604152388181897,0.43105229381131943,1226.144529742666,595,1444.7669699760154
2,0.0002273687459893752,0.06674850681263879,2.9321405494672412e-05,0.05984449302163994,0.09174868741386283,0.010577296112638837,0.0018933398835279504,0.02604105122815863,0.43105229381131943,1226.1445214807195,623,1502.2599924560054
3,0.00022735997167699007,0.06674852248391439,2.9320310562734635e-05,0.05984462132921178,0.09174763253166984,0.010577141680377069,0.0018933296925972955,0.026040896893248355,0.43105229381131943,1226.1445087031304,645,1557.137469527981
4,0.00022736260551871866,0.06674718145865202,2.932254672896566e-05,0.059844021503630565,0.09174830126983584,0.010577518387035502,0.0018933229031206133,0.026040985264152435,0.43105229381131943,1226.1444891522556,915,2213.64602564901
