,p1,p2,p3,p4,p5,p6,p7,p8,Gkr,RMSE,iterations,CPU_time
0,0.00022545378918867616,0.06957673790478236,3.097305735532115e-05,0.05639613628377793,0.09068686420514346,0.008829500193729556,0.004616303370401279,0.02961807946494907,0.1812351643264147,252.58249946751744,596,1529.6048545640006
1,0.0002254623355066338,0.06957669498859473,3.097225636583048e-05,0.05639644833059134,0.09068526511635955,0.008829779447743453,0.004616209602037876,0.0296176092534788,0.1812351643264147,252.58249999665662,592,1173.3668141410017
2,0.000225495203201568,0.06957352221774177,3.097508866675748e-05,0.05639565684844469,0.09068468598538632,0.008829990556572652,0.0046161631431600285,0.029617787250229642,0.1812351643264147,252.5824927933222,578,1350.316788532
3,0.0002254143646826687,0.06958095664350614,3.097152087821027e-05,0.056396445995534075,0.09068643870288785,0.008829826824793208,0.004616223646209899,0.029617617744243128,0.1812351643264147,252.58248953515434,808,1808.8754651260024
4,0.0002254644163936679,0.06957706030765877,3.097319134195402e-05,0.056396162211425495,0.09068491226492857,0.008829553465345035,0.004616162142929423,0.02961781599932871,0.1812351643264147,252.58249792958998,651,1196.8011857360034
