,a_a0_a,a_a0_b,b_a1_a,b_a1_b,k_f_a,a_1_a,a_1_b,b_a0_a,b_a0_b,a_a1_a,a_a1_b,k_b_a,b_1_a,b_1_b,g_Kr,RMSE,iterations,CPU_time,score
0,0.022554244375909086,0.011437189940086037,6.883979445291349e-05,0.04178822677650385,0.0244069562873955,0.09086154362372616,0.023420379725177975,0.047524290736624245,0.0634985085558655,0.013611916658672257,0.037894507792570954,0.037761429145537616,0.006500446000220823,0.03266061950289617,0.1524004314555387,138.01349027787694,1188,3443.2394183530014,138.01349027787694
