,p1,p2,p3,p4,p5,p6,p7,p8,Gkr,RMSE,iterations,CPU_time,score
0,0.0015681018588583821,0.07931179086771484,2.2173724627709405e-05,0.05120102024255633,0.0959347888603118,0.02393610352492843,0.007049080027770728,0.03131820477223174,0.15484724038914388,721.8140917329846,878,2025.793383832999,721.8140917329846
1,2.150383336330275,4.183431440168132e-06,0.0014148952080252333,0.0188206617224678,0.07448279214886071,7.107981713172862e-06,0.0005977209399116112,0.002407563815960428,0.1524,,878,,
