,p1,p2,p3,p4,p5,p6,p7,p8,Gkr,RMSE,iterations,CPU_time,score
0,0.0015683889427106712,0.07933942262739503,2.2190215246381434e-05,0.05119182240941836,0.09594971984212111,0.02395198525161907,0.007047889148062181,0.03130431961798796,0.15486262997774275,722.2027616800735,1212,2780.720058354,722.2027616800735
1,4.6745707669189555e-06,0.031204081914887296,6.253093153315298e-06,6.217367696199332e-06,3.0884806563018206,0.0008844226840160218,3.665656526946688,0.00016372372506687989,0.1524,,1212,,
