,a_a0_a,a_a0_b,b_a1_a,b_a1_b,k_f_a,a_1_a,a_1_b,b_a0_a,b_a0_b,a_a1_a,a_a1_b,k_b_a,b_1_a,b_1_b,g_Kr,RMSE,iterations,CPU_time,score
0,0.021928715544742513,0.011300649146819634,6.937759345343155e-05,0.04172708154481737,0.023006627132937284,0.09096356296626405,0.023410334368032255,0.04982814951223812,0.06252649918296507,0.014362806420099065,0.038842786529038976,0.034467449819836196,0.00650433544126111,0.03265060068302409,0.15246562871320446,139.07722691652813,1009,3539.1861121399998,139.07722691652813
