,b_1_a,b_1_b,k_b_a,b_a0_a,b_a0_b,b_a1_a,b_a1_b,k_f_a,a_a1_a,a_a1_b,a_a0_a,a_a0_b,a_1_a,a_1_b,g_Kr,RMSE,iterations,CPU_time,score
0,0.006495603263402996,0.03267603621539759,0.036731805973451916,0.04705199780041356,0.0631380203265869,6.898125823082272e-05,0.041767220876791106,0.02365631115977824,0.013639340143044722,0.0384415584592351,0.022560410526917932,0.01162471300181624,0.09080749006785366,0.023398524892305223,0.15241658966309202,173.76842915970423,1266,5971.615143430001,173.76842915970423
