,p1,p2,p3,p4,p5,p6,p7,p8,Gkr,RMSE,iterations,CPU_time,score
0,704.6139050321692,0.005448640905309102,6.998282481789765e-05,0.1352130495356566,0.10605728003776786,0.021732564636235966,0.014266763893280998,0.034923032289975176,0.08550033239475337,47222.042451389774,1312,4364.632860216,47222.042451389774
1,1.1189775145173646,1.96881225915071e-06,2.1095923615814587e-06,0.01989510851638489,2.6448539204151607e-07,0.004324052279889796,3.607271591385867e-07,0.11443361305759422,0.1524,,1312,,
