,a_a0_a,a_a0_b,b_a1_a,b_a1_b,k_f_a,a_1_a,a_1_b,b_a0_a,b_a0_b,a_a1_a,a_a1_b,k_b_a,b_1_a,b_1_b,g_Kr,RMSE,iterations,CPU_time,score
0,0.02193442263400764,0.012016495793875634,6.886102745490774e-05,0.04178258074601087,0.023692426685769156,0.09082317411377235,0.02339723344083161,0.04602511505939111,0.06301147550563359,0.01377959819155183,0.03830404069532073,0.03680230399218179,0.006498340646464047,0.032677795530725036,0.1523706318893399,203.2338809374871,1001,5022.966986578,203.2338809374871
