,p1,p2,p3,p4,p5,p6,p7,p8,Gkr,RMSE,iterations,CPU_time,score
0,0.0015678944965772607,0.07933713474061238,2.2208023223455004e-05,0.051181817588994406,0.09598774775417593,0.023941834297242514,0.007054236715884289,0.031316118140632676,0.15483569718262333,723.5634698881562,1460,3234.7288846459996,723.5634698881562
1,4.013132471094457e-07,9.564202405061128e-05,1.7450653723859296e-07,0.0016417688073203254,5.557503117386953e-06,3.392184783329625e-06,0.014010546683754233,1.6081222019431846e-06,0.1524,,1460,,
