,p1,p2,p3,p4,p5,p6,p7,p8,Gkr,RMSE,iterations,CPU_time,score
0,0.0015669148560639326,0.07930728963776135,2.218971204101017e-05,0.0511911063614645,0.09598583804449314,0.023949345514275272,0.007054050697509463,0.031302742355993,0.1548343995412314,719.8350882286867,1560,3453.1489287549994,719.8350882286867
1,0.5413450968882263,1.1437391759070792e-07,0.03929043434034353,1.206942564418892e-06,0.20220473627666682,1.9885023857938598e-06,1.6459563797804097e-07,6.055935313139125e-06,0.1524,,1560,,
