,p1,p2,p3,p4,p5,p6,p7,p8,Gkr,RMSE,iterations,CPU_time,score
0,0.001686166957711039,0.08448843987054586,2.211958263232982e-05,0.0511945074106274,0.12148369835527456,0.026888934807012356,0.008875320632858468,0.028785079819629647,0.15466684140727227,656.7724238773784,1185,2269.4523691169998,656.7724238773784
1,0.04736072059802679,0.0005310661414692247,0.000221508264577308,0.0005106282858594638,4.1534234075905e-06,0.001695887111372475,0.011660637907792239,3.060336218154022e-05,0.1524,,1185,,
