,p1,p2,p3,p4,p5,p6,p7,p8,Gkr,RMSE,iterations,CPU_time,score
0,0.001683460821712375,0.08439693314998988,2.2080279334119314e-05,0.051213439733015384,0.12134626071521237,0.026860707420772217,0.008864208581417269,0.028804629612720834,0.154685958426902,653.2885688842042,1005,2213.3810369069997,653.2885688842042
1,0.0009951617628597821,1.4952513174055288e-05,0.0008669280226061844,0.001201610752966359,6.887344992086834,0.00012039546787395559,0.8916896952298969,2.343420261544825e-07,0.1524,,1005,,
