,p1,p2,p3,p4,p5,p6,p7,p8,Gkr,RMSE,iterations,CPU_time
0,0.000230210945050776,0.06990496609062523,2.3426074494843856e-05,0.06127680336479576,0.09602948712261533,0.009072394933825969,0.002105758586575359,0.024505414605899178,0.43105229381131943,1144.5357645214638,481,857.5992651470006
1,0.00023020220321653246,0.06990523556950304,2.3427407813296568e-05,0.06127628515635986,0.09602994264352323,0.009071859151576286,0.0021058929192196048,0.024505097201659377,0.43105229381131943,1144.5357437963628,966,2036.6469301190082
2,0.0002302173165785348,0.06990470504364538,2.342351276713415e-05,0.06127805334606855,0.09602972499515311,0.009071859413401594,0.002105843137836918,0.024505299149593898,0.43105229381131943,1144.5357912184477,693,1178.930048595008
3,0.00023019104829559027,0.0699070205701819,2.3421469233111854e-05,0.06127839828470373,0.09603255042042518,0.009071792980503176,0.0021058599552917375,0.024505087079683668,0.43105229381131943,1144.5357735031673,618,1308.2380202790082
4,0.00023021959638754654,0.06990455024141648,2.3423693686371643e-05,0.06127768701810889,0.09602833284515155,0.00907177534764328,0.002105782964124916,0.0245052027701592,0.43105229381131943,1144.535758298504,581,1681.715329350991
