,a_a0_a,a_a0_b,b_a1_a,b_a1_b,k_f_a,a_1_a,a_1_b,b_a0_a,b_a0_b,a_a1_a,a_a1_b,k_b_a,b_1_a,b_1_b,g_Kr,RMSE,iterations,CPU_time,score
0,0.022269361573061558,0.012489306127221775,6.891933125972678e-05,0.041771249001287765,0.023881878737214583,0.09075469644885674,0.02337743991017065,0.04609048342023498,0.06296326346435363,0.013621485841309436,0.0377044194757313,0.037177475092140144,0.006496252383579689,0.03269958271629709,0.15232211713666485,138.4798769556632,1205,3958.2798152669984,138.4798769556632
