,a_a0_a,a_a0_b,b_a1_a,b_a1_b,k_f_a,a_1_a,a_1_b,b_a0_a,b_a0_b,a_a1_a,a_a1_b,k_b_a,b_1_a,b_1_b,g_Kr,RMSE,iterations,CPU_time,score
0,0.02238091835123052,0.011972648568924476,6.87866119245394e-05,0.0417934458859256,0.023622198464081,0.0907650696571425,0.023384740893647175,0.046198294261239926,0.06299728878197475,0.013624390896520585,0.03837871320313242,0.03673994274772783,0.006493277882977845,0.03268212321852255,0.15240823935361475,296.0584864942044,969,6580.093040930002,296.0584864942044
