,p1,p2,p3,p4,p5,p6,p7,p8,Gkr,RMSE,iterations,CPU_time,score
0,0.0015680707765632633,0.07931039045561214,2.2175664801940728e-05,0.051200226514708215,0.09593214272278293,0.023935931375350675,0.007048884524286433,0.03131866324969586,0.15484629836257074,721.8140842794304,1342,2838.854316752,721.8140842794304
1,3.4132627582410527e-06,0.0004903961582894092,3.5635181945837546,0.0025551058551120725,2.0520929037942577,0.0037063690221094546,1.286967677473768e-05,9.769910412549184e-05,0.1524,,1342,,
