,a_a0_a,a_a0_b,b_a1_a,b_a1_b,k_f_a,a_1_a,a_1_b,b_a0_a,b_a0_b,a_a1_a,a_a1_b,k_b_a,b_1_a,b_1_b,g_Kr,RMSE,iterations,CPU_time,score
0,0.02228527909106606,0.011874986809663398,6.902809857288884e-05,0.04176645709693451,0.023786652991624864,0.0907629658658174,0.023395284126189166,0.04726876191159332,0.06293089694860578,0.013864774469198978,0.037985721460769756,0.03687506712503597,0.0064892338647698986,0.03268027938176149,0.15241842965877558,203.44566938327193,1593,7952.718444543,203.44566938327193
