,p1,p2,p3,p4,p5,p6,p7,p8,Gkr,RMSE,iterations,CPU_time,score
0,0.0016134847917369192,0.07289800231612831,1.9050529054683945e-05,0.05229113822861726,0.1102234497034925,0.023162387308795346,0.008891527415534006,0.029418845737350128,0.1529663255354572,2966.6571533666415,1308,6060.128388669,2966.6571533666415
1,1.203470752321316e-07,0.0983172492469097,1.8207031525315487e-06,1.1208005609700243e-06,0.004995000597882424,1.5468734424958882e-06,2.0385613696826905e-07,3.767434431647043e-05,0.1524,,1308,,
