,p1,p2,p3,p4,p5,p6,p7,p8,Gkr,RMSE,iterations,CPU_time,score
0,0.0019693927216408685,0.054176996354608875,2.9782897160136543e-05,0.04873429830230438,0.09603326293736308,0.02311646597858303,0.006843014443270818,0.031394269884310266,0.15787415528769552,2608.3593931293976,1279,4304.752528379,2608.3593931293976
1,0.014183784682660877,0.006537959508006471,0.00019980196305588647,6.089949285755862e-06,0.2827821906739106,0.08416437745449061,3.550440228421211,1.2051910991202744e-05,0.1524,,1279,,
