,p1,p2,p3,p4,p5,p6,p7,p8,Gkr,RMSE,iterations,CPU_time,score
0,0.001566357458838921,0.0792870348012543,2.2167602292671388e-05,0.05120179142378158,0.09598558739702429,0.02393517930970521,0.007051939688213428,0.03131465911658048,0.15486881744611575,719.5676451251082,1113,2402.804940715,719.5676451251082
1,0.0016591947082026622,3.0871521069498393e-07,1.9179037269571776e-07,3.6850416755039016e-06,0.014794571952013816,9.140153235081603e-07,2.298869673069703e-06,3.0496096296961244e-05,0.1524,,1113,,
