,p1,p2,p3,p4,p5,p6,p7,p8,Gkr,RMSE,iterations,CPU_time,score
0,0.0019698124686521874,0.054142734279651765,2.9805195118133615e-05,0.048728646123559115,0.0961188885801156,0.02310352176520602,0.00685229634314636,0.03139019478876552,0.15789984124792275,2609.928577070294,1554,4921.641565621998,2609.928577070294
1,0.0006643674116512898,3.404777381709991e-05,4.769105890819184,6.64437208854835e-06,0.005789089937135849,6.704803880928685e-06,1.0026243261341555e-05,0.0007786438759263479,0.1524,,1554,,
