,p1,p2,p3,p4,p5,p6,p7,p8,Gkr,RMSE,iterations,CPU_time,score
0,0.0016134180752537457,0.0728606595975331,1.9080426283681477e-05,0.05227789122732177,0.11006026742746743,0.023167222633201926,0.008878966081126087,0.02941657814700757,0.15297289977229941,2972.3814332048555,1255,5931.414556903001,2972.3814332048555
1,0.00016153793339984852,4.640385381626264e-06,5.223054362482387e-07,1.6773707238069328e-07,1.8267617689900115,6.128704137483124e-06,0.00039757717380761016,0.00013294069321880713,0.1524,,1255,,
