,a_1_a,a_1_b,b_a0_a,b_a0_b,k_b_a,a_a0_a,a_a0_b,b_1_a,b_1_b,b_a1_a,b_a1_b,a_a1_a,a_a1_b,k_f_a,g_Kr,RMSE,iterations,CPU_time,score
0,0.09063898372572551,0.023379460341697737,0.04561970277338684,0.06331586210827758,0.03734445679936014,0.022820789281162553,0.012315019257738119,0.006488407183887257,0.03270278743824473,6.868585446872823e-05,0.04179818292831985,0.013150923071271968,0.03775416415839745,0.02409377581344457,0.1523157193805829,138.4791176874767,1613,5084.251212421999,138.4791176874767
