,p1,p2,p3,p4,p5,p6,p7,p8,Gkr,RMSE,iterations,CPU_time,score
0,0.001613509600283026,0.07290007530123083,1.904986256148417e-05,0.052291280952319316,0.11021680485203228,0.02316325724129749,0.008891080257576935,0.029419079958641924,0.15296211657012343,2966.657153871617,1430,6624.695745827004,2966.657153871617
1,0.005060028789395897,0.01970590066734523,1.9105595112072646e-07,0.0005390293794166154,4.952145834003751e-07,2.0795671184330912e-05,0.02090800997941155,1.1446883874776592e-06,0.1524,,1430,,
