,p1,p2,p3,p4,p5,p6,p7,p8,Gkr,RMSE,iterations,CPU_time
0,0.00021554234477078976,0.06406348078007343,3.21331979624336e-05,0.05657486264880036,0.08843808335259586,0.0092971997365601,0.003910704009729693,0.028968933493282306,0.21552614690565972,191.68841669518935,672,896.0111443690002
1,0.00021553507938289578,0.0640650385621061,3.213410503249265e-05,0.05657486314555065,0.08843771528338704,0.009297370783081951,0.0039107764734058045,0.028968641201480492,0.21552614690565972,191.68842646392713,565,722.7353432849995
2,0.00021554770460335598,0.06406400308899618,3.213111476165102e-05,0.05657545980289276,0.08843668126166981,0.009297782849185001,0.0039106132579635215,0.028967860907994265,0.21552614690565972,191.6884298107957,536,740.2670289599992
3,0.00021555386781837264,0.06406286700777063,3.213347297757005e-05,0.05657482238447641,0.0884368423673455,0.009297655327913776,0.0039106715526016295,0.02896828899688386,0.21552614690565972,191.68842467620422,636,1345.348053865
4,0.00021554348559024708,0.06406406595588987,3.2131087841655e-05,0.056575483330509435,0.08843677762397666,0.009297827137995034,0.003910651320315961,0.02896779289232175,0.21552614690565972,191.6884298812188,556,1231.3514198750054
