,p1,p2,p3,p4,p5,p6,p7,p8,Gkr,RMSE,iterations,CPU_time
0,0.00021599989383327752,0.0639991597750766,3.2085067089730034e-05,0.0565837087021045,0.08841148505337788,0.009252928108370348,0.003910382634964546,0.02898110527207735,0.21552614690565972,193.26879785634418,807,1790.3125176019967
1,0.0002159972539963256,0.06400121051884482,3.208166543055683e-05,0.056584704773999,0.08840868289897348,0.009252221303719978,0.003910183745861675,0.02898144687646053,0.21552614690565972,193.26880012177682,888,1639.6444616109948
2,0.000216009593949465,0.06399930708542115,3.208274802304024e-05,0.056584395903486795,0.08840746350647873,0.009252095714961541,0.003910175765830711,0.0289814743527251,0.21552614690565972,193.26880280257666,1070,1699.3309891070094
3,0.00021600791037540692,0.06399796252030096,3.208245515292812e-05,0.05658454575839935,0.08841082428917985,0.009252589485540846,0.003910387018437128,0.02898076242997608,0.21552614690565972,193.2688091967679,1250,1923.1279085080023
4,0.00021600322954374676,0.06399922778246483,3.208381111351796e-05,0.05658421035965278,0.08841166626282695,0.009253355809063684,0.003910392708686755,0.02898091604295063,0.21552614690565972,193.26880828623217,769,1720.4199417219934
