,p1,p2,p3,p4,p5,p6,p7,p8,Gkr,RMSE,iterations,CPU_time
0,0.00022559100565610265,0.07080442520808777,3.76238691624736e-05,0.052909865131996046,0.08316192279557431,0.00908627453822214,0.0055723902717106965,0.03364826821338097,0.1294655974387777,277.6620600547043,661,1985.3584147490037
1,0.00022559872874351118,0.0708035022178992,3.762453635666357e-05,0.05290965241104583,0.08316050477014832,0.0090868579891765,0.005572364826142648,0.03364763831629764,0.1294655974387777,277.6620661021603,573,1720.0326944830013
2,0.00022558674980179198,0.07080496794634496,3.76227780049674e-05,0.05291028989156161,0.08316095280323393,0.009086409727983113,0.005572381643093347,0.033647928245276695,0.1294655974387777,277.6620583393706,593,1780.3128740569955
3,0.00022558640261592747,0.07080471331595116,3.762348838815554e-05,0.05290981714906243,0.08316189516660306,0.009086480449197706,0.005572377841026486,0.033647971671055064,0.1294655974387777,277.66206285779776,945,2714.429500876009
4,0.00022555148873771756,0.0708077093315433,3.762338046190774e-05,0.05290972501462102,0.08316430492351921,0.009086019252505644,0.005572655015810733,0.03364793037078479,0.1294655974387777,277.6620591007918,765,2151.201636959988
