,p1,p2,p3,p4,p5,p6,p7,p8,Gkr,RMSE,iterations,CPU_time
0,0.00012071552864092334,0.08444778253420643,3.064434095854785e-05,0.05357387318539367,0.0844341944591784,0.009243636052525008,0.006698168087379032,0.034933254489876,0.10776307345282986,792.6438929138442,1287,3049.317194285002
1,0.00012071662478357515,0.08444719806208434,3.064506140284235e-05,0.05357372758568067,0.08443467411242653,0.009243177427140864,0.006698350376051958,0.034933111804054444,0.10776307345282986,792.6439044125652,906,2009.7211325679964
2,0.00012070571828934452,0.08444901562466167,3.0644933851115875e-05,0.05357373571703342,0.08443590712938623,0.009243300266172268,0.006698486574113489,0.03493288043402271,0.10776307345282986,792.6439032559776,699,1389.0774455659994
3,0.00012071475574032794,0.08444754141832252,3.064516145458822e-05,0.05357371296814738,0.08443389376040158,0.00924363274870266,0.006698247189405322,0.034932896561403345,0.10776307345282986,792.6438980610229,902,1836.6282726540085
4,0.0001207231657611261,0.08444655531869563,3.064667934382677e-05,0.053573264336335136,0.08443363526254119,0.009243588492652374,0.006698123241720712,0.03493334404993092,0.10776307345282986,792.6438999824462,1262,2765.7086330159946
