,p1,p2,p3,p4,p5,p6,p7,p8,Gkr,RMSE,iterations,CPU_time
0,6.912506205935837e-05,0.09665983110828828,2.4719847303219345e-05,0.053349247817671024,0.07663679278988919,0.009937384984749468,0.00850032547040356,0.038346514065232894,0.0762,3059.443578164734,540,1507.3509064349928
1,6.915328676633589e-05,0.0966518854159733,2.4724565040337428e-05,0.05334771157836842,0.07663572055709814,0.009935456968869256,0.008500410624598631,0.038348277584047144,0.0762,3059.4436103836238,791,2360.3261879700003
2,6.911602457583358e-05,0.09666135884108434,2.4717443518256386e-05,0.05335024620280101,0.07663333438103268,0.009936487945040312,0.0085000198924664,0.03834694513814524,0.0762,3059.443568364636,657,1979.5552699730033
3,6.91233468755169e-05,0.09665973407667018,2.4719220433331028e-05,0.05334953070036468,0.07663445368548266,0.00993693369148164,0.008500075958910804,0.038346930325601325,0.0762,3059.443568425139,1038,3114.2569227009953
4,6.913632679644715e-05,0.09665560590232232,2.472024080083855e-05,0.05334920800660425,0.0766367686218813,0.009936904764329985,0.008500672052805415,0.03834647965040168,0.0762,3059.443561669135,1305,3513.4846962979937
