,p1,p2,p3,p4,p5,p6,p7,p8,Gkr,RMSE,iterations,CPU_time
0,0.0002175691217412786,0.06009588717086559,2.9561048224911122e-05,0.057607216836309524,0.09324960410942268,0.008587257254857207,0.0032969099469693885,0.028565925628454187,0.2563052273693322,215.51539519000067,566,643.8861539099962
1,0.00021756781988715437,0.060093559991334575,2.9561602286887183e-05,0.05760684950131927,0.09325962510648945,0.00858761718528666,0.00329730226919004,0.028565416378442163,0.2563052273693322,215.5153956497227,769,1229.8288652810006
2,0.00021757614571540047,0.06009557186540059,2.9560817404280335e-05,0.05760737884510436,0.0932512299106023,0.008587285536255158,0.0032969411882613664,0.028565968692469274,0.2563052273693322,215.5154015454994,469,921.3524700489943
3,0.00021756250937300366,0.06009381557213382,2.9559632161441215e-05,0.05760725181623313,0.09326246304679645,0.008587263433671586,0.003297413852688776,0.02856519216109336,0.2563052273693322,215.51539919441748,597,847.0164939969982
4,0.0002175692351071687,0.06009529696159456,2.9561819646955465e-05,0.05760701629536911,0.09325472620982223,0.008588013444184046,0.00329710915255879,0.02856534074467379,0.2563052273693322,215.51539645026514,958,1392.037895346999
