,a_a0_a,a_a0_b,b_a1_a,b_a1_b,k_f_a,a_1_a,a_1_b,b_a0_a,b_a0_b,a_a1_a,a_a1_b,k_b_a,b_1_a,b_1_b,g_Kr,RMSE,iterations,CPU_time,score
0,0.023933026778471086,0.010539014713896518,6.893860755592924e-05,0.0417731237353436,0.023713823369752533,0.0908380512862469,0.023399741105010363,0.05036202185199734,0.06417393769394909,0.013015643902654686,0.038507625247609194,0.034593940457878065,0.006497713970538842,0.03267960531598493,0.15242559256426896,138.68168642483468,1215,3556.3762358919994,138.68168642483468
