,p1,p2,p3,p4,p5,p6,p7,p8,Gkr,RMSE,iterations,CPU_time,score
0,0.0016151969704843862,0.07289633587453152,1.9056347972085918e-05,0.0522899579844295,0.11025435007035571,0.02316907039311525,0.008890819731288784,0.029411759704037848,0.15300122213465314,2966.618785248001,1301,6057.04628616,2966.618785248001
1,0.0024280269997041227,0.000486197487459955,0.0005934629102317292,2.6916913269374575e-05,0.06540755824711243,6.640769688902652e-07,4.072757173432815,1.7398863814575766e-07,0.1524,,1301,,
