,p1,p2,p3,p4,p5,p6,p7,p8,Gkr,RMSE,iterations,CPU_time,score
0,3.7252064547641055,7.171841131255274e-07,1.5444583000286966e-06,1.767122759338338e-07,1.9667973209267286e-06,1.0001581075321005e-07,2.054243924455033e-07,1.0001160384757633e-07,0.0710847718117368,101910.72986664427,897,995.2289947469999,101910.72986664427
1,3.8249021490070425,0.0001325676286643357,1.5581969457115276e-06,2.1149771265065557e-06,1.9622866848177563e-06,3.6744144226029953e-07,2.096352385950245e-07,9.426202749904476e-06,0.1524,,897,,
