,b_1_a,b_1_b,k_b_a,b_a0_a,b_a0_b,b_a1_a,b_a1_b,k_f_a,a_a1_a,a_a1_b,a_a0_a,a_a0_b,a_1_a,a_1_b,g_Kr,RMSE,iterations,CPU_time,score
0,0.0064968117659390204,0.03269759392955903,0.036818858603012684,0.046431006996287695,0.06296038730962533,6.895781545382873e-05,0.041766652395312284,0.023772933613515554,0.013622847595416005,0.03777795544534397,0.02233628408082296,0.012412085113376667,0.09076498444242084,0.02337904706229405,0.1523246546974169,138.47998451713528,1642,5374.652904836003,138.47998451713528
