,a_1_a,a_1_b,b_a0_a,b_a0_b,k_b_a,a_a0_a,a_a0_b,b_1_a,b_1_b,b_a1_a,b_a1_b,a_a1_a,a_a1_b,k_f_a,g_Kr,RMSE,iterations,CPU_time,score
0,0.09095211984851373,0.02338939451483453,0.04766116635733039,0.06298880252816426,0.036247320751607276,0.02279271872381815,0.011539560836622517,0.0065100502970341706,0.032670861242330144,6.874569611586426e-05,0.04179237812285074,0.013572515149645865,0.03851792473631529,0.023576814954803044,0.15235954486324718,202.95324409128838,1543,7839.1205158580005,202.95324409128838
