,p1,p2,p3,p4,p5,p6,p7,p8,Gkr,RMSE,iterations,CPU_time,score
0,0.0016913141319659722,0.03665050101514684,4.2991741588548445e-05,0.045923057981416646,0.09317990944069865,0.021807217060332982,0.007356502577808158,0.029601299119863856,0.16386044186076545,1714.7122074588888,1307,3795.130537809,1714.7122074588888
1,2.6344518219612652e-05,0.00039742265752943284,0.016470426915448002,0.012164735501211919,3.3619896047605436e-05,1.8786647658546547e-05,1.5535505269685462e-07,1.2851634096673434e-05,0.1524,,1307,,
