,a_a0_a,a_a0_b,b_a1_a,b_a1_b,k_f_a,a_1_a,a_1_b,b_a0_a,b_a0_b,a_a1_a,a_a1_b,k_b_a,b_1_a,b_1_b,g_Kr,RMSE,iterations,CPU_time,score
0,0.02229704762279743,0.011767117728916405,6.887791466091707e-05,0.04178418805937972,0.02382616824172342,0.09082674905221837,0.02339249532409611,0.04678891298039913,0.06314438481290581,0.013930682663642781,0.038132340613952084,0.03759562967707782,0.006497953830973089,0.03267076210178847,0.15242641339509228,296.48308668577783,1003,7146.258377838996,296.48308668577783
