,p1,p2,p3,p4,p5,p6,p7,p8,Gkr,RMSE,iterations,CPU_time,score
0,4.472026848976747e-06,0.04419448122617842,0.03370782986053563,0.000306202480735706,4.57074098564968,0.001016960726071913,1.9567613110402458e-07,2.825389817246097e-07,0.1523998715749632,282819.57280390617,446,1223.92278772,282819.57280390617
1,4.472027064052564e-06,0.044194294130075286,0.03370783370282079,0.00030634146447475045,4.57074215554669,0.0010166981180760452,1.9567610114592078e-07,1.0597923444092902e-07,0.1524,,446,,
