,a_a0_a,a_a0_b,b_a1_a,b_a1_b,k_f_a,a_1_a,a_1_b,b_a0_a,b_a0_b,a_a1_a,a_a1_b,k_b_a,b_1_a,b_1_b,g_Kr,RMSE,iterations,CPU_time,score
0,0.021091550130160997,0.011837012621206249,6.951232889437889e-05,0.0417121579110133,0.023180349243427233,0.09103507982073615,0.0234118215010441,0.0488147813889442,0.06210479273175867,0.014800960517964675,0.03861154499600699,0.03526786766215591,0.00650951232152514,0.032648609459660985,0.15247142913686032,139.07644347705175,1304,3829.727791561001,139.07644347705175
