,a_a0_a,a_a0_b,b_a1_a,b_a1_b,k_f_a,a_1_a,a_1_b,b_a0_a,b_a0_b,a_a1_a,a_a1_b,k_b_a,b_1_a,b_1_b,g_Kr,RMSE,iterations,CPU_time,score
0,0.022089849452477894,0.012948233795411898,6.876618157614884e-05,0.04178967761476884,0.02429589473136874,0.0906316004985245,0.023378201158491613,0.04451941788051528,0.06293720690543213,0.013405910095059998,0.03741258012936861,0.03821047668909651,0.006487753468601556,0.03270366462952149,0.15231724690993553,138.47887439610963,1058,3328.210467516001,138.47887439610963
