,a_a0_a,a_a0_b,b_a1_a,b_a1_b,k_f_a,a_1_a,a_1_b,b_a0_a,b_a0_b,a_a1_a,a_a1_b,k_b_a,b_1_a,b_1_b,g_Kr,RMSE,iterations,CPU_time,score
0,0.022210435869392513,0.012125851754630058,6.848354658836328e-05,0.04183197527080029,0.024851081872785497,0.09083773570226765,0.02340297173499436,0.044601807220736714,0.0636604286117561,0.013363538058213697,0.03759368623853225,0.03926841669199275,0.006496959567012459,0.03267013228482582,0.15241370250159705,138.37207048578549,1334,3778.044841488,138.37207048578549
