,p1,p2,p3,p4,p5,p6,p7,p8,Gkr,RMSE,iterations,CPU_time
0,0.00021034884527414163,0.05629984519704407,2.6812706669881527e-05,0.05958845640598579,0.09717980850023565,0.008648115687270991,0.0020577556569666634,0.02677931169555049,0.43105229381131943,301.8454832531948,596,1112.0597831299965
1,0.00021035724915873465,0.05629814045933747,2.6813549643475576e-05,0.05958835775544034,0.09716166416281279,0.008647624432637781,0.0020573755527989127,0.026780311428455637,0.43105229381131943,301.84549578413043,658,992.1319812189977
2,0.00021035927229562986,0.05630013292555438,2.681099060517177e-05,0.05958936824085717,0.0971911151020008,0.00864908980449854,0.0020579656205511818,0.02677836834765886,0.43105229381131943,301.84550204422817,601,1014.9534035850011
3,0.0002103503012628103,0.05630192437039905,2.6810595398818487e-05,0.059589305240632384,0.09718857872449087,0.008648668743472513,0.0020579119004760327,0.026778463724752167,0.43105229381131943,301.84549377692304,670,972.7818808939992
4,0.0002103506322487497,0.05630047154002679,2.680999738321163e-05,0.05958989513127368,0.09717205073263131,0.00864693391059337,0.002057593652251433,0.026780342653022298,0.43105229381131943,301.8455064035692,453,537.7079242320033
