,a_1_a,a_1_b,b_a0_a,b_a0_b,k_b_a,a_a0_a,a_a0_b,b_1_a,b_1_b,b_a1_a,b_a1_b,a_a1_a,a_a1_b,k_f_a,g_Kr,RMSE,iterations,CPU_time,score
0,0.09076166310956084,0.023395094508026435,0.047215298024195475,0.06292426935538475,0.036899556709694574,0.022263577390379135,0.011888379136235857,0.006489111444356539,0.03268059766070877,6.902731566456827e-05,0.0417665249126914,0.01387363316738717,0.03798741308540993,0.023785464273977208,0.15241821611711942,203.44568306518786,1185,6067.0366555420005,203.44568306518786
