,p1,p2,p3,p4,p5,p6,p7,p8,Gkr,RMSE,iterations,CPU_time
0,0.0002029563734848343,0.09163825913585301,2.8351777633864908e-05,0.05049755607021357,0.08120374851506851,0.013486607068656639,0.015046447093795408,0.03637097235966173,0.05388153672641493,1466.060947607837,588,1190.3277073919962
1,0.0002029556192221412,0.09163777819266868,2.8355205340001857e-05,0.05049638604098271,0.08118005950936244,0.013485406251854876,0.01504225746736317,0.03637268143342703,0.05388153672641493,1466.0609401212319,550,1104.0224663400004
2,0.00020295070933528062,0.09163803166976886,2.8351953882509818e-05,0.05049737664300851,0.08120215160224294,0.013487342447192576,0.015046130884223768,0.03637072074329298,0.05388153672641493,1466.0609472832655,1171,2347.3091728910003
3,0.00020296498469862811,0.09163763364384113,2.8355322022161065e-05,0.050496179057441255,0.08118133774490455,0.013485720319003055,0.015042181890749084,0.03637265580650494,0.05388153672641493,1466.0609437523235,679,1364.4757438060042
4,0.00020293691213318484,0.09164086174742088,2.835310407793531e-05,0.05049689265719257,0.08120459869991623,0.013487066936412717,0.015046752809300939,0.0363705406578284,0.05388153672641493,1466.0609482261611,602,1210.3086957390042
