,p1,p2,p3,p4,p5,p6,p7,p8,Gkr,RMSE,iterations,CPU_time,score
0,0.008927321869322376,1.0000006278260296e-07,3.0100386676888378e-05,1.0000080329896189e-07,1.7219239961313655e-06,1.0000027048362774e-07,2.9846303361158505e-06,1.0000007703987067e-07,0.00918252234128451,240714.0396090942,1315,2948.560273768002,240714.0396090942
1,0.00931862977435113,0.0021863774191352003,2.971899246225316e-05,4.572188332018065e-05,1.7682208909514844e-06,1.9034974190017457e-07,2.953752914212624e-06,0.00015968758751400047,0.1524,,1315,,
