,p1,p2,p3,p4,p5,p6,p7,p8,Gkr,RMSE,iterations,CPU_time,score
0,0.001614687574395494,0.07291824024957966,1.9063141399734956e-05,0.05228658008479188,0.11008374572097852,0.023162018507531208,0.008878056744987012,0.029416124598950967,0.15301143855979144,2974.6644842343167,1317,6113.942726480999,2974.6644842343167
1,2.5129129285336993e-05,0.0002676601964601245,0.008659476780347956,0.00029034433892893347,0.0021140356568444345,0.006661028645805628,0.08912667263091899,4.901612179173959e-06,0.1524,,1317,,
