,b_1_a,b_1_b,k_b_a,b_a0_a,b_a0_b,b_a1_a,b_a1_b,k_f_a,a_a1_a,a_a1_b,a_a0_a,a_a0_b,a_1_a,a_1_b,g_Kr,RMSE,iterations,CPU_time,score
0,0.006497972599310966,0.032678829389838224,0.036609523777770346,0.04685929685695376,0.06338090274992463,6.910366657023436e-05,0.041753903055605196,0.02382621853374041,0.013686092077684038,0.03808884108133285,0.02230460847847391,0.011777095819009547,0.09081786967281376,0.02338938096007425,0.15239365200961147,173.84939277511774,1002,4436.326476907,173.84939277511774
