,a_a0_a,a_a0_b,b_a1_a,b_a1_b,k_f_a,a_1_a,a_1_b,b_a0_a,b_a0_b,a_a1_a,a_a1_b,k_b_a,b_1_a,b_1_b,g_Kr,RMSE,iterations,CPU_time,score
0,0.022287337381013735,0.011873266262896864,6.902614022567397e-05,0.04176668569794897,0.02378686263836294,0.09076267797248463,0.02339519707933514,0.047263272232214035,0.06293835836268064,0.013862865138324625,0.03798685319976686,0.03687630766708773,0.00648920343028884,0.03268040268955361,0.1524184741650484,203.4456698304289,1094,5165.958640983999,203.4456698304289
