,p1,p2,p3,p4,p5,p6,p7,p8,Gkr,RMSE,iterations,CPU_time
0,0.00022417078810974182,0.06572989442190127,3.2583011962962084e-05,0.05574115284342454,0.08862526408410522,0.008655637938367768,0.004401517931559344,0.03048963755949618,0.1812351643264147,151.7923969202869,610,1009.6537260670011
1,0.0002241768046932519,0.06572897964521962,3.2582949489634236e-05,0.05574115505382008,0.08862511162223638,0.008655624198205855,0.004401541971399807,0.030489604236740003,0.1812351643264147,151.79239735576792,527,947.3757777139981
2,0.0002241719728599226,0.06572909656549532,3.2582596645200484e-05,0.05574122787377093,0.08862539614145273,0.008655805803322621,0.004401530815727389,0.030489483247123268,0.1812351643264147,151.7923968894343,772,1610.3623688860098
3,0.00022417250233053147,0.06572957198473192,3.2583270737074025e-05,0.055741028336668046,0.08862489820345841,0.008655590772414557,0.004401530662502347,0.03048947168997569,0.1812351643264147,151.79239784627302,919,1443.2777331550024
4,0.0002241702321394122,0.06572896159919155,3.2583158162762316e-05,0.05574101706442209,0.0886211700190266,0.008655298820945151,0.0044013627959843,0.030489751967423217,0.1812351643264147,151.79239779920624,655,990.9863303559978
