,p1,p2,p3,p4,p5,p6,p7,p8,Gkr,RMSE,iterations,CPU_time
0,0.000206814991227908,0.060541254251809666,3.0268564676127924e-05,0.05811017276064302,0.08948977655070357,0.009558243849708693,0.0029252475321874223,0.02712392987337465,0.3048,280.39366886316384,533,1216.9952178079984
1,0.00020683021171971904,0.06054275543505603,3.0270042314356842e-05,0.058109532092412305,0.08948838913364421,0.009559146636419023,0.002925050394590997,0.027123291742846632,0.3048,280.39367181605024,532,1221.6843738839962
2,0.0002068329066217763,0.06054233142426659,3.026631985157466e-05,0.05811101133611397,0.08949314198091815,0.009557133039626171,0.002925281765519888,0.027124257301998453,0.3048,280.3936545590497,502,1112.744894602998
3,0.00020682927346874532,0.0605434735645643,3.0268349280515056e-05,0.05811015690904126,0.08949493438503979,0.00955917518241985,0.0029252658104907746,0.027122944879182754,0.3048,280.39363066715043,928,1788.6418229099945
4,0.00020684010739329743,0.060540623709966254,3.0267568262766304e-05,0.05811017433141244,0.08949283058179394,0.00955814476503284,0.0029252484789250486,0.027123560289345414,0.3048,280.39364481191393,812,1644.5924982540018
