,p1,p2,p3,p4,p5,p6,p7,p8,Gkr,RMSE,iterations,CPU_time
0,0.0002247502091627302,0.06962280617329095,2.813783690316826e-05,0.05794990337896772,0.09273121537542608,0.008869041484375567,0.004027981034306802,0.02798979453532952,0.21552614690565972,420.38401755142127,675,1973.6605547090003
1,0.0002246932451441576,0.06962751463093009,2.8140856091345432e-05,0.05794864161902671,0.09272971312745393,0.008869567452214835,0.004027962441257227,0.027989348456514223,0.21552614690565972,420.3840301361998,502,1440.585545474998
2,0.000224760132641102,0.06962194387007448,2.8139504564116975e-05,0.057949435964314074,0.09273030248329646,0.00886954928616066,0.004027871354012829,0.027989780570938743,0.21552614690565972,420.38401595362006,552,1587.9477642479978
3,0.00022474866141762053,0.06962328199264793,2.814206820160887e-05,0.057948449322115354,0.09272712079133771,0.00886983775625513,0.004027726797084196,0.02798975933011629,0.21552614690565972,420.38401682953884,565,1338.2594357380003
4,0.00022472909869964154,0.06962401946695025,2.8139516106756025e-05,0.05794921837295634,0.09272860490162631,0.008869785727251448,0.004027896677881608,0.02798932047085877,0.21552614690565972,420.38401290657384,513,1521.4882922960023
