,p1,p2,p3,p4,p5,p6,p7,p8,Gkr,RMSE,iterations,CPU_time,score
0,0.0016860374892582913,0.08445330904636673,2.2100047140304716e-05,0.05119510191285797,0.12140066162351883,0.026881157647795556,0.008875793747761469,0.028796284359832457,0.15454268042621544,654.9818196810061,1757,3534.831044075,654.9818196810061
1,0.0008955951084108855,1.645559451104893e-06,0.000778779204760043,0.006434828350772605,3.6333592695467516,6.339772788590168e-07,8.576445480592162e-05,0.001515418709730369,0.1524,,1757,,
