,p1,p2,p3,p4,p5,p6,p7,p8,Gkr,RMSE,iterations,CPU_time
0,0.00021664840949137216,0.0840932285117819,3.7195196899628904e-05,0.051280990200917885,0.08493355140400434,0.010466196962478235,0.008564679951999696,0.03462048759980027,0.09127977271835509,398.9615737225983,763,1437.2694715300022
1,0.00021664474948893182,0.08409548902054534,3.7197317745146495e-05,0.05128047724958381,0.08493159174400458,0.010467767066027952,0.008564401660520195,0.03461963966530558,0.09127977271835509,398.9615749427834,1277,1492.6732173630007
2,0.00021664585514008546,0.0840949104205695,3.719684135392528e-05,0.051280523173505455,0.0849289065828726,0.010467776292176245,0.008564136246047988,0.03461954136834073,0.09127977271835509,398.96157607675315,1180,1460.4707863189979
3,0.00021665132509210577,0.08408991018924775,3.719703593463125e-05,0.0512803999531486,0.08495233390552419,0.010469307798388606,0.008566580479274787,0.0346178744699431,0.09127977271835509,398.96158478904186,768,968.2051155409863
4,0.00021663659079777854,0.08409508064791275,3.719593004423914e-05,0.05128066591690155,0.08492122274930378,0.010464869785360648,0.008563339331143373,0.03462246604980979,0.09127977271835509,398.96157774560146,1128,1299.8977899879974
