,a_1_a,a_1_b,b_a0_a,b_a0_b,k_b_a,a_a0_a,a_a0_b,b_1_a,b_1_b,b_a1_a,b_a1_b,a_a1_a,a_a1_b,k_f_a,g_Kr,RMSE,iterations,CPU_time,score
0,0.09086331437078782,0.02338911562985301,0.04700229465184216,0.06289038739283753,0.036785927282170686,0.022343816266369557,0.011756807154002416,0.006497819043155958,0.03267830693063502,6.883637504766206e-05,0.04179008338256334,0.013793075572297689,0.03821408433189305,0.023715850586821356,0.1524197497011694,173.3795976399439,1291,5624.230048707002,173.3795976399439
