,a_a0_a,a_a0_b,b_a1_a,b_a1_b,k_f_a,a_1_a,a_1_b,b_a0_a,b_a0_b,a_a1_a,a_a1_b,k_b_a,b_1_a,b_1_b,g_Kr,RMSE,iterations,CPU_time,score
0,0.022585289173460813,0.011769525821459414,6.879596993094542e-05,0.041792643033107806,0.023600413829523416,0.09081227859907802,0.023395846862890878,0.04645760265067443,0.06330377394130449,0.013633959975627826,0.03842223981166098,0.03695380859644006,0.00649764334619187,0.03266650554005579,0.15242675342861553,173.6571395005828,925,2567.565985408997,173.6571395005828
