,p1,p2,p3,p4,p5,p6,p7,p8,Gkr,RMSE,iterations,CPU_time,score
0,0.0019690335224162026,0.054128961271976875,2.978606784594974e-05,0.048733821989314786,0.09600525203441837,0.023112426582847404,0.006841424139567395,0.031388297460878276,0.1579033085313548,2609.6320153158917,1993,6843.046315816999,2609.6320153158917
1,0.0003769316746566313,6.714673002159368e-05,0.0009761025184779932,0.0022092260675817418,0.010556397579971509,3.592133923078034e-07,5.345455033632496e-05,0.0632571607595006,0.1524,,1993,,
