,p1,p2,p3,p4,p5,p6,p7,p8,Gkr,RMSE,iterations,CPU_time,score
0,0.0019693097843459942,0.054122294635757885,2.9803070594612278e-05,0.04872313000225018,0.0960920176184237,0.02310048674296148,0.00685115787917752,0.031397575862124834,0.15783891738874264,2605.4068241985465,2517,8127.925859506999,2605.4068241985465
1,1.2826849978133065e-06,0.05503395907341746,9.08364448356293,0.0014836010796264638,0.08282630781225558,0.0006911238494892054,0.2868552636094771,0.006743702075401721,0.1524,,2517,,
