,p1,p2,p3,p4,p5,p6,p7,p8,Gkr,RMSE,iterations,CPU_time
0,0.00021216087555366156,0.0874160283638443,3.559617501031006e-05,0.0506234661346024,0.08412278169919271,0.011240512519597635,0.010298393807536086,0.03538156517684739,0.07664514235271616,657.6623132615413,683,792.6309918079933
1,0.00021216308745093516,0.08741558711101005,3.559471887662446e-05,0.050623866628139155,0.08412384146942749,0.011240198621082921,0.010298401531835958,0.03538161934598276,0.07664514235271616,657.6623107927547,692,794.5691734069987
2,0.00021216781715123917,0.08742210706219634,3.559592698386078e-05,0.05062367052458066,0.08406447034115562,0.011232360001131553,0.010291097481226653,0.03538953223144878,0.07664514235271616,657.6623006002997,1026,1993.037437136998
3,0.00021213275185347905,0.08742968828032895,3.559425383759499e-05,0.050624082905786266,0.08407588858954458,0.011233253736238246,0.010292542306354206,0.035388373687805966,0.07664514235271616,657.6622998859336,606,762.4142403829901
4,0.0002121349413022225,0.08742850578354687,3.559509175835163e-05,0.05062368770868872,0.08407186610516952,0.011233485765695859,0.01029206941518559,0.0353885730343268,0.07664514235271616,657.6623005806514,707,809.8388583999913
