,p1,p2,p3,p4,p5,p6,p7,p8,Gkr,RMSE,iterations,CPU_time
0,0.00022634521224203653,0.06909838850755393,3.312781782511789e-05,0.055867886841997595,0.08828258698893526,0.0092049779329153,0.004384125003320867,0.030138273821987013,0.1812351643264147,378.5057927816397,679,1746.4707363839843
1,0.0002263463890484001,0.06909777605138291,3.3127874710260945e-05,0.05586782087259955,0.08828230807629976,0.009204935822066147,0.004384110899604969,0.030138271252294176,0.1812351643264147,378.5057928613646,841,2127.512040592992
2,0.0002263456498354119,0.0690979800543241,3.3127669303971834e-05,0.05586785299678169,0.08828230532799539,0.009205045855049372,0.004384121752344616,0.030138151329803194,0.1812351643264147,378.5057943407718,903,2217.974528706982
3,0.00022634486215652883,0.06909820246937072,3.312873984629627e-05,0.05586762663457931,0.0882804436850818,0.009204760909034907,0.004384032778036257,0.030138485903068717,0.1812351643264147,378.5057923420842,671,1655.9758649919822
4,0.000226346131060513,0.06909833376255849,3.312804563130593e-05,0.05586778605711156,0.08828258565939705,0.009205024076266688,0.004384144945627663,0.030138057041248837,0.1812351643264147,378.50579361139455,759,1870.8566051959933
