,a_a0_a,a_a0_b,b_a1_a,b_a1_b,k_f_a,a_1_a,a_1_b,b_a0_a,b_a0_b,a_a1_a,a_a1_b,k_b_a,b_1_a,b_1_b,g_Kr,RMSE,iterations,CPU_time,score
0,0.022229045184022557,0.011508753587715423,6.87683156262573e-05,0.04179989918260244,0.023892487734076023,0.0908294944994107,0.02338521085431814,0.04666708614969031,0.06250232244607656,0.01372639816528477,0.038511617236151235,0.03716031273642312,0.006497577981802728,0.0326739765384657,0.15242583792256392,173.9210273816159,1471,6470.934787273,173.9210273816159
