,a_1_a,a_1_b,b_a0_a,b_a0_b,k_b_a,a_a0_a,a_a0_b,b_1_a,b_1_b,b_a1_a,b_a1_b,a_a1_a,a_a1_b,k_f_a,g_Kr,RMSE,iterations,CPU_time,score
0,0.0908182753620486,0.023390572399677456,0.046949113412810176,0.06330935838451733,0.03671487847635021,0.022369657627533793,0.011739540349793605,0.006497543496001195,0.032686188343059454,6.88666952794867e-05,0.041781480693317066,0.013489858383793104,0.03813608140801504,0.02411061636931365,0.15239553398907596,138.6849104821653,1278,4083.3011399829998,138.6849104821653
