,a_a0_a,a_a0_b,b_a1_a,b_a1_b,k_f_a,a_1_a,a_1_b,b_a0_a,b_a0_b,a_a1_a,a_a1_b,k_b_a,b_1_a,b_1_b,g_Kr,RMSE,iterations,CPU_time,score
0,0.022285658685241815,0.011877936114920155,6.902709715774466e-05,0.04176658137376857,0.02378680433184415,0.09076201029544129,0.023395171227576506,0.04726320786507586,0.06293901194991655,0.013864027074378232,0.03798247519780228,0.03687722630480084,0.006489148735876371,0.03268045001532484,0.1524184443315029,203.44567023698468,1030,4959.384701556,203.44567023698468
