,a_a0_a,a_a0_b,b_a1_a,b_a1_b,k_f_a,a_1_a,a_1_b,b_a0_a,b_a0_b,a_a1_a,a_a1_b,k_b_a,b_1_a,b_1_b,g_Kr,RMSE,iterations,CPU_time,score
0,0.02255709377337492,0.011609236497853942,6.896363692305395e-05,0.04177489317362095,0.023837334851275347,0.09082909514996508,0.023406934584227927,0.04755594474233799,0.06326361846838842,0.013610569539785953,0.038221667671048114,0.03649784002368518,0.006496104733029066,0.032673314149870195,0.15241930149154193,139.29882094033348,1450,4753.926561101001,139.29882094033348
