,p1,p2,p3,p4,p5,p6,p7,p8,Gkr,RMSE,iterations,CPU_time
0,0.00022156994345894196,0.0796846615970144,3.7351199074796384e-05,0.05225660912576869,0.08534550905341101,0.009743891369533776,0.00712885454938149,0.03377819202458579,0.10870874072059561,236.3441593139941,708,1381.6917067489994
1,0.00022157423871736924,0.07968353129424556,3.735059086892954e-05,0.052256641727502065,0.08534551341480551,0.009744175304144526,0.007128897002968232,0.03377780847064217,0.10870874072059561,236.34415822123975,1132,2217.0831799230073
2,0.00022156956962649768,0.07968303827609072,3.735141945814555e-05,0.0522564228354978,0.08534299964535536,0.009743819239975403,0.007128688042757992,0.03377822693792061,0.10870874072059561,236.34415984863608,497,970.7271733509988
3,0.00022157694380196908,0.07968350419977636,3.7351107473303845e-05,0.05225653710118714,0.08534648715727425,0.00974417804463567,0.00712895376643873,0.03377786785409249,0.10870874072059561,236.3441603768829,542,1055.3471985740034
4,0.00022158422675148435,0.07968180384543903,3.735279222735772e-05,0.05225619971033939,0.08533738311186914,0.009745391749487306,0.0071281088503911865,0.03377739274988757,0.10870874072059561,236.34416368780435,834,1618.7085399439966
