,a_1_a,a_1_b,b_a0_a,b_a0_b,k_b_a,a_a0_a,a_a0_b,b_1_a,b_1_b,b_a1_a,b_a1_b,a_a1_a,a_a1_b,k_f_a,g_Kr,RMSE,iterations,CPU_time,score
0,0.09075357092793897,0.023377171211908156,0.04588376305549438,0.06289767283470446,0.03728971741889106,0.022170514474053306,0.012569536308538732,0.006496209659837489,0.03269992893542671,6.891873577720771e-05,0.041771328403771284,0.013651346778103934,0.037689116521826035,0.023897718946816804,0.1523210776905926,138.4798665092784,2023,6515.918041477002,138.4798665092784
