,p1,p2,p3,p4,p5,p6,p7,p8,Gkr,RMSE,iterations,CPU_time
0,0.00022879828325371207,0.06980689666412204,2.4089694176873298e-05,0.06072999333477348,0.09545982020201058,0.009054073000928807,0.0024903137514462677,0.025068707633117693,0.3624703286528294,985.7906659381632,610,1850.5287659439928
1,0.00022870098921035724,0.06981508337010323,2.4097174307305348e-05,0.06072729769509014,0.09545437883225974,0.009055150096094642,0.0024901843568818395,0.025068506767323112,0.3624703286528294,985.790737933553,652,1300.4472803490062
2,0.00022871892046375406,0.06981474214435726,2.4093373815016323e-05,0.06072824408459725,0.09545318794718465,0.009055030411077214,0.0024901657231638516,0.025067644924993426,0.3624703286528294,985.7907161590678,608,1081.7852213529986
3,0.00022869863636399893,0.06981663554375006,2.4091567977300663e-05,0.060729470386014964,0.09545813135602345,0.009053913828509822,0.0024903233130440716,0.025068505265920533,0.3624703286528294,985.7905998703392,639,1130.9747566040023
4,0.00022878767237323892,0.06980802199932817,2.409551729411813e-05,0.060727647870914954,0.09545409324185827,0.009054882450761784,0.0024902493280980417,0.02506798959288953,0.3624703286528294,985.7906556742726,519,1140.0055112230039
