,p1,p2,p3,p4,p5,p6,p7,p8,Gkr,RMSE,iterations,CPU_time
0,0.00022618372703944687,0.069095352552641,3.3128664765720076e-05,0.055865615847387105,0.08817124522429282,0.009201832000743466,0.004379306632293462,0.03013185406891287,0.1812351643264147,377.0079145695838,515,1849.0203321739973
1,0.0002261868114430389,0.06909510027359018,3.312890482965605e-05,0.05586550809057148,0.08817153491355133,0.009201784038516741,0.004379332387321026,0.030131860864991148,0.1812351643264147,377.0079138531119,647,1659.709866571
2,0.00022619006675148582,0.06909490154777786,3.312871931532921e-05,0.05586560798543982,0.08817180518234762,0.009201932456047614,0.004379348119323692,0.030131672111132202,0.1812351643264147,377.00791100324204,811,2079.3693432729997
3,0.0002261916926727258,0.06909470346161992,3.312845765137248e-05,0.05586562188857079,0.08817177170674881,0.009201831895489941,0.004379317970036774,0.03013186691053561,0.1812351643264147,377.00791023939087,581,1482.3713362410053
4,0.0002261931099320396,0.06909435356092629,3.312919966054594e-05,0.05586543465598732,0.08817065086729117,0.009201826598196862,0.0043792873889939455,0.030131777278184717,0.1812351643264147,377.007914830791,776,3065.1230227049964
