,p1,p2,p3,p4,p5,p6,p7,p8,Gkr,RMSE,iterations,CPU_time,score
0,0.0016851878078101143,0.08446426619952241,2.2072665899539632e-05,0.051212192509656015,0.1213371874172303,0.026883573029511325,0.008869917926987806,0.028787232354451336,0.1545962689436868,654.5817613102555,1543,3035.042286689,654.5817613102555
1,0.004262474825727573,0.17434820902745476,8.214093962737692e-05,4.453812754258497e-06,0.0017366254320882175,2.3733529640180876e-06,4.313138296297778e-06,0.0003096850720759135,0.1524,,1543,,
