,a_1_a,a_1_b,b_a0_a,b_a0_b,k_b_a,a_a0_a,a_a0_b,b_1_a,b_1_b,b_a1_a,b_a1_b,a_a1_a,a_a1_b,k_f_a,g_Kr,RMSE,iterations,CPU_time,score
0,0.09081672584537342,0.023388069444418794,0.04583355224751233,0.06269746057598023,0.03680124021652745,0.02185815889782203,0.012083535800904193,0.006499269893159562,0.03268000295092169,6.880025425148467e-05,0.04178859202439377,0.0137894452319448,0.038394376072847354,0.02369127791065038,0.15234849377350615,294.9067528734758,1770,11511.467896501998,294.9067528734758
