,a_a0_a,a_a0_b,b_a1_a,b_a1_b,k_f_a,a_1_a,a_1_b,b_a0_a,b_a0_b,a_a1_a,a_a1_b,k_b_a,b_1_a,b_1_b,g_Kr,RMSE,iterations,CPU_time,score
0,0.02221025311739878,0.0119871155791676,6.906033005833082e-05,0.04175995451932202,0.02378375495244356,0.09083820135380583,0.023400592440157124,0.046476856683223385,0.06274088276634232,0.013775194627962997,0.03807557531733996,0.036974100785863745,0.006496096661718701,0.032685693012104465,0.15238476817571403,203.25580081431474,1634,6987.721161110003,203.25580081431474
