,a_a0_a,a_a0_b,b_a1_a,b_a1_b,k_f_a,a_1_a,a_1_b,b_a0_a,b_a0_b,a_a1_a,a_a1_b,k_b_a,b_1_a,b_1_b,g_Kr,RMSE,iterations,CPU_time,score
0,0.022537007588840828,0.011089996194652457,6.904724190114898e-05,0.04175923244867848,0.023702199030906358,0.09083098382455192,0.023405858022445245,0.04872432439061422,0.06359330392690561,0.014156767504537702,0.03816698494728116,0.03705105430719128,0.006499114687427097,0.03267283950196808,0.15233781521338605,138.7578842221091,827,2712.8371199929998,138.7578842221091
