,p1,p2,p3,p4,p5,p6,p7,p8,Gkr,RMSE,iterations,CPU_time,score
0,344.4033979716095,0.0011713956372587176,3.736338756020395e-07,0.026614707377986848,0.13863174715335227,0.017788308092075777,0.02898695004661437,0.0870721789768063,0.03663382477575318,196543.36135510454,1277,5533.705635023999,196543.36135510454
1,0.3169218833841289,2.410590311300294e-05,0.0009689100956093861,1.173786059880404e-05,2.5398769006126362e-05,0.00023137310739944697,0.3881157142478905,4.299679049701493e-06,0.1524,,1277,,
