,p1,p2,p3,p4,p5,p6,p7,p8,Gkr,RMSE,iterations,CPU_time
0,0.0002275858894259394,0.06635998128431347,2.902834817856184e-05,0.06024650483432308,0.09274303532277171,0.010697726527040869,0.001606727870742266,0.025646912730881002,0.5126104547386644,1334.6742083538106,756,1805.5937593230046
1,0.00022759776410013796,0.06636017622265569,2.9029361015010352e-05,0.060246246309359174,0.09274125057722218,0.010697782615164898,0.0016067202780955668,0.025646861834918117,0.5126104547386644,1334.674237153325,516,1231.3282423710043
2,0.0002275936839533378,0.0663600566297932,2.902823503646173e-05,0.060246568542899455,0.09273766384638445,0.010697050424916131,0.0016066332674943074,0.02564778911491132,0.5126104547386644,1334.6741843041666,629,1501.7182481650088
3,0.00022758101529700975,0.06636173591954439,2.9028978080742764e-05,0.060246277106571385,0.09274230062849023,0.010697521834796888,0.0016067406276859904,0.025646962505316104,0.5126104547386644,1334.6742031944345,622,1485.4131894739985
4,0.00022759307224377688,0.06636023549908163,2.902921709367415e-05,0.06024612755298204,0.09274458384137849,0.010698101303511382,0.0016067416386805603,0.02564674003796387,0.5126104547386644,1334.6742323838134,670,1589.100363140984
