,p1,p2,p3,p4,p5,p6,p7,p8,Gkr,RMSE,iterations,CPU_time
0,0.00022774566650429968,0.06631009421418593,2.900662644200268e-05,0.06025639201337909,0.09264446756980099,0.01069445062903381,0.0016046278582086363,0.025662422660115612,0.5126104547386644,1342.6139100656358,655,1626.4045534720062
1,0.00022773953616930575,0.06631019943790971,2.9008090096227693e-05,0.06025581211940084,0.09264606972452394,0.010694692145972186,0.0016046517643315697,0.025662241337169,0.5126104547386644,1342.613914503221,727,1804.7437316559954
2,0.00022773357770126804,0.06631049077580813,2.9008570290715043e-05,0.06025572324287854,0.09264502325852875,0.010694804334817957,0.0016046529124242794,0.02566194931332722,0.5126104547386644,1342.613922100574,625,1690.393471176998
3,0.00022776806728798583,0.06630719589178875,2.900830636447918e-05,0.060255843296972846,0.09264837840078992,0.010694050598150541,0.0016047418623042868,0.025662267935511743,0.5126104547386644,1342.6139470464861,728,1824.845198179013
4,0.0002277631341475283,0.06630687762111169,2.9007680557379814e-05,0.06025594327320847,0.09264620169852161,0.010694106307060778,0.0016046791093650467,0.0256622808583559,0.5126104547386644,1342.613937786531,473,1181.1913960110105
