,p1,p2,p3,p4,p5,p6,p7,p8,Gkr,RMSE,iterations,CPU_time,score
0,0.17901576649301745,1.9346653069103074e-07,3.111548125545992,0.013019897796157856,3.1002309276506255,1.201626982403186e-07,0.22513638437955838,0.06872106274606482,2.236203353939512,183429.80178813578,4773,25013.004497385,183429.80178813578
1,0.0068471058031935655,5.136023138286806e-07,0.08374830187565638,0.0005317611553151742,6.802747829112157e-06,3.052900206012383e-07,0.0010479004447531551,2.264891264275236e-07,0.1524,,4773,,
