,a_a0_a,a_a0_b,b_a1_a,b_a1_b,k_f_a,a_1_a,a_1_b,b_a0_a,b_a0_b,a_a1_a,a_a1_b,k_b_a,b_1_a,b_1_b,g_Kr,RMSE,iterations,CPU_time,score
0,0.023951357440824682,0.01053093058290363,6.893933421051801e-05,0.041773136164897876,0.02372714728715481,0.09083872697323303,0.023399746472177692,0.05041256128366702,0.06419820334413438,0.013011430253314308,0.03848649449113731,0.034601962813876175,0.00649773282216443,0.03267945154271715,0.1524262787719928,138.6816851118676,1083,3422.4116260929986,138.6816851118676
