,p1,p2,p3,p4,p5,p6,p7,p8,Gkr,RMSE,iterations,CPU_time
0,0.0002146143353896518,0.058396022411063606,2.8503494047921176e-05,0.0583561846315605,0.09497533745965756,0.00862951529780763,0.002832951783897232,0.027824012679137835,0.3048,247.03680368807693,613,1127.1697835749947
1,0.0002146342093628646,0.058393311347704556,2.8505676500068602e-05,0.05835559879923214,0.09495523004627766,0.008627250302903792,0.002832333192528522,0.027826701370989936,0.3048,247.03681768719358,582,984.3268429369928
2,0.0002146289261336805,0.0583928210311759,2.8499567038623605e-05,0.05835737196426007,0.09495080886197989,0.008625608884954634,0.0028321889945720265,0.027827312469387622,0.3048,247.03681158891794,586,983.0398708209977
3,0.0002146208095104121,0.05839530886766796,2.8503141590588478e-05,0.058356123968839914,0.09497710216992584,0.00862893672826847,0.002833007129957679,0.027824227550086438,0.3048,247.03679790413207,710,1014.2355262690107
4,0.00021463076772735827,0.05839186722347137,2.8503753128026856e-05,0.05835581056758283,0.0949446671075766,0.008625742897559751,0.0028320093582264354,0.027827813331749694,0.3048,247.03680581825435,728,1151.9781045499985
