,p1,p2,p3,p4,p5,p6,p7,p8,Gkr,RMSE,iterations,CPU_time
0,0.0002171054911210416,0.07639359269965536,3.6583450033733246e-05,0.04991084636736477,0.07550028463871566,0.00942333024509125,0.009319965119647998,0.0368268598169724,0.0762,2888.3136512710576,621,2133.6455060190056
1,0.0002170937609865921,0.07639493658769254,3.6583197445669296e-05,0.04991094225601029,0.07550042528177346,0.009423206342559855,0.009319981602475293,0.03682682347070575,0.0762,2888.313638130318,729,3015.8684323350026
2,0.00021708404060530561,0.07639540499402281,3.658150683719038e-05,0.04991132570208836,0.07549783078639015,0.009423320269803248,0.00931952106438097,0.036827287272440445,0.0762,2888.313640674151,613,2377.263637046999
3,0.00021708405237126963,0.07639685115898322,3.658156760372568e-05,0.04991141868336663,0.07549961771689177,0.009424250904940038,0.009319592492358439,0.036826621379190794,0.0762,2888.3136298810036,578,1918.4085564730049
4,0.00021708544080131954,0.07639558193405202,3.658314007301044e-05,0.04991086651956469,0.0754996990637068,0.00942325928947756,0.009320024469469135,0.03682678053821401,0.0762,2888.313641665563,471,1232.649079980998
