,a_a0_a,a_a0_b,b_a1_a,b_a1_b,k_f_a,a_1_a,a_1_b,b_a0_a,b_a0_b,a_a1_a,a_a1_b,k_b_a,b_1_a,b_1_b,g_Kr,RMSE,iterations,CPU_time,score
0,0.022781689294169537,0.011002561268699824,6.923415029737034e-05,0.04174254180084536,0.023206068709135646,0.09094704020574088,0.023415986487102566,0.050140509123255315,0.06322076393000223,0.01389196908505608,0.03871607355451893,0.034658446814734886,0.006504456884336278,0.03265507454208004,0.15242750457101692,139.29896039583676,1274,3985.757751848001,139.29896039583676
