,p1,p2,p3,p4,p5,p6,p7,p8,Gkr,RMSE,iterations,CPU_time,score
0,0.0015683768915446296,0.07934078567525178,2.2188452217315154e-05,0.05119254183405576,0.09595011209962107,0.023952096635010352,0.007047915520230426,0.03130372866045461,0.1548631227818366,722.2027631059661,1648,3945.612757597999,722.2027631059661
1,5.143726184465863e-06,3.3463446781504196e-05,0.0644624328949349,1.0523974038488227e-05,6.225217667479752e-07,9.228008110567778e-07,0.014862846652022083,8.535497396802757e-06,0.1524,,1648,,
