,a_a0_a,a_a0_b,b_a1_a,b_a1_b,k_f_a,a_1_a,a_1_b,b_a0_a,b_a0_b,a_a1_a,a_a1_b,k_b_a,b_1_a,b_1_b,g_Kr,RMSE,iterations,CPU_time,score
0,0.02232825120671082,0.011849970796523722,6.90236142180763e-05,0.041766981486768655,0.023786760657795412,0.09076326910878094,0.02339538823701096,0.04734654949208594,0.0629556583960929,0.013850179261229542,0.037985674327844464,0.036849290111216196,0.006489329310128382,0.03268006257349599,0.1524184303625418,203.44569514175095,1185,5967.66198881,203.44569514175095
