,p1,p2,p3,p4,p5,p6,p7,p8,Gkr,RMSE,iterations,CPU_time,score
0,0.0015661286379363712,0.07931269516395995,2.22312585905367e-05,0.05117149260643813,0.09597375954399634,0.023932031702973457,0.007051730823441578,0.03133609977581808,0.15482332117292386,718.9106144697722,1332,2839.2524632179993,718.9106144697722
1,2.6307983699975823,0.00026619960049881967,0.0019547707416649614,5.9626061891811786e-05,0.017696992839805567,2.182936350666459e-05,2.2709952410266895e-06,0.0006575292361502531,0.1524,,1332,,
