,p1,p2,p3,p4,p5,p6,p7,p8,Gkr,RMSE,iterations,CPU_time,score
0,0.001690774305886016,0.036642506269525,4.292342388086893e-05,0.04593938798122306,0.09316544488591148,0.02181129005943279,0.007352554657793103,0.029599267673164793,0.16389821259275725,1709.9749244680663,1838,5657.245914334,1709.9749244680663
1,2.05296145474098e-07,0.0003470232011410553,0.008257245106534517,5.346271178830453e-07,1.0816472386328397,3.333400329081835e-07,0.0004194969305362564,1.4967404397478266e-07,0.1524,,1838,,
