,b_1_a,b_1_b,k_b_a,b_a0_a,b_a0_b,b_a1_a,b_a1_b,k_f_a,a_a1_a,a_a1_b,a_a0_a,a_a0_b,a_1_a,a_1_b,g_Kr,RMSE,iterations,CPU_time,score
0,0.0065044188408919235,0.03265514701962862,0.03477224228232077,0.04992770880361452,0.06313344104889093,6.925738274692475e-05,0.041739967922189425,0.023216504377063036,0.0139597490243209,0.03867651498401159,0.022630125714124392,0.011115667734009411,0.0909472399382402,0.023415738817968018,0.1524280855059058,139.29897357556908,1137,3324.6676326720008,139.29897357556908
