,p1,p2,p3,p4,p5,p6,p7,p8,Gkr,RMSE,iterations,CPU_time,score
0,0.001969369211225605,0.05417340389405253,2.978350080270778e-05,0.048734184668788684,0.09603271873056131,0.023116423981483485,0.006842846194770418,0.031394638545853976,0.1578747088854421,2608.3593781412083,2966,9398.189911276,2608.3593781412083
1,0.0004507860792933221,9.706216234039554e-07,0.08401577802746533,0.002131235254620475,2.1787819604871002e-05,0.10815128617104205,4.298936783858484e-07,0.005291073522725014,0.1524,,2966,,
