,p1,p2,p3,p4,p5,p6,p7,p8,Gkr,RMSE,iterations,CPU_time
0,0.00022613733444396195,0.06988341889155843,3.447690821911261e-05,0.05460550031175833,0.08716082032833193,0.008914898981308423,0.005138958070409965,0.03159522808077542,0.1524,294.33604900915986,447,1135.872174382006
1,0.00022613418868846312,0.06988390013378783,3.447700684399655e-05,0.05460547031543655,0.08716134319772986,0.008914967733758283,0.005139013850010531,0.031595098482827676,0.1524,294.3360485110642,814,2056.295152401988
2,0.00022613533508671825,0.06988369135211465,3.4476838109297424e-05,0.05460550265254692,0.08716177705284876,0.008914951976746332,0.005139031781351282,0.031595094597411305,0.1524,294.3360484203803,801,2017.3418044630089
3,0.00022613774832701822,0.06988350504244435,3.447655213467561e-05,0.054605598159599804,0.08716139143442404,0.008914939578785114,0.005138997132253239,0.03159514279058758,0.1524,294.3360485231869,696,1754.003095159016
4,0.0002261357195459474,0.06988355335307193,3.447683960108627e-05,0.05460551068837451,0.08716084849499352,0.008914856944619777,0.005138977110437711,0.03159519779075641,0.1524,294.33604915708867,467,1183.244594949996
