,a_a0_a,a_a0_b,b_a1_a,b_a1_b,k_f_a,a_1_a,a_1_b,b_a0_a,b_a0_b,a_a1_a,a_a1_b,k_b_a,b_1_a,b_1_b,g_Kr,RMSE,iterations,CPU_time,score
0,0.021940380555293983,0.011976209962074925,6.883337870205415e-05,0.04179002735862595,0.023682307558328355,0.09086879810383602,0.02339031539275109,0.046268016291304774,0.06260105768545837,0.013976744776029846,0.038294649501897524,0.03712586858917125,0.0064984642242002675,0.03267755329746188,0.15241288249519647,173.37770688923524,930,4150.116255426001,173.37770688923524
