,p1,p2,p3,p4,p5,p6,p7,p8,Gkr,RMSE,iterations,CPU_time,score
0,0.1947178632899194,8.114779746344775e-05,8.258143712064316,0.01787625802981971,215.017104796871,0.024980177749264677,8.882004485405119,0.03910013957362831,9.869367619655124,184166.1610359208,1953,8911.587039953,184166.1610359208
1,3.6137235519877075e-05,2.4306863043537533e-07,9.169188489645226,4.2208651209795273e-07,0.8764647229416676,0.04723110041443889,0.4354112304772323,0.00022159358105956984,0.1524,,1953,,
