,p1,p2,p3,p4,p5,p6,p7,p8,Gkr,RMSE,iterations,CPU_time
0,0.0002496167514932305,0.09463926434610734,2.436239861714014e-05,0.050829078358639174,0.05990174766221978,0.009886678405421102,0.011420126512143228,0.0434437338497151,0.045308791081603676,2236.8209607746135,538,818.5907690479944
1,0.0002496130630252288,0.09463748874579382,2.4365750616555204e-05,0.0508277273144681,0.05990183528156851,0.009885847946521151,0.011419959702058835,0.04344587575158746,0.045308791081603676,2236.820962632995,522,732.1812961100004
2,0.00024964505167287903,0.09463552511271152,2.4361847119602448e-05,0.050829521151464815,0.05990101716084372,0.009885880293995807,0.011419736089884145,0.04344425761391603,0.045308791081603676,2236.8209478126364,730,972.9021618639963
3,0.0002496358292828245,0.09463446343819124,2.4362236485171708e-05,0.050829030589548276,0.059902194853017995,0.009886144617940979,0.011420217042162041,0.04344381408484709,0.045308791081603676,2236.8209595513495,562,871.0452986149976
4,0.00024966439148817285,0.09463306749355026,2.4364121165349793e-05,0.050828434058072185,0.059900405259938436,0.009885866747673206,0.01141946675369163,0.0434455732531776,0.045308791081603676,2236.820956981953,551,725.6851078359978
