,p1,p2,p3,p4,p5,p6,p7,p8,Gkr,RMSE,iterations,CPU_time
0,0.00019060338047514782,0.08629553730268127,3.305738688355457e-05,0.04789438858222115,0.05635836622839954,0.012822392832682198,0.013535581206524478,0.041223022643610906,0.045308791081603676,8492.38058582235,828,2852.544860242997
1,0.0001905859301333138,0.08630123520341809,3.3060669029934234e-05,0.047893201164525175,0.05636048783916054,0.012819508031751524,0.013536667068824962,0.041223528986565006,0.045308791081603676,8492.380649327713,452,1363.7171465629945
2,0.00019060700657660108,0.08629468658470034,3.306096062116163e-05,0.04789297393018436,0.056361739895838765,0.012820310297199553,0.013537298449811698,0.04122287666127286,0.045308791081603676,8492.380592182684,654,2853.311563272
3,0.00019058622850872306,0.08630075115821971,3.306335335259836e-05,0.047892633167202915,0.05636013795114169,0.012820565259041855,0.013536544688065796,0.04122365590136949,0.045308791081603676,8492.380586190084,1020,4027.1872084289935
4,0.00019060238593738497,0.08629541122828385,3.306191102891563e-05,0.047892921996845854,0.05636173845916858,0.012820899796059118,0.013536780852123315,0.0412237691549719,0.045308791081603676,8492.380552127703,566,2551.504687677996
