,p1,p2,p3,p4,p5,p6,p7,p8,Gkr,RMSE,iterations,CPU_time
0,0.00025140860275612437,0.08834122507270689,3.2067614179366466e-05,0.05051710006353182,0.07047574712304742,0.009303733233978933,0.009110493656400697,0.03935175623317454,0.06435684129488249,1109.8382644400876,603,893.7145267839951
1,0.0002513794721595746,0.08834415922046442,3.2073295049756345e-05,0.05051538023575274,0.0704738196914907,0.009305293488529752,0.009110135157907037,0.03935170440428003,0.06435684129488249,1109.8382607865865,517,738.63869879501
2,0.00025143223155580383,0.08833594512125652,3.2072281633402824e-05,0.050515592503550394,0.07046967404684068,0.00930497519419465,0.009109416011025913,0.039352312609045086,0.06435684129488249,1109.8382353023876,822,1359.7033621560113
3,0.00025138296915801754,0.08834273637911826,3.2071623951973115e-05,0.0505155641115226,0.07047107732079307,0.009304891232764456,0.00910982281563965,0.03935180344844922,0.06435684129488249,1109.8382569292603,578,1299.0748270569893
4,0.00025141751452457554,0.08833647782302119,3.207197738479157e-05,0.05051570746374198,0.07047270887416957,0.009304450920371389,0.009110111928465855,0.039352092287468915,0.06435684129488249,1109.8382540901907,663,1544.3657921090053
