,p1,p2,p3,p4,p5,p6,p7,p8,Gkr,RMSE,iterations,CPU_time,score
0,0.0015669851342817807,0.07930771748955218,2.218972620054301e-05,0.051191191180439743,0.09598793146106763,0.023949560593379864,0.007054043121437751,0.031302506200726575,0.15483635663464632,719.8350897797944,1241,3075.3583399929994,719.8350897797944
1,0.7542915220634424,3.135024782362768e-07,0.019546678819515897,2.2325785001493518e-06,0.0021827364782218864,8.948188469916502e-05,0.0030532587565137302,7.823796797209392e-07,0.1524,,1241,,
