,p1,p2,p3,p4,p5,p6,p7,p8,Gkr,RMSE,iterations,CPU_time
0,0.00020173093071043698,0.08220729349773412,3.4879117312082306e-05,0.04835844445641008,0.06344937905099912,0.011324546315764883,0.012018585866636813,0.03925219761076327,0.05403868913693675,6295.199506258469,878,4361.067059871013
1,0.00020171872914845923,0.08220690751093863,3.487802040101748e-05,0.04835877672630177,0.06344670800458546,0.011323605266950748,0.012018346920188456,0.039252491244704334,0.05403868913693675,6295.199510995389,683,3401.532992232009
2,0.00020172478502763274,0.08220778438529168,3.488034701433455e-05,0.048358143024484226,0.06344122139698197,0.011323517125127622,0.012016701533925794,0.03925409377612442,0.05403868913693675,6295.199540298515,589,2953.873368249013
3,0.00020171092407662543,0.08220889290105918,3.4874936501760226e-05,0.04835930758477485,0.06344256381455275,0.01132645386655124,0.012016940584907862,0.039250599068312235,0.05403868913693675,6295.1994899838855,520,2610.726361823996
4,0.00020171621405521575,0.08220895004185054,3.487762810576165e-05,0.04835892539781619,0.06344532919499399,0.011323569734903517,0.012017867524035651,0.039252837758660133,0.05403868913693675,6295.199498758806,891,4481.479559799016
