,p1,p2,p3,p4,p5,p6,p7,p8,Gkr,RMSE,iterations,CPU_time,score
0,0.001614690452367942,0.07289157140098455,1.905359249193982e-05,0.052287299958282435,0.11006079909696767,0.023160629540194367,0.008878071952755973,0.029425582455737315,0.15294846653974473,2963.7596388798934,1562,7048.900801197997,2963.7596388798934
1,1.9347669878659108,9.87737755563727e-06,6.959631539701079e-07,1.6147403577165585e-06,1.5929394972244437e-06,5.190227209877891e-07,0.01628245933292051,6.447259561349222e-05,0.1524,,1562,,
