,p1,p2,p3,p4,p5,p6,p7,p8,Gkr,RMSE,iterations,CPU_time
0,0.00022147030234951324,0.07424150710155616,3.678696683694912e-05,0.05091027203042035,0.08000262399105025,0.008969458945018983,0.008094433624415722,0.03570697456581406,0.09061758216320735,1679.3324773523716,804,2097.6083121229894
1,0.00022147476742065972,0.07424104221483886,3.678793888062447e-05,0.05091025889936096,0.08000278977708032,0.008969317098734053,0.008094406111240508,0.035707299808402974,0.09061758216320735,1679.332476916225,1093,2838.7245672059944
2,0.00022147686463412828,0.07424019827008414,3.678798138202482e-05,0.050910148164832685,0.08000405677291753,0.00896933424857974,0.008094687669137743,0.035706825072990056,0.09061758216320735,1679.332482293524,778,2013.1999606619938
3,0.00022147398446011252,0.07424131839726271,3.678744299709273e-05,0.050910254859759974,0.08000349539110604,0.008969386197672248,0.008094532153875983,0.03570704905542868,0.09061758216320735,1679.332481318242,644,1680.4144965449814
4,0.00022148040171330056,0.0742403289351208,3.6789507857907566e-05,0.05090969701442527,0.08000579468173,0.008969440049524921,0.00809492788556647,0.035706676334445145,0.09061758216320735,1679.3324808004181,976,2556.8912175930163
