,a_a0_a,a_a0_b,b_a1_a,b_a1_b,k_f_a,a_1_a,a_1_b,b_a0_a,b_a0_b,a_a1_a,a_a1_b,k_b_a,b_1_a,b_1_b,g_Kr,RMSE,iterations,CPU_time,score
0,0.021654545243230034,0.012124090202753157,6.936068725295418e-05,0.04172682339191811,0.023669698918058972,0.090741507382932,0.02338695986531815,0.047650015220047116,0.06321579525973581,0.014716033264118987,0.03738529537712572,0.03788458182358066,0.006490746953337335,0.03267684848297766,0.15237689389444833,138.75326246040154,1194,3259.7104968799995,138.75326246040154
