,p1,p2,p3,p4,p5,p6,p7,p8,Gkr,RMSE,iterations,CPU_time
0,0.00035748403368883973,0.058641759712585895,3.3795259502579755e-05,0.05810143235997414,0.09112381059344128,0.00988020266085187,0.002335134178928116,0.026156527330718903,0.3624703286528294,1045.5130526799983,1421,2582.266035987006
1,0.0003574980308952823,0.05864041964295128,3.3797568409875844e-05,0.05810073048923515,0.09112370650322375,0.009880056086763837,0.0023352175337405276,0.026156227499199387,0.3624703286528294,1045.513099832456,828,1504.9905724280106
2,0.00035750893221546886,0.05864032009755622,3.379476222799612e-05,0.05810147806729107,0.09112561232528671,0.0098799543587767,0.00233521933495262,0.02615649398304652,0.3624703286528294,1045.5130992281868,655,1190.295689964987
3,0.00035748681559265777,0.0586402396997901,3.3793635889377836e-05,0.05810182372447111,0.09112185001317845,0.009879964740371172,0.0023351224997403696,0.026156650664844183,0.3624703286528294,1045.5131047269156,558,1017.9644253719889
4,0.0003575009995135901,0.05864051331093124,3.3793831670897053e-05,0.05810174520786165,0.09112466434271874,0.00987992973130032,0.0023351678647256747,0.026156578185004626,0.3624703286528294,1045.513093197767,683,1235.529574685992
