,p1,p2,p3,p4,p5,p6,p7,p8,Gkr,RMSE,iterations,CPU_time
0,0.00035732082079071914,0.05862067401129474,3.3853028512274724e-05,0.0580898525677837,0.09103078450037688,0.009882182589531515,0.002334020903065541,0.026160709143291144,0.3624703286528294,1046.223092051004,732,2366.45372364801
1,0.0003573115665681234,0.05862146842357261,3.3852328550063526e-05,0.058090029225468603,0.09103089691724367,0.009882156084595415,0.002334054549130097,0.026160507420340637,0.3624703286528294,1046.2230670351107,803,2289.6456348269858
2,0.00035732001574013473,0.0586209845575901,3.3849102588841746e-05,0.05809085894660612,0.09103116965585092,0.009882168435105294,0.002334001685850044,0.026160643843701707,0.3624703286528294,1046.2230828837996,522,1671.4647889879998
3,0.00035733753577326044,0.05862065416540651,3.385090635706382e-05,0.0580902818822638,0.09103193486731863,0.009881954145029608,0.0023340026244769575,0.026160761629235498,0.3624703286528294,1046.223060984532,1026,2848.2200385879987
4,0.0003573394559992449,0.058621258062309355,3.385275258905011e-05,0.058089849966500504,0.09103304974499564,0.009882423741334457,0.0023340433758950526,0.02616049284938651,0.3624703286528294,1046.2230697558568,926,2718.9113097719965
