,a_a0_a,a_a0_b,b_a1_a,b_a1_b,k_f_a,a_1_a,a_1_b,b_a0_a,b_a0_b,a_a1_a,a_a1_b,k_b_a,b_1_a,b_1_b,g_Kr,RMSE,iterations,CPU_time,score
0,0.021655911343282132,0.012114727837897297,6.935706892435751e-05,0.04172719736534197,0.023667084772703136,0.0907427562604834,0.023386945483904412,0.04764681898779681,0.0632150864123378,0.014715746005302665,0.03739751919004998,0.037881957383377504,0.006490848417303903,0.03267690057106442,0.152376500163937,138.75326225610274,1372,3746.2176321059997,138.75326225610274
