,p1,p2,p3,p4,p5,p6,p7,p8,Gkr,RMSE,iterations,CPU_time
0,0.00019794300139045818,0.05752407094889574,2.863708990186888e-05,0.05961000668774774,0.09083370426748638,0.009654019176902656,0.0018452710964030727,0.025528585568269258,0.5126104547386644,381.166698926609,874,1970.8610566829884
1,0.00019796412284217265,0.0575193657902398,2.863403995606317e-05,0.05961036297168032,0.0908343458479508,0.00965359137225882,0.0018452508594002058,0.02552828970293924,0.5126104547386644,381.1667046839834,700,1578.0535963150032
2,0.00019802710783767822,0.05751917255209663,2.8633315318894386e-05,0.059611644027196944,0.09082555597167698,0.009651276604576148,0.0018448822586284465,0.025530294887183044,0.5126104547386644,381.166778439406,697,1569.59790108999
3,0.00019794175250745095,0.057524529470584555,2.8633063257477332e-05,0.059610779748078754,0.09082887851295181,0.009652266836549286,0.001845118632648495,0.02552961332670178,0.5126104547386644,381.1667436142184,496,1118.0243579739908
4,0.00019792451932817976,0.05752384773136419,2.8636620450000847e-05,0.05961016439053277,0.09082655300843759,0.009652377959349033,0.0018452126284608608,0.02552972728585582,0.5126104547386644,381.1667073943356,736,1658.8314180829911
