,a_a0_a,a_a0_b,b_a1_a,b_a1_b,k_f_a,a_1_a,a_1_b,b_a0_a,b_a0_b,a_a1_a,a_a1_b,k_b_a,b_1_a,b_1_b,g_Kr,RMSE,iterations,CPU_time,score
0,0.02264164479259474,0.01054898831104277,6.956598126122926e-05,0.04170148390173191,0.022820977615661216,0.09090059413479214,0.023408007660108792,0.05282124505462107,0.06322506985545097,0.014493894292720052,0.038774649670158964,0.033671325382497494,0.006504161732314153,0.03265802190947727,0.15239477950655864,138.53627827332193,1908,5750.574324393,138.53627827332193
