,a_1_a,a_1_b,b_a0_a,b_a0_b,k_b_a,a_a0_a,a_a0_b,b_1_a,b_1_b,b_a1_a,b_a1_b,a_a1_a,a_a1_b,k_f_a,g_Kr,RMSE,iterations,CPU_time,score
0,0.09085759379774924,0.023419683405929814,0.047296963386017896,0.06340291728723242,0.03794423846262622,0.02234005124516628,0.011672370101132534,0.00649999910743981,0.032660951432530366,6.889823238181521e-05,0.04178192587804266,0.013687543997100211,0.03771431933850092,0.0244744188837645,0.15240353347610436,138.01354123125634,1744,5055.421481358,138.01354123125634
