,p1,p2,p3,p4,p5,p6,p7,p8,Gkr,RMSE,iterations,CPU_time
0,0.00020152351396386523,0.08221798368785348,3.483959166774128e-05,0.04834924703931611,0.063384828374322,0.011301461136651895,0.012057987106799383,0.039301888041762593,0.05388153672641493,6339.399999427235,544,2218.2578464800026
1,0.00020150861807121813,0.08222121959173677,3.4842458328229295e-05,0.04834859144184644,0.063391554798889,0.011300063460878848,0.012059642276454905,0.039302416697940504,0.05388153672641493,6339.400070837752,568,2375.64085380701
2,0.00020150937132530506,0.08221978038880144,3.484686287306707e-05,0.048347216479649915,0.06336933832154323,0.011305351775446967,0.012055628678404103,0.0392975905520124,0.05388153672641493,6339.400042353721,623,2917.6870573159977
3,0.00020149536038689903,0.08222453957017979,3.484082568409665e-05,0.048348998001840074,0.06338965917119327,0.011302618627049186,0.012059351581985426,0.03929921761382939,0.05388153672641493,6339.399953659109,660,3009.0703763249912
4,0.00020149793740908202,0.08222161149900249,3.4844570067205376e-05,0.048348091893255944,0.06338690618932434,0.011300724496275383,0.012058773859431843,0.03930258096656554,0.05388153672641493,6339.399997043364,630,2805.990182908994
