,p1,p2,p3,p4,p5,p6,p7,p8,Gkr,RMSE,iterations,CPU_time,score
0,0.6072478173972111,2.3139518969164738e-05,1.5595246099760696e-05,5.341518739001608e-05,8.956927881288934e-05,1.0031966714535243e-07,1.011211269974129e-07,1.0014366244596535e-07,5.962679106936495,101913.35852361895,1161,1603.498858594,101913.35852361895
1,1.3747933089284008e-05,0.16089493889690548,0.2734794623303923,0.0008108292266459418,0.00020582324248934097,0.0003074159532182524,6.092718361317586e-07,9.48636895369502e-05,0.1524,,1161,,
