,a_a0_a,a_a0_b,b_a1_a,b_a1_b,k_f_a,a_1_a,a_1_b,b_a0_a,b_a0_b,a_a1_a,a_a1_b,k_b_a,b_1_a,b_1_b,g_Kr,RMSE,iterations,CPU_time,score
0,0.0222530728802521,0.011323317646211032,6.893585540855833e-05,0.04177500417592188,0.0236044881060446,0.0908716754877355,0.023404888475807108,0.04775442667771839,0.06293319804018763,0.014056066918187875,0.03860208136773802,0.03679766367642293,0.006501916616225716,0.03266404696750465,0.1523917122833307,138.0154108283222,1069,3512.9535673320006,138.0154108283222
