,p1,p2,p3,p4,p5,p6,p7,p8,Gkr,RMSE,iterations,CPU_time,score
0,0.0016152251728378344,0.07289698808632787,1.905646951123959e-05,0.052289896276591766,0.11025464240214196,0.023168818455779675,0.008890795134922155,0.02941188087990084,0.15300204944855006,2966.6187855339144,1748,8117.773692828,2966.6187855339144
1,1.0461973628962358e-06,0.003106987612372727,0.4887049015018683,0.0011720602566390606,0.019684168006149697,2.593177457148824e-05,1.7130974624976875e-05,2.024731041021607e-07,0.1524,,1748,,
