,a_1_a,a_1_b,b_a0_a,b_a0_b,k_b_a,a_a0_a,a_a0_b,b_1_a,b_1_b,b_a1_a,b_a1_b,a_a1_a,a_a1_b,k_f_a,g_Kr,RMSE,iterations,CPU_time,score
0,0.0908292246473284,0.023385124205016882,0.04665953873713874,0.06250727189661946,0.037162334629862945,0.02223012771787249,0.011508660950914313,0.00649756430685063,0.03267405951165891,6.876735724036122e-05,0.04180000945605577,0.013724851193644347,0.038511152143311765,0.023893329701311302,0.1524258746165209,173.92102778201036,1321,6186.323170568001,173.92102778201036
