,a_a0_a,a_a0_b,b_a1_a,b_a1_b,k_f_a,a_1_a,a_1_b,b_a0_a,b_a0_b,a_a1_a,a_a1_b,k_b_a,b_1_a,b_1_b,g_Kr,RMSE,iterations,CPU_time,score
0,0.02265952242256511,0.01216522037903493,6.885061610945247e-05,0.04177887078008233,0.02382805106587628,0.09075816677538782,0.023378151846780725,0.046585134240287956,0.06318173702674815,0.013463877737596773,0.03786160396871021,0.03685495257300972,0.006496650203871868,0.032699208021039636,0.15232039053501292,138.48004879967394,1082,3553.1483555900013,138.48004879967394
