,p1,p2,p3,p4,p5,p6,p7,p8,Gkr,RMSE,iterations,CPU_time,score
0,1.0000099423228819e-07,0.24056216598303323,1.0000068616347129e-07,0.08782744815234837,1.000000630611001e-07,0.38376403803546993,0.00016524660650145607,0.06130532387587285,0.06432740495404542,36979.838179879014,1917,3221.095069523,36979.838179879014
1,0.0006682822261845728,7.605446705718862e-06,1.0367921205471655e-07,5.629795662168113e-06,3.0517123136131244e-06,0.0030030169143498773,0.6525276379821794,1.2794109609008257e-05,0.1524,,1917,,
