,p1,p2,p3,p4,p5,p6,p7,p8,Gkr,RMSE,iterations,CPU_time
0,0.00022996479851882358,0.06991337789955306,2.3453791762620464e-05,0.0612608252116671,0.09605506344918914,0.009075190878996588,0.0021077916943762123,0.024500030649065047,0.43105229381131943,1151.3524726273563,731,1251.459238468
1,0.00022993815636192336,0.0699160696014848,2.345890453391305e-05,0.06125868041985945,0.09605306161719859,0.009076161323633578,0.0021077952670193693,0.024499220794960527,0.43105229381131943,1151.3524912774192,533,912.3104296989914
2,0.0002299756924607006,0.06991405834051602,2.344915379925074e-05,0.06126262620142455,0.09605866843072254,0.009075059703738718,0.002107906913103742,0.024499313110123332,0.43105229381131943,1151.3524196277706,822,1405.9659128539788
3,0.00022990194310627807,0.06992067556849213,2.345648524796994e-05,0.06125941218424066,0.09605600865523423,0.009076008235049816,0.002107908571862961,0.024498692205308707,0.43105229381131943,1151.3525021202038,672,1155.7861626980011
4,0.0002299861970278213,0.06991243215353583,2.3458716336772182e-05,0.06125842475310774,0.0960582687140799,0.009075807584361445,0.0021078843005472377,0.024498979809224303,0.43105229381131943,1151.3524876820898,892,1549.0781037599954
