,p1,p2,p3,p4,p5,p6,p7,p8,Gkr,RMSE,iterations,CPU_time,score
0,0.0016915428958976268,0.036681057330608724,4.2978074120352794e-05,0.04592604610081566,0.09314657853431128,0.021813227366671323,0.007352674502385242,0.02960039369460357,0.16386188772459157,1714.3365816276373,969,2992.736212033,1714.3365816276373
1,4.122970147579682,0.04721539473546476,1.0469757074179675e-06,6.689701871197626e-06,0.10802799583808805,0.00031392900461478534,0.024441943516509853,0.00021683987083462536,0.1524,,969,,
