,p1,p2,p3,p4,p5,p6,p7,p8,Gkr,RMSE,iterations,CPU_time,score
0,0.0016141404187660546,0.07287296668533855,1.9048637714951956e-05,0.052292728212842,0.11016766469126994,0.02316326609469543,0.008885444822134493,0.029408718025932642,0.1530229580100858,2966.027246873505,1461,7419.604308446,2966.027246873505
1,1.2183081087132545e-05,0.0005561609855793332,0.0006700511954579484,0.0002943741326831308,0.000206868753217034,8.422748093427687e-07,0.000790481814910551,0.010989246092355348,0.1524,,1461,,
