,p1,p2,p3,p4,p5,p6,p7,p8,Gkr,RMSE,iterations,CPU_time,score
0,0.001614689907118931,0.07291892993380535,1.9061272032428114e-05,0.052287098707175045,0.1100941692855047,0.02316069495084779,0.008879304102403894,0.029417325752621768,0.15300589151872201,2974.664645613815,1312,6761.740555015,2974.664645613815
1,3.897521095009241,4.029425617768739e-05,6.552520519801401e-05,1.955087404255727e-06,0.000353875735105279,0.003051598819747728,0.0022959891808549435,0.04188745243265688,0.1524,,1312,,
