,a_a0_a,a_a0_b,b_a1_a,b_a1_b,k_f_a,a_1_a,a_1_b,b_a0_a,b_a0_b,a_a1_a,a_a1_b,k_b_a,b_1_a,b_1_b,g_Kr,RMSE,iterations,CPU_time,score
0,0.022444939447191416,0.011269036568070157,6.925812247608814e-05,0.04173989871172808,0.023236614171473147,0.09094585033469801,0.0234155755153788,0.049512098477568385,0.06300743332754329,0.014016001481095773,0.03865391973949654,0.034949600814241095,0.006504357626114191,0.032655329288013984,0.15242698292017534,139.29902327246273,1140,3368.015728892,139.29902327246273
