,a_1_a,a_1_b,b_a0_a,b_a0_b,k_b_a,a_a0_a,a_a0_b,b_1_a,b_1_b,b_a1_a,b_a1_b,a_a1_a,a_a1_b,k_f_a,g_Kr,RMSE,iterations,CPU_time,score
0,0.09075967367701766,0.02338230927203949,0.046611679270439466,0.06314605998883875,0.03672690190659121,0.02219836961122993,0.011818921009640989,0.0064933514607256266,0.0326893081329487,6.868571339847714e-05,0.04180966434892313,0.013315929190041044,0.038017458330109756,0.024375674464516186,0.15239506083784493,139.0423188741265,1669,5457.826440897001,139.0423188741265
