,a_a0_a,a_a0_b,b_a1_a,b_a1_b,k_f_a,a_1_a,a_1_b,b_a0_a,b_a0_b,a_a1_a,a_a1_b,k_b_a,b_1_a,b_1_b,g_Kr,RMSE,iterations,CPU_time,score
0,0.022480486677572777,0.011649165499419153,6.89670588306537e-05,0.041774455611636896,0.023822541101767413,0.09083069777313384,0.023407359769357174,0.04742558474024237,0.06320062307067138,0.013645324681781531,0.038245377618898804,0.036539951026858135,0.006496180594655719,0.03267302466071065,0.15241908450074113,139.29883272956144,1135,3952.796581085,139.29883272956144
