,a_a0_a,a_a0_b,b_a1_a,b_a1_b,k_f_a,a_1_a,a_1_b,b_a0_a,b_a0_b,a_a1_a,a_a1_b,k_b_a,b_1_a,b_1_b,g_Kr,RMSE,iterations,CPU_time,score
0,0.022805653308204835,0.011251064511843418,6.85129107271471e-05,0.04182840947524011,0.02400284999243585,0.0907909065362105,0.02338037701941739,0.04702973279631386,0.06321183239462601,0.013012405802600883,0.03873033168173285,0.03568955916066301,0.006495839818400231,0.03268949260950953,0.1523935009292275,139.04255347753542,941,2759.474921502002,139.04255347753542
