,a_a0_a,a_a0_b,b_a1_a,b_a1_b,k_f_a,a_1_a,a_1_b,b_a0_a,b_a0_b,a_a1_a,a_a1_b,k_b_a,b_1_a,b_1_b,g_Kr,RMSE,iterations,CPU_time,score
0,0.02259502246746296,0.011134635113846585,6.924639699399378e-05,0.04174113971053947,0.023208283935738056,0.09094737351300897,0.023415978711188785,0.04980425473269905,0.06309306236076914,0.013965544913073618,0.038708886773207954,0.03479602087329567,0.006504471376730704,0.0326550063981304,0.15242707055432303,139.29898080391195,1304,3797.0288529930003,139.29898080391195
