,a_a0_a,a_a0_b,b_a1_a,b_a1_b,k_f_a,a_1_a,a_1_b,b_a0_a,b_a0_b,a_a1_a,a_a1_b,k_b_a,b_1_a,b_1_b,g_Kr,RMSE,iterations,CPU_time,score
0,0.021982912073672003,0.012011309468534227,6.885240810091966e-05,0.041786537846019725,0.02381692482419256,0.09086444138658398,0.023386669123763196,0.046289359292757015,0.06287250191923778,0.013849032857244929,0.03816979471380656,0.037149131488935276,0.006502063961036283,0.032667713833440575,0.15241872415604454,296.84351922971234,1052,7500.810969596005,296.84351922971234
