,a_1_a,a_1_b,b_a0_a,b_a0_b,k_b_a,a_a0_a,a_a0_b,b_1_a,b_1_b,b_a1_a,b_a1_b,a_a1_a,a_a1_b,k_f_a,g_Kr,RMSE,iterations,CPU_time,score
0,0.09080785509476426,0.023398807351725923,0.04678539492205791,0.06312350466232453,0.03675015590731646,0.0224699691014117,0.011718545685412706,0.006495630196287146,0.0326760872165346,6.898162088130872e-05,0.04176710997956015,0.013656277412327727,0.038443332004954534,0.02363222548175682,0.15241518847505672,173.76853289573455,1466,6344.479761807997,173.76853289573455
