,p1,p2,p3,p4,p5,p6,p7,p8,Gkr,RMSE,iterations,CPU_time
0,0.00023062884467360583,0.06983070924470414,2.3486278887003855e-05,0.061256372374668314,0.09599113827071382,0.009070053300314261,0.0021051133811925762,0.024516583585185204,0.43105229381131943,1143.0603822414291,678,2024.0868808359955
1,0.00023053153783906456,0.06983945522716777,2.348161274109495e-05,0.06125832436871538,0.09599261470965169,0.009070884359486614,0.002105140790173743,0.02451576694200919,0.43105229381131943,1143.0603984676363,760,2266.5416644020006
2,0.00023054098640006056,0.0698392565350678,2.348957517594028e-05,0.061255498072351006,0.09598748480890422,0.009070303211883832,0.0021050340485166265,0.024516810917671262,0.43105229381131943,1143.0604533296755,558,1322.2248160830059
3,0.00023058861018968176,0.06983410003888292,2.348891788531385e-05,0.06125543201164957,0.09599238302797085,0.00907102761321753,0.0021051285028112305,0.024515986956009636,0.43105229381131943,1143.0603594331417,560,1019.435423560004
4,0.0002305360791245526,0.06983809867632407,2.348269640138606e-05,0.06125764473794517,0.09599242667044801,0.009070694729712005,0.0021051561981053056,0.024515775352586228,0.43105229381131943,1143.0604376412684,503,890.1986782589956
