,p1,p2,p3,p4,p5,p6,p7,p8,Gkr,RMSE,iterations,CPU_time,score
0,2.989424645347646e-05,4.242831645351286e-07,0.01346538338884971,0.0023271832017153844,0.1435292878106582,3.4635044711395366e-06,2.6476470806085744e-07,0.0009675604877833672,0.15239962672951127,396930.27569667704,241,773.8920096609982,396930.27569667704
1,2.989424868302616e-05,3.5754790666802455e-07,0.013465378051314258,0.002327042010128164,0.14352928020579694,3.323866433331694e-06,2.6476464806842207e-07,0.0009673455303330875,0.1524,,241,,
