,p1,p2,p3,p4,p5,p6,p7,p8,Gkr,RMSE,iterations,CPU_time
0,0.00017880946390620185,0.09151507842650679,2.992510346720849e-05,0.04790887335432365,0.04957836906070109,0.014601134350587854,0.015095170131259487,0.04446039577384012,0.0381,10967.08525537251,587,2816.2624131320044
1,0.0001788404792641977,0.09151375246453207,2.9924558589824203e-05,0.04790885036294881,0.049581081144588535,0.014601780551500252,0.015096233112105985,0.04445848988466741,0.0381,10967.085252983921,628,3029.673867366975
2,0.00017882633872736244,0.09151304270258225,2.992288989138957e-05,0.04790886445259124,0.04959280237871876,0.014594247857533443,0.015097827573196474,0.04446796396187056,0.0381,10967.08528621756,525,2520.6981513419887
3,0.00017882529204167472,0.09151468621253173,2.992989671443167e-05,0.04790698771557268,0.049568243948117874,0.014604569876632549,0.015091937986306078,0.044457908751070994,0.0381,10967.085327376231,596,2869.016314298031
4,0.0001788292113901076,0.09151132409403513,2.992240504339519e-05,0.04790983320011192,0.049592403245793094,0.014592930201321064,0.015098314045661403,0.044469052980822286,0.0381,10967.085286738544,831,3933.7239343309775
