,a_a0_a,a_a0_b,b_a1_a,b_a1_b,k_f_a,a_1_a,a_1_b,b_a0_a,b_a0_b,a_a1_a,a_a1_b,k_b_a,b_1_a,b_1_b,g_Kr,RMSE,iterations,CPU_time,score
0,0.022447494706825537,0.011928062862443311,6.878307176678537e-05,0.04179389822500583,0.023627708498434763,0.09076489879529194,0.023384696619482573,0.04632774548178366,0.06304763358569652,0.013601099711229496,0.038370998227177336,0.03669483211180475,0.006493258842150185,0.03268212346977846,0.15240867774427913,296.0584446385356,1493,10207.494653075002,296.0584446385356
