,p1,p2,p3,p4,p5,p6,p7,p8,Gkr,RMSE,iterations,CPU_time
0,0.00019076010771001134,0.08627999701976287,3.3052532236947035e-05,0.04789538282418699,0.05635142829151743,0.01282212126544024,0.013532218677802264,0.04122246188918649,0.045308791081603676,8492.079689801045,568,2726.2773569589917
1,0.00019074245010377948,0.08628075200640832,3.305249823208301e-05,0.04789549267310056,0.05632790342618111,0.012830128504790147,0.013526320585501331,0.0412160454304276,0.045308791081603676,8492.079730734655,808,3086.4037592899986
2,0.00019076432561863522,0.08627818362705526,3.304848448844692e-05,0.04789653886954201,0.05635094057554056,0.01282153128746613,0.01353226414813504,0.04122255403719566,0.045308791081603676,8492.079592320644,1021,4125.437353765999
3,0.0001907628974903756,0.08627979422636053,3.305313341961101e-05,0.04789540014313784,0.05635220190751748,0.012822713540997737,0.013532873360569424,0.04122221822773152,0.045308791081603676,8492.079647071805,668,3094.860188325998
4,0.00019074805191332222,0.08627954077743456,3.304937322995162e-05,0.04789623783439093,0.056352323094617116,0.012821369353219895,0.013532621271430694,0.04122225322334309,0.045308791081603676,8492.079647105165,818,4062.8115462080023
