,p1,p2,p3,p4,p5,p6,p7,p8,Gkr,RMSE,iterations,CPU_time
0,0.0003279992329666544,0.0607484774463739,3.4501246359394426e-05,0.0569239943873085,0.08897903061019725,0.009415766202742572,0.00323040311369952,0.02767029519176877,0.2563052273693322,682.3405710190824,894,2486.787467702001
1,0.0003280146936392275,0.0607473914205391,3.450114517336251e-05,0.05692401951801336,0.08897858599017851,0.009415846718183697,0.003230384978505928,0.02767019634708517,0.2563052273693322,682.3405688951106,636,1276.0787358249945
2,0.0003279866464937864,0.060750100437936765,3.4501440680886165e-05,0.05692403241414439,0.08897984802251478,0.009416490716468082,0.0032303790453338073,0.027669953647845337,0.2563052273693322,682.3405601208946,1373,4424.398940600993
3,0.0003279799514628465,0.060749930459873445,3.4498381995195296e-05,0.05692470420891242,0.08898207516265359,0.009416262760644528,0.0032304497815069857,0.027669967469719274,0.2563052273693322,682.3405743491859,743,2505.265186050994
4,0.00032798830611000207,0.060749636685538434,3.449975846872624e-05,0.05692429056591533,0.08897868021872975,0.009415827923382044,0.0032303107350925117,0.0276703367897929,0.2563052273693322,682.340570026666,607,2051.624323362994
