,a_a0_a,a_a0_b,b_a1_a,b_a1_b,k_f_a,a_1_a,a_1_b,b_a0_a,b_a0_b,a_a1_a,a_a1_b,k_b_a,b_1_a,b_1_b,g_Kr,RMSE,iterations,CPU_time,score
0,0.022423955717453023,0.011512934670962434,6.861816458390466e-05,0.041816552860819325,0.024173047325616284,0.0907742934546664,0.023385930668796042,0.046854686576638716,0.0631452889825052,0.013232240001302633,0.03840168518597476,0.0362483068606629,0.0064945283531485255,0.03268626298757114,0.152390861132071,139.0420705952386,1245,4234.980941719,139.0420705952386
