,a_1_a,a_1_b,b_a0_a,b_a0_b,k_b_a,a_a0_a,a_a0_b,b_1_a,b_1_b,b_a1_a,b_a1_b,a_a1_a,a_a1_b,k_f_a,g_Kr,RMSE,iterations,CPU_time,score
0,0.09080942811874022,0.02339003563621662,0.047004075880262924,0.06286563051227877,0.03678551689255264,0.022352374275267574,0.011760647337160696,0.006496532023488836,0.03267384751101476,6.891572453938479e-05,0.04177946379860978,0.013703458601389164,0.038185223701981255,0.023797391810198354,0.15242069317573903,173.5287906913891,1034,4516.738681074,173.5287906913891
