,p1,p2,p3,p4,p5,p6,p7,p8,Gkr,RMSE,iterations,CPU_time,score
0,0.001614700293601541,0.07291920832899441,1.9062782548996213e-05,0.05228679632423023,0.11008641117320891,0.023162277582094697,0.008878330751653049,0.029415344628815513,0.15301228859512098,2974.664435126679,1311,5811.540683723,2974.664435126679
1,0.09311826925241415,2.5599269723476188e-06,1.2687926790251696e-07,7.711959597015114e-05,5.261341134920581e-06,3.190159271845428e-07,0.0011318122021537268,4.207222903925589e-05,0.1524,,1311,,
