,a_a0_a,a_a0_b,b_a1_a,b_a1_b,k_f_a,a_1_a,a_1_b,b_a0_a,b_a0_b,a_a1_a,a_a1_b,k_b_a,b_1_a,b_1_b,g_Kr,RMSE,iterations,CPU_time,score
0,0.02309564995525156,0.011182447555737645,6.890830288614524e-05,0.041776652660399115,0.0237517184234403,0.09087096342010181,0.023395186535592742,0.04839526074600785,0.06348601198448243,0.013501540776853343,0.038321084116132546,0.03628765116841991,0.006502103257868512,0.03267909216410198,0.1523881305862469,295.9258907188143,1013,6732.090505084998,295.9258907188143
