,p1,p2,p3,p4,p5,p6,p7,p8,Gkr,RMSE,iterations,CPU_time,score
0,0.0016901139281009188,0.03663095170355083,4.303146444954839e-05,0.04591590746526423,0.09315748845567692,0.021814578247256165,0.007351161212241922,0.029600351410148783,0.16391497545191064,1708.9874850098336,1036,3130.529347695,1708.9874850098336
1,0.0006585476031577359,3.9365214993850464e-06,1.4295774891733188,1.0009521697102372e-07,0.007703178095427293,2.87811924406651e-06,1.2602076083482639e-05,5.945769238780101e-07,0.1524,,1036,,
