,p1,p2,p3,p4,p5,p6,p7,p8,Gkr,RMSE,iterations,CPU_time,score
0,0.0015669715401563026,0.07930940298088719,2.219083025118426e-05,0.05119057320675396,0.09598780182455277,0.023949307246549277,0.007054249597272018,0.03130282891839794,0.15483405104895803,719.8351000882459,1669,3564.0456661830012,719.8351000882459
1,3.42151392313587e-07,1.1849369821435168e-07,1.4773771321608375,0.00010477391554927235,1.0651061965175784e-06,1.8907013484692408e-05,0.00023583957079629614,0.02986018984500591,0.1524,,1669,,
