,a_a0_a,a_a0_b,b_a1_a,b_a1_b,k_f_a,a_1_a,a_1_b,b_a0_a,b_a0_b,a_a1_a,a_a1_b,k_b_a,b_1_a,b_1_b,g_Kr,RMSE,iterations,CPU_time,score
0,0.02215852170612077,0.01141583531181734,6.909000795323425e-05,0.04175460532496208,0.023776987903335704,0.09082596350911806,0.023404922708313257,0.04809424471274792,0.06337813419273466,0.014293001589107871,0.03802696755470746,0.037419842722323196,0.006498711554502727,0.03267367256754498,0.15233785044106446,138.75787742107636,1192,3883.3725650159995,138.75787742107636
