,p1,p2,p3,p4,p5,p6,p7,p8,Gkr,RMSE,iterations,CPU_time,score
0,0.0019693558618451125,0.054122678116135435,2.980321905474215e-05,0.048723074079940545,0.09609025870963042,0.023100871635272018,0.00685092045823035,0.031397654188577796,0.15783846502883306,2605.40681279029,1620,4992.34663985,2605.40681279029
1,0.00014661994132556935,0.000830627105469268,0.22529306541425329,6.274947016955406e-06,0.04352656033182831,3.593630832126767e-07,0.24585035769336508,0.00468620099732087,0.1524,,1620,,
