,a_a0_a,a_a0_b,b_a1_a,b_a1_b,k_f_a,a_1_a,a_1_b,b_a0_a,b_a0_b,a_a1_a,a_a1_b,k_b_a,b_1_a,b_1_b,g_Kr,RMSE,iterations,CPU_time,score
0,0.022355370928667066,0.011723043464053345,6.887166617985436e-05,0.04178491760262572,0.02383088848045318,0.09082626658375954,0.023392441757504427,0.04689346454732712,0.06318805372841985,0.01391019517234859,0.03813214706783974,0.03756428474631138,0.006497936712592873,0.03267089793710493,0.1524261218302338,296.4830612121143,1703,12077.607324448,296.4830612121143
