,b_1_a,b_1_b,k_b_a,b_a0_a,b_a0_b,b_a1_a,b_a1_b,k_f_a,a_a1_a,a_a1_b,a_a0_a,a_a0_b,a_1_a,a_1_b,g_Kr,RMSE,iterations,CPU_time,score
0,0.006498727673127443,0.03268118247569471,0.03504710419633656,0.049825179915516174,0.06404334364634152,6.892990000864713e-05,0.04177411034928182,0.023848719081816207,0.013133787038305748,0.038303202639482455,0.02358511335429653,0.0108217677521694,0.09084274537633803,0.023394529315203687,0.15240777269667183,138.68322968472012,1112,3837.951280588999,138.68322968472012
