,a_a0_a,a_a0_b,b_a1_a,b_a1_b,k_f_a,a_1_a,a_1_b,b_a0_a,b_a0_b,a_a1_a,a_a1_b,k_b_a,b_1_a,b_1_b,g_Kr,RMSE,iterations,CPU_time,score
0,0.02311998725067219,0.011241453248249246,6.885986738162228e-05,0.04178627115886209,0.023927137025759205,0.09085128767642851,0.023382283825331935,0.04883914881047263,0.06391159465626003,0.013570511176087043,0.03785298708048046,0.03659822236613379,0.0065006815622475666,0.032683813168553344,0.15238456765734734,296.4157507511083,1180,7722.985596415,296.4157507511083
