,p1,p2,p3,p4,p5,p6,p7,p8,Gkr,RMSE,iterations,CPU_time
0,6.002200969194957e-05,0.09955931999154265,2.152257272302512e-05,0.053599583015169865,0.07116543920425612,0.010458403332914753,0.009521763084888718,0.040189342516655235,0.06435684129488249,4821.659340005708,968,1761.8405737729918
1,6.001867757500416e-05,0.09956278974529002,2.152426447831899e-05,0.05359883277726319,0.07115690341736483,0.010459216214858966,0.009519823384653105,0.04019079824344447,0.06435684129488249,4821.659402051948,1142,2051.4580556940055
2,6.0009391808072336e-05,0.09956502568360426,2.1525333692143478e-05,0.05359864804188966,0.0711573592133733,0.010459794523645899,0.009519739792366748,0.040191133416550416,0.06435684129488249,4821.659423526417,668,1184.5423232559988
3,6.00127129800307e-05,0.09956438630232535,2.152291227285364e-05,0.05359958146993395,0.07115916135357553,0.010459500930019119,0.009519472660471517,0.04019141016058068,0.06435684129488249,4821.659391133769,542,1084.600512090983
4,6.001057571730378e-05,0.09956440526247545,2.1520147452341638e-05,0.05360078427872921,0.07116360973660202,0.010459291193409253,0.009520943951961073,0.04019014797769485,0.06435684129488249,4821.659408724394,791,2764.979120545002
