,p1,p2,p3,p4,p5,p6,p7,p8,Gkr,RMSE,iterations,CPU_time
0,0.000220587427693776,0.06683329080324066,3.308037097169675e-05,0.05569303781032523,0.08818859104436105,0.00906859968535901,0.004503553655449228,0.03017692018530725,0.1812351643264147,154.9500810594613,860,1425.0331425369986
1,0.00022059447184689815,0.06683563645829423,3.307886028362385e-05,0.05569346631525613,0.0881898139845074,0.009068623405181926,0.004503474262970143,0.030176791147312046,0.1812351643264147,154.95008976235937,514,704.5982065370008
2,0.00022059110166655326,0.06683454953260667,3.308055174566835e-05,0.05569302170678054,0.08818879139335671,0.009068794935852399,0.004503471850073426,0.03017716091256305,0.1812351643264147,154.95008226373844,881,1439.3432312920013
3,0.00022059628143712777,0.06683314373707536,3.3078549900356964e-05,0.05569342828097115,0.08819002633801079,0.009068727238448553,0.004503566729939728,0.03017672843739542,0.1812351643264147,154.95008947091353,731,1602.3020697729953
4,0.0002205704486636331,0.0668370419760432,3.308046068412016e-05,0.055693048884484286,0.08818892536747562,0.009068805054400114,0.00450356564735047,0.03017665778487473,0.1812351643264147,154.9500847437711,494,1104.3177243269965
