,p1,p2,p3,p4,p5,p6,p7,p8,Gkr,RMSE,iterations,CPU_time,score
0,0.0015675664917159503,0.07933723006855299,2.215854623433046e-05,0.05120017758411005,0.0959712040462864,0.023948911081103447,0.0070581561672017025,0.031301539029937445,0.15476417319859195,720.6057135298985,1193,2922.4580968590017,720.6057135298985
1,3.897521095009241,4.029425617768739e-05,6.552520519801401e-05,1.955087404255727e-06,0.000353875735105279,0.003051598819747728,0.0022959891808549435,0.04188745243265688,0.1524,,1193,,
