,a_a0_a,a_a0_b,b_a1_a,b_a1_b,k_f_a,a_1_a,a_1_b,b_a0_a,b_a0_b,a_a1_a,a_a1_b,k_b_a,b_1_a,b_1_b,g_Kr,RMSE,iterations,CPU_time,score
0,0.02258133621166947,0.011772916040957641,6.879666296759624e-05,0.04179256139713543,0.023601292602822985,0.09081221693266367,0.023395790474124784,0.04645421050543656,0.06330099186632636,0.013635040526676807,0.03841910477891796,0.03695442231982667,0.006497626696090941,0.032666576402974136,0.15242666281659997,173.65713846375806,1198,2900.581756876003,173.65713846375806
