,p1,p2,p3,p4,p5,p6,p7,p8,Gkr,RMSE,iterations,CPU_time,score
0,0.001567540773249188,0.0793371541642521,2.215996837893077e-05,0.05119948645137492,0.0959711095349565,0.02394802257569536,0.007058267972704711,0.03130309479093028,0.15476110695748965,720.605710075417,1277,2825.7856012310003,720.605710075417
1,0.0023092860258164187,0.0037768817604345484,2.752363685321494e-05,0.0018983756940758028,6.419452705872602e-05,0.11810768200013388,5.495274062511166e-05,0.00013283866600993078,0.1524,,1277,,
