,p1,p2,p3,p4,p5,p6,p7,p8,Gkr,RMSE,iterations,CPU_time
0,5.1191196022211977e-05,0.10220658422493974,1.399040648561928e-05,0.05550408192691005,0.05736920044423221,0.012167644881538788,0.011426207183400795,0.04677044966696147,0.045374817422412735,9660.396471008744,713,2367.2089001910063
1,5.119738541324803e-05,0.1022044268500985,1.3992105669398303e-05,0.05550301499735398,0.057366122995322504,0.012169569223146166,0.011424835774837765,0.04677097748433908,0.045374817422412735,9660.396473967003,570,1896.5594629389816
2,5.119411459098231e-05,0.10220470161084697,1.398298749353743e-05,0.05550841882147655,0.057382177174543185,0.012162243563246014,0.01142941511387369,0.04677153742550736,0.045374817422412735,9660.396451075698,1133,3815.797032375005
3,5.1181523521089066e-05,0.10221079331115925,1.3991264823108169e-05,0.05550352813718217,0.0573696748513948,0.012167919113889552,0.011425606904842997,0.04677182590785659,0.045374817422412735,9660.396438669246,1219,4072.1569388130156
4,5.1178107415893505e-05,0.10220922634497327,1.39802448571149e-05,0.05551001171143215,0.057377025401408675,0.012165949264699006,0.011428599045194016,0.04676891519860721,0.045374817422412735,9660.396495538982,731,2456.2244177540124
