,p1,p2,p3,p4,p5,p6,p7,p8,Gkr,RMSE,iterations,CPU_time,score
0,0.8021091644714858,1.0000000534734238e-07,9.019729466044138,1.0000001407969906e-07,5.269966412796548e-05,1.0000022045732413e-07,8.20728785100241e-06,1.000001282725053e-07,0.6110036909131336,101913.76925787845,1267,1839.063092606999,101913.76925787845
1,1.0096597572318013,0.001000566450574911,8.889462003610012,1.5919989897357834e-07,7.901347746396459e-05,7.898532770451196e-07,6.651928886834869e-06,4.716665688495543e-05,0.1524,,1267,,
