,p1,p2,p3,p4,p5,p6,p7,p8,Gkr,RMSE,iterations,CPU_time
0,0.00022660010170600503,0.0675792635016181,3.0244561917729016e-05,0.05871844862802598,0.0898626576142828,0.010189854792766816,0.0026368574266985136,0.02711184691855128,0.3048,935.0522932170239,711,3228.8091682069935
1,0.00022662005953855065,0.06757827867867758,3.0243275475257577e-05,0.05871870090504725,0.08986418105923033,0.010189392983610514,0.002636898834850995,0.027111727123666808,0.3048,935.0522788525313,568,2577.444847517996
2,0.00022661877580692233,0.06757815258319498,3.024329274527496e-05,0.058718694525832366,0.08986474616167636,0.010190034857781765,0.002636919792467014,0.027111322721049557,0.3048,935.0522723122183,678,3079.769089906011
3,0.00022662029013916863,0.0675774098602558,3.024335606245597e-05,0.05871872789766053,0.08986025743996823,0.010189301380236772,0.0026367951254430214,0.02711200639282471,0.3048,935.0522846270701,546,2483.951136706004
4,0.00022662118308211542,0.06757751007896037,3.0243268214393283e-05,0.058718653670307056,0.0898625739552538,0.01018958382873442,0.002636857547832494,0.027111647985024575,0.3048,935.0522733025098,877,3996.7045246960042
