,p1,p2,p3,p4,p5,p6,p7,p8,Gkr,RMSE,iterations,CPU_time
0,0.00022639275622357436,0.06761906942824847,3.0250791670075558e-05,0.05871653577805801,0.08990441779501193,0.010188718979204755,0.002638013710095932,0.027111641966508233,0.3048,937.7614027143371,626,1540.4117680780182
1,0.0002263920405584462,0.0676193878548685,3.0252194328251784e-05,0.05871608959398295,0.08990675608085862,0.010188375150508518,0.002638135505943687,0.027111450320556566,0.3048,937.7613913169033,967,2362.3895888550032
2,0.00022640093561859554,0.06761861169337187,3.025024839092377e-05,0.058716806033897596,0.08990635524693308,0.010188258835628105,0.0026380649702509324,0.027111876073736694,0.3048,937.761403014522,508,1242.190007711004
3,0.00022639439682816827,0.06761932682875248,3.0250863921962648e-05,0.058716482159264366,0.08990487599539977,0.010188848822272122,0.0026380008096489084,0.027111525343681154,0.3048,937.7613860100506,1053,2571.508460846002
4,0.00022639621259291448,0.06761922331038693,3.025116303947832e-05,0.058716480657385654,0.08990560218646652,0.010188385895648957,0.0026380659049549944,0.0271116828228837,0.3048,937.7614001924126,660,1622.7103115429927
