,a_a0_a,a_a0_b,b_a1_a,b_a1_b,k_f_a,a_1_a,a_1_b,b_a0_a,b_a0_b,a_a1_a,a_a1_b,k_b_a,b_1_a,b_1_b,g_Kr,RMSE,iterations,CPU_time,score
0,0.023818363415763617,0.010256409498679573,6.94091348007141e-05,0.041716571192218575,0.023374704843629898,0.09090290075481122,0.023392738208022727,0.052879465743170706,0.06426353645109857,0.013624687728651816,0.03821426853338491,0.034152461910710245,0.006500705957546657,0.032687843955139156,0.1524184710379574,138.18857456716327,1348,4748.3952697939985,138.18857456716327
