,p1,p2,p3,p4,p5,p6,p7,p8,Gkr,RMSE,iterations,CPU_time,score
0,0.0016834656844526414,0.08439761539680465,2.2080014879765194e-05,0.05121369891350004,0.12134942642611408,0.026862123076835828,0.008864484043623251,0.02880297656384564,0.1546860172553548,653.2885903918832,1668,3661.6972147960005,653.2885903918832
1,2.857434751409007,7.502615477586572e-05,0.011541390065270152,1.8453425719699415e-06,0.9026649805986621,0.004056175940545121,1.9724905108318497e-05,0.07656380371738745,0.1524,,1668,,
