,p1,p2,p3,p4,p5,p6,p7,p8,Gkr,RMSE,iterations,CPU_time,score
0,0.001566356509276863,0.0792868869920273,2.216755319758011e-05,0.051201766523647815,0.0959854906596312,0.023934823072520504,0.007052070826734782,0.03131517937082559,0.1548663464953431,719.567643594765,1135,2482.7318467060013,719.567643594765
1,3.3084518229493147,0.022632430051365574,0.39420846611769467,2.301328578800283e-05,3.7075785949629974,0.02946513224842323,0.0003905518574509662,9.325228785017957e-05,0.1524,,1135,,
