,p1,p2,p3,p4,p5,p6,p7,p8,Gkr,RMSE,iterations,CPU_time,score
0,0.001691507128114071,0.03668214118529372,4.2976415943567935e-05,0.04592638646904952,0.09314923711448171,0.021813156754052633,0.007352847745503365,0.029599918767473574,0.16386290735791745,1714.3365364214503,1443,4384.561537854001,1714.3365364214503
1,3.652030013516468,0.051485294298918745,2.3657487228453742e-07,2.337654909885596e-06,0.813216253855242,2.6293173465698945e-05,3.5785849583981607e-06,3.2484341975998805e-05,0.1524,,1443,,
