,p1,p2,p3,p4,p5,p6,p7,p8,Gkr,RMSE,iterations,CPU_time
0,0.00030306867912071705,0.06269012311537493,3.483499944236167e-05,0.056177966955991976,0.08824287505859023,0.009175451777804322,0.0037951324059878958,0.028725494866703213,0.21552614690565972,470.67659584133344,504,985.9496578479884
1,0.00030306342187384414,0.0626907014223633,3.4836079082454354e-05,0.05617768750513861,0.08824128088151467,0.009175690879000694,0.003795048018140331,0.028725537436956557,0.21552614690565972,470.6765949637391,530,1027.2969926510123
2,0.0003030707571179644,0.0626898350275685,3.483564433424389e-05,0.05617785143740253,0.08824228196790247,0.009175805228454015,0.0037950750101394424,0.028725563362936624,0.21552614690565972,470.6765952314942,574,1110.8579684319848
3,0.0003030738577400612,0.06269027901494309,3.483646852114836e-05,0.05617760768667951,0.08824237754472432,0.009175641859495258,0.00379509563174754,0.028725557363580945,0.21552614690565972,470.6765903054362,911,1772.8318250799784
4,0.00030307496227164,0.06268966732256595,3.483681094331256e-05,0.056177540596257215,0.08823967357723707,0.00917558820276802,0.003794959072434504,0.028725810197499597,0.21552614690565972,470.6765951819005,699,1355.1306117489876
