,p1,p2,p3,p4,p5,p6,p7,p8,Gkr,RMSE,iterations,CPU_time,score
0,0.0015676173739920093,0.07930166959200903,2.2201883458244616e-05,0.05117840027690834,0.09594262609683184,0.02393510276775195,0.007054830349823464,0.03132866946352045,0.15473548611294882,721.3703750421329,1935,4323.195651286,721.3703750421329
1,7.351653472898382e-05,0.0022420213371648332,0.8289304685524682,1.9609076807036322e-05,8.336545238241853e-07,1.5419455161288874e-07,1.4894276712123462e-07,1.0595716278270744e-06,0.1524,,1935,,
