,p1,p2,p3,p4,p5,p6,p7,p8,Gkr,RMSE,iterations,CPU_time,score
0,94.81370956191186,1.0000017738287222e-07,13.137199591899188,1.0000010961669434e-07,1.0041973016383793e-07,1.0005992845594798e-07,1.0443096436566854e-07,1.0004370402556401e-07,0.01834404533968778,121386.81434076728,1702,3561.937002195001,121386.81434076728
1,0.4160397563042863,4.244044387663782e-06,1.7117766407267574,0.0003640997365473283,3.967567958965014e-05,0.0022050414197427788,2.1275299557607588e-07,1.0109802538383057e-06,0.1524,,1702,,
