,a_a0_a,a_a0_b,b_a1_a,b_a1_b,k_f_a,a_1_a,a_1_b,b_a0_a,b_a0_b,a_a1_a,a_a1_b,k_b_a,b_1_a,b_1_b,g_Kr,RMSE,iterations,CPU_time,score
0,0.022301991481211897,0.011556460814273127,6.885535414235065e-05,0.041786022787787896,0.02429781283210409,0.09086700934943942,0.02342112489101291,0.04712187433345584,0.06325467224941604,0.013739467740516995,0.03802696590412539,0.03780617802413083,0.006500822000491193,0.032659842041441005,0.15239884624945738,138.01356671270318,1695,4940.1360223950005,138.01356671270318
