,p1,p2,p3,p4,p5,p6,p7,p8,Gkr,RMSE,iterations,CPU_time,score
0,1.0000027553926264e-07,0.1896602283505595,1.0000274624298306e-07,0.08922647038130435,1.0000286510352881e-07,0.35286718758310254,6.727853113628825e-05,0.13762018201821058,0.36084067274468035,49944.24263535219,1393,2546.1040723300002,49944.24263535219
1,0.0005388765955070189,0.04723994631857851,0.000256011293508671,0.02734743326864287,1.2256964322463543e-07,3.3720563491409176e-05,2.0223755724281546e-06,0.006283748566547742,0.1524,,1393,,
