,p1,p2,p3,p4,p5,p6,p7,p8,Gkr,RMSE,iterations,CPU_time
0,0.00012035624600049647,0.09572367022675568,1.7879765466424583e-05,0.05279822809386736,0.054706764280552454,0.010168517333965822,0.008805743021007159,0.04757157292421699,0.045374817422412735,9176.536866360517,681,1208.12043963201
1,0.00012042383544243193,0.09571179199934945,1.7880955725233283e-05,0.052798518099537506,0.05470990858520321,0.010166012486618444,0.008806056961118774,0.047575868652346934,0.045374817422412735,9176.536808271747,1031,1789.294156585005
2,0.00012044775915547863,0.09570632476895598,1.7882612021481708e-05,0.05279780970545182,0.05470980518065035,0.010165653950495892,0.008806412775488819,0.04757591636168475,0.045374817422412735,9176.536824924828,728,1259.3524916390015
3,0.00012044220223917549,0.09570892868254893,1.788320666145999e-05,0.05279701162290647,0.054705981062178284,0.010168446225937195,0.00880521657901059,0.047574641259843,0.045374817422412735,9176.536898151026,699,1206.072371999995
4,0.00012037510131162028,0.09572003735726382,1.7881407380893434e-05,0.05279813676897962,0.05470874786540638,0.010167047361437424,0.008805569247228124,0.04757638475013197,0.045374817422412735,9176.53680076043,788,1355.8142530930054
