,b_1_a,b_1_b,k_b_a,b_a0_a,b_a0_b,b_a1_a,b_a1_b,k_f_a,a_a1_a,a_a1_b,a_a0_a,a_a0_b,a_1_a,a_1_b,g_Kr,RMSE,iterations,CPU_time,score
0,0.006496204673012842,0.03270006427925942,0.037260783297624965,0.04593080505918628,0.0629365627647969,6.890412405717813e-05,0.04177295035208514,0.023904717732972182,0.013616845619736818,0.037699166601519576,0.022230086170398008,0.012531433381841612,0.09075279293260055,0.02337713511434787,0.15232037451779779,138.47986851676936,1532,5331.332546586,138.47986851676936
