,a_a0_a,a_a0_b,b_a1_a,b_a1_b,k_f_a,a_1_a,a_1_b,b_a0_a,b_a0_b,a_a1_a,a_a1_b,k_b_a,b_1_a,b_1_b,g_Kr,RMSE,iterations,CPU_time,score
0,0.02205855975872709,0.011933587467981633,6.897088620234383e-05,0.04177111333938982,0.023753377940028745,0.09088501440979893,0.023391436115844766,0.04658634200827778,0.06278515234603362,0.013860062294960333,0.03821481500362412,0.03692112975973803,0.006502140245051971,0.032677673069516064,0.15240149793428812,203.1661109713019,1137,5723.740680080999,203.1661109713019
