,p1,p2,p3,p4,p5,p6,p7,p8,Gkr,RMSE,iterations,CPU_time,score
0,0.0015675800856780754,0.07933639039971618,2.216008555015039e-05,0.05119959136083861,0.09597177235240877,0.023948876536961913,0.0070582360950701434,0.0313022313141719,0.15476202008150788,720.6056958970031,3364,7609.158965357001,720.6056958970031
1,0.0001896794936990338,1.735597614556372e-05,6.671926455114404,5.290373743782021e-05,9.270184781980117e-06,0.0003404579733988468,5.635184582371297e-07,0.016905737824581425,0.1524,,3364,,
