,p1,p2,p3,p4,p5,p6,p7,p8,Gkr,RMSE,iterations,CPU_time,score
0,0.0016897287103552732,0.03664111518859264,4.2940491399328596e-05,0.04593312704031067,0.09318619147109339,0.02181194809771188,0.007351115726170213,0.029617852625854302,0.16386691492886651,1711.914106328083,1088,3086.7474693669997,1711.914106328083
1,1.741822510877601e-07,5.772128884258075e-07,6.886975149392554e-05,0.0003858588292769369,2.71812880158679e-06,0.0005270144674631312,0.10496487092209855,1.3299352472400877e-05,0.1524,,1088,,
