,p1,p2,p3,p4,p5,p6,p7,p8,Gkr,RMSE,iterations,CPU_time,score
0,0.0015674808064617572,0.07934675658253923,2.2216234093519717e-05,0.051183746332808665,0.09597436310875465,0.023954550005941343,0.007050122047365814,0.031309349202131825,0.15486158199212166,720.6325979944976,1697,3894.3793613789994,720.6325979944976
1,0.1381622202850312,0.0001417356747330349,0.0011131139170645356,7.166996747264984e-05,0.43231993829992976,0.002006358263661115,0.0020063016812360843,0.06598174067618444,0.1524,,1697,,
