,p1,p2,p3,p4,p5,p6,p7,p8,Gkr,RMSE,iterations,CPU_time,score
0,0.0015683740669619499,0.07933829427383111,2.2189934707397867e-05,0.051191908453872545,0.0959478734345972,0.023951810427531566,0.007047854696428007,0.03130429578733186,0.15486053258006,722.202755041298,1806,3944.2297717420006,722.202755041298
1,5.38579819702109e-07,1.2416894343921976e-07,0.025499893333379035,0.00022997786099589933,0.052038331839576395,3.3403845772971693e-06,1.6002896938131301,0.0022320704629791724,0.1524,,1806,,
