,a_a0_a,a_a0_b,b_a1_a,b_a1_b,k_f_a,a_1_a,a_1_b,b_a0_a,b_a0_b,a_a1_a,a_a1_b,k_b_a,b_1_a,b_1_b,g_Kr,RMSE,iterations,CPU_time,score
0,0.02239999735675894,0.012694600240474094,6.872582836767394e-05,0.0417940736865597,0.024239947758347726,0.09063318246524844,0.023378602469292825,0.04495009659038786,0.06311088260247236,0.013284715240917653,0.03753057217205455,0.037891868442407495,0.006487946767794621,0.03270344362056469,0.15231644550410192,138.4788904507895,1211,3546.817365549001,138.4788904507895
