,p1,p2,p3,p4,p5,p6,p7,p8,Gkr,RMSE,iterations,CPU_time
0,0.00019923147799357177,0.09270249084668852,2.297197194994156e-05,0.051311300301175804,0.07970134464124455,0.015096153951386415,0.018296269795257374,0.03656137357054465,0.045374817422412735,1991.952308334415,706,933.7644857590058
1,0.0001992237839712191,0.0927054445811048,2.297060920894482e-05,0.05131169605561482,0.07969906146252213,0.015096117957357122,0.018295815755098407,0.03656110856897395,0.045374817422412735,1991.9523117320102,536,847.4430467320053
2,0.00019922696253590593,0.09270465617459397,2.297279585036916e-05,0.051310978352367136,0.07969860423496516,0.015096394850321222,0.018295681963148753,0.03656075926692782,0.045374817422412735,1991.9523192323745,887,1236.6168888429966
3,0.00019922693928355094,0.09270328872774254,2.2970602455688688e-05,0.05131183131709929,0.0796958088708851,0.015095770385170324,0.018295129962586067,0.036561195632765504,0.045374817422412735,1991.9523098107675,902,1382.8092922020005
4,0.0001992269792596662,0.09270377830807061,2.2973046460347598e-05,0.051310753908763926,0.07969646346896722,0.01509638324805259,0.018295373702361787,0.03656086356473008,0.045374817422412735,1991.9523162168186,1043,1974.8976389140007
