,p1,p2,p3,p4,p5,p6,p7,p8,Gkr,RMSE,iterations,CPU_time,score
0,0.0015680498584891493,0.07931097697921852,2.2175305947622627e-05,0.05120018812473972,0.09593265927208915,0.0239355677053637,0.007049023380753431,0.0313193400602981,0.15484462859949974,721.8140844590255,1298,3143.6304031279997,721.8140844590255
1,0.01287771798352759,0.0078631991227649,4.6265996920188187e-07,0.06688400310712571,0.10677014955260286,0.0010042350561650503,1.4240697326328106e-06,3.5274038179430887e-06,0.1524,,1298,,
