,p1,p2,p3,p4,p5,p6,p7,p8,Gkr,RMSE,iterations,CPU_time,score
0,221.75175160961243,9.625269634309538e-07,2.261613369500731e-05,0.14043649781598072,0.10605516140237001,0.021723029049199438,0.014268924931099295,0.034923493470651455,0.08551349845642935,47233.03000667654,1580,5127.190776371,47233.03000667654
1,0.9494032523840156,0.0034310562411966044,0.02132851837513464,0.000401275163398912,0.012091140231893442,0.00013089643935604306,0.7522438461282204,1.599361651312762e-07,0.1524,,1580,,
