,a_a0_a,a_a0_b,b_a1_a,b_a1_b,k_f_a,a_1_a,a_1_b,b_a0_a,b_a0_b,a_a1_a,a_a1_b,k_b_a,b_1_a,b_1_b,g_Kr,RMSE,iterations,CPU_time,score
0,0.023150974131716844,0.010186791312197194,6.948552726346824e-05,0.0417107036886619,0.022849394283191778,0.09089850788298777,0.023408344348467242,0.053577828317693324,0.06357285900799628,0.014276211842910847,0.038801757991803076,0.033486536574414895,0.006504207082640373,0.03265837860832087,0.15239273790489707,138.5361869297882,1326,3361.808510715,138.5361869297882
