,a_a0_a,a_a0_b,b_a1_a,b_a1_b,k_f_a,a_1_a,a_1_b,b_a0_a,b_a0_b,a_a1_a,a_a1_b,k_b_a,b_1_a,b_1_b,g_Kr,RMSE,iterations,CPU_time,score
0,0.021845527352021187,0.012135808688062516,6.888211176678368e-05,0.04178340286328411,0.023716297375285453,0.09085495546404501,0.02338786358068159,0.04664618001085452,0.06272687798291003,0.013983443152967904,0.03807507925195001,0.03697073448861511,0.006504004058510411,0.032666063365996915,0.1523971242392043,202.70623412839439,1110,4985.359299571999,202.70623412839439
