,b_1_a,b_1_b,k_b_a,b_a0_a,b_a0_b,b_a1_a,b_a1_b,k_f_a,a_a1_a,a_a1_b,a_a0_a,a_a0_b,a_1_a,a_1_b,g_Kr,RMSE,iterations,CPU_time,score
0,0.0064960877111003455,0.03269198910222712,0.036776687698251605,0.04746966808780991,0.06324070199263074,6.888149618906586e-05,0.04178162392228102,0.023803303514265146,0.01377065762353046,0.03809673889437936,0.022446896575226118,0.011620385804385529,0.09080045202754541,0.02337746871457684,0.15238852984048237,295.7206710660358,1279,7780.077301825,295.7206710660358
