,p1,p2,p3,p4,p5,p6,p7,p8,Gkr,RMSE,iterations,CPU_time
0,0.00020744022779797984,0.05487202161439965,2.594767983729975e-05,0.06040125165473967,0.09871629834036773,0.008622516204550951,0.0014827389525507626,0.026166159458778912,0.6096,343.64817731048447,708,1370.069007307
1,0.00020743516112958126,0.05487503307113474,2.5949110056763343e-05,0.06040077998066537,0.09871043149859293,0.008622155693928475,0.0014826592399937387,0.026165816966176283,0.6096,343.6481556374293,624,1231.8831935830021
2,0.00020744247670865734,0.05487211967804023,2.594797569570917e-05,0.06040103791406663,0.0987118048883841,0.008621921287406685,0.001482672154146263,0.026166473641819867,0.6096,343.6481443709982,703,995.2843022300003
3,0.0002074437786709339,0.054871923055664774,2.5946761881812513e-05,0.06040125148769009,0.09871318139644616,0.008622576966800995,0.0014826967878155204,0.026165816512747804,0.6096,343.64816736401036,837,1268.5118426810077
4,0.00020744254232428282,0.05487499715958297,2.5947726614843026e-05,0.06040117828172543,0.09868675614720565,0.008620136929754527,0.0014822853800511336,0.02616802015024645,0.6096,343.6481633956615,702,980.5945618630067
