,p1,p2,p3,p4,p5,p6,p7,p8,Gkr,RMSE,iterations,CPU_time
0,0.00020715149901061574,0.05488296721563632,2.5983295248959723e-05,0.06037244885535217,0.09848927171571334,0.00858708219068211,0.0014802262254086376,0.02618330265541126,0.6096,343.5281926725652,548,940.6310304850049
1,0.00020716224643740495,0.054883520146450385,2.5984490223091667e-05,0.060372297452193385,0.09849332111525255,0.008587710112287327,0.0014802541108907402,0.02618298842023727,0.6096,343.52823100346615,498,784.017676427
2,0.00020716231479351023,0.05488018178319977,2.5984636319575767e-05,0.06037170488783045,0.09849404018144568,0.008587978639972755,0.0014803049818899224,0.02618270269039954,0.6096,343.5281907357236,601,837.6409690899891
3,0.00020717552015428052,0.05488058088454054,2.5985616484640337e-05,0.0603716849879368,0.09849558504219576,0.008588832626720614,0.0014803155038710558,0.026182014349182946,0.6096,343.5281967849902,622,858.4453446819971
4,0.00020713791170519523,0.054882850772433524,2.5984186188656822e-05,0.06037210583270013,0.09849010132763054,0.008586755895591967,0.0014802611178187622,0.026183481717765477,0.6096,343.52820141356983,525,793.1142059630074
