,p1,p2,p3,p4,p5,p6,p7,p8,Gkr,RMSE,iterations,CPU_time,score
0,0.0019692066621458263,0.05412387590281564,2.980290606594287e-05,0.04872314744683507,0.0960919877153309,0.023100344692300344,0.006851258918673668,0.03139737822809613,0.15783899312360314,2605.4067840800208,1730,5663.5265709079995,2605.4067840800208
1,0.03930929656712954,0.00018397565028470633,1.3978372975472243e-05,0.008584838285706338,1.5902269500631997e-05,0.007354050949256735,0.08297177547375222,1.4842844857549171e-05,0.1524,,1730,,
