,a_a0_a,a_a0_b,b_a1_a,b_a1_b,k_f_a,a_1_a,a_1_b,b_a0_a,b_a0_b,a_a1_a,a_a1_b,k_b_a,b_1_a,b_1_b,g_Kr,RMSE,iterations,CPU_time,score
0,0.022237433076640896,0.011504412432988656,6.876727191466647e-05,0.04180004910784401,0.023894299455995027,0.09082911020385673,0.023385147925815065,0.04668152333624107,0.06251942039253221,0.013723156874656063,0.03850737277995168,0.03715731840986804,0.006497539985115291,0.032674199066503415,0.15242581154000012,173.9210281339027,1330,5873.928243138002,173.9210281339027
