,a_a0_a,a_a0_b,b_a1_a,b_a1_b,k_f_a,a_1_a,a_1_b,b_a0_a,b_a0_b,a_a1_a,a_a1_b,k_b_a,b_1_a,b_1_b,g_Kr,RMSE,iterations,CPU_time,score
0,0.02225347225296362,0.011486525937864115,6.876683623379153e-05,0.041800056211388534,0.023898292456716406,0.09082933148799469,0.023385113324294663,0.046721312675922014,0.06251558880250992,0.013719153342403987,0.03851114941643244,0.0371538779736182,0.006497573250088438,0.03267408108100347,0.15242588818367833,173.92103287627765,1066,4651.848012103001,173.92103287627765
