,b_1_a,b_1_b,k_b_a,b_a0_a,b_a0_b,b_a1_a,b_a1_b,k_f_a,a_a1_a,a_a1_b,a_a0_a,a_a0_b,a_1_a,a_1_b,g_Kr,RMSE,iterations,CPU_time,score
0,0.006496029720468407,0.03268891673336578,0.035185628285917946,0.04773498665345634,0.06332858537296766,6.853373863530983e-05,0.041825679942154956,0.023831987167262515,0.012973152545708265,0.038889715501816684,0.023086648062187024,0.01098084488930012,0.09079602819553757,0.023380529121118685,0.1523965188982098,139.04256401039396,1670,4887.452206324,139.04256401039396
