,a_a0_a,a_a0_b,b_a1_a,b_a1_b,k_f_a,a_1_a,a_1_b,b_a0_a,b_a0_b,a_a1_a,a_a1_b,k_b_a,b_1_a,b_1_b,g_Kr,RMSE,iterations,CPU_time,score
0,0.022045635245772584,0.011943086430286728,6.897242144702207e-05,0.0417709405657265,0.023753073871174448,0.09088440038550116,0.023391457518116752,0.0465673985323595,0.06277316204526352,0.013864154041197606,0.038213346412425624,0.03692535856221578,0.0065020679033678044,0.03267777609365721,0.15240141806871382,203.16610808460266,1533,7204.048083812002,203.16610808460266
