,p1,p2,p3,p4,p5,p6,p7,p8,Gkr,RMSE,iterations,CPU_time
0,0.0003803625223754603,0.05687846719444695,3.315401802345214e-05,0.05921106152183714,0.0955113529215788,0.010267947056450918,0.0014528441645198038,0.024809342831208475,0.6096,1423.8048326052578,542,1023.8731530130026
1,0.00038039560054930186,0.05687747849933548,3.3152497036571986e-05,0.05921122520430673,0.09551536548889544,0.010267918718026913,0.0014528884567713138,0.02480903114255251,0.6096,1423.8048479851313,720,1352.5671437900019
2,0.00038038702305597617,0.056877470025174494,3.315143236223007e-05,0.059211709080455775,0.09551321358869266,0.010267045704003818,0.0014529183040464242,0.0248093498334474,0.6096,1423.8048539917036,666,1247.7180387150001
3,0.0003803977164757693,0.056876149503668184,3.3150991519025324e-05,0.05921171903014678,0.09551203672194515,0.01026776782622452,0.0014528483005900308,0.02480934753873071,0.6096,1423.8047901175487,856,1593.5303286849958
4,0.00038039113805005267,0.056876343009169904,3.315299616342488e-05,0.059211346039838214,0.09551172688722585,0.010267872422683367,0.0014528431914247204,0.024809594358515485,0.6096,1423.8048136843179,887,1654.3567857090093
