,p1,p2,p3,p4,p5,p6,p7,p8,Gkr,RMSE,iterations,CPU_time
0,0.0003811041146390004,0.05683650322892065,3.317839173253937e-05,0.05920555501245491,0.09559694685297068,0.010278221715052051,0.0014539937472848297,0.024804451384132634,0.6096,1421.168880383635,715,1230.18303379399
1,0.0003810787841983999,0.05683745566142848,3.317738727897023e-05,0.05920598246833182,0.09558936323387861,0.010278247498859219,0.0014538521553392413,0.024805129589153416,0.6096,1421.1688742954188,1016,1739.8821617459762
2,0.00038112214767310824,0.056834612844129107,3.3179810429873033e-05,0.05920523864795584,0.09559101011762679,0.010278352354516547,0.0014538897006140924,0.024804879909289222,0.6096,1421.1688739024785,495,853.4267891169875
3,0.00038112625464717967,0.05683585031930069,3.317655576409642e-05,0.059206278539068624,0.09559548741822359,0.010278758884141904,0.001453912628766251,0.02480497618700746,0.6096,1421.1688860129723,726,1248.6965020939824
4,0.0003811183349811858,0.056834716135724654,3.318027693309788e-05,0.05920531022774022,0.09559378786290257,0.010277968088382054,0.0014539573392772585,0.024805085135891212,0.6096,1421.168899176366,573,984.824480840005
