,p1,p2,p3,p4,p5,p6,p7,p8,Gkr,RMSE,iterations,CPU_time,score
0,0.0019697717168629023,0.05414223114048612,2.9802456510479396e-05,0.04872922950459689,0.09612115854539136,0.02310236192754674,0.006852582685761723,0.031391736283107166,0.15789587110344064,2609.9285853498013,1116,3472.675990306001,2609.9285853498013
1,2.0641199319779194e-07,0.0003454921929281312,0.002425383061666856,0.0011528961398271041,5.559482860871445e-06,7.410249226328191e-05,0.6797186637154478,8.807590213958786e-06,0.1524,,1116,,
