,a_1_a,a_1_b,b_a0_a,b_a0_b,k_b_a,a_a0_a,a_a0_b,b_1_a,b_1_b,b_a1_a,b_a1_b,a_a1_a,a_a1_b,k_f_a,g_Kr,RMSE,iterations,CPU_time,score
0,0.0908513627905396,0.023400617729071985,0.047211850123234256,0.062916098620329,0.03674935918859688,0.02232244886702946,0.011736383037115047,0.006500479941014168,0.03266723027811197,6.892187637473712e-05,0.04177743609416355,0.013815544523406139,0.03830518711641661,0.0236935629838388,0.15239707249380935,138.01617632496817,1208,4238.273685239,138.01617632496817
