,p1,p2,p3,p4,p5,p6,p7,p8,Gkr,RMSE,iterations,CPU_time
0,0.00036710088449809784,0.05793709136308933,3.355522084929789e-05,0.05853783703512016,0.0925435535320033,0.010052115832695177,0.0019918482738077972,0.02561413946917848,0.43105229381131943,1191.9651579514177,1364,2392.1247388550255
1,0.0003671069268431889,0.05793643860926373,3.3555302577605535e-05,0.058537690771721974,0.09254535334488605,0.0100520690089935,0.0019919322349442542,0.025613750391348344,0.43105229381131943,1191.9651823835836,646,1113.9240661509975
2,0.00036717990313712924,0.057932066161122606,3.355653120758009e-05,0.0585374956490972,0.09254477480203518,0.010051806051814164,0.0019918975415630204,0.025614265554793316,0.43105229381131943,1191.9652005936546,546,939.6473352650064
3,0.00036713692469431873,0.057934188575519144,3.355796107319396e-05,0.05853704546696322,0.09254203447849275,0.010051900473374975,0.001991882480047256,0.025613984198764688,0.43105229381131943,1191.9651837214276,749,1285.3817563570046
4,0.0003671266428440448,0.05793551566622339,3.3557491359141476e-05,0.05853732084048347,0.09254063401982658,0.010051875675719251,0.001991785187175691,0.025614454895074325,0.43105229381131943,1191.965206456332,528,928.0387417739839
