,a_a0_a,a_a0_b,b_a1_a,b_a1_b,k_f_a,a_1_a,a_1_b,b_a0_a,b_a0_b,a_a1_a,a_a1_b,k_b_a,b_1_a,b_1_b,g_Kr,RMSE,iterations,CPU_time,score
0,0.022792774167236112,0.011540682164216437,6.874692588148483e-05,0.041792232165852095,0.023577238503386104,0.09095166459155347,0.023389374807897094,0.04765970463825067,0.06298964701570386,0.013572308808957243,0.03851604135481781,0.03624750834882209,0.006510011894623475,0.03267097447264489,0.15235939758577866,202.95324464713292,1125,5666.405890941001,202.95324464713292
