,p1,p2,p3,p4,p5,p6,p7,p8,Gkr,RMSE,iterations,CPU_time
0,8.751323188749427e-05,0.09157882898987146,2.8021242371873e-05,0.053333797862341215,0.08137921312359316,0.009550016879645767,0.007511423262694156,0.036566165974888265,0.09127977271835509,1637.721732219824,1393,2649.4755007750064
1,8.751808934000513e-05,0.09157715851817029,2.802031234852184e-05,0.05333405010226578,0.08138041686949352,0.00955051617800794,0.007511424857660453,0.03656607953769138,0.09127977271835509,1637.7217414805045,1032,1959.2940194370167
2,8.75194099370594e-05,0.09157689641729058,2.8020969045309937e-05,0.053333939347975014,0.08137746467077253,0.009549439767003134,0.007511093025779891,0.03656720034770062,0.09127977271835509,1637.7217209100515,1252,2357.7958010960137
3,8.75280622717603e-05,0.09157481576780852,2.8016638509375422e-05,0.05333537048740257,0.08137679986465357,0.009549770387997772,0.007511082941105069,0.036566744389277824,0.09127977271835509,1637.7217239160186,1380,2547.225059055985
4,8.751357065156283e-05,0.09157835501095297,2.8019100861605906e-05,0.053334446770089534,0.08137947542198153,0.009550006710123217,0.007511410027259811,0.03656620283535183,0.09127977271835509,1637.7217333396409,641,1165.6651765359857
