,b_1_a,b_1_b,k_b_a,b_a0_a,b_a0_b,b_a1_a,b_a1_b,k_f_a,a_a1_a,a_a1_b,a_a0_a,a_a0_b,a_1_a,a_1_b,g_Kr,RMSE,iterations,CPU_time,score
0,0.006498000257391312,0.032678802570885346,0.03661177637739569,0.04684081841464482,0.06337661959423287,6.910333148308354e-05,0.04175394768376736,0.02382352006700921,0.01368720237716107,0.03809013537464472,0.022299538879907498,0.011783730320926103,0.09081812370603953,0.023389310048091527,0.15239406178616513,173.8493916587768,1225,5792.0084186290005,173.8493916587768
