,a_a0_a,a_a0_b,b_a1_a,b_a1_b,k_f_a,a_1_a,a_1_b,b_a0_a,b_a0_b,a_a1_a,a_a1_b,k_b_a,b_1_a,b_1_b,g_Kr,RMSE,iterations,CPU_time,score
0,0.022353462994168422,0.011635174969962503,6.892373365323775e-05,0.041773900700400504,0.02382709520086807,0.09079018693174569,0.02339592130781811,0.047012312887523174,0.06350129716826915,0.013635520858164647,0.038381301731811986,0.036667138747300904,0.006495888312022478,0.0326795129996825,0.15237900875334914,173.7191357498645,1430,6343.263747629997,173.7191357498645
