,p1,p2,p3,p4,p5,p6,p7,p8,Gkr,RMSE,iterations,CPU_time,score
0,0.00168553220352252,0.08448616323140504,2.2101426585244807e-05,0.05120499110549947,0.12144145572016907,0.026885930529579386,0.008871365178591563,0.02878490795724793,0.15465854958089606,654.199812859037,1024,2049.5461533300004,654.199812859037
1,0.019348070790395158,1.5826365878465407e-05,4.207814088689315e-05,3.4136698324374533e-07,0.000271307692180432,0.21505358802265667,0.001839271812532719,2.576840526422054e-06,0.1524,,1024,,
