,a_a0_a,a_a0_b,b_a1_a,b_a1_b,k_f_a,a_1_a,a_1_b,b_a0_a,b_a0_b,a_a1_a,a_a1_b,k_b_a,b_1_a,b_1_b,g_Kr,RMSE,iterations,CPU_time,score
0,0.022570621768306556,0.011396105628913824,6.859217149972627e-05,0.04181946235848371,0.024148763374043054,0.09077517595801105,0.023386249027700964,0.04702711668027751,0.06322178838390602,0.013174491201307292,0.03846329904109225,0.036132679690729516,0.00649463225550189,0.03268610523041174,0.1523901936317096,139.04209420509235,920,3209.6826058230017,139.04209420509235
