,a_a0_a,a_a0_b,b_a1_a,b_a1_b,k_f_a,a_1_a,a_1_b,b_a0_a,b_a0_b,a_a1_a,a_a1_b,k_b_a,b_1_a,b_1_b,g_Kr,RMSE,iterations,CPU_time,score
0,0.022191892755280183,0.01248018278992633,6.889288175773337e-05,0.04177389117236075,0.02380422689470403,0.09075981423914233,0.023378928452294768,0.04585578142136263,0.06284872225497708,0.013660961533344384,0.037858835764320746,0.037180174288053494,0.006496700016927637,0.03269847426862271,0.15231912172049825,138.47990613821133,1103,3830.6486717240005,138.47990613821133
