,p1,p2,p3,p4,p5,p6,p7,p8,Gkr,RMSE,iterations,CPU_time,score
0,0.3705863432143464,0.001197877289495724,51.00695927504862,0.01726826893004478,51.00100615195959,0.023960654231581342,1.9631677699224552,0.0402463939704183,33.85650765817332,184144.48201747471,1446,6789.948108138002,184144.48201747471
1,1.6952727897566572e-06,0.009249782386846008,0.3650994550578392,1.931780186010225e-06,1.5200653038972978e-05,3.533566925779975e-06,0.004071471559909932,4.630544013282249e-06,0.1524,,1446,,
