,p1,p2,p3,p4,p5,p6,p7,p8,Gkr,RMSE,iterations,CPU_time,score
0,0.0015680959359483226,0.0793105977325753,2.217440259255741e-05,0.051200645466026116,0.09593372818100385,0.023936017467770025,0.007048991854190283,0.03131840927807913,0.15484707223376173,721.8140831755114,1116,2434.896090608001,721.8140831755114
1,0.01566640765506761,0.0819973590507094,0.0011960653619602086,7.716025730693774e-06,5.262785883339086,3.9161368481739506e-05,1.6812369996181297e-05,1.324159353204113e-07,0.1524,,1116,,
