,b_1_a,b_1_b,k_b_a,b_a0_a,b_a0_b,b_a1_a,b_a1_b,k_f_a,a_a1_a,a_a1_b,a_a0_a,a_a0_b,a_1_a,a_1_b,g_Kr,RMSE,iterations,CPU_time,score
0,0.006507652833765176,0.0326470665625044,0.03384432391418665,0.05395671194763462,0.06389598979998819,6.952342455683835e-05,0.041707849500556185,0.0231900092830543,0.014173241734846718,0.03815567091597692,0.02326182501160733,0.010380885888804507,0.09092561185158593,0.023412331389734253,0.1523823500216198,138.528564116111,1317,4587.748414679001,138.528564116111
