,p1,p2,p3,p4,p5,p6,p7,p8,Gkr,RMSE,iterations,CPU_time
0,6.89608638695995e-05,0.09672382193280593,2.475134396453875e-05,0.053334088402036975,0.07675305474052886,0.009937660641636741,0.008511639252801784,0.03834326118776439,0.0762,3056.9983367030973,593,1991.1450254590018
1,6.895577327371899e-05,0.09672485653589623,2.475205913836111e-05,0.05333387947193359,0.07675493069301302,0.009938256824351989,0.008511764620559052,0.03834318446970886,0.0762,3056.9983374913118,577,1407.8087267579976
2,6.894426450391571e-05,0.09672740799732599,2.4752892850529428e-05,0.053333497829168554,0.07675873767259091,0.009937200026637684,0.008513080367165603,0.03834216181113339,0.0762,3056.99835848404,600,1948.988597493997
3,6.89630180438982e-05,0.09672301042229255,2.4749287228490026e-05,0.05333484378444648,0.07675731771893476,0.009937851631687257,0.00851221854885186,0.03834269137612461,0.0762,3056.998333065576,976,2649.360459592004
4,6.894610262409622e-05,0.0967283751997381,2.4751470175248704e-05,0.05333407772495938,0.07675543120247591,0.009937582983922848,0.00851215276220172,0.038342761167620774,0.0762,3056.998314234277,1030,3041.493768942004
