,a_a0_a,a_a0_b,b_a1_a,b_a1_b,k_f_a,a_1_a,a_1_b,b_a0_a,b_a0_b,a_a1_a,a_a1_b,k_b_a,b_1_a,b_1_b,g_Kr,RMSE,iterations,CPU_time,score
0,0.022126431413104854,0.011993212993401588,6.887260241777325e-05,0.04178286200443831,0.023765947970836743,0.09074941526464105,0.023396113081206323,0.04618077656189489,0.0628507454150032,0.013645171965322323,0.038272348743111556,0.0366455221415214,0.006488034847869675,0.03269283596116372,0.15237979991061365,202.7399078254316,1202,5622.806150820001,202.7399078254316
