,p1,p2,p3,p4,p5,p6,p7,p8,Gkr,RMSE,iterations,CPU_time,score
0,0.7962221743779728,1.1376628401731166e-06,1.8027858583755456,0.016646683716529248,2.297510216236076,0.0006401430719163839,0.14760670092711406,0.06227239962777694,0.47616716404144016,183116.13921590813,5340,27757.635848965998,183116.13921590813
1,2.9563668431506396,0.010930040344268404,1.908725861403593,0.00015781700431694414,3.458965463470771,0.01086446659819043,0.00017252994929510172,8.56890575533751e-06,0.1524,,5340,,
