,b_1_a,b_1_b,k_b_a,b_a0_a,b_a0_b,b_a1_a,b_a1_b,k_f_a,a_a1_a,a_a1_b,a_a0_a,a_a0_b,a_1_a,a_1_b,g_Kr,RMSE,iterations,CPU_time,score
0,0.006489164287847427,0.032680410840655164,0.036872859042340334,0.047265929699349736,0.06293816802248983,6.902728250800567e-05,0.041766565600261624,0.023787051653650804,0.01386251864286151,0.03798167226398818,0.022286637503919963,0.011877749734326513,0.09076213451615228,0.023395195037278334,0.15241836836544426,203.44566947155323,1309,6659.670361250002,203.44566947155323
