,p1,p2,p3,p4,p5,p6,p7,p8,Gkr,RMSE,iterations,CPU_time,score
0,0.0019689142368806345,0.05415082577719302,2.9820363032997316e-05,0.04872218944438371,0.09600395653089043,0.023113653185796303,0.006842751414315162,0.03139683287980023,0.15786045550644467,2602.4615768697986,1471,5057.834023735,2602.4615768697986
1,2.786243924853493e-07,1.831489349242036e-06,0.00015255169926099469,0.00013536686705737478,9.397499382767684,3.513963348836612e-06,4.0068004159377805e-06,0.12075796642382366,0.1524,,1471,,
