,p1,p2,p3,p4,p5,p6,p7,p8,Gkr,RMSE,iterations,CPU_time
0,0.00037528397602910413,0.05729592318221978,3.335704874679809e-05,0.05890330838048019,0.09405710733743691,0.010178023959558994,0.0017019656618710516,0.02517381057888537,0.5126104547386644,1315.7844189745672,971,1676.9845026999828
1,0.00037529201493965753,0.057294477384553906,3.33547391040679e-05,0.058903982843036364,0.09405584626872399,0.0101777008269209,0.0017019020760011651,0.025174444465735874,0.5126104547386644,1315.7844383106408,618,1069.4781291690015
2,0.0003753278934325304,0.057293208068209124,3.335582434599132e-05,0.058903806915883684,0.09405748899875287,0.01017761992095035,0.0017019364652680474,0.025174496889997778,0.5126104547386644,1315.7844244461146,742,1279.764167212008
3,0.0003752815372413946,0.057295698077735935,3.335624681537421e-05,0.05890369049973882,0.09406117116154433,0.010178209205345309,0.0017019927340175289,0.02517407349561365,0.5126104547386644,1315.7844306962654,671,1158.3479810349818
4,0.0003753365077619021,0.05729242381895411,3.3355323701903764e-05,0.058903837925954994,0.09405912988523915,0.010177862963728454,0.0017019640442913883,0.025174289880833107,0.5126104547386644,1315.7844180434472,538,925.511486317002
