,p1,p2,p3,p4,p5,p6,p7,p8,Gkr,RMSE,iterations,CPU_time,score
0,0.001567611597375145,0.07930286218432657,2.2202575639915805e-05,0.05117811859742064,0.09594121271728187,0.023935403608389465,0.00705472323924286,0.03132862048916838,0.154735369208398,721.3703751427317,1428,3110.5699945680003,721.3703751427317
1,4.038255677448931e-07,7.933667609102964e-05,0.09613150633799139,2.401696646143765e-05,1.7174470131697415,1.2625000836318043e-05,3.3845397732816895,2.873227586523181e-07,0.1524,,1428,,
