,p1,p2,p3,p4,p5,p6,p7,p8,Gkr,RMSE,iterations,CPU_time,score
0,0.001689781001499731,0.036641240185030885,4.2942885725281296e-05,0.045932446970139526,0.09318605893583207,0.02181199483127234,0.0073510847857907406,0.02961810606647116,0.16386573497505522,1711.9140942929064,1667,4823.332790736,1711.9140942929064
1,0.00015608199024799507,0.0006214274433038778,1.248126439828874,0.00039828381953430336,0.015401128647942974,1.0277524959640418e-07,2.590770155478841e-07,4.710035768056759e-07,0.1524,,1667,,
