,p1,p2,p3,p4,p5,p6,p7,p8,Gkr,RMSE,iterations,CPU_time
0,0.00025168771646338813,0.09167894598246025,2.8779826273786222e-05,0.050412844644395556,0.06521982324197649,0.009565606312674032,0.010170643221383995,0.04126695852720414,0.05403868913693675,1614.2922085433631,634,1014.0104649540008
1,0.0002516629340128289,0.091681618862665,2.8778918692327566e-05,0.05041308625531599,0.06522103446281119,0.009565517158680814,0.010170793986041178,0.04126673515673124,0.05403868913693675,1614.2921789801774,710,959.3014436810045
2,0.00025167995113843157,0.09167976224024603,2.8788844251842863e-05,0.050409741332650033,0.06522166675965435,0.009564474090585981,0.010170675304407484,0.04126970625916423,0.05403868913693675,1614.292204550447,603,814.8394480069983
3,0.000251681321443873,0.09167970948742354,2.8782485507745708e-05,0.050411838419665914,0.06521942277774842,0.00956606164051592,0.010170348692615207,0.04126809558883939,0.05403868913693675,1614.2921947657342,928,1253.1597587569995
4,0.0002516420505891741,0.09168182369648585,2.8783396751034626e-05,0.05041184935604083,0.06522004235545305,0.009565557355618998,0.010170562586623012,0.041268292365767796,0.05403868913693675,1614.292211770216,610,1142.4479250570002
