,p1,p2,p3,p4,p5,p6,p7,p8,Gkr,RMSE,iterations,CPU_time,score
0,2.6026616323743113e-06,0.18757304029863917,0.0001149450425082291,0.03705435191830079,1.0000129665567174e-07,0.3373070841236367,4.807290614279553e-05,0.06909451357263029,0.16698872435191667,33116.574216378336,1434,2739.797298499001,33116.574216378336
1,3.639670653957591e-06,8.016121786678099e-05,1.2606690124165946e-06,0.00015468943411574778,0.00017701010806906578,0.0006806431196355198,0.00045739686996948073,0.004578406826405698,0.1524,,1434,,
