,p1,p2,p3,p4,p5,p6,p7,p8,Gkr,RMSE,iterations,CPU_time,score
0,128.70169371866123,0.014229427493956554,14.894948504094597,0.013240272611166027,0.2964624487816438,0.0611018469947205,0.01808534250389943,0.034697238872464724,0.09915946822581866,105320.77885793788,2193,7317.147147351,105320.77885793788
1,5.493301975530878e-06,0.053238675290747065,4.695769300069919,0.00013544604501578315,9.452027421005792e-05,1.0420944891974072e-05,1.3572628531613522,0.0017410497733361487,0.1524,,2193,,
