,a_a0_a,a_a0_b,b_a1_a,b_a1_b,k_f_a,a_1_a,a_1_b,b_a0_a,b_a0_b,a_a1_a,a_a1_b,k_b_a,b_1_a,b_1_b,g_Kr,RMSE,iterations,CPU_time,score
0,0.022214827673740892,0.011825722833129609,6.898446883372578e-05,0.04176918051508238,0.02378380443295431,0.09083827130657607,0.023393553804661918,0.04765115751416153,0.06261443590149687,0.013740790136510039,0.03814920269903831,0.03630376685809319,0.006496865337620577,0.032681502370456715,0.15239025316909696,202.01383378600764,932,4337.678627109999,202.01383378600764
