,p1,p2,p3,p4,p5,p6,p7,p8,Gkr,RMSE,iterations,CPU_time,score
0,0.0016141394251298728,0.07286844584979645,1.909404077982024e-05,0.05227038219163867,0.11009608915484582,0.023165256385864724,0.008879601862934421,0.029428785518431318,0.15297807898640864,2962.1482119811053,1673,8627.727397104,2962.1482119811053
1,0.08239484452206611,2.2136085978835104e-06,0.00018219622319766126,4.4987774861880446e-07,4.515964447030549e-05,2.676424179798671e-07,0.0012282786333572405,5.856660098672201e-07,0.1524,,1673,,
