,p1,p2,p3,p4,p5,p6,p7,p8,Gkr,RMSE,iterations,CPU_time
0,8.938136815279954e-05,0.10327639793990961,1.1834292633979083e-05,0.05536404782532775,0.0503712494129314,0.01038595689728422,0.009795422714993307,0.05069950263631749,0.0381,12024.130700639715,1097,1851.217382723
1,8.947980391993869e-05,0.10325153697557744,1.1837024850386724e-05,0.0553624541286537,0.05037119179963496,0.010385265530591225,0.00979556834814333,0.050699901536264726,0.0381,12024.13076958986,711,1178.6360671689908
2,8.940044544621658e-05,0.10327105606607155,1.1834493551874575e-05,0.05536391533706591,0.050372817108951376,0.010385196099907625,0.009795571930725265,0.05069916491800923,0.0381,12024.130777305129,667,1107.6154619120061
3,8.940623358660296e-05,0.10326960733766394,1.1835120987757828e-05,0.05536317692876674,0.05037413735529352,0.010384838895307148,0.009795777526271605,0.050701902470180485,0.0381,12024.130759323178,598,990.426433836983
4,8.938594803226008e-05,0.103273955647485,1.1834982324073474e-05,0.05536398039747052,0.05037005758575105,0.010385445264880066,0.00979477248073704,0.05070075734086956,0.0381,12024.130690639377,699,2155.4962499559915
