,a_a0_a,a_a0_b,b_a1_a,b_a1_b,k_f_a,a_1_a,a_1_b,b_a0_a,b_a0_b,a_a1_a,a_a1_b,k_b_a,b_1_a,b_1_b,g_Kr,RMSE,iterations,CPU_time,score
0,0.022039870207499822,0.011947757433721224,6.897136391482261e-05,0.04177103864630414,0.02375253903045648,0.09088404296761414,0.02339141128387524,0.04654291559224492,0.06277455498008092,0.013864188793000632,0.03821521179808946,0.03693062909583009,0.0065020275877432756,0.03267785643698556,0.15240137798992498,203.1661098564627,1463,7001.661316684,203.1661098564627
