,p1,p2,p3,p4,p5,p6,p7,p8,Gkr,RMSE,iterations,CPU_time,score
0,0.001969764677048475,0.054149031203490565,2.9816476226757804e-05,0.04872410244009064,0.0961380371961757,0.023124361627431207,0.006851216339204182,0.031387894645908784,0.15786429847758748,2603.055283862466,1082,3463.7282325489996,2603.055283862466
1,1.7192018390763712e-07,3.313109374668152e-05,0.00010509308908810489,0.09612999708414219,0.0006961442612177685,0.039960188683708056,3.973913818479927e-07,0.09185986916307354,0.1524,,1082,,
