,a_a0_a,a_a0_b,b_a1_a,b_a1_b,k_f_a,a_1_a,a_1_b,b_a0_a,b_a0_b,a_a1_a,a_a1_b,k_b_a,b_1_a,b_1_b,g_Kr,RMSE,iterations,CPU_time,score
0,0.022862958151831436,0.010675357324571646,6.957604307370502e-05,0.04170185866053693,0.02317474252534899,0.09092755385620481,0.02341269667812221,0.05327537892381516,0.06362330859094899,0.014331625828482115,0.03812776337404732,0.034036304800471234,0.00650771635518655,0.03264626823603639,0.15238319841006506,138.52865570135776,828,2851.920739418,138.52865570135776
