,p1,p2,p3,p4,p5,p6,p7,p8,Gkr,RMSE,iterations,CPU_time
0,0.0003757277112183301,0.057282862822140596,3.344554864565629e-05,0.05887810411286184,0.09388352045186467,0.010186385801689395,0.0016975142787258272,0.025183094018354602,0.5126104547386644,1317.4668452023564,1082,2914.539503064996
1,0.00037566098945619297,0.05728589011262921,3.344169752048478e-05,0.058879143939104234,0.09388340666908725,0.010186733851508013,0.0016975001933951551,0.02518283662141715,0.5126104547386644,1317.4668771830711,501,1081.2002222900046
2,0.0003757326182153469,0.05728211956661651,3.3446037462574084e-05,0.0588779586801388,0.09388236380443257,0.010186448703798427,0.0016975043573203594,0.025183036017463137,0.5126104547386644,1317.4668462553363,1053,2331.7501960869995
3,0.0003757100197862046,0.05728410085163912,3.345147564212401e-05,0.05887678510429085,0.09388401925779495,0.01018705421770252,0.0016974997262778088,0.025183120772336347,0.5126104547386644,1317.4668678602004,693,1453.4291252290132
4,0.0003757119855190273,0.057284206010568266,3.34471203043997e-05,0.05887768835747073,0.09388232165108121,0.01018742410432263,0.0016974546982140592,0.025182776295047244,0.5126104547386644,1317.4668803786728,794,1953.5875202970055
