,p1,p2,p3,p4,p5,p6,p7,p8,Gkr,RMSE,iterations,CPU_time
0,0.0002207963257939849,0.07284323093636703,3.96521601510988e-05,0.05132591587687123,0.07783449178514015,0.009361571722737033,0.005973451148620149,0.03603053168287814,0.10776307345282986,721.8202125118966,534,1622.063479969991
1,0.00022078790823323895,0.07284361521169824,3.964278467236185e-05,0.05132817505286656,0.07783689062539721,0.00936160536477228,0.005973311312271912,0.0360306287780473,0.10776307345282986,721.8202150811774,534,1612.1685169319971
2,0.0002207744035399662,0.07284539934351592,3.965453907807179e-05,0.05132506793695771,0.07783596433174937,0.009361878485721897,0.005973495117041784,0.03603052994803357,0.10776307345282986,721.8202184406612,641,1284.9455497960007
3,0.00022084296064592604,0.0728381203558253,3.964837904147371e-05,0.05132684196188136,0.07783597047743332,0.009362186586541478,0.005973503064592678,0.03603025290883619,0.10776307345282986,721.8202303026977,649,1161.7911740840063
4,0.00022076971713301557,0.07284435811932718,3.9652458630066534e-05,0.05132564318569409,0.0778350917869988,0.009361773340966228,0.0059733729753960055,0.03603109048870401,0.10776307345282986,721.8202137234774,620,1843.0288774220098
