,p1,p2,p3,p4,p5,p6,p7,p8,Gkr,RMSE,iterations,CPU_time,score
0,0.0016141206711803653,0.07287216685694332,1.904862239980103e-05,0.052292963044793125,0.11016621066068633,0.023162525143498824,0.008885436864231424,0.029408724529217396,0.1530255769928396,2966.02714974589,1840,9577.664877627,2966.02714974589
1,2.2305718834853105e-06,3.2408440492061265e-07,5.399992768085521e-07,0.0020196526971756152,2.553673277491472,2.9005593795290754e-06,2.720310111034873,0.0002887422463036557,0.1524,,1840,,
