,p1,p2,p3,p4,p5,p6,p7,p8,Gkr,RMSE,iterations,CPU_time
0,0.00021249697100076624,0.057100288474905954,2.7458848588081213e-05,0.05904503840200869,0.09616149374049197,0.008584179712651524,0.002417412368492194,0.027282074168600887,0.3624703286528294,277.39205949417186,667,794.5444296919886
1,0.00021250057697836004,0.057098675170042995,2.746069986985984e-05,0.059044421310512935,0.09614270115890614,0.008583077824031775,0.002416944686365989,0.027283637320076565,0.3624703286528294,277.3920628267638,595,763.0661989619985
2,0.00021250525161260153,0.05709923466045473,2.7461225321198182e-05,0.05904433714937435,0.09618204335479136,0.008587666568785709,0.002417924232356603,0.02727896024650973,0.3624703286528294,277.39206251672783,609,825.4509897139942
3,0.0002124856881256745,0.057098098377196586,2.7458995730973366e-05,0.05904443389869435,0.09621990976426376,0.0085895134349895,0.002418948277645884,0.02727643416254437,0.3624703286528294,277.3920528129958,692,1347.3446046160097
4,0.00021249172792850432,0.05710063336129954,2.7461490056965396e-05,0.05904400048941783,0.09619239661937684,0.008587445799136478,0.0024182261378835937,0.027278661069224025,0.3624703286528294,277.392056645763,549,799.336588923994
