,p1,p2,p3,p4,p5,p6,p7,p8,Gkr,RMSE,iterations,CPU_time
0,0.00021219914034106217,0.05710203981834995,2.7545866800703095e-05,0.059018859694216566,0.09658121510663867,0.008632578037950157,0.0024294058587661623,0.02722848191549688,0.3624703286528294,279.70270936411,596,1175.1671298619985
1,0.00021222433075661766,0.05710053108541667,2.7546004794363518e-05,0.05901906667301849,0.09658869733927494,0.008633682734578745,0.0024295874417553554,0.027227336573076587,0.3624703286528294,279.70270937594086,559,1105.2165472100023
2,0.00021220822821562104,0.05710348163912935,2.7546128155812666e-05,0.05901917434602409,0.09658329897891786,0.008633172685721089,0.0024294159065102005,0.02722816242497656,0.3624703286528294,279.7027039031657,796,1296.8350109509993
3,0.00021221190064643112,0.05710080288782339,2.7545374720344738e-05,0.059019292996755936,0.09658194123343379,0.008632085628672114,0.002429406223766556,0.027228785543089756,0.3624703286528294,279.7027076594614,685,994.0311232550011
4,0.0002122070904300793,0.05710336737699557,2.7543233457050286e-05,0.05901985738611867,0.09658975221570118,0.0086327759036242,0.0024296181800049273,0.027227746259018124,0.3624703286528294,279.70270929937925,695,1371.596671749001
