,a_a0_a,a_a0_b,b_a1_a,b_a1_b,k_f_a,a_1_a,a_1_b,b_a0_a,b_a0_b,a_a1_a,a_a1_b,k_b_a,b_1_a,b_1_b,g_Kr,RMSE,iterations,CPU_time,score
0,0.023965826192623482,0.010519904859123744,6.893719278685939e-05,0.04177334135077827,0.02372737297218713,0.09083788258322836,0.023399666052712615,0.050422818699979874,0.06420666187538847,0.01300571705414576,0.038490914431422905,0.03459986286038391,0.006497695582470162,0.0326796292308964,0.15242604669608845,138.68168531948857,1200,3775.050868497001,138.68168531948857
