,a_a0_a,a_a0_b,b_a1_a,b_a1_b,k_f_a,a_1_a,a_1_b,b_a0_a,b_a0_b,a_a1_a,a_a1_b,k_b_a,b_1_a,b_1_b,g_Kr,RMSE,iterations,CPU_time,score
0,0.02231458421338345,0.01160567133207751,6.883900401078607e-05,0.04178821189890069,0.024392091139990368,0.09086280177898175,0.02342064945215938,0.04702613774868768,0.06330295418209031,0.013693957737197794,0.037931211201670714,0.037947304022253096,0.006500563229994921,0.032660372701433286,0.15239896328061697,138.01354311389943,1794,5299.046404903001,138.01354311389943
