,p1,p2,p3,p4,p5,p6,p7,p8,Gkr,RMSE,iterations,CPU_time
0,6.0071851799461784e-05,0.09953168084088429,2.1491598105481115e-05,0.05361421325705858,0.07115793181528061,0.010455317727233364,0.009525026905648755,0.040173434799212676,0.06435684129488249,4834.3685271941395,703,1318.7061303179944
1,6.009231725553263e-05,0.09952413981514055,2.149711536828171e-05,0.05361164987977848,0.07115379385570857,0.010456274428881432,0.00952466479305222,0.04017279387103596,0.06435684129488249,4834.368488891007,726,1362.6498900389997
2,6.0084038402338515e-05,0.09952664506535785,2.149545688723468e-05,0.05361238446309237,0.07115194689300168,0.010456433245355546,0.009524175431802742,0.0401733084110462,0.06435684129488249,4834.368477437094,631,1149.5046011699887
3,6.0075558354168324e-05,0.09953054217043356,2.1494680862507377e-05,0.0536129420689786,0.07115560778628334,0.010455674029231532,0.009524788071451126,0.04017357216156697,0.06435684129488249,4834.368496409085,1300,2301.8320704410144
4,6.008298031936442e-05,0.09952776721033608,2.1497408363357873e-05,0.05361158012163391,0.0711556564722661,0.010455979787334164,0.009525088142014538,0.04017247339664137,0.06435684129488249,4834.368489741233,1192,2539.6697101659956
