,p1,p2,p3,p4,p5,p6,p7,p8,Gkr,RMSE,iterations,CPU_time
0,0.00022439513923787268,0.06560086560071146,3.2455110880781445e-05,0.05576185106122212,0.08939660476611473,0.008660390180419395,0.004442593980925187,0.030437972754472527,0.1812351643264147,152.15360302011652,880,1163.3870940509987
1,0.00022438540887717988,0.06560100685164053,3.245538837532848e-05,0.055761721577207345,0.08939508617041178,0.008659879524491121,0.004442558970864282,0.030438397552844373,0.1812351643264147,152.15360558284124,505,646.0468775590016
2,0.00022439200738379615,0.06560046342849794,3.245439594947188e-05,0.05576203402308767,0.08939305980393611,0.008659818340691319,0.004442425324592177,0.030438451795894966,0.1812351643264147,152.15360431671056,782,921.4894780399991
3,0.00022438900745686298,0.06560095243537362,3.2456176386445606e-05,0.05576155076198472,0.08939504161605606,0.008660240457585944,0.0044425692332134325,0.030437988595088446,0.1812351643264147,152.153604554204,618,900.4469055260015
4,0.00022438900546335492,0.06560099146422091,3.2454698400497974e-05,0.05576188397956508,0.08939493024126713,0.008659966236371979,0.004442537827230467,0.03043824858186855,0.1812351643264147,152.15360282051424,672,929.0059204749996
