,p1,p2,p3,p4,p5,p6,p7,p8,Gkr,RMSE,iterations,CPU_time
0,0.00022408868666958244,0.06570030618082225,3.267718616672726e-05,0.05571941212823175,0.08917619982823795,0.008737950181077791,0.004428500788973312,0.030430482339265045,0.1812351643264147,151.82748743367674,573,1093.3492960239964
1,0.00022408528776206923,0.0657017040033471,3.267677991632115e-05,0.05571953946872732,0.089184363932441,0.008738688808006176,0.004428890685796762,0.030429686683740936,0.1812351643264147,151.82748637668215,924,1849.0638691280037
2,0.0002240826718431973,0.06570043339549766,3.267605073748237e-05,0.0557195887195378,0.08918555530545348,0.008738698488649822,0.004428987220722929,0.03042945179887224,0.1812351643264147,151.82748694984548,901,1638.2758102639928
3,0.00022408652787754435,0.0657004277962902,3.267620868267392e-05,0.05571965297530899,0.08917478861173678,0.008737705688107016,0.004428431235864372,0.030430616582990996,0.1812351643264147,151.82748759866894,782,1075.4031002010015
4,0.0002240946731798914,0.06569935178818141,3.2676406150495516e-05,0.05571957628032171,0.0891777848381526,0.008737886115444536,0.004428566131818987,0.030430379668391808,0.1812351643264147,151.82748797771785,718,1239.779784793005
