,a_a0_a,a_a0_b,b_a1_a,b_a1_b,k_f_a,a_1_a,a_1_b,b_a0_a,b_a0_b,a_a1_a,a_a1_b,k_b_a,b_1_a,b_1_b,g_Kr,RMSE,iterations,CPU_time,score
0,0.021844619623048837,0.012136389179519909,6.888155180255296e-05,0.04178351620174397,0.02371661245642094,0.09085492862964678,0.02338789402974167,0.04664653976162708,0.06272829554962568,0.0139831705436459,0.03807454817843488,0.03696908461123342,0.006503995849578727,0.03266591233312351,0.15239741302786616,202.7062345216404,950,2592.5793368529994,202.7062345216404
