,p1,p2,p3,p4,p5,p6,p7,p8,Gkr,RMSE,iterations,CPU_time,score
0,0.0016152030849433418,0.07286834903786281,1.9068390641535332e-05,0.05228445851050914,0.11012405792475027,0.023163328991297874,0.008879472752464073,0.029416717564400435,0.15302547032100206,2966.552312717884,1025,4877.221231310999,2966.552312717884
1,0.037008700532125016,8.630515309958803e-05,2.5967862090897674e-06,0.001709774202550118,1.40720715916064,0.00026954380576390364,0.10363045260984546,0.020000464699794652,0.1524,,1025,,
