,p1,p2,p3,p4,p5,p6,p7,p8,Gkr,RMSE,iterations,CPU_time,score
0,0.0016834221309819596,0.08439570805698156,2.2080624525156123e-05,0.05121349465358551,0.12134428352602983,0.026861510115569334,0.008863921902069414,0.028803715899533403,0.1546880226726745,653.2885779736878,1210,2463.8644323909994,653.2885779736878
1,5.018200303574586e-07,0.024839438866037802,0.0009986312573912399,4.3237002049332634e-05,0.0189941135682356,5.946763362306749e-07,0.00013591257852899183,2.513824222861525e-06,0.1524,,1210,,
