,p1,p2,p3,p4,p5,p6,p7,p8,Gkr,RMSE,iterations,CPU_time
0,0.000303711987253276,0.06265789007945459,3.486276422942012e-05,0.05617743034839295,0.08823089568460837,0.009167810666255938,0.003791685369754686,0.028745517368244634,0.21552614690565972,470.0139193919939,721,1389.7323515310127
1,0.00030371806936206684,0.06265689659965831,3.4862899175249096e-05,0.056177411438863956,0.08823028912569694,0.009167573385470624,0.0037917101462183315,0.028745521513673867,0.21552614690565972,470.01392998633617,543,1043.2670199230197
2,0.0003037008331065206,0.06265841595622307,3.486214008777617e-05,0.05617755551148181,0.08823120741723127,0.009167716583671336,0.003791704157123946,0.028745427212832228,0.21552614690565972,470.01393046467194,601,1160.3344225939945
3,0.00030372393035251106,0.06265714196565636,3.486206737671153e-05,0.05617761349679238,0.08823137878231108,0.009167674989431548,0.003791714693016733,0.028745438377263833,0.21552614690565972,470.0139207224194,1454,2760.2664059470117
4,0.00030372025655886204,0.06265713866021787,3.4862420757930395e-05,0.05617755670934912,0.08822900046534268,0.009167971060020047,0.0037915370258221615,0.028745794959372746,0.21552614690565972,470.0139316541977,491,916.7554133369995
