,p1,p2,p3,p4,p5,p6,p7,p8,Gkr,RMSE,iterations,CPU_time
0,0.0003036136799663119,0.06267230571720249,3.480296741174161e-05,0.056192873987012365,0.0882423934624586,0.009152088888498666,0.003791721559245651,0.028752839230162704,0.21552614690565972,471.70834051794355,539,1787.1571720499996
1,0.00030361760528124787,0.06267242282264415,3.4801679624381784e-05,0.0561931462575218,0.08824272008430914,0.009151923194340775,0.0037917034941570157,0.028752830651988703,0.21552614690565972,471.7083342085744,726,2412.5377437599964
2,0.0003036277699401403,0.06267173687710068,3.48026690217967e-05,0.05619298661542505,0.08824257714892375,0.009151967115819544,0.0037917037957846574,0.028753001775988343,0.21552614690565972,471.7083404530372,564,1888.9289013019952
3,0.00030361827561939977,0.06267195503904305,3.4802759937034914e-05,0.056192883009270826,0.08824211017034815,0.009152010567040797,0.003791717598864696,0.02875281004295731,0.21552614690565972,471.70833511799117,686,2292.2296484850012
4,0.00030361814444789887,0.06267237843572837,3.480276950171907e-05,0.05619292746713254,0.08824293789980382,0.009151825399349502,0.003791746155242331,0.028752902761028695,0.21552614690565972,471.7083391189086,597,2002.358816600994
