,p1,p2,p3,p4,p5,p6,p7,p8,Gkr,RMSE,iterations,CPU_time,score
0,0.8294100450836626,1.0320842456195437e-07,0.0003189826368246796,1.0023547337605774e-07,1.1390721406041638e-06,1.0000183138420637e-07,6.38454555419627e-05,1.0001276430920214e-07,0.00684526202334046,101915.33548721917,1478,2406.6669958580005,101915.33548721917
1,0.8199551474347055,1.721585623788002e-07,0.00032893213915413455,7.621910837118703e-05,1.1948504261826984e-06,0.0003065308110343215,6.807549665527714e-05,0.0009557883999977748,0.1524,,1478,,
