,p1,p2,p3,p4,p5,p6,p7,p8,Gkr,RMSE,iterations,CPU_time
0,0.0002475479370437006,0.08472978536374835,3.436601026884766e-05,0.05093348378225902,0.07567839066133565,0.00900825768751557,0.008207223373040105,0.037678790933668556,0.07664514235271616,712.5181052930708,611,896.7454419550049
1,0.000247539882255242,0.08473109287460397,3.436360929859753e-05,0.050934328744660314,0.07567625330278278,0.009007350377765556,0.008207025185159847,0.03767921121400667,0.07664514235271616,712.5181081333862,657,900.166428262004
2,0.00024759629473255856,0.08471886154004442,3.436395662676523e-05,0.05093398916380269,0.07567500319976596,0.00900799294057601,0.00820684766869742,0.03767921793036049,0.07664514235271616,712.5181019999713,536,1203.7783411080018
3,0.0002475545639019065,0.0847313448582138,3.4369097134586184e-05,0.05093286361708195,0.07568021796460894,0.009007804187454291,0.00820759258981451,0.03767935018911152,0.07664514235271616,712.5181205896544,741,1612.5244601629965
4,0.0002475291909810684,0.08473271590445383,3.4366181616967683e-05,0.05093361637365825,0.07567773642698233,0.009008446683988694,0.00820709871149045,0.03767921773352867,0.07664514235271616,712.5181130962508,526,1085.7906537610106
