,a_a0_a,a_a0_b,b_a1_a,b_a1_b,k_f_a,a_1_a,a_1_b,b_a0_a,b_a0_b,a_a1_a,a_a1_b,k_b_a,b_1_a,b_1_b,g_Kr,RMSE,iterations,CPU_time,score
0,0.02208496617943324,0.011469796384624417,6.910050911794259e-05,0.04175353471874117,0.023786297561357986,0.09082588052582588,0.023404681029592905,0.04798933819179276,0.06333739715239226,0.014327741288827271,0.038006430293739,0.037491125117150255,0.006498658381578855,0.032673712791525755,0.15233885008560932,138.75790016420385,1861,6073.069207962999,138.75790016420385
