,p1,p2,p3,p4,p5,p6,p7,p8,Gkr,RMSE,iterations,CPU_time
0,0.0002102244307733398,0.056197826117579834,2.694394911729611e-05,0.059531840742061595,0.09717515787633262,0.008615193513671173,0.0020594215556866296,0.026809011071418157,0.43105229381131943,303.2175097244643,572,758.9761367710016
1,0.00021022185209344454,0.056198313181651555,2.6939054309549734e-05,0.059533462299193415,0.09718622826303668,0.00861478133892164,0.0020596404332622223,0.0268086821396285,0.43105229381131943,303.21751056263497,521,676.9180612620112
2,0.00021021594431174128,0.05620076920604236,2.6944538460510644e-05,0.059531632442428616,0.09717805661949969,0.008616449370272502,0.0020594724574489773,0.026807414165273578,0.43105229381131943,303.2175068826546,594,675.8251189669973
3,0.00021023209272134238,0.05619899844697874,2.6943318285760855e-05,0.05953215469929113,0.09718272713013976,0.008616406943299652,0.0020595570594657588,0.02680774603130141,0.43105229381131943,303.21750203520946,651,1079.7988187540032
4,0.00021022987218396528,0.05619865272443549,2.694480103450972e-05,0.05953163581395424,0.09718299710137464,0.0086160035535568,0.002059570977830586,0.026808242384262763,0.43105229381131943,303.2175081552701,505,961.662681043992
