,a_a0_a,a_a0_b,b_a1_a,b_a1_b,k_f_a,a_1_a,a_1_b,b_a0_a,b_a0_b,a_a1_a,a_a1_b,k_b_a,b_1_a,b_1_b,g_Kr,RMSE,iterations,CPU_time,score
0,0.02228121256824076,0.011901232835926107,6.855221775754055e-05,0.041820829773065636,0.023930074872248068,0.09075264676648259,0.0233934307881508,0.04472844914958959,0.0632312235740186,0.013518308551046304,0.038406687930686904,0.03789038338912614,0.006490934664693927,0.03268265054775458,0.1523995391170055,138.3725728625529,1163,3817.928938988,138.3725728625529
