,p1,p2,p3,p4,p5,p6,p7,p8,Gkr,RMSE,iterations,CPU_time,score
0,0.0016847436808952493,0.08444777808683564,2.211367571791147e-05,0.05119875688420991,0.12143024072434597,0.026899705433696772,0.008870786200162557,0.028777230095162178,0.1546574134875692,653.2881704091438,3426,7216.506696668,653.2881704091438
1,4.1694281510831184e-05,0.0002453524775247243,0.1454497818903938,3.1651018446143126e-07,3.791338021090954e-05,0.1803696307957592,1.6147316588020106,0.0002429153433425193,0.1524,,3426,,
