,p1,p2,p3,p4,p5,p6,p7,p8,Gkr,RMSE,iterations,CPU_time,score
0,0.0016855086877515177,0.08448453595923074,2.210083202530604e-05,0.05120536838451391,0.12144427900724249,0.02688683639676802,0.008871402497153855,0.028783954854847426,0.15466100473873493,654.1998069422937,1295,2525.9686270780003,654.1998069422937
1,7.206756409354351e-05,0.004965984575655034,0.34446957005405515,0.002328533887412032,0.2553502138002198,0.00014412928633973873,0.027990930632762742,1.0569902487219277e-07,0.1524,,1295,,
