,a_a0_a,a_a0_b,b_a1_a,b_a1_b,k_f_a,a_1_a,a_1_b,b_a0_a,b_a0_b,a_a1_a,a_a1_b,k_b_a,b_1_a,b_1_b,g_Kr,RMSE,iterations,CPU_time,score
0,0.02170669332120218,0.012336375459601229,6.900942914506385e-05,0.041767644601647155,0.023696850588208942,0.0907768663888562,0.023393190841006467,0.04572214213647187,0.06255680186413204,0.014034751925663409,0.03811243501308498,0.03745582337804701,0.0064951370651788925,0.032677439547911545,0.1523937404073522,295.89906518218686,1191,7684.326366575999,295.89906518218686
