,p1,p2,p3,p4,p5,p6,p7,p8,Gkr,RMSE,iterations,CPU_time,score
0,0.0016146056018824728,0.07289035198728545,1.9054499096255336e-05,0.05228704449970428,0.11006362375675796,0.0231608013435217,0.008878165688776193,0.02942478686874269,0.15295244044191383,2963.759702493273,837,3497.719716099,2963.759702493273
1,0.0001322156971880417,0.005385185049338466,3.265957353234978e-07,4.529603045551761e-07,0.016989756244400328,8.7412446218765e-05,0.006607274684470615,3.4820486190809282e-06,0.1524,,837,,
