,p1,p2,p3,p4,p5,p6,p7,p8,Gkr,RMSE,iterations,CPU_time
0,5.112729178951785e-05,0.10223579530718711,1.3999500177912573e-05,0.05549906294020011,0.05719589369149919,0.012202965464374764,0.011395156674228902,0.04672437408885488,0.045374817422412735,9671.86806582699,960,3168.167432600021
1,5.11147500786538e-05,0.10224328058440879,1.4006992650473717e-05,0.05549430063478348,0.0572041893970572,0.01220036046946237,0.011395435068686734,0.046730503893519286,0.045374817422412735,9671.86807561625,1013,3337.3703891490004
2,5.110903276495284e-05,0.10224418590688207,1.3997289948865424e-05,0.0555003009608628,0.05720837593259859,0.012196890431151236,0.011396085191272307,0.04673363767800716,0.045374817422412735,9671.868132304462,683,2244.8176069440087
3,5.1156182196214803e-05,0.10222593041102347,1.3994030567421875e-05,0.05550234826696852,0.057210317428029914,0.012200850381691634,0.011396439262922577,0.04672822057540873,0.045374817422412735,9671.868211958326,790,2593.744378443982
4,5.1119521938344456e-05,0.10224031357764955,1.3996970402751211e-05,0.05550037180858042,0.057205713795007426,0.012198716545967167,0.011394885154378977,0.04673212393786348,0.045374817422412735,9671.868152971801,533,1757.643827530992
