,p1,p2,p3,p4,p5,p6,p7,p8,Gkr,RMSE,iterations,CPU_time,score
0,0.0016920349390375535,0.03663113955965065,4.296360653706885e-05,0.045928562135058186,0.09315472089945022,0.021819689446314176,0.00735064865392742,0.029606452938035824,0.16385753618057,1709.8121486164105,1781,5600.046619115999,1709.8121486164105
1,3.553891542378479e-05,0.09119870982556387,0.32939976778141367,0.00014930077948733527,0.0014736916868152215,1.9172052231042498e-05,1.0648717840974081e-07,7.431140555814861e-07,0.1524,,1781,,
