,p1,p2,p3,p4,p5,p6,p7,p8,Gkr,RMSE,iterations,CPU_time
0,0.0001763656654484272,0.08407090581218739,3.1132542644821784e-05,0.050079506522642564,0.06349232327697052,0.009881035879507718,0.007386842951074284,0.04250127629594741,0.06407630684233305,4560.570100664488,564,1797.1642550119868
1,0.00017636638323759876,0.08407174379278855,3.113314124870478e-05,0.05007979269409314,0.06349527564072276,0.009881551738610122,0.00738725294823489,0.042501310934055375,0.06407630684233305,4560.570046405073,824,2104.464184451994
2,0.00017637118810001764,0.08406899709806745,3.11348983452755e-05,0.05007903173477788,0.06349132812826025,0.009881575522790793,0.007386577592750205,0.042502464248213356,0.06407630684233305,4560.57008198051,546,1190.474886488999
3,0.00017633580377192964,0.08407224750721047,3.112761115932359e-05,0.05008143498470928,0.06349353320369287,0.00988164946842246,0.007386854722318558,0.04250190008906696,0.06407630684233305,4560.570054566172,680,1487.3690689310024
4,0.00017633451097364946,0.0840747625996006,3.113228426040654e-05,0.050079744061255066,0.0634981513954204,0.009880764343952802,0.007387658288702297,0.04250047004851948,0.06407630684233305,4560.570052712422,871,1744.6552897729998
