,p1,p2,p3,p4,p5,p6,p7,p8,Gkr,RMSE,iterations,CPU_time
0,5.1178243155525314e-05,0.10221001346433403,1.3936813040806714e-05,0.05552959144318709,0.05730461842486518,0.012167438864530714,0.01144220409549867,0.046800122565019635,0.045308791081603676,9699.211815527879,1036,3127.2793043089987
1,5.117144146645073e-05,0.10221284461479418,1.3935833033520389e-05,0.05553028214812876,0.05730419524637276,0.012167502828343547,0.011442139959001249,0.04680087386261064,0.045308791081603676,9699.211825459617,801,2466.5151163249975
2,5.116212482376151e-05,0.10221592068490629,1.3935055305220684e-05,0.0555304718755562,0.057300941344691964,0.012167651343779175,0.011441061665825598,0.046800857528327584,0.045308791081603676,9699.21179485642,1222,3744.663544873998
3,5.116460989518986e-05,0.10221597561875431,1.3935026032811316e-05,0.05553072822134481,0.057302902973438256,0.012167774236816909,0.011441687690875009,0.04680059663541346,0.045308791081603676,9699.211798555865,989,2786.6040127430024
4,5.116840632590505e-05,0.10221477521567943,1.3941360475139007e-05,0.05552618208630309,0.05731037325445556,0.012168396551415675,0.011443055157115052,0.04680209161197738,0.045308791081603676,9699.211847883507,802,2517.063132103998
