,p1,p2,p3,p4,p5,p6,p7,p8,Gkr,RMSE,iterations,CPU_time
0,0.00020841661520521794,0.055465922664434564,2.643277477316528e-05,0.059984989414842205,0.09823907246216139,0.008672331797587585,0.0017539345721193386,0.026406762546472513,0.5126104547386644,325.59098322899376,592,770.9352447440033
1,0.00020844762580546025,0.05546689278447515,2.6435014624552793e-05,0.05998433038364311,0.09826783835246553,0.008676880218045227,0.0017543752770995166,0.026402723928527654,0.5126104547386644,325.5909865950091,597,1141.4670087889972
2,0.00020843783683231645,0.055465208192709996,2.6433839129382952e-05,0.05998487716026019,0.09826387529960905,0.008674804559770767,0.0017543124754009949,0.026404846329367224,0.5126104547386644,325.59098739980647,634,1211.7808979539986
3,0.00020844467164303214,0.055465846286602685,2.643394978984255e-05,0.05998498773648434,0.09826217776931008,0.008675734190523194,0.0017542743820102087,0.026404167388707905,0.5126104547386644,325.5909703821172,677,844.4283417279948
4,0.00020844726323838918,0.05546646771809396,2.6433958158698263e-05,0.059985028664233775,0.09826299897721709,0.008676287936293731,0.0017542667570784605,0.026403982401858508,0.5126104547386644,325.59098620029096,489,623.6789928159997
