,a_a0_a,a_a0_b,b_a1_a,b_a1_b,k_f_a,a_1_a,a_1_b,b_a0_a,b_a0_b,a_a1_a,a_a1_b,k_b_a,b_1_a,b_1_b,g_Kr,RMSE,iterations,CPU_time,score
0,0.023100870695054145,0.010217193765336223,6.949232362323944e-05,0.041709883386347124,0.022839406951596686,0.0908985227319339,0.023408409085368398,0.05350559517551495,0.06353164192328735,0.014295720096415998,0.03881440215458551,0.0334839988742829,0.006504163785588341,0.03265829719937084,0.15239309773344473,138.5361825309109,1178,1933.6629124280007,138.5361825309109
