,b_1_a,b_1_b,k_b_a,b_a0_a,b_a0_b,b_a1_a,b_a1_b,k_f_a,a_a1_a,a_a1_b,a_a0_a,a_a0_b,a_1_a,a_1_b,g_Kr,RMSE,iterations,CPU_time,score
0,0.006493261003680402,0.03268228229212863,0.03670099053424615,0.04632520037610283,0.06304785155935493,6.878304669086516e-05,0.041793882132875805,0.023627996369319403,0.01360263679138317,0.03837171494197017,0.022446852187387713,0.01192681589585784,0.09076495863727319,0.02338460445056366,0.15240852638581198,296.05844503345963,1584,10910.496280757994,296.05844503345963
