,b_1_a,b_1_b,k_b_a,b_a0_a,b_a0_b,b_a1_a,b_a1_b,k_f_a,a_a1_a,a_a1_b,a_a0_a,a_a0_b,a_1_a,a_1_b,g_Kr,RMSE,iterations,CPU_time,score
0,0.006511388502285444,0.032668089431023214,0.03595372631857751,0.05156665073143869,0.06419508158423627,6.938396474600168e-05,0.0417232681802468,0.02417868874229873,0.01383436484209235,0.037370085633474506,0.023009440730707476,0.010930112718406448,0.09104494592476839,0.023402170327800186,0.15243005559339243,138.1894537161462,1507,4427.126407297,138.1894537161462
