,p1,p2,p3,p4,p5,p6,p7,p8,Gkr,RMSE,iterations,CPU_time,score
0,0.33958539912956937,1.0000002157749533e-07,3.4188464696587704,1.0000008815408743e-07,2.767510174418695e-07,1.001435549505366e-07,1.0728243071390664e-05,1.0006840081474256e-07,0.09325509331856681,121325.86504305033,1498,2593.7317664720003,121325.86504305033
1,0.3553329121158463,0.011040125118601004,3.06534625680469,0.04636875142080817,2.807253514743026e-07,0.002887652655352135,1.0347220753710546e-05,9.982224366641653e-06,0.1524,,1498,,
