,p1,p2,p3,p4,p5,p6,p7,p8,Gkr,RMSE,iterations,CPU_time,score
0,0.0015683858406284803,0.07934003549471108,2.2188708220981702e-05,0.051192297255487684,0.09595044120428103,0.02395178058510792,0.0070481030901145695,0.03130435878267785,0.15485906420671017,722.2027608200963,1072,2445.129854112,722.2027608200963
1,0.001788079215113081,1.2898929047763702e-05,0.0009801573002105528,4.568940332056764e-06,0.2091328435059838,0.00013285673510276695,1.1284436069049975,1.5737464502429703e-06,0.1524,,1072,,
