,p1,p2,p3,p4,p5,p6,p7,p8,Gkr,RMSE,iterations,CPU_time,score
0,0.0019686662345200032,0.0541324166980996,2.980659355477387e-05,0.04872586760224058,0.09601656346975555,0.023104411122265304,0.006843471686989489,0.03139858137256494,0.157876195436707,2605.93616520769,1055,3510.2241543749988,2605.93616520769
1,0.0007796160074001155,0.0129024584192669,1.34436426591907e-06,8.087209658298476e-06,0.006099904733520323,0.004317788022714235,1.821760649108309e-06,3.2856002111632304e-06,0.1524,,1055,,
