,b_1_a,b_1_b,k_b_a,b_a0_a,b_a0_b,b_a1_a,b_a1_b,k_f_a,a_a1_a,a_a1_b,a_a0_a,a_a0_b,a_1_a,a_1_b,g_Kr,RMSE,iterations,CPU_time,score
0,0.006496916030629918,0.03268154713231365,0.03630313902438121,0.04764895647094188,0.06261481540273865,6.898356619960681e-05,0.04176927238657795,0.023783371188633114,0.013740701858746337,0.038150477271259746,0.022213862643071815,0.01182597503333385,0.09083849251596972,0.0233934805415396,0.15238989952307394,202.01383273221364,982,5002.057352578,202.01383273221364
