,a_1_a,a_1_b,b_a0_a,b_a0_b,k_b_a,a_a0_a,a_a0_b,b_1_a,b_1_b,b_a1_a,b_a1_b,a_a1_a,a_a1_b,k_f_a,g_Kr,RMSE,iterations,CPU_time,score
0,0.09084311812769898,0.023394568030895856,0.04981583216063995,0.06404394184821101,0.035040540629880476,0.023593163128216122,0.010817023038876784,0.006498778064240454,0.0326810173809097,6.892506661718121e-05,0.04177465827274464,0.013127091438120861,0.03831244996841639,0.023846931585303342,0.15240787970836642,138.6832294337001,1753,5969.314736839999,138.6832294337001
