,p1,p2,p3,p4,p5,p6,p7,p8,Gkr,RMSE,iterations,CPU_time,score
0,0.0009792421596137681,1.0000008801770313e-07,0.003739637952840236,1.0000030471309333e-07,1.3544683850899562e-05,1.000060746471539e-07,2.1725245915059935e-05,1.0000597604080898e-07,0.06426080295286425,121325.52580458568,1142,1826.2597576359994,121325.52580458568
1,0.0009703815946963727,0.115793585149624,0.003831200508571327,2.0577909659004321e-07,1.4610125909706256e-05,0.0046299363212405605,2.392253512465946e-05,5.478052586033455e-06,0.1524,,1142,,
