,a_a0_a,a_a0_b,b_a1_a,b_a1_b,k_f_a,a_1_a,a_1_b,b_a0_a,b_a0_b,a_a1_a,a_a1_b,k_b_a,b_1_a,b_1_b,g_Kr,RMSE,iterations,CPU_time,score
0,0.023092659299929385,0.011184665834521148,6.890959656590281e-05,0.04177651904116196,0.023752154511815924,0.09087130430158677,0.02339515331425663,0.048394735892196186,0.0634856188723535,0.013503139368633338,0.03831909922320349,0.03628907390125712,0.006502122940948192,0.03267906423995753,0.1523883649357546,295.9258911427133,1743,12402.225662402001,295.9258911427133
