,a_a0_a,a_a0_b,b_a1_a,b_a1_b,k_f_a,a_1_a,a_1_b,b_a0_a,b_a0_b,a_a1_a,a_a1_b,k_b_a,b_1_a,b_1_b,g_Kr,RMSE,iterations,CPU_time,score
0,0.022553679771369836,0.011718952405412946,6.891097177067057e-05,0.041774650179489545,0.023801358476848864,0.09081856433937553,0.02338623281613311,0.047322591976828886,0.06334786856445439,0.013584572006602642,0.03805375849849379,0.0364685951255244,0.006496479238040988,0.032683813559941884,0.15239728660496993,174.58113938773943,1564,6877.170758005,174.58113938773943
