,p1,p2,p3,p4,p5,p6,p7,p8,Gkr,RMSE,iterations,CPU_time,score
0,0.001567945807358696,0.07935363360214688,2.220649088977587e-05,0.0511807171971919,0.09595711429449345,0.023951733148221438,0.00705273381189545,0.03131311236434057,0.15476602243548057,718.7755266728701,1242,2548.0387963930007,718.7755266728701
1,0.19253395730062398,0.0300820073050501,7.956915057416552e-07,0.0001045087430344805,6.614028858711342e-06,1.0851018689191745e-05,0.00016220286976572035,5.68907809337362e-07,0.1524,,1242,,
