,p1,p2,p3,p4,p5,p6,p7,p8,Gkr,RMSE,iterations,CPU_time,score
0,0.0016920703453426364,0.03663083624915389,4.2958734915838036e-05,0.045929762650602404,0.09315715650935673,0.021819510767091578,0.00735090839736423,0.029605359520138378,0.16386027583549825,1709.8121230742456,1613,4652.8938331670015,1709.8121230742456
1,2.84623398135678e-06,0.06501344133638501,0.24515011583826096,0.022342613020915548,0.018832829731149577,0.0017863268406261858,0.0002248218963474712,2.5402328988513246e-05,0.1524,,1613,,
