,p1,p2,p3,p4,p5,p6,p7,p8,Gkr,RMSE,iterations,CPU_time,score
0,1.1909117338801045,0.010677057186339533,3.609539131236238,0.0033423158775097083,10.156334672429669,6.654389572824207e-05,0.94511720278925,0.05441358238684074,0.4425962005257785,66091.620459108,641,1518.2791229559998,66091.620459108
1,1.5217897869222468,0.0006151879699653374,4.447821526233365,6.556831537958937e-05,7.943119881718928,0.009678640248515509,2.1395275703624392,0.000765880732670669,0.1524,,641,,
