,p1,p2,p3,p4,p5,p6,p7,p8,Gkr,RMSE,iterations,CPU_time,score
0,0.0016885188246295471,0.03667906360877217,4.285774858176626e-05,0.04595633225559233,0.09320172565526885,0.021801819231077147,0.007355280862467946,0.029599135580969962,0.1639081972138151,1710.192519087874,1278,4034.9678700959994,1710.192519087874
1,1.078991680750925e-06,0.0001362586797526752,0.002117323085588829,0.0005746917213445724,0.023957303919811483,0.053985338726507855,0.01809222143912619,7.408526586364384e-07,0.1524,,1278,,
