,p1,p2,p3,p4,p5,p6,p7,p8,Gkr,RMSE,iterations,CPU_time
0,0.00022475869761230107,0.06962725715254234,3.092828187016636e-05,0.056400921048714185,0.09061999046505233,0.008826929523563508,0.004615320692206083,0.02959907797525575,0.1812351643264147,251.07700303231124,531,1401.297023471001
1,0.00022475331150570768,0.0696280655595702,3.0926906392453926e-05,0.056401282575853896,0.09061921706055116,0.008827307735113319,0.004615279106793509,0.029598456811053105,0.1812351643264147,251.0770037290597,741,1736.585510785997
2,0.00022475323789046994,0.06962752197363918,3.092782172798723e-05,0.056401128508666416,0.09061660101054833,0.008827543820853847,0.004615172358802703,0.029598561857470226,0.1812351643264147,251.07699335625009,572,1030.4053961300015
3,0.00022474995612745602,0.06962765850062111,3.092733636429816e-05,0.05640123404751627,0.09061783916002139,0.008827308725140917,0.004615190954037477,0.02959873118044189,0.1812351643264147,251.0770085604863,515,1507.0721792740005
4,0.00022475330093849305,0.06962688677888693,3.092761737123905e-05,0.056400997196924096,0.0906180864564706,0.008827268900705407,0.004615249638586946,0.029598593367780035,0.1812351643264147,251.07701006199548,568,1264.7908083350048
