,b_1_a,b_1_b,k_b_a,b_a0_a,b_a0_b,b_a1_a,b_a1_b,k_f_a,a_a1_a,a_a1_b,a_a0_a,a_a0_b,a_1_a,a_1_b,g_Kr,RMSE,iterations,CPU_time,score
0,0.0064910156460269795,0.032682796968704624,0.03761138580953718,0.0452579803231487,0.06347865102296135,6.851739841065842e-05,0.04182482211864335,0.023930716899747125,0.013371583800161865,0.038443153935726844,0.022637921637015855,0.011641594608740322,0.09075286217941246,0.02339339577811584,0.15239961023129778,138.37257926002,1358,4720.1760261340005,138.37257926002
