,p1,p2,p3,p4,p5,p6,p7,p8,Gkr,RMSE,iterations,CPU_time,score
0,0.14807921093242699,0.0006571552316021577,23.180812106149972,0.005996244822345913,0.1220935268687661,0.029605734091289488,0.021873496536332734,0.030487100908330497,9.482473329539156,63373.828576393185,1203,2844.768105092,63373.828576393185
1,0.003756787952838247,0.016185008168969582,1.0722381958444902,3.410266097480354e-05,6.173815868478957,0.07520800708939576,0.0011442733454118477,0.0003849552967113619,0.1524,,1203,,
