,p1,p2,p3,p4,p5,p6,p7,p8,Gkr,RMSE,iterations,CPU_time
0,0.00023093237433413505,0.07319403702239582,3.543966075071985e-05,0.053578504690723366,0.08590886718280066,0.008771595404469775,0.00581169182549982,0.033002110189862204,0.1294655974387777,161.1974971609568,563,1299.2176152949978
1,0.00023093393407890993,0.073194355951929,3.543849265911424e-05,0.05357895126659475,0.08591072248366621,0.008771950049924898,0.005811765211405209,0.03300174217434413,0.1294655974387777,161.19749581596605,993,2286.34317917499
2,0.00023094035544579994,0.07319312746494,3.5438650597891575e-05,0.053578696121851566,0.08591092747463534,0.008771352362238857,0.005811788301540853,0.03300221603643488,0.1294655974387777,161.19749891458395,544,1089.019912970005
3,0.0002309221116893719,0.07319527632516343,3.54382584138672e-05,0.05357898206230838,0.0859092562581884,0.008771554106723794,0.005811700323241556,0.033002223193192445,0.1294655974387777,161.19750193526116,463,771.8363366569974
4,0.00023094754934906158,0.0731947138331225,3.54370115540963e-05,0.053579296619057956,0.08591217252169366,0.008771331323985686,0.005811755248145219,0.03300217333969349,0.1294655974387777,161.19749327976865,725,1060.139456682009
