,p1,p2,p3,p4,p5,p6,p7,p8,Gkr,RMSE,iterations,CPU_time,score
0,0.001968913008920971,0.05412184018581928,2.978581714504033e-05,0.04873390780776857,0.09599941782110953,0.023112414129395686,0.006840998596246094,0.03138838732408991,0.15790409317096027,2609.632004948692,938,3092.193234668999,2609.632004948692
1,2.199748138126515,0.03545412872495591,0.04826193793093551,0.0002310777145288667,0.01645890187761874,0.0005344660450261532,0.007825769043506785,4.781978761714771e-05,0.1524,,938,,
