,a_1_a,a_1_b,b_a0_a,b_a0_b,k_b_a,a_a0_a,a_a0_b,b_1_a,b_1_b,b_a1_a,b_a1_b,a_a1_a,a_a1_b,k_f_a,g_Kr,RMSE,iterations,CPU_time,score
0,0.09082510497934253,0.02340646359145513,0.04701540267767628,0.0631240070129594,0.036784786430310044,0.02236060351074455,0.011766089840075135,0.00649591637913137,0.03267408662701642,6.894244993160553e-05,0.041777306733379926,0.013666449347723505,0.038223067064546555,0.023864747450607158,0.15241685470168867,139.29890279009004,1049,3323.2900771290006,139.29890279009004
