,a_a0_a,a_a0_b,b_a1_a,b_a1_b,k_f_a,a_1_a,a_1_b,b_a0_a,b_a0_b,a_a1_a,a_a1_b,k_b_a,b_1_a,b_1_b,g_Kr,RMSE,iterations,CPU_time,score
0,0.02109282239461627,0.011835037819924623,6.952082384359401e-05,0.041711195605672255,0.023182163776852296,0.09103467908001148,0.02341166484238574,0.04885393531585601,0.06211597016470364,0.014807604459697683,0.03859681199472298,0.035265164116526915,0.006509469932404713,0.03264876081205209,0.1524717182800058,139.0764430346301,1370,4065.3622177099996,139.0764430346301
