,p1,p2,p3,p4,p5,p6,p7,p8,Gkr,RMSE,iterations,CPU_time,score
0,0.0016142670984298625,0.0728833868085649,1.9048371562072303e-05,0.0522928608066074,0.11016215077057727,0.02316332347391325,0.00888499944621845,0.029408911245763156,0.1530226397199451,2966.027367551716,1283,5712.193602206999,2966.027367551716
1,9.982722328311963e-06,3.0514147232651895e-05,3.308059081878774e-07,5.328813840151077e-07,6.152612338656527,0.000473222408858185,5.367206149767246e-07,8.188049460577524e-06,0.1524,,1283,,
