,p1,p2,p3,p4,p5,p6,p7,p8,Gkr,RMSE,iterations,CPU_time,score
0,0.0016855484814392906,0.08448536732013859,2.210170141720114e-05,0.05120492937194097,0.12145084422996763,0.026887231130251227,0.008871862315533465,0.02878351979864758,0.15466108696755662,654.1998018897799,1719,3617.952728959,654.1998018897799
1,2.3783131743163998e-05,0.09757765402083932,1.0869600247858636e-06,4.947622357671616e-07,0.0004482036928817654,0.14525178838434405,2.4745816071528357,0.018051866835388092,0.1524,,1719,,
