,p1,p2,p3,p4,p5,p6,p7,p8,Gkr,RMSE,iterations,CPU_time
0,0.00019551426640785193,0.07963117911868194,3.6078321634138e-05,0.04990994751841553,0.06817944361850531,0.009712648668458218,0.006842146648849241,0.04033823523865215,0.0762,2838.4489855471047,631,1904.4174051919981
1,0.00019545830519449356,0.07963438070432173,3.607376923444567e-05,0.049910996543117744,0.06818015581237984,0.009712485584922985,0.006842536226364371,0.04033768459531027,0.0762,2838.4489633877706,765,1775.3175702320004
2,0.00019554227220253977,0.07962903440073664,3.6080267983823846e-05,0.04990909094999475,0.06818006096517713,0.009712477594489718,0.006842349770858718,0.04033741783404468,0.0762,2838.4489889628803,677,1776.2212245739938
3,0.00019538656337255445,0.07964347381627251,3.6071737267424026e-05,0.049911581159279295,0.06817743102027543,0.009713349587849212,0.006842170747727853,0.040336860467419015,0.0762,2838.4489701358248,712,2190.3011282669904
4,0.00019539398307208696,0.07964284542747861,3.607359545910604e-05,0.049910566916919766,0.06817984229375021,0.009712968940003746,0.006842485375273356,0.040336073823770816,0.0762,2838.448947869476,757,2284.003085657998
