,p1,p2,p3,p4,p5,p6,p7,p8,Gkr,RMSE,iterations,CPU_time,score
0,0.001969437444326086,0.054174757454380794,2.9784503132364796e-05,0.048733896625123174,0.0960343605178677,0.02311678784296423,0.0068429976183176575,0.031394103667920926,0.15787472741581413,2608.359400186984,993,3206.305030525,2608.359400186984
1,0.12364899326592144,1.8610759449959906e-07,5.5356197087569695e-06,0.09435587495875324,0.04550506667614478,1.10556155198574e-06,1.6721303973585107,0.00010312849534342679,0.1524,,993,,
