,p1,p2,p3,p4,p5,p6,p7,p8,Gkr,RMSE,iterations,CPU_time
0,0.0002506015087335507,0.09183532081803544,2.870603171970254e-05,0.05042089254857675,0.06512364207676823,0.009567263361788458,0.010191514476340357,0.041279066237337306,0.05388153672641493,1622.5914594838016,819,1243.4651435089982
1,0.0002506013911669924,0.09183733469925959,2.8703205953819984e-05,0.05042124678772407,0.06513974606346817,0.009562301921451995,0.010194046482176507,0.041283796338723214,0.05388153672641493,1622.591464772462,866,1133.5277392479984
2,0.000250594105769324,0.09183969509663074,2.8701255567195585e-05,0.05042206798439582,0.06514008206269369,0.009561097835299579,0.010193829984924357,0.041284968951726,0.05388153672641493,1622.591479951026,555,832.3326047549999
3,0.00025062968394487224,0.09183428971115713,2.8703773059697216e-05,0.050421552193728986,0.06512980515836456,0.009566551861362644,0.010192401025648733,0.0412787229656417,0.05388153672641493,1622.591452017146,822,1550.8336254430033
4,0.00025058370554046646,0.09183588457557178,2.870444464671924e-05,0.050421097621921415,0.06512631476370818,0.009568108803656404,0.010192105664263467,0.04127817970503071,0.05388153672641493,1622.591469921834,514,750.2397855109957
