,a_a0_a,a_a0_b,b_a1_a,b_a1_b,k_f_a,a_1_a,a_1_b,b_a0_a,b_a0_b,a_a1_a,a_a1_b,k_b_a,b_1_a,b_1_b,g_Kr,RMSE,iterations,CPU_time,score
0,0.02225878239426505,0.011811933645222608,6.910489091527258e-05,0.04175376583621378,0.02382077451573265,0.09081923900707416,0.02338929273194904,0.04676576198129409,0.06335806269883605,0.013700733072811541,0.038089268217279496,0.03662977338929486,0.006498082895353697,0.03267876746129959,0.15239361175909316,173.8494054644002,1574,7134.5943375120005,173.8494054644002
