,a_a0_a,a_a0_b,b_a1_a,b_a1_b,k_f_a,a_1_a,a_1_b,b_a0_a,b_a0_b,a_a1_a,a_a1_b,k_b_a,b_1_a,b_1_b,g_Kr,RMSE,iterations,CPU_time,score
0,0.02317736329262131,0.010420667526257772,6.951697954669258e-05,0.041708452345943815,0.023175349951584212,0.09092697635558436,0.023412804677424518,0.05375872968098959,0.06382069429791817,0.014203621194811845,0.03820013952678525,0.03388649539229003,0.006507770471435148,0.03264666428581735,0.15238131292761772,138.52857331794957,1160,4068.2537958840003,138.52857331794957
