,b_1_a,b_1_b,k_b_a,b_a0_a,b_a0_b,b_a1_a,b_a1_b,k_f_a,a_a1_a,a_a1_b,a_a0_a,a_a0_b,a_1_a,a_1_b,g_Kr,RMSE,iterations,CPU_time,score
0,0.006496901970685788,0.032681564416101025,0.036306968300289615,0.04763328481258774,0.0626089200144481,6.898461171349175e-05,0.04176916121676584,0.023782845946790133,0.013743153439347174,0.03815061416315855,0.02220622519740296,0.011831679985332709,0.09083857743757391,0.023393499210767676,0.1523899444829697,202.01383362203455,1426,7232.649256937,202.01383362203455
