,a_a0_a,a_a0_b,b_a1_a,b_a1_b,k_f_a,a_1_a,a_1_b,b_a0_a,b_a0_b,a_a1_a,a_a1_b,k_b_a,b_1_a,b_1_b,g_Kr,RMSE,iterations,CPU_time,score
0,0.02250116933262174,0.011695781521511973,6.900725462907191e-05,0.04176855207071727,0.02381559235461373,0.09083927149572181,0.023380307230174913,0.04759460508268547,0.06328146926624927,0.013758153521340055,0.03797908653752995,0.0367836030551451,0.0064991384002191475,0.03268453869288245,0.1524174218941399,202.98015863585317,1742,8354.645840803,202.98015863585317
