,p1,p2,p3,p4,p5,p6,p7,p8,Gkr,RMSE,iterations,CPU_time,score
0,0.0019686717421570203,0.05413780084990245,2.9763839110305978e-05,0.04873943450704647,0.09612517720606303,0.023111663612387146,0.006855464204011932,0.031375119099263826,0.15788282320063987,2608.364224157643,1195,3481.0878378539983,2608.364224157643
1,0.00012412919648670237,0.2615055414334772,0.009451126100456297,0.0008406142202836411,1.6632960291554675e-06,0.00014368692836354033,1.0132919814076396e-06,0.1558532970482798,0.1524,,1195,,
