,a_a0_a,a_a0_b,b_a1_a,b_a1_b,k_f_a,a_1_a,a_1_b,b_a0_a,b_a0_b,a_a1_a,a_a1_b,k_b_a,b_1_a,b_1_b,g_Kr,RMSE,iterations,CPU_time,score
0,0.02226022807454118,0.011799635844113423,6.898079131239404e-05,0.0417696284889991,0.02378729490328282,0.09083835813809277,0.02339328832711094,0.047739213729179324,0.06265555858873742,0.013727072632797195,0.03814067381408516,0.036284470289893414,0.006496997112793426,0.032681388533918936,0.15239007536109064,202.0138695922602,1131,5434.538026684997,202.0138695922602
