,a_a0_a,a_a0_b,b_a1_a,b_a1_b,k_f_a,a_1_a,a_1_b,b_a0_a,b_a0_b,a_a1_a,a_a1_b,k_b_a,b_1_a,b_1_b,g_Kr,RMSE,iterations,CPU_time,score
0,0.022280342060544276,0.01138735918860887,6.895171229655289e-05,0.041773614825148825,0.023715326870283458,0.09086224499336913,0.023402868418078777,0.04780317187832832,0.06304108976733343,0.014025498490842043,0.03840317118545702,0.036951862547841746,0.006501241831212851,0.03266604898604485,0.15239293654124228,138.0154132166338,1196,4007.413460693,138.0154132166338
