,p1,p2,p3,p4,p5,p6,p7,p8,Gkr,RMSE,iterations,CPU_time
0,0.00022426107399990154,0.07234054715266232,3.646000833797554e-05,0.052103095285662225,0.08352590446041487,0.008754183548847569,0.006936838488146584,0.034419501243754064,0.10870874072059561,826.2946069305821,711,1803.5196372880018
1,0.00022426478763228733,0.07233960969729385,3.645915742488498e-05,0.052103301238428594,0.08352899757743468,0.008754360722326085,0.0069371507590946305,0.03441910471810637,0.10870874072059561,826.2946084492737,604,1527.7025992170093
2,0.00022426300098793892,0.07234025337929602,3.645903849534805e-05,0.05210336324264508,0.08352833604799373,0.008754618702000679,0.006936961236787597,0.03441935814856864,0.10870874072059561,826.294602373145,894,2244.5145162690023
3,0.00022426439453775593,0.07234047392445263,3.6459233237084226e-05,0.05210335425694426,0.08352853991099868,0.008754431373119128,0.0069370764027190685,0.034419292236151595,0.10870874072059561,826.2946051766088,666,1641.761986505997
4,0.00022426570276306012,0.07234030849057071,3.645879451651865e-05,0.052103430809850165,0.0835284609115317,0.008754568356513098,0.006937007911561604,0.034419168963477464,0.10870874072059561,826.2946067991694,750,1835.7211807410058
