,a_a0_a,a_a0_b,b_a1_a,b_a1_b,k_f_a,a_1_a,a_1_b,b_a0_a,b_a0_b,a_a1_a,a_a1_b,k_b_a,b_1_a,b_1_b,g_Kr,RMSE,iterations,CPU_time,score
0,0.022331085179191044,0.011006857383126666,6.931606213741803e-05,0.04173409825068466,0.023004165860711058,0.09096073699537977,0.02341001346665406,0.050411694666797284,0.06278925155602286,0.01418347769574705,0.03889311982106744,0.03424898400968746,0.006504253323232514,0.0326511796521871,0.1524648022713916,139.0774009051299,1872,6108.771355614001,139.0774009051299
