,p1,p2,p3,p4,p5,p6,p7,p8,Gkr,RMSE,iterations,CPU_time
0,0.00022362232283443142,0.06971157168756086,2.8127358899218047e-05,0.057944579785859276,0.09279123638985765,0.008860295360997276,0.004032049438602284,0.02798571961800993,0.21552614690565972,420.8821126885946,616,1825.7107050890045
1,0.00022362942720644677,0.06970989318145487,2.8126174546994003e-05,0.05794492078088567,0.09279233967725373,0.00886008651264638,0.00403208588694338,0.027985933716491516,0.21552614690565972,420.88210923584154,552,1622.0104584090004
2,0.00022362924049308547,0.0697104745281815,2.8124197283061483e-05,0.0579458549759281,0.09278983530960562,0.008860278705596775,0.004031889317194199,0.0279863355143502,0.21552614690565972,420.88212065571344,573,1680.2288887180039
3,0.00022363735308263312,0.06970887900933408,2.812397467860524e-05,0.057945594346638256,0.09279247064344144,0.008860305126322741,0.004032017145127386,0.027986191146515578,0.21552614690565972,420.88209912995154,873,2598.2013287500013
4,0.0002236252610463727,0.06970951269351519,2.812584480112698e-05,0.05794510301237468,0.09279123149173028,0.00886006434784895,0.004032042945568565,0.027986123731244664,0.21552614690565972,420.88211795527707,518,1423.5223724960088
