,a_a0_a,a_a0_b,b_a1_a,b_a1_b,k_f_a,a_1_a,a_1_b,b_a0_a,b_a0_b,a_a1_a,a_a1_b,k_b_a,b_1_a,b_1_b,g_Kr,RMSE,iterations,CPU_time,score
0,0.022176442348186984,0.01256065921198543,6.891349327165426e-05,0.041771930245741884,0.02389109604890928,0.09075401786513569,0.023377326244381953,0.04587547787753201,0.06289610499369243,0.013648916193202885,0.03770485422314792,0.03728409375992371,0.0064962519017738845,0.03269977394641842,0.15232098885025336,138.47986599879204,1350,4411.927526792999,138.47986599879204
