,a_1_a,a_1_b,b_a0_a,b_a0_b,k_b_a,a_a0_a,a_a0_b,b_1_a,b_1_b,b_a1_a,b_a1_b,a_a1_a,a_a1_b,k_f_a,g_Kr,RMSE,iterations,CPU_time,score
0,0.09083426000693674,0.02340567081994594,0.04749465921202759,0.06296541495806693,0.03732410977934982,0.021680343049774363,0.011897534522119666,0.006498895705819568,0.03267147923570571,6.922207419274548e-05,0.04173958477261595,0.014480620849263765,0.03795276617623615,0.023663322525695522,0.15234501078702234,138.7582809282695,1421,4690.784880149997,138.7582809282695
