,p1,p2,p3,p4,p5,p6,p7,p8,Gkr,RMSE,iterations,CPU_time
0,0.00021790683261976626,0.060097905126411104,2.9567765919378813e-05,0.05760241770681989,0.09280848106644131,0.008584559461424746,0.0032817125317068244,0.02856546117748668,0.2563052273693322,215.19592165141088,799,1301.4447481509997
1,0.00021792008417528951,0.060097476118051316,2.9569475530502685e-05,0.05760198023558883,0.09280844508218866,0.008585637015239622,0.0032816876742266772,0.028564960148383434,0.2563052273693322,215.19592446846937,848,1731.988562128001
2,0.00021791484755466207,0.060097713125366006,2.9567710742511954e-05,0.05760258156301633,0.09281723563502844,0.008585657970603039,0.0032819929160787928,0.028564577180312405,0.2563052273693322,215.19592459275168,667,905.4712593410004
3,0.00021790001715960323,0.060099269841598156,2.9567857099974317e-05,0.05760235976761676,0.09281232668788315,0.008585164036313568,0.003281858452066923,0.028564731155421196,0.2563052273693322,215.1959236713025,628,905.7439825230031
4,0.00021791133642837628,0.06009875408130034,2.956838016471551e-05,0.057602302311667825,0.0928093824492364,0.008584995158053995,0.003281732132648288,0.028565123420613382,0.2563052273693322,215.19592294194166,709,1230.7131935510042
