,a_1_a,a_1_b,b_a0_a,b_a0_b,k_b_a,a_a0_a,a_a0_b,b_1_a,b_1_b,b_a1_a,b_a1_b,a_a1_a,a_a1_b,k_f_a,g_Kr,RMSE,iterations,CPU_time,score
0,0.09084390937201682,0.023403824251510465,0.04532107588789694,0.06391397143940891,0.03870714861434242,0.02268603631044307,0.011692717306005112,0.006497453846784453,0.03266952663650342,6.843154772654134e-05,0.04183753448832047,0.013207417460167892,0.03782627876026354,0.024710919237196417,0.1524129974825713,138.37223343997215,2179,6237.461117119001,138.37223343997215
