,p1,p2,p3,p4,p5,p6,p7,p8,Gkr,RMSE,iterations,CPU_time
0,0.00022171020312944996,0.07419855170726242,3.6767229872086646e-05,0.05091756322487749,0.07990376971709794,0.008970770871155496,0.008082916279036513,0.0357196321560612,0.09061758216320735,1680.3055346279955,890,2552.1429760470055
1,0.00022170617799276244,0.07419859535872672,3.676816269579394e-05,0.05091725170200405,0.0799063922928291,0.008971426511487865,0.00808314638261966,0.035719325560653443,0.09061758216320735,1680.3055314071662,593,1692.575740528002
2,0.00022171035210937783,0.07419879423050459,3.676837528239291e-05,0.05091728560654928,0.07990602929355504,0.008970997946714776,0.008083199610714437,0.03571933510731786,0.09061758216320735,1680.305533107559,687,1948.485227733996
3,0.00022171145113583204,0.07419862672404264,3.6767409581519426e-05,0.0509175072775053,0.07990477044914565,0.008970899661862347,0.008082950718712116,0.03571961918402244,0.09061758216320735,1680.305528652782,1027,2925.7310900999873
4,0.00022170580848276166,0.07419887728684083,3.676924461420453e-05,0.050916961197594104,0.07990374829042532,0.008970143542015009,0.008082809132159759,0.03572084079681444,0.09061758216320735,1680.3055458993415,612,1736.2142601259984
