,a_a0_a,a_a0_b,b_a1_a,b_a1_b,k_f_a,a_1_a,a_1_b,b_a0_a,b_a0_b,a_a1_a,a_a1_b,k_b_a,b_1_a,b_1_b,g_Kr,RMSE,iterations,CPU_time,score
0,0.02246391396496402,0.011616261693025197,6.888660854733e-05,0.04178106185515622,0.02380122595232902,0.09080132578300915,0.02337767520660469,0.04752098859854194,0.06325074142236015,0.013756422733228297,0.03809111318131077,0.03671958165285438,0.006496117913112807,0.03269180602872812,0.1523888971464474,295.7206484982113,1330,8584.276199379,295.7206484982113
