,a_a0_a,a_a0_b,b_a1_a,b_a1_b,k_f_a,a_1_a,a_1_b,b_a0_a,b_a0_b,a_a1_a,a_a1_b,k_b_a,b_1_a,b_1_b,g_Kr,RMSE,iterations,CPU_time,score
0,0.022370784974568503,0.011280805619981023,6.892690588058517e-05,0.04177622761762519,0.023662069974590673,0.09086597926173454,0.02340389525257621,0.047913595183894625,0.0630540042769327,0.013993104142905543,0.03851810779993969,0.03681587045532736,0.006501563480749946,0.03266528397329967,0.15239136661715172,138.01537306831383,1418,4675.1483916550005,138.01537306831383
