,p1,p2,p3,p4,p5,p6,p7,p8,Gkr,RMSE,iterations,CPU_time
0,0.00021754492083894507,0.07625044284527548,3.656228341547746e-05,0.049951408165862514,0.07547070227874333,0.009430656254102885,0.00924802308465941,0.036788536300582486,0.07664514235271616,2842.1971960787323,864,4044.321968927019
1,0.00021753461619688602,0.07625145402283189,3.6561954586060735e-05,0.04995149022062117,0.07547103230572741,0.009430442690515262,0.009248285905913785,0.03678832392420885,0.07664514235271616,2842.1972035601048,735,3421.479372799018
2,0.00021754607335013892,0.0762495189376701,3.6561702356386156e-05,0.049951335921778264,0.07546907920738456,0.009430337101620764,0.00924794344977693,0.03678842380927514,0.07664514235271616,2842.1972020421604,634,2937.268754316028
3,0.0002175418501850059,0.07624983732536221,3.6561495632001665e-05,0.04995153617798625,0.07546872032582587,0.009430238042809942,0.009247846423644315,0.0367886666125409,0.07664514235271616,2842.1971907345146,897,4169.762515303009
4,0.00021754594406672966,0.07625055097678961,3.65627862705676e-05,0.049951288111464744,0.07547135686821603,0.009430499529009893,0.009248148015306523,0.036788464456832815,0.07664514235271616,2842.1971990554985,953,4426.416559250996
