,p1,p2,p3,p4,p5,p6,p7,p8,Gkr,RMSE,iterations,CPU_time
0,0.00021481695989455948,0.058500116559935526,2.84367478935885e-05,0.05837916208272513,0.0952026723686994,0.008662588260797204,0.0028390156453055983,0.02777297040503705,0.3048,248.20296061781056,1033,1979.6905987830032
1,0.00021481764132636375,0.05850167576713437,2.8437473156384938e-05,0.05837897098620418,0.09523773031978866,0.008665615783521855,0.0028400955633313277,0.027769585205687158,0.3048,248.20294936900973,918,1599.582224581005
2,0.00021479874692624103,0.05850168340881579,2.8438195982457593e-05,0.05837866657173474,0.09524046740609192,0.008666035085148887,0.002840202313062555,0.027769519978269555,0.3048,248.20295622019592,703,1242.393069538004
3,0.00021480093552511713,0.05850266932933653,2.8438102435233955e-05,0.05837876996047317,0.09520225679653171,0.008663019314513127,0.0028390357546257453,0.02777240189622955,0.3048,248.20296049264275,668,1159.8300030270038
4,0.0002147994814520802,0.05850088585037357,2.844000158720826e-05,0.05837805319548078,0.09522217993615222,0.00866391593182052,0.002839682800824004,0.027771533668870054,0.3048,248.20296279234017,594,928.9195034580043
