,p1,p2,p3,p4,p5,p6,p7,p8,Gkr,RMSE,iterations,CPU_time
0,0.00021512299457170778,0.05834939455421621,2.8425831168919918e-05,0.058374723592152816,0.094808925612763,0.008593936731770389,0.002828632158336512,0.027834573275253204,0.3048,248.7103431534168,528,872.2574343440065
1,0.00021512714276717944,0.0583487174003357,2.8425426693127916e-05,0.058374803076615286,0.09480722647413267,0.008593271192465685,0.002828589003898231,0.027835349497953535,0.3048,248.71033610217395,560,779.0084084109985
2,0.00021513189952017747,0.058349660820810875,2.8425052730300334e-05,0.05837505647262143,0.09481013898515749,0.008594252286421496,0.0028286363241747377,0.027834488928549745,0.3048,248.710342144378,734,1381.661106480009
3,0.00021512660149137914,0.05834885204489794,2.8426641802757053e-05,0.05837436240572471,0.0948036701958134,0.008594215861574129,0.002828459739222595,0.027834767054238964,0.3048,248.7103449577372,517,994.3156067610107
4,0.0002151237905887216,0.05834774978921023,2.8426106136790422e-05,0.05837443167811439,0.09481432667332874,0.00859435304616977,0.002828784655316692,0.027834638680146642,0.3048,248.71033930502793,792,1395.4589355729986
