,p1,p2,p3,p4,p5,p6,p7,p8,Gkr,RMSE,iterations,CPU_time,score
0,0.001968690003015485,0.05414250840235228,2.9763964061738744e-05,0.04873945604191244,0.0961259264299961,0.023113000489145875,0.006855501365781748,0.03137359945016101,0.1578843441321026,2608.3642001449625,2025,6425.4565166799985,2608.3642001449625
1,4.390020901153706e-06,2.2703123532164752e-07,0.0001337325648376592,3.1685052151853145e-06,1.5174842743266578e-07,0.09195381927500688,0.514125460298776,0.0003853622490602216,0.1524,,2025,,
