,p1,p2,p3,p4,p5,p6,p7,p8,Gkr,RMSE,iterations,CPU_time,score
0,1.000003723334849e-07,0.1895411178386686,1.0000796077695385e-07,0.08923041355649,1.0000302553524826e-07,0.3528496044368199,6.724683160666793e-05,0.13762409819925045,0.36253094032808986,49944.24760576283,1825,3367.551215469,49944.24760576283
1,2.5954553772901656e-07,1.3781677417566155e-05,1.7333803735294433e-05,1.9592003409816014e-05,2.3361475595718748e-05,3.1058694249723704e-06,2.400461757275505e-07,0.08701361062792509,0.1524,,1825,,
