,a_a0_a,a_a0_b,b_a1_a,b_a1_b,k_f_a,a_1_a,a_1_b,b_a0_a,b_a0_b,a_a1_a,a_a1_b,k_b_a,b_1_a,b_1_b,g_Kr,RMSE,iterations,CPU_time,score
0,0.022292038123007896,0.011758197560807527,6.88895927938668e-05,0.04178306936771352,0.023689946825942103,0.09093566862330967,0.023393590382002685,0.04678375832008138,0.06303099634522828,0.013801293984074795,0.03829346192243232,0.03685956632433858,0.0065050643977047655,0.032668720191474224,0.1524167578912746,295.4551944216077,985,6619.640486762,295.4551944216077
