,p1,p2,p3,p4,p5,p6,p7,p8,Gkr,RMSE,iterations,CPU_time,score
0,0.0016915258086117842,0.0366819203815639,4.297830206456946e-05,0.04592604549305816,0.09314894199359156,0.021813269717932557,0.007352667032947593,0.029599970051776416,0.16386402830724794,1714.3365592526168,874,2615.201833007999,1714.3365592526168
1,0.1105092438507797,0.14361566865057826,0.00124807009929608,2.0721916346170815e-05,0.6541240419132688,5.533526020178933e-05,0.00015993412110432032,0.004420389585388793,0.1524,,874,,
