,p1,p2,p3,p4,p5,p6,p7,p8,Gkr,RMSE,iterations,CPU_time,score
0,0.00168465807754251,0.0844458310860674,2.211469366782287e-05,0.05119851375614645,0.12143228412138062,0.02689992730956459,0.008870882741056664,0.028776622304966158,0.15466042316356338,653.2881501159027,1012,1993.019341878,653.2881501159027
1,0.0018515087613220997,8.389817972011302e-06,1.0986556816414916e-05,0.0008445531893811711,0.004472582418175247,0.06629385498684442,4.791108668465814e-07,0.06582395565699882,0.1524,,1012,,
