,p1,p2,p3,p4,p5,p6,p7,p8,Gkr,RMSE,iterations,CPU_time
0,0.00036745056517365014,0.05788919868339499,3.356159242126159e-05,0.05854063294750096,0.09257911647457052,0.010051085901373677,0.001994381777003921,0.025612307432369936,0.43105229381131943,1193.6398499939025,1072,1850.3148131820199
1,0.00036741971267675725,0.057891112382425905,3.356161885661729e-05,0.05854079134902308,0.09257995580638693,0.010051269316121329,0.001994344900692351,0.025612579943984356,0.43105229381131943,1193.6398782819604,764,1318.9482253690076
2,0.00036743014122983574,0.057891155928362206,3.356097334428966e-05,0.05854073399578996,0.0925744987499987,0.010050245138007346,0.0019942919388379497,0.02561266972819317,0.43105229381131943,1193.639838916715,684,1180.7315454920172
3,0.00036737844990066286,0.05789377329909607,3.35597749200632e-05,0.058541044722752955,0.0925788601627525,0.010050474676213788,0.001994440560833633,0.025612080813991755,0.43105229381131943,1193.639888672498,635,1095.3683661499817
4,0.00036739935744278676,0.05789312242780921,3.3561226721129215e-05,0.05854075284082665,0.09257364485313713,0.01005054011764455,0.0019942609556086793,0.025612889043182697,0.43105229381131943,1193.6398504405395,776,1333.6769952840114
