,p1,p2,p3,p4,p5,p6,p7,p8,Gkr,RMSE,iterations,CPU_time
0,0.0003672340637725541,0.05791736884770668,3.3602553110643205e-05,0.058533240180008064,0.09245495849912763,0.010048763259285975,0.001989691332954698,0.025632374005649324,0.43105229381131943,1189.8773407871786,487,1616.034864391011
1,0.0003672421520423405,0.05791588041256016,3.360556299241611e-05,0.05853240952746255,0.09244996851780964,0.010048726164330432,0.001989591510775002,0.02563269246908766,0.43105229381131943,1189.877331416515,619,1932.290037401006
2,0.0003671963463161614,0.057917855928709745,3.3602755228491007e-05,0.05853307069729703,0.0924513876423248,0.01004792699822016,0.001989685886813213,0.025632841116820827,0.43105229381131943,1189.877356842878,690,1949.297210921999
3,0.00036717437468471495,0.05792045278920824,3.360243646162367e-05,0.058533082325553584,0.09245320787391947,0.010048707010925095,0.0019896929440320755,0.025632257195136517,0.43105229381131943,1189.877354423942,495,1636.372001088006
4,0.0003671994264157921,0.05791847721590368,3.3602327308660347e-05,0.05853323654283194,0.09245319624919272,0.010048506725904507,0.0019896812272722406,0.025632581817532734,0.43105229381131943,1189.8773333283114,753,2506.309022989997
