,b_1_a,b_1_b,k_b_a,b_a0_a,b_a0_b,b_a1_a,b_a1_b,k_f_a,a_a1_a,a_a1_b,a_a0_a,a_a0_b,a_1_a,a_1_b,g_Kr,RMSE,iterations,CPU_time,score
0,0.00649557959185148,0.032676146472195106,0.036732703183151236,0.04704658396130332,0.0631398318178538,6.898094289371546e-05,0.04176719173104061,0.023656005565338787,0.013638165000266784,0.03844393947059007,0.02256171711292955,0.011623651568630792,0.09080737205197961,0.02339861126956364,0.15241619170454718,173.76842898840596,1270,6072.008512109999,173.76842898840596
