,p1,p2,p3,p4,p5,p6,p7,p8,Gkr,RMSE,iterations,CPU_time,score
0,0.0016890021620537651,0.036649788789691454,4.284449844789369e-05,0.04595523869773884,0.0931979635913312,0.02180654965921001,0.007353205716441778,0.029606497919112792,0.1638947347604546,1708.2253097267019,1614,4769.146786939,1708.2253097267019
1,0.0017820241315813768,1.8583594502411697e-07,0.0005495708993198532,0.0005152561992667793,4.346160974043832e-06,0.0004254498016309674,0.0003445776579049139,0.005687377395776452,0.1524,,1614,,
