,b_1_a,b_1_b,k_b_a,b_a0_a,b_a0_b,b_a1_a,b_a1_b,k_f_a,a_a1_a,a_a1_b,a_a0_a,a_a0_b,a_1_a,a_1_b,g_Kr,RMSE,iterations,CPU_time,score
0,0.006500797321190236,0.03268584793886474,0.03681835987568973,0.04717530991276003,0.06330214699293703,6.882157461567679e-05,0.04179195248736296,0.023760405009235853,0.013795691722903361,0.038141173251637205,0.022280238260844704,0.011751205959463782,0.09084681709606089,0.02337668580763994,0.15240735798372676,202.5291771407349,1150,5456.380016374002,202.5291771407349
