,p1,p2,p3,p4,p5,p6,p7,p8,Gkr,RMSE,iterations,CPU_time
0,0.00022637896500201578,0.06762596712337089,3.0265743158231228e-05,0.05871411314243092,0.0900301643327412,0.010191000560551106,0.0026432909386235283,0.027101039642386703,0.3048,933.2120650048422,606,1467.8189127730147
1,0.00022638321972763548,0.06762528563806461,3.026474722326892e-05,0.05871433597323788,0.090028419630795,0.01019128178099743,0.0026432271472997975,0.02710088170371525,0.3048,933.2120648894393,734,1765.3431356550136
2,0.00022637618411449232,0.06762548754810876,3.026542953731836e-05,0.05871405758711677,0.09002746555128117,0.010190918500926193,0.0026432182871091556,0.02710108123886075,0.3048,933.2120678608499,763,1843.2161970209854
3,0.0002263775802466361,0.0676252757116697,3.026481399733116e-05,0.05871419245416607,0.09002777818794311,0.010191160267417487,0.0026432066809420453,0.027100948545249352,0.3048,933.212068343867,791,1913.3308854130155
4,0.0002263789756965722,0.06762520336696537,3.0264895945599717e-05,0.0587142351618855,0.09002837502271722,0.010190814510923386,0.0026432679427063157,0.027100962550704707,0.3048,933.2120686615987,732,1771.412352624
