,p1,p2,p3,p4,p5,p6,p7,p8,Gkr,RMSE,iterations,CPU_time,score
0,0.0019686716684867798,0.054158590409625,2.977937682063412e-05,0.04873700132905081,0.09611856906267258,0.023103750871929635,0.006851767734590612,0.03139435988530482,0.1578892154676122,2613.0465709595587,1303,3950.6717855079996,2613.0465709595587
1,0.3169218833841289,2.410590311300294e-05,0.0009689100956093861,1.173786059880404e-05,2.5398769006126362e-05,0.00023137310739944697,0.3881157142478905,4.299679049701493e-06,0.1524,,1303,,
