,p1,p2,p3,p4,p5,p6,p7,p8,Gkr,RMSE,iterations,CPU_time,score
0,0.0016844681734404818,0.08446432021148012,2.211537153039001e-05,0.05119433287658771,0.1215345401683433,0.0268751146400583,0.00887828961149071,0.028797386677785308,0.1546490523107326,652.3532128636543,1213,2400.822756066,652.3532128636543
1,0.0025542046550650933,0.0004256325449149116,2.5198422047589447e-06,0.0016927576734113285,3.385755825733018e-06,0.12617785040713486,1.7817184062957205,8.613477432048678e-05,0.1524,,1213,,
