,p1,p2,p3,p4,p5,p6,p7,p8,Gkr,RMSE,iterations,CPU_time,score
0,1.000000283547117e-07,0.026528198986336564,5.790230263890786e-06,1.0068196087649461e-07,0.05370943997982307,0.02756805792466124,0.005529324301106342,0.06167403017285974,16.246820987271782,57342.983076802455,2488,7613.745753618001,57342.983076802455
1,1.6207807624140062e-07,0.01521578947062373,1.6259904662431742e-06,0.0001149386593172162,5.930743835191808e-07,0.00010932146900697755,8.885959821069902e-05,1.4355584266762329e-05,0.1524,,2488,,
