,a_a0_a,a_a0_b,b_a1_a,b_a1_b,k_f_a,a_1_a,a_1_b,b_a0_a,b_a0_b,a_a1_a,a_a1_b,k_b_a,b_1_a,b_1_b,g_Kr,RMSE,iterations,CPU_time,score
0,0.022499961536590417,0.011450827068643362,6.860266968720301e-05,0.04181831483845608,0.024167400008737263,0.09077454656800271,0.023386120078161945,0.04693707272562513,0.06318831085650557,0.013200841698269914,0.038431339591686584,0.03620257702349387,0.006494571382176224,0.032686129137726054,0.15239048983536788,139.04207811493032,1967,6452.907261563,139.04207811493032
