,p1,p2,p3,p4,p5,p6,p7,p8,Gkr,RMSE,iterations,CPU_time,score
0,0.34100843274632897,1.0000001650069734e-07,3.1579754832804645,1.0000003905174965e-07,2.904928759663483e-07,1.0000662764982691e-07,9.952651440639299e-06,1.0003436138740899e-07,0.07099026812381766,101911.15665925894,1287,1876.834768877,101911.15665925894
1,0.3553329121158463,0.011040125118601004,3.06534625680469,0.04636875142080817,2.807253514743026e-07,0.002887652655352135,1.0347220753710546e-05,9.982224366641653e-06,0.1524,,1287,,
