,p1,p2,p3,p4,p5,p6,p7,p8,Gkr,RMSE,iterations,CPU_time,score
0,0.0015660676365480347,0.07931025640662998,2.223183220074767e-05,0.051171117901352016,0.0959736350406724,0.023931680847197264,0.0070519665121841265,0.03133594484681261,0.1548215849567458,718.9106164670997,1305,2799.8820863600004,718.9106164670997
1,0.001719554621551825,6.107535976872168e-07,0.4859667939671686,0.00010293559172659963,0.08947057717894213,1.8330919516022847e-06,0.0012235597705918262,5.268775928619858e-05,0.1524,,1305,,
