,p1,p2,p3,p4,p5,p6,p7,p8,Gkr,RMSE,iterations,CPU_time,score
0,0.0016855122544691765,0.0844536880468679,2.2078660557065302e-05,0.05120855580227324,0.12118732507109414,0.026859428303771308,0.008855223501047029,0.028802222648432848,0.15459750132906258,653.9515121148207,2569,5220.312018407999,653.9515121148207
1,0.00015096041806854978,0.0009357381499677504,1.2696582157024384e-05,1.2604487414908371e-05,0.00012370819179319723,0.0007101994733709537,2.5052274056222107e-07,0.018286417700971305,0.1524,,2569,,
