,a_a0_a,a_a0_b,b_a1_a,b_a1_b,k_f_a,a_1_a,a_1_b,b_a0_a,b_a0_b,a_a1_a,a_a1_b,k_b_a,b_1_a,b_1_b,g_Kr,RMSE,iterations,CPU_time,score
0,0.02269264279566306,0.011069291426381094,6.923546799177486e-05,0.04174242698176081,0.023214430000553177,0.09094709450467338,0.023415856292440845,0.049958351074359884,0.06316223177306383,0.01392390305033642,0.03870747941230805,0.03474440103327025,0.00650446762460317,0.03265510420585149,0.15242726449833177,139.29896511900685,1222,3835.6284106420003,139.29896511900685
