,b_1_a,b_1_b,k_b_a,b_a0_a,b_a0_b,b_a1_a,b_a1_b,k_f_a,a_a1_a,a_a1_b,a_a0_a,a_a0_b,a_1_a,a_1_b,g_Kr,RMSE,iterations,CPU_time,score
0,0.006500353270355628,0.03266080215970599,0.03786752083868494,0.047374857767264834,0.06345747640248338,6.884348794498482e-05,0.041787863852512985,0.024431321148887325,0.01363587548612355,0.03786208922858113,0.02247803715387731,0.011506284800366348,0.09086030360460529,0.0234202485815257,0.15240014429257395,138.0134978257739,1159,3421.1702687869983,138.0134978257739
