,p1,p2,p3,p4,p5,p6,p7,p8,Gkr,RMSE,iterations,CPU_time,score
0,3.9831362301776245,0.014747452535550074,3.182782430818158e-05,0.01729283231495962,0.061295275263796654,0.025598308462251064,0.024454560205669638,0.04222249114002577,0.03307704555619235,65269.61544722014,1857,3999.537474155002,65269.61544722014
1,0.010007577442983317,0.057720105735197556,0.00026254020370593414,0.0015147009187698548,2.941019867479034e-07,0.0017577932837604879,1.6529668104291085e-05,1.3332521567639616e-06,0.1524,,1857,,
