,p1,p2,p3,p4,p5,p6,p7,p8,Gkr,RMSE,iterations,CPU_time,score
0,0.001968918110868712,0.05415317511367786,2.981670718017922e-05,0.04872325127920342,0.0960098718814342,0.023114007082707205,0.0068431745687642384,0.03139588720416281,0.15786055194446158,2602.4615615851358,1162,3806.3927632740015,2602.4615615851358
1,1.1954874954070138e-06,0.0443542401280405,0.0038342998942377804,2.2962181746438528e-05,0.0419423594289219,3.999366351060636e-06,2.052611113354251,0.04426669643867127,0.1524,,1162,,
