,a_a0_a,a_a0_b,b_a1_a,b_a1_b,k_f_a,a_1_a,a_1_b,b_a0_a,b_a0_b,a_a1_a,a_a1_b,k_b_a,b_1_a,b_1_b,g_Kr,RMSE,iterations,CPU_time,score
0,0.02264996696265088,0.011659777226069338,6.884713062498938e-05,0.04178255977255926,0.023702785645391404,0.0908120337820765,0.023392039394189674,0.04695575510060743,0.0638529127189843,0.01364403882420806,0.038227660855587806,0.036849126521543527,0.006492941588827514,0.032702794702539215,0.15237835823349313,173.78006034380707,1063,5017.493562739999,173.78006034380707
