,p1,p2,p3,p4,p5,p6,p7,p8,Gkr,RMSE,iterations,CPU_time,score
0,0.001968793596216329,0.0541573122977426,2.978098787306427e-05,0.04873661255817967,0.09612031682557275,0.023103914035570175,0.0068517460491219085,0.031394383534701885,0.1578906692156929,2613.046557449406,1416,4489.749572184,2613.046557449406
1,5.695121411046712e-06,6.54975082831832e-06,0.0008288320691524172,7.961858155947435e-07,5.912194047908105e-05,0.23461187028340605,0.0203313199029268,3.64306602134442e-05,0.1524,,1416,,
