,p1,p2,p3,p4,p5,p6,p7,p8,Gkr,RMSE,iterations,CPU_time,score
0,0.0019689093396178317,0.054153406004286885,2.9816457866915254e-05,0.048723338748973215,0.09600907934225167,0.023114047844112428,0.006843022212487658,0.031396475339152866,0.15786006440225794,2602.4615530638616,1223,4296.881792644001,2602.4615530638616
1,0.026936134185446187,3.5529342809096175e-07,0.0049431540679093795,0.001125342352431922,0.06134924768272246,1.5210933539791228e-07,7.383458048484354e-06,0.02872764902820605,0.1524,,1223,,
