,b_1_a,b_1_b,k_b_a,b_a0_a,b_a0_b,b_a1_a,b_a1_b,k_f_a,a_a1_a,a_a1_b,a_a0_a,a_a0_b,a_1_a,a_1_b,g_Kr,RMSE,iterations,CPU_time,score
0,0.006496379112145428,0.03269953103701067,0.037041609201622194,0.04622157974691632,0.06303266151240562,6.888787718043963e-05,0.04177478735901154,0.023873712032345683,0.013542105817614737,0.03775566481398572,0.0224062159353888,0.012395501281836602,0.09075544238685618,0.023377593668568987,0.15232120527109647,138.47991146060386,1153,3589.7161343949992,138.47991146060386
