,a_a0_a,a_a0_b,b_a1_a,b_a1_b,k_f_a,a_1_a,a_1_b,b_a0_a,b_a0_b,a_a1_a,a_a1_b,k_b_a,b_1_a,b_1_b,g_Kr,RMSE,iterations,CPU_time,score
0,0.023122091050799615,0.011238488530091878,6.885822100188252e-05,0.04178645097350225,0.023927817366035175,0.0908512672701512,0.02338223809986615,0.04883876042245616,0.06391339903485645,0.013569789562955457,0.03785440544487429,0.036601161126163934,0.006500667482498185,0.03268384727742273,0.15238460788426794,296.41575125735113,963,6401.786452126999,296.41575125735113
