,a_a0_a,a_a0_b,b_a1_a,b_a1_b,k_f_a,a_1_a,a_1_b,b_a0_a,b_a0_b,a_a1_a,a_a1_b,k_b_a,b_1_a,b_1_b,g_Kr,RMSE,iterations,CPU_time,score
0,0.022937918578374718,0.01106251291198352,6.936123606543776e-05,0.04172629218084474,0.02432893360070077,0.09104001844128502,0.023401892352352512,0.05126017545215093,0.06420114388432908,0.013797233012013105,0.03722240589256479,0.03622874255094051,0.006511155059336189,0.03266864700346492,0.1524289224903522,138.1894792144709,1161,3421.904816749,138.1894792144709
