,a_a0_a,a_a0_b,b_a1_a,b_a1_b,k_f_a,a_1_a,a_1_b,b_a0_a,b_a0_b,a_a1_a,a_a1_b,k_b_a,b_1_a,b_1_b,g_Kr,RMSE,iterations,CPU_time,score
0,0.022656403931338134,0.011655634044304959,6.88466498256286e-05,0.04178258708497308,0.023701653490460134,0.09081157551111993,0.023392082703128175,0.046961858837332844,0.06386084313891764,0.013641738770541699,0.03823126341525031,0.036847700479129844,0.006492920449528885,0.032702800307083064,0.1523781700659588,173.78006059902467,923,3725.1016287189996,173.78006059902467
