,b_1_a,b_1_b,k_b_a,b_a0_a,b_a0_b,b_a1_a,b_a1_b,k_f_a,a_a1_a,a_a1_b,a_a0_a,a_a0_b,a_1_a,a_1_b,g_Kr,RMSE,iterations,CPU_time,score
0,0.006490920015877099,0.03268291414962148,0.03772684445574506,0.045072528671043326,0.0634023588595588,6.852846439522572e-05,0.04182359722138206,0.023942743335131217,0.013419592242347726,0.038415155963830376,0.02251411507395163,0.011735803074433762,0.09075186301335235,0.023393225472281502,0.15239963653707103,138.3725541605696,1018,3325.604008026,138.3725541605696
