,p1,p2,p3,p4,p5,p6,p7,p8,Gkr,RMSE,iterations,CPU_time,score
0,0.0015663988396673527,0.07928968067514476,2.2167901952675257e-05,0.05120178326563164,0.0959863583058312,0.023934854481046965,0.007051932062770994,0.031314965494837414,0.15487035585591596,719.5676539285855,1061,2532.420237321,719.5676539285855
1,0.1481519719963377,1.1648897812593106e-05,0.0002034119623243448,9.534033744239537e-06,0.00022201966036084023,0.006506075522977092,0.0029983770911594086,0.0002961892221669873,0.1524,,1061,,
