,p1,p2,p3,p4,p5,p6,p7,p8,Gkr,RMSE,iterations,CPU_time
0,5.466038106449813e-05,0.10126857126477203,1.7877600052767713e-05,0.054261393990925604,0.06424728564793497,0.011210546368013873,0.01058292478411976,0.042706771186545,0.05388153672641493,7114.8175089612005,1259,3535.246018032005
1,5.4668596439292194e-05,0.10126548722019592,1.7878774386360694e-05,0.054261027162494105,0.06424490073969416,0.011209372873922626,0.010583844721491098,0.042705166361218704,0.05388153672641493,7114.817524661321,908,2323.794669541996
2,5.465331806295448e-05,0.1012706080402033,1.788172699086719e-05,0.05425948619909714,0.06424420118044356,0.011211534271226753,0.010583452227055383,0.04270561604592611,0.05388153672641493,7114.817515059313,848,2342.5211243329977
3,5.466421761950229e-05,0.10126751004055254,1.788390092582481e-05,0.054258519647392804,0.06424006666629396,0.011211277070514713,0.01058292314648634,0.04270363945617174,0.05388153672641493,7114.817445232747,1236,2726.080286269993
4,5.465697300795199e-05,0.10126815793711928,1.7875892183492958e-05,0.05426228812103105,0.06424753269119951,0.01120995875746747,0.010584353626980144,0.04270441510354032,0.05388153672641493,7114.817468826627,1098,2378.9170755520026
