,p1,p2,p3,p4,p5,p6,p7,p8,Gkr,RMSE,iterations,CPU_time,score
0,0.0016834933532358196,0.08439616108691009,2.2082466671422225e-05,0.05121297605281517,0.12132938449332101,0.02686199983766302,0.008862592802568278,0.028803308727943212,0.15469130749722598,653.2886034658403,854,1721.656504871,653.2886034658403
1,0.0001322156971880417,0.005385185049338466,3.265957353234978e-07,4.529603045551761e-07,0.016989756244400328,8.7412446218765e-05,0.006607274684470615,3.4820486190809282e-06,0.1524,,854,,
