,p1,p2,p3,p4,p5,p6,p7,p8,Gkr,RMSE,iterations,CPU_time,score
0,0.001566903334312543,0.07930800358964323,2.2189451990822307e-05,0.051191235812849914,0.09598839255726388,0.023949444424968176,0.007054150713841555,0.03130231786161446,0.15483613938458102,719.8350869693544,952,2210.792301849,719.8350869693544
1,0.0003229141822984616,5.3828593342987516e-05,0.0009424324821540918,0.011331945132436334,0.0001477260159413689,0.0010571078871970314,0.001587003834557352,1.6594819785835516e-07,0.1524,,952,,
