,p1,p2,p3,p4,p5,p6,p7,p8,Gkr,RMSE,iterations,CPU_time
0,0.00022696012239290067,0.06712107383757891,2.97811125214681e-05,0.059317551103495965,0.09063562092597142,0.010420466202821976,0.0022301683693286526,0.026507270554865778,0.3624703286528294,1090.9487600088414,607,2873.3186663550005
1,0.0002269670730412552,0.06712074658908826,2.978035523881693e-05,0.05931781567575291,0.09064251031694634,0.010420382429355854,0.0022303650152485804,0.026506876083105573,0.3624703286528294,1090.9487701805194,577,2072.839013053992
2,0.00022695683976458713,0.0671204471406702,2.9780839273167114e-05,0.05931769783663108,0.09063339244383677,0.010420019489840261,0.002230101005682164,0.0265078261957391,0.3624703286528294,1090.9487801645257,500,2024.0013551439915
3,0.00022695927190671163,0.0671203764905836,2.9780426355631582e-05,0.059317845565251597,0.09063967425143744,0.010419487457145311,0.0022303137060215336,0.026507400012992354,0.3624703286528294,1090.9487608500524,571,2679.7749846040097
4,0.00022696561178126639,0.06712043994296651,2.978213704870681e-05,0.059317223141986744,0.09063756391914274,0.010420342851276061,0.002230243196473393,0.026506866020060013,0.3624703286528294,1090.9487638078188,501,2338.6151049670007
