,p1,p2,p3,p4,p5,p6,p7,p8,Gkr,RMSE,iterations,CPU_time
0,0.00022704454549826676,0.06716427339112628,2.9725788293392223e-05,0.05933737090580394,0.09082802275382912,0.01041457707474131,0.002234663487740383,0.02651020180700364,0.3624703286528294,1092.5550576817675,883,2144.1449373699725
1,0.0002270266348073834,0.06716583813424366,2.97237606216391e-05,0.05933790780158199,0.09082815740995281,0.0104145745095054,0.0022346544115902475,0.02651020484519202,0.3624703286528294,1092.555056653091,570,1375.4516745110159
2,0.0002270404694351394,0.06716442453847919,2.9726180889883184e-05,0.05933716861623536,0.09082644949898568,0.010414889324618629,0.0022346110588186787,0.02650999498082217,0.3624703286528294,1092.5550436200567,902,2176.124153402023
3,0.0002270277608178498,0.06716610441484784,2.972535756880721e-05,0.05933746336901415,0.09082805900219638,0.010414389007330355,0.002234690873355276,0.026510051926985627,0.3624703286528294,1092.5550427204182,1022,2465.6897579880024
4,0.00022703251760454658,0.06716621591254615,2.9723650414231323e-05,0.05933797841308735,0.09082886438893839,0.010414387506539068,0.002234660190263012,0.026510274627459834,0.3624703286528294,1092.5550129667815,886,2136.2143113519996
