,b_1_a,b_1_b,k_b_a,b_a0_a,b_a0_b,b_a1_a,b_a1_b,k_f_a,a_a1_a,a_a1_b,a_a0_a,a_a0_b,a_1_a,a_1_b,g_Kr,RMSE,iterations,CPU_time,score
0,0.006496019906551397,0.03267360986997806,0.036852058027303354,0.046966749421866606,0.06305116401085097,6.897943529180257e-05,0.04177308420058948,0.02385246516726049,0.013754333631906033,0.03819720154242098,0.02223121416748947,0.011832483808820815,0.09082776055117088,0.023406704100807734,0.15241804720531918,139.29895874195532,1437,4727.72995443,139.29895874195532
