,a_a0_a,a_a0_b,b_a1_a,b_a1_b,k_f_a,a_1_a,a_1_b,b_a0_a,b_a0_b,a_a1_a,a_a1_b,k_b_a,b_1_a,b_1_b,g_Kr,RMSE,iterations,CPU_time,score
0,0.022379927261903187,0.011311417430085858,6.927289684774614e-05,0.04173819895995636,0.023229135402275586,0.09094641850966606,0.02341568967259356,0.049448965356187605,0.06296144900633002,0.014047938808637344,0.03865109494127122,0.034961957737506065,0.006504352674983217,0.03265508541015399,0.15242751141073205,139.2990497908608,980,3074.308645545,139.2990497908608
