,b_1_a,b_1_b,k_b_a,b_a0_a,b_a0_b,b_a1_a,b_a1_b,k_f_a,a_a1_a,a_a1_b,a_a0_a,a_a0_b,a_1_a,a_1_b,g_Kr,RMSE,iterations,CPU_time,score
0,0.006500690694690306,0.03268373732336322,0.036600978728214745,0.04884032887392029,0.06391303950609925,6.88583935616751e-05,0.04178643238730724,0.023927290117169778,0.013570531170279081,0.037854131855203525,0.023121765977617174,0.011238878491391857,0.0908513060960715,0.02338231303734753,0.1523844952723704,296.4157512813686,987,6977.703864555999,296.4157512813686
