,p1,p2,p3,p4,p5,p6,p7,p8,Gkr,RMSE,iterations,CPU_time,score
0,0.0019697513695578605,0.05414827043669847,2.9816099256794746e-05,0.04872427509861973,0.09613755940292493,0.02312375937881502,0.006851124050099859,0.03138845672357219,0.1578653048662245,2603.0552887413073,1472,4404.118862574,2603.0552887413073
1,1.532777871293649e-07,7.984189976835712e-05,0.16183780001324538,0.0019438936378009075,0.017280662545101792,1.4900397846928128e-05,0.09549478247420104,0.0012009008780770624,0.1524,,1472,,
