,p1,p2,p3,p4,p5,p6,p7,p8,Gkr,RMSE,iterations,CPU_time,score
0,0.006975115756762802,1.0000124061572641e-07,0.08229944704494066,1.0000036912538041e-07,6.971229259048733e-06,1.0107311509396981e-07,0.0010602049889214438,1.00393075579923e-07,0.10582433084580806,121325.87644291703,1246,2200.458668086,121325.87644291703
1,0.0068471058031935655,5.136023138286806e-07,0.08374830187565638,0.0005317611553151742,6.802747829112157e-06,3.052900206012383e-07,0.0010479004447531551,2.264891264275236e-07,0.1524,,1246,,
