,a_a0_a,a_a0_b,b_a1_a,b_a1_b,k_f_a,a_1_a,a_1_b,b_a0_a,b_a0_b,a_a1_a,a_a1_b,k_b_a,b_1_a,b_1_b,g_Kr,RMSE,iterations,CPU_time,score
0,0.02170791958264469,0.012336103712825518,6.90094225603929e-05,0.04176763806974161,0.023696404064351265,0.09077633467816357,0.023393193610631545,0.04572196596662641,0.06255664225877022,0.014034271588441349,0.03811281494730103,0.03745605760948451,0.0064951094512957185,0.032677399241987135,0.15239389371027848,295.8990659199875,951,6697.067684382999,295.8990659199875
