,p1,p2,p3,p4,p5,p6,p7,p8,Gkr,RMSE,iterations,CPU_time,score
0,2.5917180342059697e-06,0.18781911545579386,0.00011494123297093511,0.03705699379052802,1.0000018965977627e-07,0.3375910611211772,4.8125445949139945e-05,0.06908138963448619,0.1668660907539437,33092.91431745296,1098,2249.819967053,33092.91431745296
1,4.06500661528131e-06,4.7590861825570394e-07,5.809099225947437e-05,7.893451784758428e-07,2.178404205484829e-06,0.09449587835341502,0.00020353346632828785,0.004797538373961277,0.1524,,1098,,
