,p1,p2,p3,p4,p5,p6,p7,p8,Gkr,RMSE,iterations,CPU_time
0,0.00022119883453497545,0.06238913514357576,3.0888915344558416e-05,0.05674565004332838,0.09150952160554264,0.008612703789680284,0.003832759534762817,0.02942544359913546,0.21552614690565972,181.1357453128689,863,1803.676663656006
1,0.00022120021120336606,0.062389112289806835,3.0889071199454815e-05,0.056745476673256134,0.0915155299461151,0.008613589550833632,0.003833017159434224,0.029424704376795827,0.21552614690565972,181.13574867138047,498,957.985250593003
2,0.00022120769713616548,0.06239072985572677,3.088886316720056e-05,0.056745845254084146,0.09152894707156105,0.008615842115438052,0.003833518931094513,0.029422673394837423,0.21552614690565972,181.13574476135915,635,1338.6035904029995
3,0.0002211983431942846,0.062389950149868235,3.0889740930534695e-05,0.05674536100885735,0.09151307682270413,0.008614026291840786,0.0038329083483094263,0.029424489325696926,0.21552614690565972,181.135747574934,459,817.4538131559966
4,0.00022119737852348062,0.06238953975591728,3.088833428962384e-05,0.056745752971531796,0.09151593449090846,0.008613843098538207,0.0038330096801069222,0.029424477651817705,0.21552614690565972,181.1357467749098,535,1013.964485044009
