,p1,p2,p3,p4,p5,p6,p7,p8,Gkr,RMSE,iterations,CPU_time
0,0.00022092990774570247,0.06242133891259678,3.098833508791323e-05,0.056712454946992036,0.09134899529571738,0.008632849466669154,0.003829634785034995,0.029406801589206076,0.21552614690565972,181.39653705096632,1085,1933.248050836999
1,0.00022093315808432073,0.06242069836389,3.098792962308131e-05,0.05671253472689811,0.09135297410158472,0.00863279858316522,0.00382979173535548,0.029406799586983483,0.21552614690565972,181.3965367363378,682,1026.9754923470027
2,0.00022093307719804197,0.06242089549150834,3.098834016475103e-05,0.05671253167728317,0.0913502028070681,0.008632808124987044,0.0038296684360599005,0.029406931739992804,0.21552614690565972,181.39653994139817,709,1300.5175213969997
3,0.0002209339614711937,0.062420228051612875,3.098899517682587e-05,0.05671211372729626,0.09134904450397217,0.008633065083441378,0.003829646385813128,0.02940670554584238,0.21552614690565972,181.39653920905187,674,1321.434425424999
4,0.00022093206427004755,0.062421619878749564,3.0988571098144e-05,0.05671250233643081,0.09134898531027302,0.008632961658193104,0.0038296099604876862,0.02940691930009003,0.21552614690565972,181.39653638668756,573,1105.713054983
