,a_a0_a,a_a0_b,b_a1_a,b_a1_b,k_f_a,a_1_a,a_1_b,b_a0_a,b_a0_b,a_a1_a,a_a1_b,k_b_a,b_1_a,b_1_b,g_Kr,RMSE,iterations,CPU_time,score
0,0.021930857605846333,0.011780046424717415,6.931354692095101e-05,0.04173119740852783,0.023426394676649837,0.09074856350082089,0.02338756633875733,0.048126587654368745,0.06324680019934123,0.014643008571150652,0.03776871312860297,0.0372863410349841,0.006491257553358502,0.03267628404322773,0.1523755990539966,138.75340771215065,1313,3889.244087315001,138.75340771215065
