,b_1_a,b_1_b,k_b_a,b_a0_a,b_a0_b,b_a1_a,b_a1_b,k_f_a,a_a1_a,a_a1_b,a_a0_a,a_a0_b,a_1_a,a_1_b,g_Kr,RMSE,iterations,CPU_time,score
0,0.006497531482027025,0.03267407239483304,0.03712699011835387,0.046818974612544084,0.06254223344214728,6.876380127237354e-05,0.04180048606293672,0.023902638028602315,0.013701068241749497,0.03850924875595003,0.022304502590644853,0.011451267751552124,0.09082895591567486,0.023385002631046904,0.15242678764503867,173.92107778213563,1192,5244.957509743999,173.92107778213563
