,a_a0_a,a_a0_b,b_a1_a,b_a1_b,k_f_a,a_1_a,a_1_b,b_a0_a,b_a0_b,a_a1_a,a_a1_b,k_b_a,b_1_a,b_1_b,g_Kr,RMSE,iterations,CPU_time,score
0,0.02185222854408039,0.012131398669868964,6.888376126458902e-05,0.0417832108818564,0.023717514259434268,0.09085436759903315,0.023387817640998607,0.046660765671320346,0.06272962133523266,0.013981770282570968,0.03807282477934985,0.03696802573362589,0.006503971184883822,0.03266605210692975,0.1523972155561439,202.70623592380687,915,2747.334884161999,202.70623592380687
