,a_a0_a,a_a0_b,b_a1_a,b_a1_b,k_f_a,a_1_a,a_1_b,b_a0_a,b_a0_b,a_a1_a,a_a1_b,k_b_a,b_1_a,b_1_b,g_Kr,RMSE,iterations,CPU_time,score
0,0.021926867658769066,0.012024760728485193,6.893611556805489e-05,0.04177680866398532,0.023760455645139664,0.09081720945080111,0.02338988273159241,0.04637920798135613,0.06256587685094264,0.013931645455581761,0.03820181822587517,0.03717058912896098,0.006497440399192932,0.03267359594123831,0.15241440561140338,173.5265217330256,952,4540.126924830998,173.5265217330256
