,p1,p2,p3,p4,p5,p6,p7,p8,Gkr,RMSE,iterations,CPU_time,score
0,0.0016855132396477416,0.0844541493840018,2.2079544196440677e-05,0.051208119184168,0.12118396992744712,0.02685965437426803,0.008855142469992569,0.02880238182326757,0.15459468475766655,653.9515246929451,1117,2223.694979413,653.9515246929451
1,0.00039664114022398356,0.0019376965143766466,8.597663352530446e-05,0.0010850844495256522,0.2847571943181423,5.340182122830667e-06,0.00010356532619862446,6.419254427411163e-06,0.1524,,1117,,
