,p1,p2,p3,p4,p5,p6,p7,p8,Gkr,RMSE,iterations,CPU_time
0,0.00022457442988675635,0.06964137100740349,2.8121053318047887e-05,0.05794907216180851,0.09273268242138151,0.00887145754717165,0.004028148115239395,0.027982732649132692,0.21552614690565972,421.4322105876014,750,1898.6405361180005
1,0.00022457821962981132,0.06964132536633862,2.812407788741616e-05,0.05794821592486057,0.09273193519600711,0.00887188163748876,0.004028164844294433,0.027982436460129267,0.21552614690565972,421.43218993223655,696,2098.826127362001
2,0.00022458191039897505,0.06964109298080051,2.8125518412113028e-05,0.05794758308986746,0.09273042025516402,0.008872003689929405,0.004028059745130003,0.027982348642980562,0.21552614690565972,421.4322124481527,506,1360.655945464001
3,0.0002246101079371897,0.0696385640873906,2.8124808047082934e-05,0.05794802271633907,0.0927330063512481,0.008872234397795204,0.0040280926618779704,0.02798262650822292,0.21552614690565972,421.4322100898035,632,1719.7131061830005
4,0.0002245634038353682,0.06964273742170755,2.8123096442025584e-05,0.05794840319150797,0.09273056704523039,0.00887208053237199,0.004028032706081344,0.02798219729315047,0.21552614690565972,421.43219004785396,539,1317.360143427999
