,p1,p2,p3,p4,p5,p6,p7,p8,Gkr,RMSE,iterations,CPU_time,score
0,0.0016890846623056474,0.03664948921096967,4.284720666657546e-05,0.04595505269385772,0.09319716936595268,0.021806147954269293,0.007353034363920243,0.029606804727685156,0.16389787737158165,1708.225319364834,1046,3320.145587145,1708.225319364834
1,0.9575499837131095,0.005344025435411944,0.096751071883232,1.0674038837854897e-05,0.08107492239591083,6.098840254733485e-07,1.4227404963725946e-06,0.012152843766530027,0.1524,,1046,,
