,p1,p2,p3,p4,p5,p6,p7,p8,Gkr,RMSE,iterations,CPU_time
0,0.00020711170603753077,0.05490684225721714,2.595638173273532e-05,0.06039504218645834,0.09923651546869311,0.008681534859918153,0.0014908193589427143,0.026108305075433574,0.6096,343.30551693199664,787,1492.930932118994
1,0.00020710511008761585,0.05490491046923273,2.59549733068753e-05,0.06039555187787726,0.09928473690157259,0.00868560689113231,0.0014915600265013075,0.026103917851912024,0.6096,343.3055184592257,1010,1973.42219148601
2,0.00020714222708610963,0.054903321136024176,2.595310882585247e-05,0.06039620256142475,0.09923626520037775,0.008680683435540357,0.0014907942297395197,0.026108726044499424,0.6096,343.30548439384586,662,1234.6556627870013
3,0.00020712177168141636,0.05490564435702208,2.5952167393847713e-05,0.06039660988195541,0.099236179658201,0.008680329744361144,0.0014907990975596872,0.026109073964928627,0.6096,343.3054898821907,635,995.7857983850117
4,0.000207117333382961,0.054908608449962745,2.5952994420497107e-05,0.060396710201238414,0.09924363538989917,0.008681922480240547,0.0014908874980517392,0.02610796672659476,0.6096,343.3055235894787,517,937.5584061430127
