,p1,p2,p3,p4,p5,p6,p7,p8,Gkr,RMSE,iterations,CPU_time
0,0.00020742700348854294,0.05491091887116162,2.5985586114533263e-05,0.060378946227000914,0.09820996012960002,0.008617956823542144,0.0014751688767938329,0.02617413384191068,0.6096,343.381427503508,579,1177.1284890419993
1,0.00020743341324094266,0.05490833330331957,2.598520048677671e-05,0.060379059440162045,0.09821034480915349,0.008617019424360136,0.0014751833001126649,0.026174834752852694,0.6096,343.3814345213085,737,1498.2616167380038
2,0.00020741867673506297,0.05491103867362872,2.598399510739555e-05,0.060379475750333776,0.0981992117797486,0.008615950221281941,0.0014750143330324167,0.02617544954196008,0.6096,343.38142649744765,778,1576.3747859659998
3,0.00020742861330834617,0.0549081559811674,2.598333719247987e-05,0.06037945992412915,0.0982083288606918,0.008617242612494672,0.0014751614427025983,0.02617420456398433,0.6096,343.3814195428907,967,1963.2785427740018
4,0.00020743982166279365,0.05490768001506038,2.5984306780698332e-05,0.06037932613371156,0.09820089074912025,0.008615629909972661,0.0014750427945450187,0.026175742957651196,0.6096,343.3814444603555,541,1022.0981868550007
