,a_a0_a,a_a0_b,b_a1_a,b_a1_b,k_f_a,a_1_a,a_1_b,b_a0_a,b_a0_b,a_a1_a,a_a1_b,k_b_a,b_1_a,b_1_b,g_Kr,RMSE,iterations,CPU_time,score
0,0.022554607955132488,0.011712216379125617,6.890669679565584e-05,0.04177511354212302,0.023800189833598707,0.09081862516909968,0.02338639480030597,0.047310252827640925,0.06333631437918515,0.013582822534725127,0.03806843879648335,0.03647422805007717,0.0064965250479331466,0.03268353510721109,0.15239710378348872,174.58113529896562,1499,7094.534715623,174.58113529896562
