,p1,p2,p3,p4,p5,p6,p7,p8,Gkr,RMSE,iterations,CPU_time
0,5.1076642528525574e-05,0.10225116660589569,1.3985178979536623e-05,0.05550148227274491,0.057106393371218624,0.012200105722734295,0.011394627084873741,0.046780107809849536,0.045308791081603676,9694.814647960224,858,2237.5401200979977
1,5.106810698393538e-05,0.10225389617259859,1.3986407785458827e-05,0.05550077138715604,0.05709978838000672,0.012198093119124814,0.011394149417025101,0.04678023722285089,0.045308791081603676,9694.814628361952,799,2398.510081485001
2,5.106748578238646e-05,0.10225247959894557,1.3982503362448548e-05,0.055503184580024005,0.057103618813274235,0.01219783254539923,0.011395115306554685,0.04677963294353269,0.045308791081603676,9694.814665407132,634,2049.599877233006
3,5.106426888768707e-05,0.10225410757345531,1.3983400757208563e-05,0.055502234375681796,0.05710676873887484,0.012199637512605494,0.011395493202065022,0.04677881948092371,0.045308791081603676,9694.81466208524,564,1603.8379782989941
4,5.108323504509351e-05,0.10224921813812218,1.3984464223229275e-05,0.05550178142614445,0.05710577401827442,0.012200438809540253,0.011394218525992771,0.0467800754411141,0.045308791081603676,9694.814624782288,1297,3947.449493084001
