,a_a0_a,a_a0_b,b_a1_a,b_a1_b,k_f_a,a_1_a,a_1_b,b_a0_a,b_a0_b,a_a1_a,a_a1_b,k_b_a,b_1_a,b_1_b,g_Kr,RMSE,iterations,CPU_time,score
0,0.021984305460223934,0.012007715942484436,6.884740462561398e-05,0.041787089091573075,0.023818125610089322,0.09086489140617478,0.023386618373796794,0.046275367741415226,0.06287066163326581,0.013846647953528312,0.038176673861164405,0.03715698353947866,0.006502132233869659,0.03266770057859913,0.15241835226725525,296.84351695972424,1402,9824.039102425,296.84351695972424
