,p1,p2,p3,p4,p5,p6,p7,p8,Gkr,RMSE,iterations,CPU_time
0,0.00024847065767313,0.09469004081937932,2.4417210024890075e-05,0.050806868479344396,0.0599041233423032,0.0098856184951296,0.01142807163950412,0.04340852197485829,0.045308791081603676,2238.3139449249506,584,1326.714364456995
1,0.00024850448108286363,0.09468305114412959,2.442130381129827e-05,0.05080511361097679,0.05990035848255874,0.00988619851722217,0.01142734676092404,0.04340858593483316,0.045308791081603676,2238.313912270112,1321,2655.4669319199966
2,0.0002484675238423314,0.09468649772930579,2.441791838571382e-05,0.05080659484788573,0.059900224711866734,0.009888086484790204,0.011427431747134632,0.04340613453458149,0.045308791081603676,2238.3139231169093,885,1165.9532258259933
3,0.00024847438938044287,0.09469020200744656,2.441766491676194e-05,0.05080659281961031,0.05989794255540291,0.009887818266013077,0.01142673916907821,0.0434064460842924,0.045308791081603676,2238.3139323593364,511,878.8102639989957
4,0.000248489225403876,0.0946826977143627,2.441831185843027e-05,0.050806347471274584,0.05989772009573293,0.009887959287565607,0.01142665395036913,0.04340660772987772,0.045308791081603676,2238.3139446122464,522,749.6811153879971
