,p1,p2,p3,p4,p5,p6,p7,p8,Gkr,RMSE,iterations,CPU_time
0,0.00022509446284150127,0.06976374216467808,2.616863886971449e-05,0.059162293284384146,0.09401227112206098,0.00894814508905888,0.0034568802133186057,0.026723902153785308,0.2563052273693322,617.8742888181741,1068,3126.0303045679975
1,0.0002251269315890416,0.06975984108997338,2.616528109075635e-05,0.059163399723158566,0.09401304391465282,0.008947957037815661,0.0034569789772742267,0.02672383974107429,0.2563052273693322,617.8743177734934,793,1925.0128369080048
2,0.00022511920961255181,0.06976096769229755,2.6174191924806817e-05,0.05916041835139341,0.09401254484692456,0.008948000231269937,0.0034570300937818267,0.026724044855971067,0.2563052273693322,617.8743084544493,489,921.9965560659984
3,0.0002251366221919272,0.06975802424638625,2.616258056432367e-05,0.059164453207710556,0.09401538044563322,0.008947529414834244,0.003457091614473951,0.026724005404400772,0.2563052273693322,617.8743634728339,534,931.2547611530026
4,0.00022510451473903016,0.06976199426985785,2.6165024858622848e-05,0.059163466966046345,0.09401284775321395,0.008947751237021144,0.003456922791088587,0.026723969188389075,0.2563052273693322,617.8742932394002,729,1285.1260143370018
