,p1,p2,p3,p4,p5,p6,p7,p8,Gkr,RMSE,iterations,CPU_time
0,0.00022487745657880515,0.06975286071457018,2.619185102353698e-05,0.05915721423127794,0.09404377108389032,0.008943270884885996,0.0034587487603123615,0.02673767626503598,0.2563052273693322,619.418840667072,548,968.7294058499974
1,0.00022484037652166524,0.06975540272470288,2.6190485296350897e-05,0.059157725138211256,0.09404290594540257,0.008943082051906097,0.003458842756705566,0.026737388252699498,0.2563052273693322,619.4188053703176,837,1508.5188580469985
2,0.0002248887743584848,0.06975061088777317,2.6193194646547447e-05,0.05915633253102476,0.09404399608934727,0.008943265028972674,0.003458904597550994,0.026737215242519805,0.2563052273693322,619.4188252525221,829,1659.4188696749916
3,0.00022485870070891722,0.06975399810447241,2.6192558307866074e-05,0.059156713113528665,0.09404444222850711,0.00894299173570738,0.0034589360557704257,0.026736984824813195,0.2563052273693322,619.4188321066713,605,1064.6701237290108
4,0.00022491004825480934,0.06974848994363678,2.6190010297219083e-05,0.05915771200685097,0.09404826206021538,0.00894246425525901,0.0034591111137560974,0.026737551784831545,0.2563052273693322,619.418823368326,1110,1953.999966620002
