,a_a0_a,a_a0_b,b_a1_a,b_a1_b,k_f_a,a_1_a,a_1_b,b_a0_a,b_a0_b,a_a1_a,a_a1_b,k_b_a,b_1_a,b_1_b,g_Kr,RMSE,iterations,CPU_time,score
0,0.02165276279418834,0.012120194107253983,6.936031948897418e-05,0.04172683922360479,0.02366312611306634,0.09074255984191898,0.023387028601469326,0.04764985774193585,0.06321333084647748,0.01471871595764502,0.03739483297554028,0.03787350589912296,0.006490802476239047,0.03267681072719268,0.15237698777391606,138.7532623832344,1395,4093.869820677,138.7532623832344
