,p1,p2,p3,p4,p5,p6,p7,p8,Gkr,RMSE,iterations,CPU_time,score
0,0.0016912886042118828,0.03664981842857486,4.2991001677348285e-05,0.04592323788293192,0.09318171824342288,0.021807188498458578,0.007356590478750979,0.029601500615657837,0.16386168858378164,1714.7122069361822,1025,3015.075666200999,1714.7122069361822
1,0.00033215484701700567,6.793784084037288e-06,0.02101339029271006,0.0001881260092137157,0.6645577835519276,0.01741827737892881,0.006698392014108155,1.1129020156345546e-05,0.1524,,1025,,
