,p1,p2,p3,p4,p5,p6,p7,p8,Gkr,RMSE,iterations,CPU_time
0,0.00021207933516940013,0.08731502873246538,3.547405118614098e-05,0.050647545084028224,0.08430010593631884,0.011221433832453007,0.010329183014525237,0.035343054137564035,0.07664514235271616,656.8383447427804,654,1071.710784327006
1,0.00021209755190710716,0.08731158817726134,3.5473780035729934e-05,0.05064751154749984,0.08430438671548166,0.011218075614362685,0.010329677401644933,0.03534640876782545,0.07664514235271616,656.8383375862182,602,849.7003726529947
2,0.00021208017345017614,0.08731808403756518,3.5472892422874926e-05,0.05064781363993932,0.08431259809030162,0.011220547042291914,0.010330678425868661,0.03534386651794171,0.07664514235271616,656.8383549666626,571,1083.0299224479968
3,0.00021207758764951612,0.08731541559056515,3.54716969959987e-05,0.05064821404659933,0.08431057791321317,0.011218697918853127,0.01033050825156063,0.03534518827751337,0.07664514235271616,656.8383423545538,596,713.1403648729902
4,0.0002120974667923067,0.0873119161749316,3.5474662446404114e-05,0.0506472322630298,0.08430564653806992,0.011218567592853782,0.010329836563735442,0.03534619388186761,0.07664514235271616,656.8383359990194,580,923.4763196470012
