,a_a0_a,a_a0_b,b_a1_a,b_a1_b,k_f_a,a_1_a,a_1_b,b_a0_a,b_a0_b,a_a1_a,a_a1_b,k_b_a,b_1_a,b_1_b,g_Kr,RMSE,iterations,CPU_time,score
0,0.022330459900915218,0.012461237601647128,6.889420923093197e-05,0.04177414806686563,0.0239085153864616,0.09075216074115733,0.0233770420352301,0.04608943096383539,0.06300761508123033,0.013574410945707967,0.03770310577023388,0.03718702789116072,0.006496162419043426,0.03270009751819961,0.1523210040271125,138.47988386997213,1289,4501.5375951800015,138.47988386997213
