,a_1_a,a_1_b,b_a0_a,b_a0_b,k_b_a,a_a0_a,a_a0_b,b_1_a,b_1_b,b_a1_a,b_a1_b,a_a1_a,a_a1_b,k_f_a,g_Kr,RMSE,iterations,CPU_time,score
0,0.09075287005611318,0.02338897128341569,0.04790265287734556,0.06327329404787481,0.037601406007447755,0.021912539683971978,0.011719739400650518,0.006491878025041975,0.03267580506711576,6.924112856169891e-05,0.041739357223801996,0.014629318834680972,0.037801993545570865,0.023529498073797474,0.15236951523088477,138.75345114980706,1440,4271.381478764,138.75345114980706
