,p1,p2,p3,p4,p5,p6,p7,p8,Gkr,RMSE,iterations,CPU_time,score
0,0.0016885345253651405,0.03667802429971125,4.285930660982914e-05,0.045956005511918016,0.09320204548481588,0.021801791626624777,0.007355231684293666,0.029599086143882306,0.16390991983322803,1710.1925226228916,1576,4371.322009252,1710.1925226228916
1,5.609224886352579e-06,0.0035296036599493166,0.31188516412529566,1.4992772177647237e-05,1.7346140578040015,0.01843298840316878,0.0005144327523413955,3.182515533154085e-05,0.1524,,1576,,
