,p1,p2,p3,p4,p5,p6,p7,p8,Gkr,RMSE,iterations,CPU_time
0,0.00023336215521383187,0.06979344151242184,2.3042167298348386e-05,0.06167107221525355,0.09643314568908087,0.009085710254336335,0.0017768738534360473,0.024070307053654788,0.5126104547386644,1285.0956108349847,666,1104.9719538390054
1,0.0002333407240251057,0.06979166460235144,2.3040969025161887e-05,0.06167187712465876,0.09643296477919554,0.009085300042862584,0.00177697399119955,0.02407037019455548,0.5126104547386644,1285.0956391820066,621,1036.5988954420027
2,0.00023331146983501794,0.06979541507698435,2.3045004059689495e-05,0.061669898752842504,0.09643342022140047,0.009085577606765923,0.0017770205477158987,0.024070039153452967,0.5126104547386644,1285.09566230161,556,929.9288954490039
3,0.00023332684932530692,0.06979260035793615,2.3045274540689665e-05,0.06166960882867462,0.09643113405801494,0.009085550395056924,0.0017769944800534474,0.024070018016393354,0.5126104547386644,1285.0956292495498,949,1586.1545381959877
4,0.00023325604855611835,0.06980221519952289,2.3045193045769278e-05,0.06166987716013371,0.09643722655557949,0.009085258741724516,0.0017770023612634221,0.024070606458897206,0.5126104547386644,1285.095606996392,486,807.5522644110024
