,p1,p2,p3,p4,p5,p6,p7,p8,Gkr,RMSE,iterations,CPU_time
0,0.00023210161118899884,0.069891675142173,2.299845760014144e-05,0.06168059012718597,0.09650330331984458,0.009071735303028043,0.0017784711648566529,0.024075609835092254,0.5126104547386644,1283.7222388133919,510,1546.7715164740075
1,0.0002320736492167807,0.0698945206626629,2.29950901537959e-05,0.061681461333685544,0.09650604024429883,0.009070999506314214,0.0017785162266586497,0.024075456169885958,0.5126104547386644,1283.722255626325,533,1599.7717813290074
2,0.00023208669649250405,0.06989191563258379,2.2999367929486938e-05,0.06168029670555629,0.0965021084220937,0.00907219358917047,0.0017784092527750996,0.024075801010845277,0.5126104547386644,1283.7221888687534,752,2059.8359801079932
3,0.00023210952280405597,0.06989097569620112,2.299512007706593e-05,0.06168165623506335,0.09650586428584572,0.009071750876666842,0.0017784625514460435,0.024075462679855407,0.5126104547386644,1283.7222418309607,545,1030.7926709879976
4,0.00023208654235859174,0.0698916767478794,2.299567216686922e-05,0.0616814582030538,0.09650602839187758,0.00907045298838574,0.0017785623589813113,0.02407604957021262,0.5126104547386644,1283.722295350183,606,1473.4706108949904
