,a_a0_a,a_a0_b,b_a1_a,b_a1_b,k_f_a,a_1_a,a_1_b,b_a0_a,b_a0_b,a_a1_a,a_a1_b,k_b_a,b_1_a,b_1_b,g_Kr,RMSE,iterations,CPU_time,score
0,0.021983147647820975,0.012010267200850147,6.884826316909788e-05,0.04178697333291076,0.02381715948670643,0.09086479997772007,0.023386695838505247,0.04627323532675252,0.06286929779907559,0.013847208418557078,0.038176004569412676,0.0371560693703944,0.006502113798281986,0.032667675229839085,0.1524183296213181,296.84351613245724,1497,10668.710637377,296.84351613245724
