,p1,p2,p3,p4,p5,p6,p7,p8,Gkr,RMSE,iterations,CPU_time
0,0.0001984161849852284,0.05764615840207573,2.8544686940249492e-05,0.05964011726254585,0.09088095735508717,0.009667864755983099,0.0018414424883313337,0.025504984077652056,0.5126104547386644,380.242831438623,1082,1528.6185751629964
1,0.00019838623365022189,0.05764778198297303,2.853755845271277e-05,0.05964168010131311,0.0908841213270294,0.009667511158264351,0.0018415683630193483,0.02550399824316868,0.5126104547386644,380.24286769837937,511,728.7484490479983
2,0.00019838361357198787,0.057650292342863375,2.854167689825831e-05,0.05964109578508271,0.0908809323144491,0.009668156446252893,0.0018414834143577028,0.025504132330231532,0.5126104547386644,380.2428821834909,537,680.3635444749962
3,0.0001984008063932964,0.057647587121393826,2.854498021477776e-05,0.059639709769502086,0.09088725322035764,0.009669479097553023,0.0018416240496818192,0.025502853408068998,0.5126104547386644,380.24288275469434,782,1647.6052541590034
4,0.00019838823139317627,0.057648562222849295,2.8544459252844456e-05,0.0596402116221011,0.09088086191122301,0.009668510924930913,0.0018415543741089125,0.0255037273804261,0.5126104547386644,380.24287884642047,591,1292.3738171869918
