,p1,p2,p3,p4,p5,p6,p7,p8,Gkr,RMSE,iterations,CPU_time
0,0.00019861308049067564,0.0575525690808746,2.864193218885238e-05,0.05960722821344597,0.09082069879552368,0.00969294675347403,0.001841701716847545,0.025496771889365513,0.5126104547386644,381.37173395113,602,1062.2219575250056
1,0.00019864204503622422,0.05755676460949081,2.8642746072471084e-05,0.05960750424311822,0.0908289401179278,0.009693098151005433,0.0018417167547088128,0.025495940167285052,0.5126104547386644,381.3716919894204,957,1853.1550529800006
2,0.00019864336829120965,0.05755880685417701,2.8641774764615208e-05,0.05960790486030829,0.09082677768867699,0.009692364794565072,0.0018416053667290211,0.02549669406982348,0.5126104547386644,381.37174493887557,480,648.0613236860081
3,0.00019865151767889337,0.05755500835270935,2.863813689717917e-05,0.059608836147236936,0.09083471312591011,0.00969165827294202,0.00184184486680091,0.0254963086337273,0.5126104547386644,381.3717326686011,809,1054.9333731149964
4,0.0001986330497394789,0.05755271322057615,2.8642867853710728e-05,0.059607060664446626,0.09083770748422716,0.009693723279847409,0.0018419510974353784,0.025495746175353922,0.5126104547386644,381.37174536063037,528,764.743692901
