,p1,p2,p3,p4,p5,p6,p7,p8,Gkr,RMSE,iterations,CPU_time
0,8.94682049123555e-05,0.10324822555097712,1.179343460475173e-05,0.05539745734878403,0.050369756181063326,0.010389765106896763,0.009766369220573133,0.050782088875688594,0.0381,12019.63431629829,630,1087.454767837975
1,8.954065183174055e-05,0.10323162497364084,1.179420973554287e-05,0.05539726094239667,0.050367113831321184,0.010390606255023098,0.009765249232944286,0.05078399498158767,0.0381,12019.634264992212,697,1183.6713833059766
2,8.953095718405479e-05,0.10323452794592972,1.1792878653749104e-05,0.05539820868351255,0.05036650277989565,0.010390052721351002,0.009765134281109736,0.05078446587665384,0.0381,12019.634291200762,933,1575.66484063401
3,8.948002875010844e-05,0.10324550877793148,1.1791775231126622e-05,0.05539909928844321,0.05036765322027774,0.010390369267165998,0.009765383250557072,0.05078489666184851,0.0381,12019.634381105705,640,1060.9556370139762
4,8.947770936168641e-05,0.10324561781643822,1.1794619690894805e-05,0.05539646147051029,0.05036515231733399,0.010390719930972816,0.009765105040158916,0.05078338453703075,0.0381,12019.634251102967,764,1277.0853925679985
