,b_1_a,b_1_b,k_b_a,b_a0_a,b_a0_b,b_a1_a,b_a1_b,k_f_a,a_a1_a,a_a1_b,a_a0_a,a_a0_b,a_1_a,a_1_b,g_Kr,RMSE,iterations,CPU_time,score
0,0.006493271034776539,0.03268222106318628,0.036699939127306125,0.0463241454056728,0.06304833676541761,6.878256864209627e-05,0.041793939814911904,0.023627775888288117,0.013602374390018445,0.038371991936893286,0.022446747381703838,0.011926915864304118,0.0907650874564964,0.023384631568812608,0.15240847007104755,296.05844499928406,1433,10233.794174842998,296.05844499928406
