,a_1_a,a_1_b,b_a0_a,b_a0_b,k_b_a,a_a0_a,a_a0_b,b_1_a,b_1_b,b_a1_a,b_a1_b,a_a1_a,a_a1_b,k_f_a,g_Kr,RMSE,iterations,CPU_time,score
0,0.09079098982945549,0.023396070569689075,0.04685355149404392,0.06347073368490154,0.0366983551390345,0.022279766167775432,0.01169615171677154,0.00649594573492958,0.03267956999350838,6.892715340069641e-05,0.041773486532470844,0.013660044470180484,0.03838026535668955,0.023815099257928508,0.15237791204871098,173.7191832724141,1776,7807.35514028,173.7191832724141
