,b_1_a,b_1_b,k_b_a,b_a0_a,b_a0_b,b_a1_a,b_a1_b,k_f_a,a_a1_a,a_a1_b,a_a0_a,a_a0_b,a_1_a,a_1_b,g_Kr,RMSE,iterations,CPU_time,score
0,0.006497563109684014,0.03267409367516258,0.037162246882836064,0.04666491228293985,0.06250609739527647,6.876790769958235e-05,0.04179998468134561,0.02389325585325812,0.013726883175994645,0.03850818137656072,0.022228198442322916,0.011510625426235054,0.09082946300155674,0.023385154296758567,0.1524258552227031,173.92102708013613,1253,5894.483363826,173.92102708013613
