,p1,p2,p3,p4,p5,p6,p7,p8,Gkr,RMSE,iterations,CPU_time,score
0,0.001614680868561312,0.07288841759573284,1.9053614512436866e-05,0.05228743784994132,0.1100592526421089,0.023161023468716783,0.008877857488157278,0.029425134650054266,0.15295029678935282,2963.7596497053223,1612,7306.120223585001,2963.7596497053223
1,2.70140725140394e-06,3.477291503189909e-06,0.0016655615351169528,3.802722248670965e-06,2.9164900209833173e-06,0.30090296758210494,5.246092787507737e-07,0.1162399052251358,0.1524,,1612,,
