,p1,p2,p3,p4,p5,p6,p7,p8,Gkr,RMSE,iterations,CPU_time,score
0,0.001691586325088646,0.036679900494351936,4.297816857603728e-05,0.045926044034709804,0.09314960166771229,0.021812806230694894,0.0073529566254300184,0.029599929402605873,0.1638633255728896,1714.3365429452044,1465,4448.833987275,1714.3365429452044
1,0.07443252718421377,1.6247306805457138e-07,3.537217098995719e-06,0.0006247105634264124,4.044790861048924,2.4384986652296036e-07,0.7791827546506042,0.004851104363640132,0.1524,,1465,,
