,a_a0_a,a_a0_b,b_a1_a,b_a1_b,k_f_a,a_1_a,a_1_b,b_a0_a,b_a0_b,a_a1_a,a_a1_b,k_b_a,b_1_a,b_1_b,g_Kr,RMSE,iterations,CPU_time,score
0,0.022495363471134025,0.011670005387554422,6.89812743702574e-05,0.04176716024080565,0.023646932817235206,0.09080857494321767,0.02339875040937858,0.04691776208466829,0.06309609189905505,0.013661553569529876,0.03845046146569179,0.03676556487100016,0.00649567904915469,0.032675979479326205,0.1524153482319537,173.76846577330056,1129,5390.753870125,173.76846577330056
