,p1,p2,p3,p4,p5,p6,p7,p8,Gkr,RMSE,iterations,CPU_time,score
0,0.0015674302310764695,0.0793438504076948,2.2216212375285606e-05,0.051183531533813185,0.0959737854981078,0.02395425834599057,0.007050332351291869,0.03130966588187536,0.1548581216147298,720.6326332838443,1256,3115.5792530710023,720.6326332838443
1,0.022537623591655554,0.01736002669663719,4.824450075996168e-05,1.2832061003824012e-05,0.004514606734743538,8.94232841918406e-05,0.000170121285260788,2.1227137278329902e-07,0.1524,,1256,,
