,a_1_a,a_1_b,b_a0_a,b_a0_b,k_b_a,a_a0_a,a_a0_b,b_1_a,b_1_b,b_a1_a,b_a1_b,a_a1_a,a_a1_b,k_f_a,g_Kr,RMSE,iterations,CPU_time,score
0,0.09086428803131048,0.023420848149478878,0.04745322530761447,0.06344907562712371,0.03772139130381794,0.022537610036099658,0.011406599651648896,0.006500663633615864,0.03266034796307901,6.88270510039964e-05,0.04178944785227029,0.01362698556277983,0.03799124840175412,0.0243531793232182,0.15239923229983282,138.01349974837916,1513,4231.354918195999,138.01349974837916
