,a_a0_a,a_a0_b,b_a1_a,b_a1_b,k_f_a,a_1_a,a_1_b,b_a0_a,b_a0_b,a_a1_a,a_a1_b,k_b_a,b_1_a,b_1_b,g_Kr,RMSE,iterations,CPU_time,score
0,0.021643943843372843,0.011546003835797533,6.9425900816942e-05,0.04172171624048349,0.023036810133395307,0.09096172037355942,0.023409755093183663,0.049380063178593656,0.062360529740393224,0.014481503865942557,0.03874358667646101,0.03467440905392991,0.006504124989654336,0.032650820348134095,0.15246654555751413,139.07724313159665,1071,3659.303879339999,139.07724313159665
