,p1,p2,p3,p4,p5,p6,p7,p8,Gkr,RMSE,iterations,CPU_time
0,0.00015105140602960648,0.08934896408437625,2.4657587845266328e-05,0.05103314627451307,0.05904647431860177,0.01001756893423427,0.008048211936015957,0.04485569526910639,0.05388153672641493,6696.54945184973,712,2111.483953723
1,0.00015113257294166975,0.08933709857768063,2.4659868029243196e-05,0.05103209037282081,0.059041202790260996,0.010018485656905338,0.008046872215391594,0.04485708075760985,0.05388153672641493,6696.549437183256,840,2431.1227830060016
2,0.00015108148517903075,0.08934317887548654,2.465306473434549e-05,0.051035269570791714,0.059043799456737385,0.010017139752542023,0.008047492928019085,0.04485695316123806,0.05388153672641493,6696.549425196377,1077,2854.088553960006
3,0.00015112758942190652,0.08933733004985822,2.4656557978559193e-05,0.0510337550919675,0.0590435327786739,0.010018557751522827,0.008046765243034276,0.04485818290924588,0.05388153672641493,6696.549472388739,606,1493.3559313320002
4,0.0001511913191971764,0.08933345685106671,2.466035793383845e-05,0.05103250873955042,0.05904284396230337,0.010018147151995518,0.008046897834454966,0.04485772033954106,0.05388153672641493,6696.549416789206,1023,3058.30823215899
