,b_1_a,b_1_b,k_b_a,b_a0_a,b_a0_b,b_a1_a,b_a1_b,k_f_a,a_a1_a,a_a1_b,a_a0_a,a_a0_b,a_1_a,a_1_b,g_Kr,RMSE,iterations,CPU_time,score
0,0.006498988064152366,0.03267313214384742,0.037187153373754375,0.048433829082464276,0.06349790514233637,6.905491433808736e-05,0.041758407869984075,0.023718864929958457,0.014200936316965784,0.038137141687167815,0.022397153470128217,0.011214869750581545,0.09082910676727718,0.023405517476486982,0.15233756050153827,138.75785374342766,986,3292.0972359569987,138.75785374342766
