,b_1_a,b_1_b,k_b_a,b_a0_a,b_a0_b,b_a1_a,b_a1_b,k_f_a,a_a1_a,a_a1_b,a_a0_a,a_a0_b,a_1_a,a_1_b,g_Kr,RMSE,iterations,CPU_time,score
0,0.006499275311962623,0.03268005391553959,0.036803200555870254,0.045835624987810394,0.06269610437952419,6.880068820812686e-05,0.041788544084907675,0.023690550061569938,0.013791071828351225,0.03839438067363178,0.02185797977000427,0.01208344651872659,0.09081682361380633,0.023388057004203665,0.15234841232345808,294.90675195831085,1261,8454.90777727,294.90675195831085
