,p1,p2,p3,p4,p5,p6,p7,p8,Gkr,RMSE,iterations,CPU_time
0,0.00020106017489163118,0.08231291371801641,3.4842250085493183e-05,0.04835036539075413,0.06326369090989521,0.011332566613941853,0.012027954493017324,0.039291133935253915,0.05388153672641493,6329.612868693194,1083,4682.090189922994
1,0.00020109152660406055,0.08230932511241326,3.484235437158342e-05,0.04835041211036552,0.0632663644601271,0.011332869325211733,0.012028111855837879,0.03929105760026927,0.05388153672641493,6329.6129416372605,594,2768.3803275190003
2,0.00020106550230412158,0.08231243229977914,3.484313984707115e-05,0.048350069713107964,0.06326391980176901,0.011332668473096627,0.012028173629308239,0.039290900524591506,0.05388153672641493,6329.612858263662,940,4359.951558827001
3,0.0002010563757661248,0.08231090451689739,3.484332886748461e-05,0.04834985194189744,0.06326569832061439,0.011332940643027095,0.012028255030211809,0.03929062447581414,0.05388153672641493,6329.61291279892,599,2790.94593053899
4,0.00020104289843558997,0.08231325033489346,3.4851853437698816e-05,0.048347829246138424,0.06326596279743031,0.011330703395498604,0.0120286175566618,0.039294613176107114,0.05388153672641493,6329.612932318707,568,2657.905156267996
