,p1,p2,p3,p4,p5,p6,p7,p8,Gkr,RMSE,iterations,CPU_time,score
0,0.0016146962507195249,0.07289065409898672,1.9052940833233027e-05,0.052287634211605864,0.11006014574775047,0.023160710575018888,0.008877954872615213,0.029425743956996434,0.1529488527281537,2963.75967075019,1706,7304.457981967001,2963.75967075019
1,0.20366907874937715,0.00011342535273824315,1.95080751798108e-07,0.0001836645662214405,0.00013608349609117251,4.133955193806269e-07,9.33077165379771,8.620869158076983e-06,0.1524,,1706,,
