,p1,p2,p3,p4,p5,p6,p7,p8,Gkr,RMSE,iterations,CPU_time
0,0.0002513274013531097,0.08830439785026596,3.207655987722971e-05,0.05050420604242241,0.07054460044696027,0.009258121461562744,0.009120981103621199,0.03938775956864978,0.06435684129488249,1106.51170696411,623,1374.8557880989974
1,0.00025136421041866444,0.08829973739504135,3.207682360559301e-05,0.050503430517743045,0.07054358674629203,0.00925795138982595,0.009120695658314217,0.03938739150603473,0.06435684129488249,1106.5117348757346,586,1071.1364962099906
2,0.0002513218639613383,0.08830286647608974,3.207806538105042e-05,0.05050348918550282,0.07054040305328216,0.009257715275728077,0.009120344189781745,0.03938817512067166,0.06435684129488249,1106.5117131748293,723,1081.1034547739982
3,0.00025133176183149127,0.08830252285112382,3.2078062512098464e-05,0.0505034488980662,0.07054008822913585,0.009258114635296352,0.009120151762209991,0.03938826065686523,0.06435684129488249,1106.5117168595984,585,1194.519157032002
4,0.0002513200498981871,0.08830504745106382,3.207567457904865e-05,0.05050442645857177,0.07054601330052084,0.009257892036957137,0.009121048016945962,0.03938784719838936,0.06435684129488249,1106.5117185798315,589,1033.6436040379922
