,p1,p2,p3,p4,p5,p6,p7,p8,Gkr,RMSE,iterations,CPU_time,score
0,0.0016889725265675558,0.0366495186126065,4.2845728694213884e-05,0.04595536932746918,0.09319694196321557,0.021806504885132492,0.007352866256285544,0.029606791070928916,0.16389961964061486,1708.225303440955,2111,5468.325842464999,1708.225303440955
1,0.01148339001972143,0.005957970418553614,5.892048644026646,2.3084922986997887e-07,2.623073965207838e-05,0.00011693927990445964,5.025140219999822,3.672238295641237e-06,0.1524,,2111,,
