,a_a0_a,a_a0_b,b_a1_a,b_a1_b,k_f_a,a_1_a,a_1_b,b_a0_a,b_a0_b,a_a1_a,a_a1_b,k_b_a,b_1_a,b_1_b,g_Kr,RMSE,iterations,CPU_time,score
0,0.02222821622736041,0.011508497603378002,6.876727424047355e-05,0.04180002481368234,0.023893861569616974,0.09082956371310166,0.023385188175869136,0.046663280099406505,0.06250671375959942,0.013725886477848587,0.03851100053714753,0.037161571599465024,0.006497563680468263,0.03267410517893747,0.15242575394972613,173.92102812840972,1726,7796.892321204001,173.92102812840972
