,p1,p2,p3,p4,p5,p6,p7,p8,Gkr,RMSE,iterations,CPU_time
0,0.0002247770965044389,0.06961726011828179,2.8095008831558797e-05,0.057961294695917945,0.09277463385100966,0.00887581631786739,0.004030792069269571,0.027977156598103316,0.21552614690565972,423.0638533976421,566,1607.4979325629974
1,0.0002247367664719913,0.06961950292634664,2.809650167091873e-05,0.05796072263493276,0.0927754989501381,0.00887512027764433,0.00403082215373096,0.027978080818069438,0.21552614690565972,423.0638306965557,638,1714.1833827949959
2,0.00022475807452388116,0.06961859878380136,2.8097377200976507e-05,0.05796037320903751,0.09277334826856304,0.008876108755698896,0.004030703071436047,0.02797726252668362,0.21552614690565972,423.06383126120363,480,904.5587480350005
3,0.00022475792914408897,0.06961801822845322,2.8095830712720524e-05,0.05796101974541278,0.09277175337654264,0.008876083449869088,0.004030700574039726,0.0279769469472623,0.21552614690565972,423.06384681499196,552,1078.3219798670034
4,0.00022476372007668283,0.06961812440377145,2.809625912173093e-05,0.05796073522831186,0.09277518171539001,0.008875836932631933,0.0040309281252551045,0.027976908722916628,0.21552614690565972,423.0638544427451,516,933.2164867020037
