,p1,p2,p3,p4,p5,p6,p7,p8,Gkr,RMSE,iterations,CPU_time,score
0,8.367972928487183e-05,1.4373561282271313e-06,0.0001340713225213709,1.8612445115998052e-07,5.694809415697055e-07,5.083158843531222e-07,6.684600333130389e-07,2.810913613173672e-07,0.030896827730538905,341681.03886680806,1416,4287.263593010999,341681.03886680806
1,8.491573371391754e-05,2.3655809626293828e-06,0.00014182809191229146,0.0054975375318900635,5.620194204185878e-07,5.211307549644675e-05,6.562655759198079e-07,0.007765131707276627,0.1524,,1416,,
