,p1,p2,p3,p4,p5,p6,p7,p8,Gkr,RMSE,iterations,CPU_time
0,0.00020716386856295865,0.05486874526690812,2.5919839351544205e-05,0.06040146675806696,0.09894206800796683,0.00862798390109084,0.0014868407422193076,0.026137353990445363,0.6096,345.87324570921334,931,1128.4800853049965
1,0.00020715894434479234,0.05487001489390923,2.5920782295985128e-05,0.060401653297230455,0.09896049651836768,0.008630409150829712,0.0014870997790943322,0.026135663163448817,0.6096,345.87324761116867,961,1123.2560030259992
2,0.0002071558037635724,0.05486539560916391,2.592495770407874e-05,0.060399561559255924,0.09892088773586312,0.00862750275461766,0.0014865766550101842,0.026138562908102177,0.6096,345.873263354479,529,613.1720597489984
3,0.00020716892775657264,0.054866344061331666,2.5925939140298592e-05,0.060399928278580095,0.09895329195643134,0.008629558014621425,0.0014870412617936759,0.02613676911176714,0.6096,345.8732685916879,553,651.5080579610003
4,0.00020716449017657115,0.05486750720999553,2.5923607056951225e-05,0.060400243256744014,0.09892768410438384,0.008628396478496355,0.0014866385888402981,0.0261377411934952,0.6096,345.87323927565006,1233,1923.5321873130015
