,b_1_a,b_1_b,k_b_a,b_a0_a,b_a0_b,b_a1_a,b_a1_b,k_f_a,a_a1_a,a_a1_b,a_a0_a,a_a0_b,a_1_a,a_1_b,g_Kr,RMSE,iterations,CPU_time,score
0,0.006509588361801537,0.03264848346999262,0.03527291590788762,0.04879570793734743,0.06208843387695606,6.951666057179994e-05,0.04171162560254929,0.023178261849435736,0.014814333459839646,0.03861343913027664,0.021069081489174232,0.011849054634645301,0.09103586375752537,0.023411931704009195,0.15247105307658942,139.07644460304863,1293,3779.87381812,139.07644460304863
