,p1,p2,p3,p4,p5,p6,p7,p8,Gkr,RMSE,iterations,CPU_time,score
0,0.001684420749030685,0.08446210021888684,2.2113808939325783e-05,0.05119507188973708,0.12153827509213203,0.026874790236014353,0.0088783733242724,0.0287973928395785,0.15465178876115898,652.3532019626498,1158,2204.0162122849997,652.3532019626498
1,0.006663174734368067,2.0518759510025228e-06,1.2008740150272552e-05,0.0006655988459252938,0.6232964763956519,3.345629900774471e-05,5.153630804972478e-06,4.6485749527295135e-06,0.1524,,1158,,
