,p1,p2,p3,p4,p5,p6,p7,p8,Gkr,RMSE,iterations,CPU_time,score
0,0.001969197241608285,0.05412122091075301,2.980192903913982e-05,0.04872340072240181,0.09609021779173532,0.023100247201694908,0.006851112736938839,0.03139768417583783,0.1578383059183002,2605.4067995355144,1994,6132.597291403999,2605.4067995355144
1,0.027599029719856113,0.00020684364436206957,0.734211207464701,0.007735119453155101,0.00014118845083585329,0.02003045812696451,1.3473536387055558e-06,0.0002483603431880026,0.1524,,1994,,
