,p1,p2,p3,p4,p5,p6,p7,p8,Gkr,RMSE,iterations,CPU_time,score
0,0.0016151720519767352,0.07286668728952339,1.9071076022365812e-05,0.05228346074081241,0.11011670187453376,0.023165126157415148,0.008878376444391224,0.029415576065530996,0.15303051352637798,2966.552200073147,1384,6494.368320394999,2966.552200073147
1,0.025717105937529263,0.0039401207368173355,3.7870120454063916e-07,8.463733929564032e-07,0.30090647929265935,0.0013245953025171756,9.53926919567993e-06,3.058371947305561e-07,0.1524,,1384,,
