,a_a0_a,a_a0_b,b_a1_a,b_a1_b,k_f_a,a_1_a,a_1_b,b_a0_a,b_a0_b,a_a1_a,a_a1_b,k_b_a,b_1_a,b_1_b,g_Kr,RMSE,iterations,CPU_time,score
0,0.022137776263049237,0.011153280742492392,6.935863514996577e-05,0.04172926013762302,0.02300512820324213,0.0909619786834468,0.02341004426612942,0.050176035984134754,0.06267491046261496,0.014277931685327639,0.03884479644333912,0.034349786093917256,0.0065042554132915655,0.03265094330110763,0.15246589351608542,139.07728886954234,1156,3993.513485264,139.07728886954234
