,a_1_a,a_1_b,b_a0_a,b_a0_b,k_b_a,a_a0_a,a_a0_b,b_1_a,b_1_b,b_a1_a,b_a1_b,a_a1_a,a_a1_b,k_f_a,g_Kr,RMSE,iterations,CPU_time,score
0,0.09078834797216227,0.02337948516597346,0.04657740596966596,0.06312172223701727,0.03657208151629369,0.02227160015666479,0.011689044000188971,0.006495481550957775,0.03268979418625985,6.862432444192161e-05,0.0418166324913904,0.013261842108286617,0.03821480538275851,0.024313633800843018,0.15239724741187546,139.04309101550055,1454,4058.920834690998,139.04309101550055
