,a_1_a,a_1_b,b_a0_a,b_a0_b,k_b_a,a_a0_a,a_a0_b,b_1_a,b_1_b,b_a1_a,b_a1_b,a_a1_a,a_a1_b,k_f_a,g_Kr,RMSE,iterations,CPU_time,score
0,0.09085614717524527,0.02339072801937973,0.046986569019973154,0.06298824400329196,0.03677852077950432,0.022341683934031378,0.011758607231681813,0.006498748729627378,0.03267332891616469,6.883662454340426e-05,0.04179079035030731,0.013708873511381087,0.03820984233806404,0.02376210968573458,0.15244096867505907,139.08436715293834,1102,3613.18135567,139.08436715293834
