,a_a0_a,a_a0_b,b_a1_a,b_a1_b,k_f_a,a_1_a,a_1_b,b_a0_a,b_a0_b,a_a1_a,a_a1_b,k_b_a,b_1_a,b_1_b,g_Kr,RMSE,iterations,CPU_time,score
0,0.023587979718425064,0.010826346509652775,6.892564046559603e-05,0.041774603230709445,0.023857723667989304,0.09084225109642648,0.023394304533190954,0.04980785303474987,0.06404795118831794,0.013126418765058876,0.0382966294693676,0.03505705151892461,0.006498724588073126,0.03268128867067856,0.15240766003453943,138.68322968403857,1730,6043.629412155,138.68322968403857
