,p1,p2,p3,p4,p5,p6,p7,p8,Gkr,RMSE,iterations,CPU_time,score
0,1.9447709383986531,0.001062062222302454,401.992335365697,0.003748583904570484,0.0923953750318486,0.029513333663342307,0.012014871138407839,0.0444169788617352,16.25686363041833,58380.817341237125,1370,4290.095656871003,58380.817341237125
1,0.0004787057605780557,0.025617039540154977,3.7108767324443837,1.0076113020591978e-07,5.8123399140520036e-06,2.6697640050753648e-06,0.00014775478197915265,1.2728221445455591e-05,0.1524,,1370,,
