,a_1_a,a_1_b,b_a0_a,b_a0_b,k_b_a,a_a0_a,a_a0_b,b_1_a,b_1_b,b_a1_a,b_a1_b,a_a1_a,a_a1_b,k_f_a,g_Kr,RMSE,iterations,CPU_time,score
0,0.09078909079671793,0.02339603564883632,0.047009286829444163,0.06354845359786662,0.03662808228503192,0.022388874006915766,0.011630536193162257,0.006495799791659981,0.03267963741769678,6.891794204211514e-05,0.04177459830356843,0.013611707540929748,0.038381175214891566,0.023819848106235164,0.15237897508514378,173.7191680259997,1215,5644.769874227,173.7191680259997
