,a_a0_a,a_a0_b,b_a1_a,b_a1_b,k_f_a,a_1_a,a_1_b,b_a0_a,b_a0_b,a_a1_a,a_a1_b,k_b_a,b_1_a,b_1_b,g_Kr,RMSE,iterations,CPU_time,score
0,0.022449572644172494,0.011672879992440866,6.896932211515697e-05,0.04177412244003953,0.02380998458115532,0.09083159872283092,0.023407515627482917,0.04737004097848502,0.063165391205011,0.013655364444037584,0.03825931875402446,0.036533587171681516,0.006496270292071012,0.03267279385957754,0.15241887430665035,139.29884064441654,1102,3619.381502791,139.29884064441654
