,p1,p2,p3,p4,p5,p6,p7,p8,Gkr,RMSE,iterations,CPU_time
0,0.00020153934623688626,0.08220490509189232,3.487208267650033e-05,0.04835644077243512,0.06334313793926956,0.011290929958568905,0.012003884543725042,0.03927967633953405,0.05403868913693675,6298.49479834575,696,3257.6824790849932
1,0.0002015339417808861,0.08220527325186154,3.487053568951447e-05,0.04835680037671283,0.06334028833356356,0.011292133424310851,0.01200283332743825,0.03927862277519153,0.05403868913693675,6298.49483593375,703,3294.2319669630087
2,0.00020157157871696058,0.08220172279249649,3.4876550149026036e-05,0.04835543148074199,0.06334215807425889,0.011292257993804868,0.012004175002159992,0.0392777595126801,0.05403868913693675,6298.494835258668,889,4133.742325883999
3,0.00020153380969016406,0.08220482845013341,3.4877304144033856e-05,0.04835515967848687,0.06333659252055747,0.01129324455830538,0.012002438449904871,0.0392789127240779,0.05403868913693675,6298.494832179405,468,2198.7477013939933
4,0.00020157135135877847,0.08220044313960875,3.487800768537804e-05,0.04835504867887428,0.0633347463653176,0.011293590393094181,0.01200232494459709,0.03927894756124638,0.05403868913693675,6298.494849337984,599,2829.7747450419993
