,p1,p2,p3,p4,p5,p6,p7,p8,Gkr,RMSE,iterations,CPU_time,score
0,0.001613438767815837,0.07286142987086523,1.9079873339464818e-05,0.05227795610385753,0.11006340340690633,0.023167538956162814,0.008879328913210863,0.029416738353059135,0.15297002777493332,2972.3813802532504,1290,5480.120936054001,2972.3813802532504
1,1.588535854654998,0.002763153134927523,0.016118684511103498,6.969441160674386e-07,4.449553780947053e-06,4.280664654929026e-05,0.5241067789954159,1.0900832222286393e-06,0.1524,,1290,,
