,b_1_a,b_1_b,k_b_a,b_a0_a,b_a0_b,b_a1_a,b_a1_b,k_f_a,a_a1_a,a_a1_b,a_a0_a,a_a0_b,a_1_a,a_1_b,g_Kr,RMSE,iterations,CPU_time,score
0,0.006497695854331995,0.032679526444337144,0.03460313096529611,0.05041408874724281,0.06420254046509803,6.893869089207819e-05,0.04177319980567587,0.023730770373333685,0.013007189050458223,0.038485856949931646,0.023956818896555272,0.010527395607356695,0.09083801166697238,0.02339982032984629,0.15242603762883805,138.68168481669073,1352,4232.957977047001,138.68168481669073
