,p1,p2,p3,p4,p5,p6,p7,p8,Gkr,RMSE,iterations,CPU_time,score
0,0.0016146581812062747,0.07289025097918518,1.9053798143928667e-05,0.05228715709516716,0.11005835401811388,0.023160991870877588,0.00887780176385889,0.029425793723472277,0.15294863241533158,2963.7596550535936,1014,4568.026175100999,2963.7596550535936
1,0.23326050377675892,5.7484005473960105e-05,0.0003402402691536395,9.35468301729148e-06,0.8481072305086363,1.310230918688818e-07,3.3875259971757355e-05,7.695169027217591e-07,0.1524,,1014,,
