,p1,p2,p3,p4,p5,p6,p7,p8,Gkr,RMSE,iterations,CPU_time
0,0.0002155975499290496,0.06406709682272413,3.211918113344749e-05,0.056574360594172854,0.08853598488779303,0.009285451409516681,0.003915039184862001,0.02897107108422694,0.21552614690565972,192.3909271440412,499,696.6424686640094
1,0.00021559994766573483,0.0640688532993768,3.2118486933269096e-05,0.056574477302106775,0.08853777642138715,0.009285865827142347,0.003915017640154498,0.028970687268544362,0.21552614690565972,192.3909250348994,526,875.8627704489918
2,0.00021560805070352265,0.06406737445048845,3.211909321154174e-05,0.056574147549286864,0.08853684701973477,0.009285761212756363,0.003915058447969299,0.028970375714195785,0.21552614690565972,192.390911011598,1218,1838.661613645003
3,0.00021561086244568087,0.06406853032553823,3.211983038325662e-05,0.056574128110578444,0.08853689211015905,0.009285654243942626,0.003914942181027265,0.028970858407173457,0.21552614690565972,192.39093303044487,601,893.9746133689914
4,0.0002156112023692054,0.06406925775881163,3.212057817463854e-05,0.0565740613709349,0.08853781245552404,0.00928594089676895,0.003915014178916787,0.028970509352666377,0.21552614690565972,192.3909274420933,689,1201.343450905013
