,a_a0_a,a_a0_b,b_a1_a,b_a1_b,k_f_a,a_1_a,a_1_b,b_a0_a,b_a0_b,a_a1_a,a_a1_b,k_b_a,b_1_a,b_1_b,g_Kr,RMSE,iterations,CPU_time,score
0,0.02206876340502396,0.011946903412494572,6.884130315415899e-05,0.04178782839424711,0.023826276113160804,0.09086435259357827,0.023386585566740833,0.046435262949917365,0.06293782351532232,0.01381721598102382,0.03816899240348597,0.03710925634935394,0.006502111353496094,0.032667690259447275,0.15241844853123887,296.8435731593226,1232,8736.352366563995,296.8435731593226
