,p1,p2,p3,p4,p5,p6,p7,p8,Gkr,RMSE,iterations,CPU_time,score
0,0.001613665214429971,0.07290375021998372,1.9050035030882287e-05,0.05229115770864196,0.1102206150066653,0.02316338042756759,0.00889093054761644,0.029419884667212706,0.1529628139263899,2966.6570833268593,1531,6780.645650345001,2966.6570833268593
1,0.9710058890007437,0.015850052163765387,4.6299222881141714e-06,2.4735645105260463e-05,1.6024177466979206e-07,4.798668233809955e-06,3.835912549384676e-05,0.0038957415017871113,0.1524,,1531,,
