,p1,p2,p3,p4,p5,p6,p7,p8,Gkr,RMSE,iterations,CPU_time,score
0,0.001969760699562031,0.054148503098612445,2.9816711187237486e-05,0.048724122263837696,0.09613804007147254,0.023123866217867176,0.006851211500660759,0.03138834114295322,0.1578649661245868,2603.0552600288233,1516,5232.467573857,2603.0552600288233
1,0.021167031918480426,4.044402307558725e-05,0.04319550886623347,1.8120809122533274e-07,7.587440436303303,4.1124931689168835e-07,0.0005950282166919698,0.0001319749143419153,0.1524,,1516,,
