,a_1_a,a_1_b,b_a0_a,b_a0_b,k_b_a,a_a0_a,a_a0_b,b_1_a,b_1_b,b_a1_a,b_a1_b,a_a1_a,a_a1_b,k_f_a,g_Kr,RMSE,iterations,CPU_time,score
0,0.0908164963653816,0.023403648030751723,0.04702061970030768,0.06315800090738734,0.036779181923010267,0.022349461438230182,0.011759048831737407,0.006498300760071258,0.03267396601931565,6.893433389173583e-05,0.04177229002352414,0.013807165140477369,0.03820298968679331,0.023666408515413448,0.1523391445445674,138.76010734790196,1315,4288.428650858,138.76010734790196
