,p1,p2,p3,p4,p5,p6,p7,p8,Gkr,RMSE,iterations,CPU_time
0,0.000199319516590821,0.09266225166131319,2.3094786203775557e-05,0.0512569339191995,0.0799334996788608,0.0152783928550977,0.018347982985442914,0.03641452278172601,0.045374817422412735,1993.9661418959881,658,1303.3508889619989
1,0.00019936736534680426,0.09265553310477176,2.3096680762076058e-05,0.05125587019655067,0.07996459185924436,0.015287539059982756,0.018354448835103468,0.03640749863313518,0.045374817422412735,1993.9660922456467,891,1763.4370809579996
2,0.00019936304417522967,0.09265698419944007,2.3094556014333946e-05,0.05125735793373093,0.07997566855770695,0.015285776458970645,0.01835707633320026,0.03640819658881052,0.045374817422412735,1993.9660856889768,615,1213.052112343008
3,0.0001994100019431557,0.09265263568481794,2.30935667219772e-05,0.05125734999962883,0.07991984885510867,0.01527403328418624,0.018343828643165014,0.03641894096650082,0.045374817422412735,1993.9661404149797,512,1010.1867521060049
4,0.00019936459098455196,0.09266075686723316,2.309501592384361e-05,0.051256751657604904,0.07993108840846351,0.01527580113593375,0.018346817731147005,0.03641712434552108,0.045374817422412735,1993.9661412867388,884,1572.7718412050017
