,p1,p2,p3,p4,p5,p6,p7,p8,Gkr,RMSE,iterations,CPU_time,score
0,0.0016917033376956704,0.03667923191636258,4.298256659605261e-05,0.045925103747270636,0.09314921040129427,0.021813278635026283,0.007352848429292857,0.02959997135903093,0.16386284947639437,1714.3365728953565,1178,3551.1259658810013,1714.3365728953565
1,3.5294513747466556e-06,1.3321581239198769e-06,1.571802881263753e-06,0.00400744036958461,2.7586473264316793,0.00463235789466995,0.0014636799687162813,0.0011635315799052271,0.1524,,1178,,
