,p1,p2,p3,p4,p5,p6,p7,p8,Gkr,RMSE,iterations,CPU_time
0,0.00023230151222480424,0.06984469740047079,2.3043102946408386e-05,0.061670281790555684,0.09646984363684613,0.009068210524133388,0.0017777064915920856,0.024086071194898598,0.5126104547386644,1280.7212339440382,776,1363.9861203999899
1,0.00023228225805378,0.06984572704406332,2.3039674767750766e-05,0.061671635750087335,0.09647294202430344,0.009067635931238353,0.001777795487922008,0.02408577412141507,0.5126104547386644,1280.7212132583084,847,1925.8558451889985
2,0.000232293559976454,0.06984437547688539,2.3032236994813354e-05,0.06167418083768779,0.09647408929260737,0.009067363635440648,0.001777765749095284,0.02408577118370507,0.5126104547386644,1280.7213040043569,596,1121.7792933140008
3,0.00023222615960781151,0.06985098994498533,2.3041397515894213e-05,0.06167091469220791,0.0964719934766009,0.0090687020274166,0.0017777251918008415,0.024085564706759256,0.5126104547386644,1280.7212614038922,603,1414.4024095280038
4,0.00023226157586232383,0.06984801265798989,2.3042477364103918e-05,0.06167045679888045,0.09646991705095934,0.009068526287477412,0.0017777390533115732,0.024085613453931908,0.5126104547386644,1280.7212638249628,618,1845.458675900998
