,p1,p2,p3,p4,p5,p6,p7,p8,Gkr,RMSE,iterations,CPU_time
0,0.00023158790516529754,0.06992588503718306,2.2976479681126435e-05,0.06169144931257838,0.09649670639722464,0.009060898600469507,0.0017781906213989445,0.02408019406033035,0.5126104547386644,1282.636833130667,511,869.3805786160228
1,0.0002316160384268906,0.06992636469042707,2.298399645099486e-05,0.06168896215590339,0.0964970336825837,0.009061723300608513,0.0017781965681351937,0.024080307415758766,0.5126104547386644,1282.6368538800505,624,1034.1163517560053
2,0.00023154678765384968,0.06993126747240287,2.297859319911041e-05,0.06169092673973918,0.09649608828233741,0.009061346411354594,0.0017782208989775784,0.02407993581142783,0.5126104547386644,1282.6368066353327,503,828.1423021210067
3,0.00023160554949840296,0.06992512465679267,2.2975494633283042e-05,0.06169255568212475,0.09649752564073046,0.00906076589540229,0.0017782167231008897,0.02408057072437544,0.5126104547386644,1282.6368280183333,507,845.5562287690118
4,0.00023152114516645874,0.06993286516334586,2.2982138538118258e-05,0.06168939810396642,0.09649474690204853,0.009062231307789747,0.0017781913678716413,0.024080013241742693,0.5126104547386644,1282.6368822177858,555,907.5575743779773
