,b_1_a,b_1_b,k_b_a,b_a0_a,b_a0_b,b_a1_a,b_a1_b,k_f_a,a_a1_a,a_a1_b,a_a0_a,a_a0_b,a_1_a,a_1_b,g_Kr,RMSE,iterations,CPU_time,score
0,0.006496501589322336,0.03268369991127503,0.03647411119703343,0.04731296209514316,0.06333743217999255,6.890777177745437e-05,0.04177499886092141,0.023799774857070157,0.013583493439027776,0.03806716818882593,0.022555260414310337,0.011712746046919917,0.09081880232905995,0.023386329099780587,0.15239725006150856,174.58113542260725,924,4063.4274845770015,174.58113542260725
