,a_a0_a,a_a0_b,b_a1_a,b_a1_b,k_f_a,a_1_a,a_1_b,b_a0_a,b_a0_b,a_a1_a,a_a1_b,k_b_a,b_1_a,b_1_b,g_Kr,RMSE,iterations,CPU_time,score
0,0.022283028081766274,0.011749278374830481,6.882112670806465e-05,0.04179197224935319,0.023759913429796192,0.09084668279982254,0.023376650682766415,0.047171384868866496,0.0633070719039316,0.013794050354208755,0.03814341712385208,0.03681868021525541,0.0065008084161947205,0.032685886925222445,0.15240713546805842,202.52917603888622,988,4978.285387051001,202.52917603888622
