,a_a0_a,a_a0_b,b_a1_a,b_a1_b,k_f_a,a_1_a,a_1_b,b_a0_a,b_a0_b,a_a1_a,a_a1_b,k_b_a,b_1_a,b_1_b,g_Kr,RMSE,iterations,CPU_time,score
0,0.02221211691310794,0.011827775758831063,6.89839263689959e-05,0.04176924771005751,0.023783432148929303,0.0908384965128548,0.02339359937401711,0.047643579627667174,0.062611125197027,0.013740267366904608,0.03815063232563714,0.036302050816115046,0.00649688108710919,0.03268151479960361,0.1523900296588041,202.013832948212,1496,7555.299214747,202.013832948212
