,p1,p2,p3,p4,p5,p6,p7,p8,Gkr,RMSE,iterations,CPU_time
0,0.00021066345968640874,0.05618889912875184,2.6896612169246113e-05,0.05956033271639134,0.09720465952666894,0.008643749180599966,0.0020594068517036175,0.02678524220872792,0.43105229381131943,304.25704056032,692,1349.0858305329893
1,0.000210646304304284,0.05618839827052159,2.6898230583611438e-05,0.05955945449758323,0.09719986013969718,0.008644057909978135,0.0020593726742647043,0.02678498055172527,0.43105229381131943,304.2570284643874,487,660.7858988630032
2,0.00021064412387355474,0.05619015922260863,2.690026381657413e-05,0.05955878234588474,0.0972004161438792,0.008644721361863221,0.002059355939350193,0.026784694108781433,0.43105229381131943,304.257030884268,582,1129.7510803740006
3,0.00021064558122313275,0.05619075477960108,2.689629843237955e-05,0.059560127602129996,0.09721164095375713,0.008644758188717553,0.0020595623441899153,0.02678405645798762,0.43105229381131943,304.25703680272085,632,931.4529872379935
4,0.00021066225566681768,0.05618555335050425,2.6901236825790145e-05,0.05955832450026503,0.09719070757524861,0.008643689990406213,0.0020591479452155195,0.026785684405581177,0.43105229381131943,304.25704587935144,455,526.2522910910047
