,p1,p2,p3,p4,p5,p6,p7,p8,Gkr,RMSE,iterations,CPU_time
0,0.00021040280801595755,0.05633103104697917,2.6912475635052586e-05,0.05956258139885077,0.09763184744107674,0.008710889581454918,0.002067424871619557,0.026725407866805113,0.43105229381131943,303.5728036890053,557,1096.2139349069985
1,0.000210382286202292,0.05633275480025003,2.6913882355683796e-05,0.059562252734566876,0.09760651616577568,0.008709264225137691,0.0020668770602634222,0.026727457028358038,0.43105229381131943,303.5728094734814,720,1420.1975347840053
2,0.00021037967778702777,0.056330364605513,2.691420510550816e-05,0.05956183467071096,0.0976136525377078,0.00871020930806554,0.002067069086488891,0.02672665485428959,0.43105229381131943,303.5728046610801,643,1269.2682194970039
3,0.00021039263329443347,0.05632947054110262,2.6912630949052725e-05,0.05956225506251049,0.09762712240436425,0.008710536333804432,0.002067324061498568,0.026725897690790704,0.43105229381131943,303.5727980775969,852,1688.720972008996
4,0.00021038799914411182,0.05633061012974691,2.6912542735033628e-05,0.05956253517401187,0.09761950910656349,0.008710205120127486,0.0020671657086098506,0.02672641827290996,0.43105229381131943,303.57281346221595,600,1151.0805860600012
