,p1,p2,p3,p4,p5,p6,p7,p8,Gkr,RMSE,iterations,CPU_time,score
0,0.001968617377689271,0.054132101444104484,2.980462199925065e-05,0.04872647925910492,0.09601369808177,0.02310469017877069,0.0068430464954371195,0.03139920857721,0.15787518781479526,2605.9361379195207,1644,5466.288843111,2605.9361379195207
1,2.6387464705915873e-06,0.0022947675018061163,0.0021133101448101146,9.919564766372518e-07,1.3292043963303781,0.00023966268650871253,0.006615778011789307,6.078032512446794e-05,0.1524,,1644,,
