,p1,p2,p3,p4,p5,p6,p7,p8,Gkr,RMSE,iterations,CPU_time,score
0,124.4080946947589,0.02476315870844746,2.856753788018962,0.00979611568291846,0.11257852807077612,0.02145152093637238,0.02022574210843438,0.028266090042183833,0.06110809030708796,62753.92710174416,1743,3872.189631609999,62753.92710174416
1,0.07821867361372471,3.5076499320641283e-07,0.0037171377551650756,3.527853901885096e-07,2.7172197173271252e-06,0.0002507894593697126,4.781995086213445e-07,0.1591942592902287,0.1524,,1743,,
