,p1,p2,p3,p4,p5,p6,p7,p8,Gkr,RMSE,iterations,CPU_time,score
0,0.001692094368698503,0.03662969023034425,4.296176947745839e-05,0.04592907411465635,0.09315385266510207,0.021819672021519892,0.007350603933538422,0.02960588387753203,0.16385865702098817,1709.812134891281,1118,3430.242851488998,1709.812134891281
1,3.2014838853807275,0.029185948905799487,0.0003311245027170877,4.8987191352949825e-06,0.0009088772415672383,0.005061899701080207,0.006989254222552826,0.00014040916701947809,0.1524,,1118,,
