,p1,p2,p3,p4,p5,p6,p7,p8,Gkr,RMSE,iterations,CPU_time
0,0.00012079278869569464,0.08445398463096415,3.069651165786596e-05,0.05356157755544316,0.08439940005284695,0.009250433206359304,0.006689803763860931,0.03494498900183516,0.10776307345282986,792.1123820723257,705,1383.3257114089938
1,0.00012078356265291509,0.08445507016735465,3.069983544717226e-05,0.05356056090323003,0.08439736251308587,0.009250634196477548,0.006689736245227812,0.0349450334551927,0.10776307345282986,792.1123777929556,1204,2679.5672741669987
2,0.00012076281038700935,0.08445940212294945,3.06932130311736e-05,0.05356240247518725,0.08440477525265881,0.00924973122890492,0.00669048938809867,0.03494439109163319,0.10776307345282986,792.1123759356719,999,2146.951619391999
3,0.0001207905316521734,0.08445439297821976,3.0698748045331824e-05,0.05356089352612656,0.08439713493269789,0.009250888213358642,0.006689632546817117,0.03494484849795127,0.10776307345282986,792.1123727624084,875,1684.974469845998
4,0.00012078052691392997,0.08445622658624077,3.0699405676266775e-05,0.053560702873671824,0.08439694331660483,0.009250451322737963,0.006689615335892014,0.03494523467947237,0.10776307345282986,792.1123721683597,865,1650.5378681199945
