,p1,p2,p3,p4,p5,p6,p7,p8,Gkr,RMSE,iterations,CPU_time
0,0.00022092992734766597,0.06250407768239923,3.092151757898881e-05,0.05674362495026424,0.09103000287973882,0.008595662969163838,0.003815540610082845,0.029423044194982952,0.21552614690565972,182.04237714631026,587,700.9396862400026
1,0.00022092239073327993,0.06250514506456514,3.091985578162462e-05,0.05674424476520623,0.09102893125102876,0.008595303096342915,0.0038154683698627726,0.029423539079642964,0.21552614690565972,182.04237552966208,713,921.013864256005
2,0.00022092578860538096,0.06250391984057294,3.0920206424271565e-05,0.05674408657939196,0.09104914415527872,0.008597156060199375,0.003816331147083848,0.02942168753071868,0.21552614690565972,182.04237209553713,790,1230.6154837170034
3,0.00022093065747101062,0.0625052353578985,3.091945449885455e-05,0.05674451082989204,0.09103061912964153,0.008595837024177837,0.0038155233882716804,0.029423033325996373,0.21552614690565972,182.04237498934472,627,1205.8852153960033
4,0.00022092834975619895,0.06250315471898336,3.0919643296072505e-05,0.05674415188151263,0.09104736585527655,0.008597109451638598,0.003816251787416159,0.02942154732602953,0.21552614690565972,182.04237099748295,835,1542.5522661590076
