,a_a0_a,a_a0_b,b_a1_a,b_a1_b,k_f_a,a_1_a,a_1_b,b_a0_a,b_a0_b,a_a1_a,a_a1_b,k_b_a,b_1_a,b_1_b,g_Kr,RMSE,iterations,CPU_time,score
0,0.022658024665216984,0.011351521202095918,6.883123050930716e-05,0.041789104985129166,0.024377130269102737,0.09086157774828257,0.023420475109387207,0.04769609616311244,0.06355100093534279,0.013575623923577702,0.0379378727738502,0.03763462617861055,0.006500449882864123,0.03266066846935522,0.15240036408626675,138.0134923664926,911,2680.637937962001,138.0134923664926
