,p1,p2,p3,p4,p5,p6,p7,p8,Gkr,RMSE,iterations,CPU_time
0,0.00017481527988166105,0.07599232415412334,3.313983917012166e-05,0.05401181183916652,0.08635388059637429,0.009016431975540853,0.005853967946152347,0.03312754327831951,0.1294655974387777,314.04093368230514,1036,1933.998108742002
1,0.00017481868664730375,0.07599195665032712,3.313948994459335e-05,0.05401193556425068,0.08635183138010914,0.009016391633539556,0.00585383332329787,0.03312765063330377,0.1294655974387777,314.0409300319838,916,2106.956181305999
2,0.00017481325621451294,0.07599238075385972,3.313848996870654e-05,0.05401217653541337,0.08635233447072105,0.009016287840649602,0.00585386799496613,0.03312762946677844,0.1294655974387777,314.0409353331808,887,1669.6794934589998
3,0.00017480797096509486,0.07599308591675603,3.313922030056754e-05,0.0540119944446092,0.08635326901468401,0.00901621583717343,0.005854009761030061,0.03312747379301925,0.1294655974387777,314.04093309316136,1087,2124.049757523011
4,0.00017480614150574693,0.07599328011173583,3.31386775507329e-05,0.05401214012917647,0.08635355170272463,0.009016240279417748,0.005853989544568269,0.033127590125940076,0.1294655974387777,314.0409321883458,822,1516.6697638019978
