,a_a0_a,a_a0_b,b_a1_a,b_a1_b,k_f_a,a_1_a,a_1_b,b_a0_a,b_a0_b,a_a1_a,a_a1_b,k_b_a,b_1_a,b_1_b,g_Kr,RMSE,iterations,CPU_time,score
0,0.02229029146664697,0.011283150158901903,6.904086871631036e-05,0.041760045384411144,0.023772984895053743,0.09082614191448347,0.023405289900724383,0.04818716822670437,0.06344611968188918,0.014223874210228436,0.03811560480416747,0.03736396265681383,0.006498870620303962,0.03267369812090875,0.15233507254833323,138.75787650499765,847,2975.4722983890006,138.75787650499765
