,a_a0_a,a_a0_b,b_a1_a,b_a1_b,k_f_a,a_1_a,a_1_b,b_a0_a,b_a0_b,a_a1_a,a_a1_b,k_b_a,b_1_a,b_1_b,g_Kr,RMSE,iterations,CPU_time,score
0,0.022561543525054722,0.011707244285464349,6.890722215718885e-05,0.041775036323931695,0.023801246201744272,0.09081894686557242,0.023386377413540837,0.047326604702783374,0.06334073375151876,0.013579164731742858,0.03806797708714737,0.0364654942272414,0.006496512822454146,0.03268361035364021,0.15239724452240344,174.5811353316988,994,4468.359628497999,174.5811353316988
