,a_a0_a,a_a0_b,b_a1_a,b_a1_b,k_f_a,a_1_a,a_1_b,b_a0_a,b_a0_b,a_a1_a,a_a1_b,k_b_a,b_1_a,b_1_b,g_Kr,RMSE,iterations,CPU_time,score
0,0.022546908878707514,0.01145147869730904,6.890341669410826e-05,0.04177681412892365,0.023804667895704165,0.09081193884004249,0.023400869131819674,0.047557882551501916,0.06305078490439972,0.013811570138360497,0.038309607081973514,0.03700659336255253,0.006495663868139381,0.03268059818201391,0.15237432510819673,172.81759251453371,1007,4390.179595033,172.81759251453371
