,p1,p2,p3,p4,p5,p6,p7,p8,Gkr,RMSE,iterations,CPU_time,score
0,0.0016920670362473018,0.03663245492895372,4.29616052141667e-05,0.04592908040890645,0.0931547528735466,0.021820147994705656,0.007350572283169644,0.029605782366981807,0.16385871046148823,1709.8121462376487,946,2868.0358133320005,1709.8121462376487
1,0.14853137138861247,0.022347568565339832,3.5545013758792046e-06,0.00929692700264697,1.0567722564522453,0.0009864104723706494,0.46557530831651883,3.8163053214692735e-06,0.1524,,946,,
