,p1,p2,p3,p4,p5,p6,p7,p8,Gkr,RMSE,iterations,CPU_time,score
0,0.0016147457063146993,0.07291804293209593,1.9062165556900554e-05,0.052286976730717576,0.11008435507958117,0.023162077992811586,0.008878218042815961,0.029415671332928956,0.15301013433385283,2974.6645359002173,1144,5387.548360686,2974.6645359002173
1,2.4342786376436913e-07,0.060397559737947984,6.364946985152206e-05,1.0530558733763542e-07,0.007469621407583078,1.0285814706643625e-05,0.1256472250740159,0.008361685703801146,0.1524,,1144,,
