,p1,p2,p3,p4,p5,p6,p7,p8,Gkr,RMSE,iterations,CPU_time
0,0.00021734840119033805,0.0762659111477613,3.6610987692856386e-05,0.04993765579545805,0.07551747340079867,0.009413339779958481,0.009253185955545444,0.03680708121804403,0.07664514235271616,2843.7455269969,668,3110.552800259
1,0.00021736037110547019,0.07626444762682653,3.661268967087134e-05,0.049937270337070426,0.0755184092478886,0.009413041273230546,0.009253673295681518,0.0368066033962745,0.07664514235271616,2843.745524591514,1242,5817.417044433998
2,0.00021734832104170344,0.07626638102625644,3.661294144649164e-05,0.04993719252678622,0.075519577267021,0.009413441727524608,0.00925362321990345,0.03680667740784079,0.07664514235271616,2843.7455186955667,856,4030.3390873949975
3,0.0002173488092356133,0.0762665856084165,3.661387288923557e-05,0.049937009651168734,0.07552046542076975,0.009413012135076492,0.009253972125014073,0.03680634917296287,0.07664514235271616,2843.7455338947193,813,3807.8574499300157
4,0.0002173543477068929,0.07626537498460641,3.6613354410065684e-05,0.04993709257158101,0.07552006443701192,0.00941343613593584,0.00925377332554219,0.03680650695352775,0.07664514235271616,2843.7455287375556,831,3880.761126007972
