,p1,p2,p3,p4,p5,p6,p7,p8,Gkr,RMSE,iterations,CPU_time,score
0,0.001969734399881062,0.054148164766122164,2.9816257342494747e-05,0.04872432545152842,0.09613590209980748,0.02312369474714166,0.00685106854706148,0.03138815663686136,0.1578659518938546,2603.055274890122,910,3240.8997610399983,2603.055274890122
1,0.25597894169680974,2.2344566187415655e-05,2.0425353445157216e-07,0.088191255509324,0.0542697759932837,0.0741827541149607,6.20482151458297,0.0012104977715046,0.1524,,910,,
