,a_a0_a,a_a0_b,b_a1_a,b_a1_b,k_f_a,a_1_a,a_1_b,b_a0_a,b_a0_b,a_a1_a,a_a1_b,k_b_a,b_1_a,b_1_b,g_Kr,RMSE,iterations,CPU_time,score
0,0.02326890133514247,0.010767133246691622,6.933645618154671e-05,0.041728685691748583,0.024213418872192242,0.0910420636910947,0.02340213740661111,0.05188777564340826,0.06436469811607314,0.013705224753499752,0.037383194737819266,0.03584237475905354,0.006511314719520572,0.032668524153541316,0.15242866919111914,138.18941040739662,1127,3490.742530021,138.18941040739662
