,p1,p2,p3,p4,p5,p6,p7,p8,Gkr,RMSE,iterations,CPU_time,score
0,0.0015679241189789062,0.0793375013270806,2.2208257636353164e-05,0.05118176716832145,0.09598930595137782,0.0239419428175769,0.007054275255877854,0.03131594060616323,0.1548364436686323,723.5634779945847,2038,4623.092092673,723.5634779945847
1,0.8225739232958482,1.9226415917401145e-05,0.0069153216288137176,0.015871761148504582,4.919504063243521e-07,0.01102322468579778,0.00839256604995461,1.2580956350551927e-05,0.1524,,2038,,
