,p1,p2,p3,p4,p5,p6,p7,p8,Gkr,RMSE,iterations,CPU_time
0,0.0002214099134624431,0.079909073484514,3.726748432143511e-05,0.05223243103358908,0.08580554226988256,0.009867603292906122,0.007231439747641779,0.03373188498782622,0.10776307345282986,243.43112461219195,698,941.5469543889994
1,0.0002214153489162302,0.0799086927993481,3.726831402405386e-05,0.05223224848656207,0.08580728172952018,0.00986787412567666,0.007231573608057463,0.033731682169158735,0.10776307345282986,243.4311222904233,732,973.775964223998
2,0.00022140219710882353,0.07991126256484268,3.726847526068072e-05,0.05223218300133283,0.08580716018181755,0.00986806987352631,0.007231603293318047,0.03373152191351977,0.10776307345282986,243.43112298793034,685,1165.1030200319947
3,0.00022140527672281915,0.07991112268364613,3.726850606208771e-05,0.05223218658897916,0.08580991204053776,0.009868320039458202,0.007231820171498445,0.03373127657445124,0.10776307345282986,243.43112251049993,771,1563.280789217999
4,0.00022140740654267996,0.07990954334081252,3.726849761301596e-05,0.052232134238285384,0.08580738744850501,0.00986782248935837,0.007231612227733514,0.0337316439262309,0.10776307345282986,243.43112118461192,1172,1664.494812762001
