,p1,p2,p3,p4,p5,p6,p7,p8,Gkr,RMSE,iterations,CPU_time,score
0,0.0016855747989628302,0.08448747090932777,2.2101550730929913e-05,0.05120502258456247,0.12144663963091736,0.026886830424423646,0.008871655820526222,0.02878430572884103,0.15465934373984858,654.1998127849693,1397,2755.1613224970006,654.1998127849693
1,0.06572275748949744,0.00038907422255518445,0.17772921040863784,6.855097056710824e-07,0.0048000794276755925,0.04789406725521623,0.0009833073803989457,2.143565600803533e-06,0.1524,,1397,,
