,p1,p2,p3,p4,p5,p6,p7,p8,Gkr,RMSE,iterations,CPU_time
0,0.00023163462524948994,0.0699259934363417,2.3006582436661187e-05,0.06167598289846732,0.09653282178036822,0.009072948596930485,0.0017799450886146326,0.024069056284105342,0.5126104547386644,1289.5616377994459,591,1019.8192650919955
1,0.00023157630280605382,0.06993020578096613,2.30043956731862e-05,0.0616771124112396,0.09653069860207535,0.00907277538951678,0.0017799519159699124,0.02406928776456056,0.5126104547386644,1289.5617122657634,737,1269.8193749450147
2,0.0002316501130955557,0.06992799187749997,2.300927443035688e-05,0.06167480791536362,0.0965363119636785,0.009072594988099926,0.001780025026724373,0.0240685503481998,0.5126104547386644,1289.5616507943685,835,1442.868129623006
3,0.0002316285392919741,0.06992684676953494,2.3007285365060458e-05,0.06167538865879322,0.09653304695495195,0.009072943720731395,0.0017800156612813361,0.024068331794955114,0.5126104547386644,1289.5617474052438,541,919.022562625003
4,0.0002316589006245128,0.06992604192024961,2.3004618700884967e-05,0.0616772156777669,0.09653557468128433,0.009073078756575955,0.0017799206004856481,0.02406945239023657,0.5126104547386644,1289.561794721284,595,1005.5381083679968
