,p1,p2,p3,p4,p5,p6,p7,p8,Gkr,RMSE,iterations,CPU_time,score
0,0.9710220192592524,0.0006538914334074171,1.4517154447939142,0.011766152038117435,1.3158522681630298,0.03421877499846532,0.17157614915962158,0.0187464602304325,0.1927501608740447,53540.181567605505,1036,1984.272902282,53540.181567605505
1,0.12244835656848492,0.0007803943254234008,0.004672650450171301,0.0028463997659478727,0.0008044057127467782,7.506556842820902e-05,0.06590647906531377,9.102536074479537e-06,0.1524,,1036,,
