,p1,p2,p3,p4,p5,p6,p7,p8,Gkr,RMSE,iterations,CPU_time,score
0,0.37185588388644886,1.0154582551780978e-07,0.00021663563979963768,1.1565168627705071e-07,0.00046890373629793913,1.0217713079166616e-07,1.1926196828335866e-06,1.0410990160929487e-07,2.9333213718665583,458353.6573299712,868,2848.9140093720002,458353.6573299712
1,0.19835807598253208,0.0015186736486605787,0.00011742272720987428,0.04864345228123339,0.0018521438614693337,0.00019569056156121362,5.932726459902866e-07,2.1460718321839806e-06,0.1524,,868,,
