,p1,p2,p3,p4,p5,p6,p7,p8,Gkr,RMSE,iterations,CPU_time
0,0.00021080900124106666,0.07896386467837091,3.59232533163792e-05,0.049055057207665974,0.06982981981555623,0.01018112834710123,0.0106362095407855,0.037968643941497245,0.06407630684233305,4452.412815565663,549,2731.585313207004
1,0.00021079709456577064,0.07896739172198963,3.5917950808606444e-05,0.049056851492455665,0.06983197383357637,0.010183658499610289,0.010636299431057622,0.03796590163625164,0.06407630684233305,4452.412722020198,735,3254.995142418993
2,0.00021079826115577476,0.0789675342372345,3.5921263775771364e-05,0.04905596315274886,0.06981937458602959,0.01018654345926032,0.010634858813820088,0.03796258449442468,0.06407630684233305,4452.412815125194,550,2403.062269866001
3,0.00021081428395530367,0.07896421499869644,3.592282708649313e-05,0.04905567472925799,0.06982511720688062,0.010183561293660274,0.010635313708730054,0.03796660570081575,0.06407630684233305,4452.412750895641,1149,4066.035493709016
4,0.00021080823086753973,0.07896677920161618,3.591943944095857e-05,0.049056609635186814,0.06982722043660082,0.010186199470970757,0.010636070206042245,0.03796185182280812,0.06407630684233305,4452.412793202075,701,2011.0490469750075
