,p1,p2,p3,p4,p5,p6,p7,p8,Gkr,RMSE,iterations,CPU_time,score
0,0.0016146945598795868,0.07289073930426578,1.9054125386929607e-05,0.05228710440397699,0.11006066395418387,0.023160168569111215,0.008878239188622081,0.029425539849548505,0.15294859118882592,2963.7596429571713,2062,8388.469176038001,2963.7596429571713
1,0.00046554016122290776,0.00010069340818917095,0.10446369194756198,0.003446345341564833,1.7577989392779038e-07,0.05494242532927232,0.0031164454350356176,3.971142475816001e-06,0.1524,,2062,,
