,a_1_a,a_1_b,b_a0_a,b_a0_b,k_b_a,a_a0_a,a_a0_b,b_1_a,b_1_b,b_a1_a,b_a1_b,a_a1_a,a_a1_b,k_f_a,g_Kr,RMSE,iterations,CPU_time,score
0,0.09093635485313906,0.02339375797925256,0.04684541040098615,0.06304836140950065,0.03681569709137102,0.02232319738048332,0.011738730124062064,0.006505106994883403,0.03266861763440604,6.889020101746309e-05,0.04178298110336888,0.013786545887104784,0.03829609831818166,0.023687190044017904,0.15241681929732714,295.4552311008345,1856,12156.240159580997,295.4552311008345
