,b_1_a,b_1_b,k_b_a,b_a0_a,b_a0_b,b_a1_a,b_a1_b,k_f_a,a_a1_a,a_a1_b,a_a0_a,a_a0_b,a_1_a,a_1_b,g_Kr,RMSE,iterations,CPU_time,score
0,0.006496110899616418,0.03268564709148349,0.03697111149658453,0.04647600518566785,0.06274019872742624,6.906150060275898e-05,0.041759825603809225,0.02378328407788801,0.013775133697782247,0.038074122851143186,0.02220849379631848,0.01199007180769816,0.09083809910768673,0.023400592917872897,0.15238475319929068,203.25580073548292,1400,6518.369494454997,203.25580073548292
