,a_1_a,a_1_b,b_a0_a,b_a0_b,k_b_a,a_a0_a,a_a0_b,b_1_a,b_1_b,b_a1_a,b_a1_b,a_a1_a,a_a1_b,k_f_a,g_Kr,RMSE,iterations,CPU_time,score
0,0.090903306910263,0.023392851336272596,0.05288599864660845,0.0642620244940018,0.03414941789179298,0.023820389675475968,0.010247317209820785,0.006500749819022591,0.032687763506147764,6.94083837740279e-05,0.04171660771079577,0.013627562628440679,0.03822555712346072,0.02336948579114646,0.15241826402637768,138.1885748660992,1755,5882.910533906001,138.1885748660992
