,p1,p2,p3,p4,p5,p6,p7,p8,Gkr,RMSE,iterations,CPU_time
0,0.00023092912151881842,0.06997368104259084,2.29692811707522e-05,0.061689023926591126,0.09658201434074991,0.009057810419355517,0.0017803341344065369,0.024078901433775047,0.5126104547386644,1283.4960514234583,573,932.8227585799759
1,0.0002309225427896779,0.06997414554576574,2.2967543209083857e-05,0.06168955550685068,0.09658068772137396,0.009058332959709184,0.0017803173606953716,0.02407812769017351,0.5126104547386644,1283.4960333392858,645,1060.7896460869815
2,0.00023095898960798794,0.06997350680409306,2.296981789532045e-05,0.06168919511789335,0.09657625254020445,0.009058590814080659,0.0017802381453592621,0.024078057905423556,0.5126104547386644,1283.4960006547572,622,1035.212693545007
3,0.00023099256784904438,0.06997075804804256,2.2972092574370095e-05,0.06168809980072721,0.09657865116696507,0.009058709582869954,0.0017803183254053256,0.024077713602168215,0.5126104547386644,1283.4960776208393,789,1317.052825827006
4,0.00023079782022859021,0.0699853838535266,2.2968337535826276e-05,0.06168861624474524,0.09658375815083892,0.009057176340690799,0.001780481864121976,0.024077558735940162,0.5126104547386644,1283.496181250986,507,840.7565174740157
