,a_a0_a,a_a0_b,b_a1_a,b_a1_b,k_f_a,a_1_a,a_1_b,b_a0_a,b_a0_b,a_a1_a,a_a1_b,k_b_a,b_1_a,b_1_b,g_Kr,RMSE,iterations,CPU_time,score
0,0.022649463916100596,0.01166192013413082,6.884699020426594e-05,0.04178253922360649,0.023701407824746223,0.09081169684587892,0.023392066103637053,0.046947210187288646,0.06385440282146386,0.013643262270278208,0.03822949366075417,0.03684923874413409,0.006492938052909153,0.03270281573090136,0.1523781139915119,173.7800598603097,1032,4668.186897147001,173.7800598603097
