,p1,p2,p3,p4,p5,p6,p7,p8,Gkr,RMSE,iterations,CPU_time,score
0,0.001686314646542168,0.08444651806966738,2.2064620916566465e-05,0.05122068464425634,0.12137355275490769,0.026863162534868628,0.008867227471244634,0.028800847343414215,0.15465511685262387,655.65132020588,1101,2262.0560694940004,655.65132020588
1,0.00030728530392086,1.6146561359184139e-06,2.274512171613182e-06,3.1193982660700867e-07,0.7785076615324658,0.03465981245291407,0.009136886598723352,1.2355200101555086e-05,0.1524,,1101,,
