,p1,p2,p3,p4,p5,p6,p7,p8,Gkr,RMSE,iterations,CPU_time
0,0.00022518784536587172,0.07089409561839395,3.781210365387142e-05,0.05281306606971441,0.0828837045966303,0.009096697850084049,0.005595977158813391,0.033797223333633095,0.1281526136846661,292.4340638907937,669,1614.1375863300054
1,0.00022517183783814614,0.0708955994099083,3.7808488074920094e-05,0.05281401015199515,0.08288553094284012,0.009096264909921275,0.005596035244436278,0.03379739587449087,0.1281526136846661,292.4340725785719,928,2429.8529096840066
2,0.00022516358817666507,0.07089600001127126,3.781216864569452e-05,0.05281307133568878,0.08288367689756662,0.009096727835936725,0.00559586677461746,0.033797471195995334,0.1281526136846661,292.4340682925752,579,1756.6435615380033
3,0.00022516143553028364,0.07089649572940589,3.7808702508293685e-05,0.0528137704807121,0.08288629157253578,0.009096331068318642,0.005596111126851887,0.03379717587728934,0.1281526136846661,292.4340679782721,654,2041.7576242560026
4,0.00022515643285456804,0.07089745114197264,3.7809946476541256e-05,0.0528134383453796,0.08288520660448605,0.009096694383541132,0.005596086911251297,0.03379694750242821,0.1281526136846661,292.43406627507164,524,1178.9389507939923
