,p1,p2,p3,p4,p5,p6,p7,p8,Gkr,RMSE,iterations,CPU_time,score
0,0.00168515441588997,0.08446006408190339,2.207310459095169e-05,0.0512121149822305,0.12132453862344279,0.026881775228354592,0.008869050118402213,0.028788664094891912,0.15459597242940426,654.5817476782329,2794,5210.724901350999,654.5817476782329
1,0.03177111662305354,0.0668872800427959,5.167389880351662,1.1519982862887148e-05,4.433914848093661e-06,0.0032544566178149947,0.022993999205091296,8.851483408557129e-07,0.1524,,2794,,
