,p1,p2,p3,p4,p5,p6,p7,p8,Gkr,RMSE,iterations,CPU_time,score
0,0.0015680800086142325,0.07931007748740565,2.2174653816433385e-05,0.05120064435958753,0.09593445339256705,0.023936034289726668,0.007048998615382157,0.03131850736694,0.1548472936706764,721.814085604332,895,1984.3143635729994,721.814085604332
1,0.000410146762413051,1.993526892719819e-07,2.5936255435050955e-06,2.0804561055321765e-05,0.0010886590419154037,2.4915702974873893e-05,0.00020385796824645504,0.00611375235855983,0.1524,,895,,
