,p1,p2,p3,p4,p5,p6,p7,p8,Gkr,RMSE,iterations,CPU_time,score
0,0.0016135888683116379,0.07289747675601001,1.9049736082009872e-05,0.05229160633015928,0.1102257999868587,0.023162565939690603,0.008891628015768455,0.029418889328778376,0.15296638382094707,2966.657158608753,979,4633.529367566996,2966.657158608753
1,0.035962868749755746,0.000664981936161318,0.01033481319038578,0.03245805051690562,1.4846613349495834,2.233413785824102e-05,0.034911960744140956,1.1840266613331064e-05,0.1524,,979,,
