,p1,p2,p3,p4,p5,p6,p7,p8,Gkr,RMSE,iterations,CPU_time,score
0,760.024671219474,0.0028969095744816563,1.1044122760401203e-07,0.003096647339004303,0.1388465898553112,0.017765453087055467,0.029020490905465657,0.08706256158183778,0.03664529919915958,196589.96276610607,2632,11000.356234636001,196589.96276610607
1,0.07821867361372471,3.5076499320641283e-07,0.0037171377551650756,3.527853901885096e-07,2.7172197173271252e-06,0.0002507894593697126,4.781995086213445e-07,0.1591942592902287,0.1524,,2632,,
