,p1,p2,p3,p4,p5,p6,p7,p8,Gkr,RMSE,iterations,CPU_time,score
0,1.0000014688061202e-07,0.18965232084853045,1.0001030574865882e-07,0.08922697067343939,1.0003067829638038e-07,0.3528554244119931,6.71866956330487e-05,0.13763052453417024,0.36105173500419857,49906.59868347941,1552,2793.830893361999,49906.59868347941
1,7.740966115691746e-07,0.00040341212248034983,0.0001228853999289703,0.00010632665455320783,2.7730843857609993e-05,0.015229571273396228,0.00031769567557472886,0.00890761498360022,0.1524,,1552,,
