,a_a0_a,a_a0_b,b_a1_a,b_a1_b,k_f_a,a_1_a,a_1_b,b_a0_a,b_a0_b,a_a1_a,a_a1_b,k_b_a,b_1_a,b_1_b,g_Kr,RMSE,iterations,CPU_time,score
0,0.021917054415285738,0.012029552183483777,6.893553593518148e-05,0.04177688299186465,0.023760641644812446,0.09081746785370852,0.02338990628397691,0.046361136366361966,0.06255612594542742,0.013935397281043232,0.038202987242235996,0.03717785615634472,0.006497464414522739,0.032673532147545876,0.15241429057517822,173.5265208529001,1133,4979.217660378,173.5265208529001
