,b_1_a,b_1_b,k_b_a,b_a0_a,b_a0_b,b_a1_a,b_a1_b,k_f_a,a_a1_a,a_a1_b,a_a0_a,a_a0_b,a_1_a,a_1_b,g_Kr,RMSE,iterations,CPU_time,score
0,0.0064984065325251195,0.03267770325181845,0.03680062968385936,0.04604776862252176,0.06302826421231714,6.885811397413975e-05,0.04178291485963645,0.02369307809566608,0.013776726180807589,0.03830252982864574,0.021946485173435525,0.01200855848639582,0.09082310612503988,0.023397120291291637,0.15237053797242445,203.23388097602654,1299,6543.023675248001,203.23388097602654
