,p1,p2,p3,p4,p5,p6,p7,p8,Gkr,RMSE,iterations,CPU_time
0,0.00022557472556855758,0.07081299625003958,3.7616855338027294e-05,0.05291783995062018,0.08315496494936005,0.009087653734125246,0.005571880840574658,0.033641311374907355,0.1294655974387777,277.32928140652297,534,1428.7046333850012
1,0.00022559451525247672,0.07081235836798352,3.76124605924635e-05,0.052918988807117893,0.08315655286686174,0.009087660674135467,0.005572097041775447,0.033640581828267686,0.1294655974387777,277.32926066767413,560,977.6484488510032
2,0.00022559833224861092,0.07081205849655108,3.761389558639076e-05,0.05291848295048341,0.08315699450430507,0.009087594680538434,0.00557202790899324,0.03364078710343077,0.1294655974387777,277.3292654572289,779,1423.3962621640094
3,0.0002255859113087481,0.07081327598523844,3.76158487104092e-05,0.052918211251343855,0.08315532008114042,0.009087847872056144,0.005571935051115172,0.03364077673509727,0.1294655974387777,277.3292577346611,840,1886.882292527007
4,0.0002255701390262508,0.07081470835348308,3.7613922721505046e-05,0.05291866540299687,0.08315617095528684,0.009087381188120598,0.005572034504787727,0.03364075617125676,0.1294655974387777,277.3292649115542,762,1635.610698014003
