,p1,p2,p3,p4,p5,p6,p7,p8,Gkr,RMSE,iterations,CPU_time
0,0.00019564063868010803,0.05694772940334253,2.835235944547586e-05,0.05994216633033909,0.09122808109286738,0.00966992079929852,0.0015740788452177632,0.02517957337316019,0.6096,405.60779447615323,603,763.5320063679974
1,0.0001956662871205879,0.05694623913643999,2.8351781792642898e-05,0.059942587967673815,0.09123306796421132,0.009668363034423763,0.0015741629927193193,0.02517985885877148,0.6096,405.60777195197727,525,837.8147933169967
2,0.00019565587511839044,0.056945350830441666,2.835602126538693e-05,0.0599412181037183,0.09122903470056468,0.00967124244049271,0.0015740972127166527,0.02517918804722979,0.6096,405.60780537656507,621,1318.4381176330062
3,0.00019563076220705604,0.05694437209236467,2.835742456078341e-05,0.059940780145013514,0.0912326273230033,0.009671228077048177,0.0015743348258272286,0.025178579229681485,0.6096,405.6077641602169,753,1483.7901220979984
4,0.00019563635722096042,0.05694213542687489,2.8358477613377814e-05,0.05994037920931697,0.09122437344589857,0.009670000480885236,0.0015741762539748924,0.025179874412858655,0.6096,405.60778276252677,750,1564.6108207910002
