,p1,p2,p3,p4,p5,p6,p7,p8,Gkr,RMSE,iterations,CPU_time
0,0.0001958211730170414,0.05687315922897659,2.8296583530509545e-05,0.059954564869269235,0.09127222338346547,0.009642450008934291,0.0015756916960881957,0.025193519237494404,0.6096,406.20243946109247,572,1291.0422566439956
1,0.00019581731078245425,0.05686996772211678,2.8298050636138917e-05,0.05995430188717359,0.09127968551280798,0.009641857795884995,0.0015759207235082227,0.025193844737758726,0.6096,406.20244161392407,571,1287.7457211330038
2,0.00019581922509725162,0.056866580092310125,2.8299078975346727e-05,0.05995341324103055,0.09126703282008915,0.009641683109156538,0.0015757019153111733,0.02519476243020413,0.6096,406.20241769174476,719,1629.629044738991
3,0.00019581847755318436,0.05686576387145861,2.8296894840587633e-05,0.05995404910831342,0.09127093072035242,0.009641239716158283,0.0015757880632744385,0.025194710211631527,0.6096,406.2023776744844,817,1611.0831904340012
4,0.0001958375188961911,0.056869391835575545,2.8294143168754982e-05,0.05995541145816354,0.0912777081605277,0.009641009412950503,0.0015758041450268845,0.025194595986793474,0.6096,406.20244173038907,489,1107.0254114020063
