,a_a0_a,a_a0_b,b_a1_a,b_a1_b,k_f_a,a_1_a,a_1_b,b_a0_a,b_a0_b,a_a1_a,a_a1_b,k_b_a,b_1_a,b_1_b,g_Kr,RMSE,iterations,CPU_time,score
0,0.022306362277398264,0.012771866196895265,6.873568136911622e-05,0.04179302976951885,0.024273361182264586,0.09063214849964378,0.02337855373654309,0.04480964943203605,0.06306711082274222,0.013317818595439738,0.0374843585015007,0.03801932009013221,0.006487846219701259,0.03270355918389354,0.15231676259117544,138.47887260141948,1362,3985.398573548,138.47887260141948
