,p1,p2,p3,p4,p5,p6,p7,p8,Gkr,RMSE,iterations,CPU_time,score
0,0.001567965830431274,0.0793539024088829,2.2205307078636094e-05,0.05118119266644039,0.0959600671360783,0.023951614035635095,0.007052894465051311,0.03131284703261169,0.15476733933029105,718.7755194765824,1324,2681.714925269,718.7755194765824
1,0.06353786648835849,0.0002936652509394976,0.14761607131176344,0.03727043404496345,0.0008629227630006229,1.4339936273912547e-05,0.5459833399616291,1.611773723229367e-05,0.1524,,1324,,
