,a_1_a,a_1_b,b_a0_a,b_a0_b,k_b_a,a_a0_a,a_a0_b,b_1_a,b_1_b,b_a1_a,b_a1_b,a_a1_a,a_a1_b,k_f_a,g_Kr,RMSE,iterations,CPU_time,score
0,0.09074923785414026,0.023396177728862513,0.04618506007999215,0.06284988142190406,0.036642708437527996,0.022128360289282983,0.011992828292939342,0.006488007134296633,0.03269284365571599,6.887415052276381e-05,0.041782673050988456,0.013643989080666842,0.038270848521730044,0.023766520204892453,0.15237979038714236,202.73990742615868,2017,9856.205569102,202.73990742615868
