,p1,p2,p3,p4,p5,p6,p7,p8,Gkr,RMSE,iterations,CPU_time,score
0,0.001969404496954408,0.05417396094938636,2.9784585811465666e-05,0.04873388354497007,0.09603187000595886,0.0231165091409506,0.006842889832702071,0.0313945219263765,0.15787417987849198,2608.3594092141957,2025,5848.272998844999,2608.3594092141957
1,0.20295779784367113,5.6588979962753964e-05,6.4209939981850175,8.448871713384048e-05,2.286070906029457e-06,9.214805038143493e-06,0.04909300546381143,2.4846323307777093e-06,0.1524,,2025,,
