,p1,p2,p3,p4,p5,p6,p7,p8,Gkr,RMSE,iterations,CPU_time,score
0,0.0016151459933218468,0.07286576593181972,1.907128430067564e-05,0.052283383813531745,0.110112584912753,0.023164404872318023,0.008878132016856525,0.029416324779251435,0.15302994604232825,2966.5522360574464,1766,7834.370857502,2966.5522360574464
1,5.2435663871611366e-05,4.493866016969657e-07,0.00042095986127697936,2.454077233515501e-07,2.0756342020379067e-06,0.002153430246373692,0.9704725220642928,0.009238746392810786,0.1524,,1766,,
