,p1,p2,p3,p4,p5,p6,p7,p8,Gkr,RMSE,iterations,CPU_time,score
0,0.0019697684480122083,0.05414926653860919,2.981743929412471e-05,0.04872388196324218,0.09613773238515469,0.023123923469659382,0.006851210884719138,0.03138807490685572,0.15786516049014088,2603.0552873999873,1273,3856.557307441999,2603.0552873999873
1,0.023726772814020986,0.0001463840059299162,1.1927820762010588,3.3954714780009694e-06,0.00011805775613805359,3.13868111912753e-06,0.0029420631454109307,0.0025299770307372392,0.1524,,1273,,
