,p1,p2,p3,p4,p5,p6,p7,p8,Gkr,RMSE,iterations,CPU_time,score
0,0.0015679894424161676,0.07935544815231566,2.220516694219212e-05,0.051181150709314775,0.0959576241825859,0.023951665218788977,0.007052766748694835,0.03131269608319756,0.15476687584793744,718.7755225500989,982,2261.817450861001,718.7755225500989
1,4.13718296930543,2.1021221652209988e-07,0.0030196066558701618,0.00022104663200072793,0.005648412559578744,0.0045854154800861885,0.0013741439369872603,1.0427141428223784e-07,0.1524,,982,,
