,p1,p2,p3,p4,p5,p6,p7,p8,Gkr,RMSE,iterations,CPU_time,score
0,0.11005970515347928,1.7798544904031885e-07,1.4679401330881013e-05,2.393599118992932e-07,1.0428866800746695e-06,1.000545566558784e-07,2.7633582551837117e-05,1.000676374613885e-07,0.008528228736332995,121359.36386021365,834,1455.8204360099999,121359.36386021365
1,0.11391093709720723,0.0014959508185216257,1.4442815996495083e-05,0.0007575949304904627,9.682634257204516e-07,3.655421835139089e-05,2.7188977703730128e-05,7.962937046079021e-07,0.1524,,834,,
