,a_a0_a,a_a0_b,b_a1_a,b_a1_b,k_f_a,a_1_a,a_1_b,b_a0_a,b_a0_b,a_a1_a,a_a1_b,k_b_a,b_1_a,b_1_b,g_Kr,RMSE,iterations,CPU_time,score
0,0.022353697659592095,0.011634045960267047,6.892174218912996e-05,0.04177414039792744,0.02382623987154169,0.09078992282436722,0.023396092717918773,0.04700903898725408,0.06350341872185035,0.01363427393054863,0.03838429774705423,0.03666431364718139,0.006495861099113358,0.032679492226186775,0.15237871431682068,173.71913501442842,1418,6692.709406062,173.71913501442842
