,a_a0_a,a_a0_b,b_a1_a,b_a1_b,k_f_a,a_1_a,a_1_b,b_a0_a,b_a0_b,a_a1_a,a_a1_b,k_b_a,b_1_a,b_1_b,g_Kr,RMSE,iterations,CPU_time,score
0,0.021946843351963598,0.012007725350130583,6.885861870505564e-05,0.04178287636077224,0.023693426468324338,0.09082372669718826,0.023397123719301305,0.046052176057880645,0.0630278457409353,0.013777204739714834,0.038301813917665004,0.03679970373970221,0.006498411039825688,0.032677705366830304,0.1523707883432723,203.23387976959705,1774,8297.956616775999,203.23387976959705
