,p1,p2,p3,p4,p5,p6,p7,p8,Gkr,RMSE,iterations,CPU_time,score
0,0.0016145375740149815,0.07292202381199568,1.9060886149138725e-05,0.052287328790443816,0.11020712036081212,0.02317321548016509,0.008888362273310484,0.029405606526379902,0.15301439685672946,2970.0045391091976,1358,5963.792270577999,2970.0045391091976
1,8.900448347847622e-06,1.0234605144039007e-07,0.2768550231650313,0.058011033235150326,5.791168588304947e-07,2.456493817900204e-05,0.00012521219030680344,0.00016433598671636326,0.1524,,1358,,
