,a_a0_a,a_a0_b,b_a1_a,b_a1_b,k_f_a,a_1_a,a_1_b,b_a0_a,b_a0_b,a_a1_a,a_a1_b,k_b_a,b_1_a,b_1_b,g_Kr,RMSE,iterations,CPU_time,score
0,0.02223279134931058,0.01180213526125308,6.889638405266041e-05,0.04178227294923967,0.02368604996177012,0.09093557866629251,0.023393601076020794,0.04668324178153852,0.06298661374403214,0.013823442678768724,0.038292455520405916,0.03689343684904416,0.006505058572866869,0.032668662734733706,0.1524166805657905,295.45518372812836,1308,8868.852809000002,295.45518372812836
