,b_1_a,b_1_b,k_b_a,b_a0_a,b_a0_b,b_a1_a,b_a1_b,k_f_a,a_a1_a,a_a1_b,a_a0_a,a_a0_b,a_1_a,a_1_b,g_Kr,RMSE,iterations,CPU_time,score
0,0.006503963022922519,0.03266604982043086,0.036969562317491246,0.04663329934764648,0.06272645587034245,6.8882055380955e-05,0.041783436574888755,0.02371619193892159,0.013982479494628936,0.038076179779369244,0.021842314012854986,0.01213809125952496,0.09085466890254608,0.023387849048217366,0.15239741042724889,202.70623263109985,1736,8060.912701431,202.70623263109985
