,p1,p2,p3,p4,p5,p6,p7,p8,Gkr,RMSE,iterations,CPU_time,score
0,0.4843468830778961,0.0025849149613414416,294.5057092991164,0.003893356140301723,0.12099577005648592,0.029619999448322748,0.022053585058299775,0.030694160595619042,36.12172674284224,63377.07856467388,1345,2632.3508388110004,63377.07856467388
1,6.295492350931115e-07,8.903135168651998e-05,0.00302675331140889,1.3008685464113733e-05,3.7638955939863755e-06,5.648366641684188e-06,3.395308191233341e-06,2.711638326696125e-07,0.1524,,1345,,
