,p1,p2,p3,p4,p5,p6,p7,p8,Gkr,RMSE,iterations,CPU_time,score
0,0.0016855852579696663,0.08448675502389649,2.2101321753628543e-05,0.05120507174464053,0.12145320253652993,0.026887661769368586,0.008872011570050369,0.028782926728932092,0.1546615426983558,654.1998195605123,1462,2790.3481508589994,654.1998195605123
1,1.0750672927267586e-07,0.0006896808179245236,8.435637206931388e-07,3.170102028935473e-07,1.8214701523174665e-06,0.0004898633004953186,0.008185252827102144,5.179824862146253e-06,0.1524,,1462,,
