,p1,p2,p3,p4,p5,p6,p7,p8,Gkr,RMSE,iterations,CPU_time,score
0,4.858055203300062e-05,1.0016683214572712e-07,0.0038954672559420203,1.0003689066383155e-07,4.051848754758102e-06,0.011371031756551814,5.348112591295236,0.0029194885229894755,0.6038853074694287,458423.6966246728,1064,4181.545778883001,458423.6966246728
1,4.605054444561865e-05,5.189422648695495e-07,0.004122926679856882,4.585052830082557e-06,3.3932256766449605e-06,8.680959562379766e-07,6.163955420927049,1.052841470380747e-07,0.1524,,1064,,
