,p1,p2,p3,p4,p5,p6,p7,p8,Gkr,RMSE,iterations,CPU_time
0,0.00021236141152037607,0.05726716572075923,2.7582035372310584e-05,0.059020733145502595,0.09660164740197622,0.00869597152719973,0.0024281757717482724,0.027184034008454684,0.3624703286528294,277.8633861481423,738,1086.2182419189994
1,0.00021237540697887245,0.05726658960068554,2.758119154434931e-05,0.05902133222904341,0.09658655580959637,0.008695138541100895,0.0024277691168658163,0.027184863026246963,0.3624703286528294,277.86338316986604,497,806.1762792180016
2,0.00021237464717288425,0.057264348565902595,2.7581486694069634e-05,0.05902087462330948,0.0965903372671048,0.008695579985126671,0.0024278708794174333,0.02718450476135371,0.3624703286528294,277.86338156158223,985,1940.530628059998
3,0.00021238622311212858,0.057263241646074256,2.7580921923177353e-05,0.059021300334719404,0.09660120744395119,0.008695804815527047,0.0024281450624155237,0.02718432167966558,0.3624703286528294,277.8633942293816,516,1015.6931768430004
4,0.00021238506338337564,0.05726201577117249,2.758099888990814e-05,0.05902102356333226,0.09659344520860283,0.008694971316162887,0.002427949768160247,0.02718533622608973,0.3624703286528294,277.86338921751394,750,1475.0425207820008
