,p1,p2,p3,p4,p5,p6,p7,p8,Gkr,RMSE,iterations,CPU_time,score
0,0.0016889583831956438,0.036649889869635306,4.284484523473328e-05,0.04595543284675031,0.09319795558430721,0.0218064773798719,0.007353136276315428,0.02960674918383103,0.16389643005922208,1708.2253182866564,1181,2178.191571485,1708.2253182866564
1,0.0004010837142380278,1.0164717252957643e-07,9.034962865973939e-06,0.0006965952066583382,3.7819158616527964e-06,0.006076990813626434,0.14169875690092723,0.008317811053272266,0.1524,,1181,,
