,p1,p2,p3,p4,p5,p6,p7,p8,Gkr,RMSE,iterations,CPU_time,score
0,0.0018625754856728752,0.0935703372752715,1.3285877782822586e-05,0.05454465544501675,206.69631004382632,0.019150336771185862,18.639024115373406,0.03274614938528152,0.13888126023581568,13497.92321201274,834,3873.3025924600006,13497.92321201274
1,0.00029856530267800976,1.441934555538789e-07,0.001202659270534428,0.004844728220515449,0.6996287545268473,1.7531246777087148e-07,6.2241176046693845,0.0006384526157986982,0.1524,,834,,
