,a_1_a,a_1_b,b_a0_a,b_a0_b,k_b_a,a_a0_a,a_a0_b,b_1_a,b_1_b,b_a1_a,b_a1_b,a_a1_a,a_a1_b,k_f_a,g_Kr,RMSE,iterations,CPU_time,score
0,0.09081938355030282,0.023389276085657145,0.04686690829623474,0.06333818164457469,0.0366467781025268,0.022269768412875764,0.011781245987189992,0.006498111113406591,0.03267876578562676,6.910741791605714e-05,0.04175345219665653,0.013710631072931653,0.03809032483425104,0.023831931923632324,0.1523932280132809,173.84942727382602,1547,7010.257176957002,173.84942727382602
