,p1,p2,p3,p4,p5,p6,p7,p8,Gkr,RMSE,iterations,CPU_time
0,5.4596103706958186e-05,0.1012968611065967,1.7984585970530367e-05,0.054224829869545764,0.06429858228351235,0.011236336128793574,0.01055292351569212,0.04263932044404,0.05403868913693675,7069.56740589244,717,2515.481165831996
1,5.460271344359308e-05,0.10129410258885628,1.7984580563073147e-05,0.054224696695536964,0.06429707913717408,0.011236942695736536,0.01055249218923329,0.04263984981632407,0.05403868913693675,7069.567404569027,1043,3662.760733503994
2,5.4605357845294266e-05,0.10129339638809168,1.7985726017618306e-05,0.05422414281148585,0.06429893400212314,0.011236077139212694,0.010553600709457064,0.04263867974474657,0.05403868913693675,7069.567397561887,1133,3975.0032282229804
3,5.460538398400286e-05,0.10129331753753482,1.79848229917547e-05,0.05422445068798714,0.0642973333529891,0.011236004662759301,0.010553143758572997,0.04263887446557303,0.05403868913693675,7069.567358542247,895,3042.8169007719844
4,5.460903717012331e-05,0.10129262214048124,1.7985571965373635e-05,0.05422429947361448,0.0643003053945613,0.011235902080258379,0.010553482321017816,0.04263886205102802,0.05403868913693675,7069.567386310265,860,2863.801986926992
