,p1,p2,p3,p4,p5,p6,p7,p8,Gkr,RMSE,iterations,CPU_time
0,0.0002173348858255843,0.07635034412222495,3.656726521010703e-05,0.04991681419671207,0.07539601257072964,0.009426816667015036,0.009305335046721803,0.03683916006387363,0.0762,2888.894648922138,914,4160.792725765001
1,0.00021731997746426588,0.07635126428785967,3.6563629643047365e-05,0.04991753806805319,0.07540575379531561,0.009424459468589495,0.009306322234265375,0.03684138377720879,0.0762,2888.894643466887,626,2032.8876285779988
2,0.00021732107638025935,0.07635061336030012,3.656405624930908e-05,0.04991747006996385,0.0754116660223614,0.00942432498514291,0.009307115885727493,0.036841610861512414,0.0762,2888.894638620364,892,3134.405834845995
3,0.00021731672873355552,0.0763512708059229,3.656318039790153e-05,0.04991752397531471,0.07541386629064681,0.009424750589352793,0.0093075948315812,0.0368402769873431,0.0762,2888.894641495202,576,2097.960484566007
4,0.00021732810529110253,0.07635056793959087,3.656529007374235e-05,0.04991716586906617,0.0754066127925915,0.009426181489578193,0.009306559936530146,0.03683940664904453,0.0762,2888.894630581402,800,3513.397159928005
