,p1,p2,p3,p4,p5,p6,p7,p8,Gkr,RMSE,iterations,CPU_time,score
0,0.5580884542998052,6.590096135849516e-07,0.0001377497451810662,3.7854433368690025e-07,0.00035553263439688483,1.0304919975713253e-07,6.7142778176504854e-06,1.0354355473703012e-07,0.31319534508819286,240714.13912300073,835,1795.3600570179997,240714.13912300073
1,0.5958122774476499,1.6070611666955695e-07,0.00014541988807828312,6.711546503827819e-05,0.00037691252459676476,0.00026292607454603717,6.143552703691233e-06,0.000204109515264374,0.1524,,835,,
