,p1,p2,p3,p4,p5,p6,p7,p8,Gkr,RMSE,iterations,CPU_time
0,0.0002485373571991789,0.08461489692926272,3.4327768475481714e-05,0.05094055703792023,0.07581138553144665,0.008984662983205592,0.008213853818993122,0.037708629460825774,0.07664514235271616,709.74664889229,932,1202.0258282720024
1,0.00024851738627835546,0.08461385029119338,3.4332295041616995e-05,0.05093959556898491,0.07580439194820386,0.00898492279443369,0.00821322339821261,0.037709266801837574,0.07664514235271616,709.7466593404023,604,776.0603153280099
2,0.0002485447635793663,0.08461223120073648,3.433362656243696e-05,0.050938848166595586,0.07580407550514175,0.008984715367743338,0.008213137682009316,0.03770898021677579,0.07664514235271616,709.7466609720575,722,1081.036940742997
3,0.00024851077220800237,0.08461519167614157,3.432917715768761e-05,0.05094046657215882,0.07580499769416248,0.008985306708290364,0.00821327167739778,0.03770879509367353,0.07664514235271616,709.7466621213654,616,806.9292260099901
4,0.00024852996874421803,0.08461392716971787,3.433082509889893e-05,0.05093962294292861,0.07580694404990389,0.008985406823526899,0.008213378146857044,0.03770844557958386,0.07664514235271616,709.7466541679314,747,1075.3787959150068
