,p1,p2,p3,p4,p5,p6,p7,p8,Gkr,RMSE,iterations,CPU_time,score
0,0.0019686091534711525,0.05413718491293822,2.9764544470615574e-05,0.04873921150485678,0.09612406176964124,0.023111944757014485,0.006855410338899811,0.031375124478781165,0.1578821021377099,2608.364220971354,1127,3758.0290125309984,2608.364220971354
1,8.460720036578235e-06,3.175873565363068e-05,3.736651713778089e-06,3.0507866132778388e-05,1.4268826492296243e-05,0.2306508917307509,0.9692355185014767,3.562269059109598e-06,0.1524,,1127,,
