,p1,p2,p3,p4,p5,p6,p7,p8,Gkr,RMSE,iterations,CPU_time,score
0,0.001567468296178983,0.07934499113034803,2.221990461292528e-05,0.051182452681457595,0.09597197414184984,0.023954463762632775,0.007049896412245666,0.03130950509540317,0.1548641362045438,720.6326427012015,1568,3652.9236533710005,720.6326427012015
1,1.6726120115590595e-05,0.07096129356461284,0.46235381613231047,8.249972974996838e-05,0.0016828614412230363,7.812841807954387e-05,0.13236053539664444,0.03806389985843157,0.1524,,1568,,
