,p1,p2,p3,p4,p5,p6,p7,p8,Gkr,RMSE,iterations,CPU_time
0,0.00011953148420569296,0.09583871101904763,1.7875975380999094e-05,0.052803272789736816,0.05473248055686042,0.010147553584364453,0.008813273891430893,0.047564452998462424,0.045374817422412735,9175.794102234242,979,1695.8038273070124
1,0.00011939672654754021,0.09586000271534306,1.7857918012603162e-05,0.052811891608387194,0.054742062584943775,0.010145798965993009,0.008813623278061615,0.0475675131203959,0.045374817422412735,9175.794277530296,526,911.9534676040057
2,0.00011945839239989709,0.09585220340108216,1.786551684825253e-05,0.052808211060209144,0.05474022726282498,0.010145265491220828,0.008813583420525566,0.04756742401756532,0.045374817422412735,9175.79423471502,802,1373.3511431209918
3,0.000119500867848184,0.09584441843043778,1.7868056442610814e-05,0.05280740723625129,0.05473248697445076,0.01014811088214126,0.008813273659559596,0.04756391869205065,0.045374817422412735,9175.79408789708,691,1183.9504472420085
4,0.00011937510907964054,0.09586447462748537,1.7865023087748377e-05,0.05280882859352986,0.05473245016245868,0.010148197065666357,0.008813476894501536,0.047563567046119776,0.045374817422412735,9175.79404240259,940,1598.1846532799827
