,p1,p2,p3,p4,p5,p6,p7,p8,Gkr,RMSE,iterations,CPU_time,score
0,0.0019689433524275233,0.0541218930144799,2.9786077615333298e-05,0.04873373831830352,0.09600105492185466,0.023112343494488072,0.006841088906668797,0.031388789801368146,0.15790309761275184,2609.631959468277,2043,6694.850984024997,2609.631959468277
1,0.3774136913849908,2.6639633892872302e-05,2.268334319916619,0.00010724232749642402,0.2798699599486462,0.0006970582356025786,6.8216321848901e-06,0.005430661724473545,0.1524,,2043,,
