,p1,p2,p3,p4,p5,p6,p7,p8,Gkr,RMSE,iterations,CPU_time,score
0,0.0016152467259322703,0.07289489982779956,1.9056141862492455e-05,0.052290184024357124,0.11025659394023436,0.023168220838959266,0.008890995145447573,0.029411904875562004,0.15300376628090795,2966.618819594109,1089,5384.129235297001,2966.618819594109
1,1.586604802744404e-05,0.0009641132207792321,0.0002488424560987192,0.07282610041248545,1.8135144334164305e-07,0.000598932198101104,7.419127334956982e-07,0.1477768549037288,0.1524,,1089,,
