,p1,p2,p3,p4,p5,p6,p7,p8,Gkr,RMSE,iterations,CPU_time
0,0.0002266989657745602,0.06800594684128684,3.0959028395684044e-05,0.05795203726888434,0.08913571394104812,0.009908454991868263,0.0031190007673354615,0.02789611366255833,0.2563052273693322,751.1552552562734,787,1904.075572316011
1,0.00022670294227353037,0.06800609788287099,3.09582220773499e-05,0.05795217872530173,0.08913567975034592,0.009908315319812835,0.0031189997954298118,0.027896109341336735,0.2563052273693322,751.1552673821506,592,1438.229721229989
2,0.00022670580261166146,0.0680051080691428,3.095908780668471e-05,0.0579520859117889,0.08913702884689766,0.009908265493522979,0.0031190712226826676,0.027896076351210945,0.2563052273693322,751.1552662621547,502,1221.9693618680176
3,0.0002267009087457687,0.06800562085151632,3.0958927210484184e-05,0.057951935535516225,0.08913558171935597,0.009908223092473,0.0031190206923055737,0.027896100222295824,0.2563052273693322,751.155252993615,634,1541.6291662570147
4,0.00022669403696989242,0.06800764333884983,3.095867541449509e-05,0.05795218490726085,0.0891349803687506,0.009907993215073612,0.0031189959432872593,0.027896314763915457,0.2563052273693322,751.1552631117336,759,1846.349478012009
