,a_a0_a,a_a0_b,b_a1_a,b_a1_b,k_f_a,a_1_a,a_1_b,b_a0_a,b_a0_b,a_a1_a,a_a1_b,k_b_a,b_1_a,b_1_b,g_Kr,RMSE,iterations,CPU_time,score
0,0.02193866702199015,0.011978957464440184,6.88344179995769e-05,0.04178987748331657,0.023681883602785527,0.09086863275750166,0.02339034735794859,0.046268075896619756,0.06259894171707994,0.01397691922309644,0.03829393469012063,0.037123794234889144,0.00649844100384063,0.032677581775877755,0.15241262447599224,173.37770643462366,1151,4959.534426937,173.37770643462366
