,b_1_a,b_1_b,k_b_a,b_a0_a,b_a0_b,b_a1_a,b_a1_b,k_f_a,a_a1_a,a_a1_b,a_a0_a,a_a0_b,a_1_a,a_1_b,g_Kr,RMSE,iterations,CPU_time,score
0,0.006500409234671224,0.03266051460767928,0.0377832038701252,0.04748865160441887,0.06343251118435268,6.8874488113967e-05,0.0417842378752057,0.02437562479128128,0.013684396476048695,0.037881202168519944,0.022452361889688303,0.011495168664239146,0.09086260269577827,0.023420295444905523,0.15240181810943612,138.013506242335,998,2946.3936306139994,138.013506242335
