,p1,p2,p3,p4,p5,p6,p7,p8,Gkr,RMSE,iterations,CPU_time,score
0,1.0000129526444229e-07,0.20405689572147406,1.000032293142483e-07,0.08909700645805128,1.4043717452371348e-07,0.3446095210488486,6.826364694724424e-05,0.13749898073142847,0.21510113717834115,49959.74062323848,1370,2919.582620778,49959.74062323848
1,1.9630876295711456e-06,0.20073348279575437,4.1833366297901435e-07,9.847929173080925e-07,4.726158816563272e-06,7.954186242666577e-06,1.8790667031171857,0.0009398603765588264,0.1524,,1370,,
