,p1,p2,p3,p4,p5,p6,p7,p8,Gkr,RMSE,iterations,CPU_time,score
0,0.0016884302759205257,0.03667820739981808,4.285495192835483e-05,0.045956929132411596,0.09320183970017364,0.021801598587531154,0.007355296474612554,0.02959940347195721,0.16390880323349982,1710.192520722964,1205,3608.862976496999,1710.192520722964
1,3.102152690847002e-05,0.002026740901358846,0.00041913860865359817,7.629515812045243e-06,0.008236972501316405,1.7886478855503769e-06,1.4567934602263962e-06,0.0058796217851201735,0.1524,,1205,,
