,p1,p2,p3,p4,p5,p6,p7,p8,Gkr,RMSE,iterations,CPU_time,score
0,0.0015679530022952807,0.07934011186910075,2.2207678383185705e-05,0.051182013581498986,0.09598964525325032,0.023941795303463072,0.007054292545931199,0.03131557399870977,0.15483822925324078,723.5634814693533,1499,3347.4185525050016,723.5634814693533
1,1.330819807414069e-07,0.00031552927741930627,5.656439241230611e-05,0.025369366436441915,0.009964293573741593,0.06684523317123939,0.1331644521931633,4.3572740925328786e-07,0.1524,,1499,,
