,p1,p2,p3,p4,p5,p6,p7,p8,Gkr,RMSE,iterations,CPU_time
0,0.00022568399107763905,0.07097549508667246,3.568540697490744e-05,0.0532951199656347,0.08575675606723067,0.008746725010622857,0.006014483545545636,0.03308221399391461,0.1281526136846661,417.8975428501443,584,1539.595494565001
1,0.00022567554952186307,0.07097646810990067,3.568537564378046e-05,0.0532951143386277,0.0857578247525021,0.008746482925062042,0.006014584536337916,0.03308232331970498,0.1281526136846661,417.8975433721899,581,1501.9313492870133
2,0.00022567715060300538,0.07097649090752352,3.568556268623112e-05,0.0532950807200009,0.08575823933902478,0.008746565319171389,0.006014599047557254,0.0330822112846362,0.1281526136846661,417.8975434148589,560,1414.774244382017
3,0.00022567574446355338,0.07097706227045207,3.568543960281848e-05,0.05329511117842358,0.08575797331151695,0.008746878595388705,0.0060145709465866904,0.033081975576674645,0.1281526136846661,417.8975402673719,850,2111.0223600210156
4,0.0002256757891838142,0.07097655451504886,3.568550132134483e-05,0.05329504263881576,0.08575848891256811,0.008746779865795647,0.006014596200952907,0.03308212127700302,0.1281526136846661,417.8975389349077,526,1307.0958152230014
