,p1,p2,p3,p4,p5,p6,p7,p8,Gkr,RMSE,iterations,CPU_time
0,0.00022816466591060755,0.06595273102645162,2.8767440237269176e-05,0.06059499125387631,0.09353182607864868,0.01077071833885094,0.0013604842271632534,0.025367729911039548,0.6096,1431.6131372880232,733,1903.1705162500002
1,0.00022816096613180944,0.06595202366982923,2.8765699130414483e-05,0.060595425062517146,0.09352756226724221,0.0107705234500556,0.001360410939941967,0.025368174685948812,0.6096,1431.6131358005025,496,1282.546622808004
2,0.00022814757657687356,0.06595374819928186,2.8767852928131644e-05,0.06059477762852062,0.09352910764274211,0.010770796902085645,0.0013604421892030546,0.02536786496731572,0.6096,1431.6131376749015,805,2081.061672060998
3,0.00022812894508232037,0.0659558143485765,2.8764195228329475e-05,0.0605958849670598,0.09353359197974292,0.010770714940857368,0.0013605154765263274,0.025367454202926097,0.6096,1431.6131373010053,662,1781.043983791009
4,0.00022815628851030948,0.06595209964105218,2.8766722638052684e-05,0.06059520655016866,0.09352941903329462,0.010770411882461422,0.0013604655943268702,0.025368133164662767,0.6096,1431.6131122577588,963,2439.1454816810146
