,b_1_a,b_1_b,k_b_a,b_a0_a,b_a0_b,b_a1_a,b_a1_b,k_f_a,a_a1_a,a_a1_b,a_a0_a,a_a0_b,a_1_a,a_1_b,g_Kr,RMSE,iterations,CPU_time,score
0,0.00649523001515905,0.0326772165247222,0.03694259711724788,0.0469940767763949,0.06335784785838372,6.883147772651689e-05,0.04179024433048449,0.024024743743738742,0.013458266929555037,0.03817302516079131,0.02264400361682646,0.01163841126697621,0.09081012050995849,0.0234040038176232,0.15241252553389348,139.2991156918979,1073,3549.664577822001,139.2991156918979
