,p1,p2,p3,p4,p5,p6,p7,p8,Gkr,RMSE,iterations,CPU_time
0,0.00021461828953577025,0.05838116395587927,2.842326675927485e-05,0.058368163266083045,0.09476124827885443,0.00857043965206815,0.002826657653345619,0.02786131726418049,0.3048,249.00537245709478,698,1344.5945600100022
1,0.0002146255523617001,0.05838465623995727,2.84233181277437e-05,0.05836862115608271,0.09476150612619935,0.00857176249280844,0.002826626850082597,0.02786020070936123,0.3048,249.00536965171528,542,965.5335935139956
2,0.00021462935967991235,0.05838131380945728,2.8424443924607758e-05,0.058367949910767186,0.09475894480566878,0.008570582388097537,0.0028265580460515097,0.027861418509643795,0.3048,249.00537619364295,498,924.5336403710025
3,0.00021462172466443194,0.05838217552204349,2.842260569068925e-05,0.05836847882213815,0.09476699101032666,0.008571937184000369,0.0028267998126168545,0.027859902022631194,0.3048,249.00536784868976,610,1043.1744966519982
4,0.00021461340328995135,0.058385203431506244,2.842412784833702e-05,0.058368299227786496,0.09476415294932904,0.008572285461889362,0.0028267361169079194,0.02785983694742572,0.3048,249.0053759040216,549,625.2278204769973
