,p1,p2,p3,p4,p5,p6,p7,p8,Gkr,RMSE,iterations,CPU_time
0,0.00021476594053470303,0.058428986623521584,2.8408889451136702e-05,0.0583821495606333,0.09428603025177566,0.008548836799857311,0.002812204313765464,0.027882394638560182,0.3048,248.0684702122009,923,1684.8441254719946
1,0.0002147563238458266,0.05843035178684199,2.8406921874754362e-05,0.05838276400382821,0.09427909887543436,0.008547873488585392,0.0028120110178506733,0.027882916443704824,0.3048,248.06846568781776,764,1076.7893289890053
2,0.00021474945369879698,0.05843034661752379,2.8407140042050975e-05,0.058382522873768244,0.09428055668373618,0.008547970923464614,0.0028120645773447688,0.02788267922212992,0.3048,248.06847634558994,617,1000.1097040659952
3,0.00021476427728834446,0.058430627907048095,2.8410274561019703e-05,0.05838197860303534,0.09425031690942715,0.008546343150167198,0.002811128791804043,0.027885437672003844,0.3048,248.06850040234588,527,713.3107057880115
4,0.00021475695952618025,0.05843055125108326,2.8407529600171474e-05,0.05838250922664634,0.09427822777146892,0.008548300355799808,0.002811989552660147,0.0278825661458308,0.3048,248.0684693352315,498,783.9947897980019
