,p1,p2,p3,p4,p5,p6,p7,p8,Gkr,RMSE,iterations,CPU_time,score
0,0.001567902748810567,0.07933743285377853,2.220761497185719e-05,0.051181996154326996,0.09598771661911856,0.023941905530473376,0.007054196772132631,0.0313160310699241,0.15483555179393818,723.5634802565623,803,1886.7161131909997,723.5634802565623
1,0.00023598497423858998,0.040261914757775505,8.677910774297145e-06,1.7658887390226018e-06,0.7366976147795927,3.0393785097996615e-05,2.4255427573169066,0.005684705348237121,0.1524,,803,,
