,p1,p2,p3,p4,p5,p6,p7,p8,Gkr,RMSE,iterations,CPU_time,score
0,0.001969292878784847,0.0541758128429919,2.97827160827945e-05,0.04873448903402072,0.09603412595340605,0.023116283053742005,0.006842972597409133,0.031394304391003464,0.15787552478585523,2608.359408163761,1291,3986.426948938999,2608.359408163761
1,3.059103367293154e-05,0.038193267108288555,0.00014146307146871244,0.027063691410018086,3.868051199643794e-07,0.00016889289798728799,0.03829996005529496,7.153418079663419e-07,0.1524,,1291,,
