,p1,p2,p3,p4,p5,p6,p7,p8,Gkr,RMSE,iterations,CPU_time
0,0.0002255548890510732,0.07089992933136151,3.562184268687637e-05,0.053370268438673235,0.08577866516218632,0.00877304415974339,0.005953836694817551,0.03298342015680687,0.1294655974387777,403.85414584870625,591,1490.6601823070087
1,0.00022555191962377977,0.07089914122570236,3.5622350021023835e-05,0.05337014393350636,0.08578098485517414,0.008773311277360616,0.005954014937823268,0.0329831833553501,0.1294655974387777,403.85414757963196,734,1850.908259306976
2,0.00022555830779598035,0.07089966868995634,3.5621370927112786e-05,0.05337038412993984,0.08577850923265094,0.008772920490325027,0.005953788753533147,0.03298362695306783,0.1294655974387777,403.8541468625603,519,1308.9326975299919
3,0.00022554825783031653,0.07090116319087171,3.562224140594559e-05,0.053370211421532775,0.0857788684366833,0.008772893396255815,0.005953857428448761,0.032983543678095424,0.1294655974387777,403.8541467917362,740,1867.2348293499963
4,0.000225555562333478,0.07089997987731511,3.562160390839975e-05,0.05337031710777783,0.08577922071379988,0.008773004765934936,0.00595386206126331,0.03298349268551463,0.1294655974387777,403.8541467306604,542,1364.5584761549835
