,p1,p2,p3,p4,p5,p6,p7,p8,Gkr,RMSE,iterations,CPU_time,score
0,0.0016844552810927496,0.08446251765167663,2.2113930511384352e-05,0.0511949576256062,0.12152931057285811,0.02687413585371347,0.008877740851658588,0.028797988299341586,0.1546519113881405,652.3532207029351,957,1860.4456724310003,652.3532207029351
1,0.6554982822035963,1.8362107610956396e-06,0.001141588194100405,1.1109294418605974e-05,0.07873183966677665,0.00022435537282198647,0.2252642100101156,0.003443550895379571,0.1524,,957,,
