,p1,p2,p3,p4,p5,p6,p7,p8,Gkr,RMSE,iterations,CPU_time
0,0.0002258441643222231,0.07077578007408471,3.760813795348977e-05,0.05291733648202832,0.08321904877864363,0.009086137771481541,0.005577804941519565,0.033647801021010566,0.1294655974387777,276.8718689983235,655,1994.4465946839919
1,0.00022584101209673129,0.07077521723964787,3.7605235082809e-05,0.0529180875205014,0.0832184341548585,0.009086639752098552,0.005577643112637539,0.03364831767133204,0.1294655974387777,276.8718670774997,826,2508.3511977860035
2,0.00022582919695004314,0.07077629005366375,3.760871588933569e-05,0.05291708957121471,0.08321906428234609,0.009086472850583165,0.005577802991442403,0.03364803383680247,0.1294655974387777,276.8718648901142,563,1436.7294889850018
3,0.00022585299497721392,0.07077481424675976,3.760849416734407e-05,0.052917292601330095,0.08321845152899233,0.009086414686816818,0.005577727041657641,0.03364778773621835,0.1294655974387777,276.8718434735787,1232,2183.3595382320054
4,0.00022587643907633913,0.07077271987303002,3.7609896480493896e-05,0.05291694141619161,0.08321774040178434,0.009086399794402542,0.005577736634599028,0.03364815484329765,0.1294655974387777,276.8718800020251,571,1011.3289286910003
