,p1,p2,p3,p4,p5,p6,p7,p8,Gkr,RMSE,iterations,CPU_time,score
0,0.0015675178521801433,0.07933491520968153,2.216072070345311e-05,0.05119923295959267,0.09597137057590888,0.023948491531142525,0.007058228026209896,0.03130283318329499,0.15476162767698326,720.6057181486929,1935,4252.922281936,720.6057181486929
1,0.00014821686166325865,0.08675866521544491,0.08542370277249227,0.004368533022754215,0.23400181392208172,0.019869321440469486,0.6720692285992322,2.7777731539594133e-06,0.1524,,1935,,
