,b_1_a,b_1_b,k_b_a,b_a0_a,b_a0_b,b_a1_a,b_a1_b,k_f_a,a_a1_a,a_a1_b,a_a0_a,a_a0_b,a_1_a,a_1_b,g_Kr,RMSE,iterations,CPU_time,score
0,0.006489158951189858,0.03268047147998774,0.036873194027073855,0.04727003590200207,0.06293838766704052,6.90273371248231e-05,0.0417665531819781,0.023786944594886908,0.01386338232410237,0.03798232040926491,0.022286937458720547,0.011876561905357462,0.0907624113921289,0.02339521550186342,0.15241840490765138,203.44567078331104,1026,4820.116834299002,203.44567078331104
