,p1,p2,p3,p4,p5,p6,p7,p8,Gkr,RMSE,iterations,CPU_time,score
0,0.0016154518765682747,0.07287333426843641,1.904791002619168e-05,0.05229118344940248,0.11011435083404032,0.02315745373590166,0.008880875391397222,0.02942741273402896,0.15297792490122622,2969.596251351474,1004,4576.363669915001,2969.596251351474
1,0.26242434770465417,1.320234232715891e-07,5.191794079122852e-07,0.0019360594766913706,1.6407659778903378,0.015467455748497425,1.8571845584741575,0.00022976470407487314,0.1524,,1004,,
