,p1,p2,p3,p4,p5,p6,p7,p8,Gkr,RMSE,iterations,CPU_time
0,0.00034513472575689326,0.05950909593772432,3.40971866945611e-05,0.057574668283556285,0.0899269093033101,0.009665494278027239,0.002745890471079545,0.02682690669989555,0.3048,875.2271933125029,1028,1796.0098579589976
1,0.00034513322300710466,0.059509313231404265,3.409719784763932e-05,0.05757487917805704,0.0899248189715129,0.009665633640625813,0.0027457389023434987,0.02682755158369063,0.3048,875.2271941073333,631,1095.5271363329957
2,0.0003451300501556602,0.059509727660154006,3.409727940539867e-05,0.05757469002551654,0.08992809491843942,0.00966533493421245,0.002745881413647071,0.02682718919634438,0.3048,875.2271873240746,1294,2242.052602136013
3,0.0003451207810257931,0.05951037494836645,3.409514337958353e-05,0.057575304374634956,0.08992595602735022,0.009665473746925236,0.002745743518608307,0.02682741831065541,0.3048,875.227189529188,777,1345.6126898489892
4,0.00034512834566040513,0.05950971387038487,3.409635349893674e-05,0.057574982564793035,0.0899287438438613,0.009665092832897576,0.002745925204319199,0.026827410635069535,0.3048,875.2271987287996,777,1343.2415172680048
