,p1,p2,p3,p4,p5,p6,p7,p8,Gkr,RMSE,iterations,CPU_time,score
0,0.0015679484661253662,0.07934031503764995,2.220896404383194e-05,0.05118133585075518,0.09598920058878899,0.02394234998888813,0.007054368832416157,0.031315940780852744,0.15483498440921994,723.5634969899468,903,1969.216984458,723.5634969899468
1,0.012124346814909075,1.0820794676264778e-05,3.1692842390995915e-05,0.09276696410867065,3.496541246999944e-06,0.11823160345148254,0.0005244302808999915,0.000410876584579958,0.1524,,903,,
