,p1,p2,p3,p4,p5,p6,p7,p8,Gkr,RMSE,iterations,CPU_time,score
0,0.0016151941118170354,0.07286687283443752,1.9071460853049394e-05,0.05228338490624455,0.11011620995052206,0.023164969242484675,0.008878336526568567,0.029415712052845565,0.1530311217151922,2966.552184779698,1408,6229.101347957001,2966.552184779698
1,1.8126335896433889e-07,4.0401781290665654e-07,0.0038519299719195926,0.02086655759509413,6.291219150649271e-07,0.0017297820225869664,0.011169205927282311,0.00019426995244366065,0.1524,,1408,,
