,a_a0_a,a_a0_b,b_a1_a,b_a1_b,k_f_a,a_1_a,a_1_b,b_a0_a,b_a0_b,a_a1_a,a_a1_b,k_b_a,b_1_a,b_1_b,g_Kr,RMSE,iterations,CPU_time,score
0,0.02219619862053999,0.012140652895861716,6.847921108397112e-05,0.041832507079655,0.024863209351609714,0.09083696421544503,0.023402879533975695,0.04454903268743176,0.0636522001805236,0.013362896338420655,0.037589227656743794,0.0393078543617291,0.006496915840343861,0.03267023167478499,0.1524136706457301,138.3720708882837,1355,4225.070485480999,138.3720708882837
