,p1,p2,p3,p4,p5,p6,p7,p8,Gkr,RMSE,iterations,CPU_time,score
0,0.0019687528399806933,0.05413312477569404,2.9807079952244543e-05,0.04872576034596837,0.09601320016900707,0.023104553662525798,0.006843069983569091,0.0313992848595311,0.1578751143579296,2605.936147469436,1808,5823.75868848,2605.936147469436
1,0.03011354401492993,9.326352752320393e-07,0.7892596684626413,4.944016528548936e-06,0.045743844472340374,0.01340001984456482,0.04868008810235936,1.8612661264703288e-06,0.1524,,1808,,
