,p1,p2,p3,p4,p5,p6,p7,p8,Gkr,RMSE,iterations,CPU_time,score
0,4.615081065345907,1.0000004130419847e-07,6.181183811725096,1.0000003243719815e-07,2.9030520418431715e-07,1.000108779278781e-07,8.863295778494399e-06,1.0003240533022149e-07,0.019844997225226396,121325.6617125861,1350,2294.580226303002,121325.6617125861
1,4.81556958152326,2.8280842869565294e-06,6.49148393055094,0.0003317045347801796,2.725033708830139e-07,7.0098715085348335e-06,9.397317679657747e-06,0.0029030537999461406,0.1524,,1350,,
