,a_a0_a,a_a0_b,b_a1_a,b_a1_b,k_f_a,a_1_a,a_1_b,b_a0_a,b_a0_b,a_a1_a,a_a1_b,k_b_a,b_1_a,b_1_b,g_Kr,RMSE,iterations,CPU_time,score
0,0.02243436547400925,0.01124069015053199,6.924496877218533e-05,0.04174121636106443,0.0231998494161404,0.0909472417422677,0.023415851018719184,0.04946906800976184,0.06296072942506238,0.014019887672938507,0.038742891508542224,0.03489607529859054,0.006504473470600483,0.0326551539893854,0.15242622426677732,139.29903739384807,1439,4242.125762162999,139.29903739384807
