,p1,p2,p3,p4,p5,p6,p7,p8,Gkr,RMSE,iterations,CPU_time,score
0,0.0016154553105830905,0.07287245249530191,1.9048639404840115e-05,0.05229078345683606,0.11011466721827741,0.023157481556412726,0.008881170176434087,0.02942726449493994,0.15297596636564953,2969.596217573335,1287,6111.137881523002,2969.596217573335
1,0.044533257053810275,1.6541282273393096e-07,2.8083126986497683e-06,3.9157655945467035e-05,0.002986487907955599,3.3363309946336418e-06,0.0003327702776777147,0.0008571068818342551,0.1524,,1287,,
