,p1,p2,p3,p4,p5,p6,p7,p8,Gkr,RMSE,iterations,CPU_time,score
0,0.0019686688674676912,0.054134015589833884,2.980411769919785e-05,0.04872655766270622,0.09601711415761965,0.02310408630738444,0.006843327951841191,0.03139929040284696,0.15787556651241394,2605.93615952391,1464,4758.5858587,2605.93615952391
1,2.0316250366435504,0.059282047970298804,6.3523469599623174e-06,1.0154645877891571e-05,0.0001370076508891983,0.01487737435364397,0.0006731730232297839,0.00662815373631388,0.1524,,1464,,
