,p1,p2,p3,p4,p5,p6,p7,p8,Gkr,RMSE,iterations,CPU_time,score
0,0.0016890253792115797,0.03664900240247753,4.2845590732082676e-05,0.045955380318321054,0.09319597880774178,0.02180637623974555,0.007352903499084696,0.029606921447329404,0.16389677519825385,1708.2253045381058,1213,3453.800934678,1708.2253045381058
1,0.0011411292415001086,0.00011668227582588181,0.04787890951916933,0.0010139700824014083,0.001875800448910756,0.00014530393397062672,0.0003881756333478105,3.629132433287328e-06,0.1524,,1213,,
