,p1,p2,p3,p4,p5,p6,p7,p8,Gkr,RMSE,iterations,CPU_time,score
0,0.0016135134847651243,0.07289712959916053,1.905015565153335e-05,0.052291339466163565,0.11022145879259927,0.023162130015668487,0.008891421303455448,0.029418985187100986,0.15296700258265303,2966.6571314545763,2236,9689.500787119,2966.6571314545763
1,0.00379113168459675,1.108140787279452e-06,2.379942673499079,0.0072114562066949465,0.3846664221189094,0.059563508076712,1.3779665856578614e-07,0.000980765022937034,0.1524,,2236,,
