,a_a0_a,a_a0_b,b_a1_a,b_a1_b,k_f_a,a_1_a,a_1_b,b_a0_a,b_a0_b,a_a1_a,a_a1_b,k_b_a,b_1_a,b_1_b,g_Kr,RMSE,iterations,CPU_time,score
0,0.021945300055813334,0.012008137334998814,6.885896871989397e-05,0.041782841050418455,0.02369382449781029,0.09082358391865467,0.02339710386136758,0.04605462661696627,0.06302738549292031,0.01377807566436933,0.038300555217156834,0.03679947644046944,0.006498425849166884,0.032677694087765226,0.15237062156374423,203.23388079599317,1079,5039.309379653001,203.23388079599317
