,p1,p2,p3,p4,p5,p6,p7,p8,Gkr,RMSE,iterations,CPU_time
0,0.00024335950974921518,0.0807400638520317,3.568843854772123e-05,0.0516226054095029,0.0799728023195111,0.008821268248639538,0.007347822390086484,0.03611291903452389,0.09127977271835509,429.1477043636825,539,1187.8027188440028
1,0.0002433700621050258,0.08073976541291768,3.568532135150427e-05,0.051623453578515874,0.07997504399706024,0.008819940640054147,0.007347783370919822,0.03611413547097493,0.09127977271835509,429.14771277075477,493,642.4941697780014
2,0.00024337197937299295,0.08074231667353135,3.5683992274118724e-05,0.05162367242789633,0.07997391153557938,0.008819657252766875,0.007347804358352844,0.03611344726396618,0.09127977271835509,429.1477077936166,586,977.0603721849911
3,0.00024337321721648047,0.08074074670577781,3.5686402837755385e-05,0.05162322531060264,0.07997297880715053,0.008821169036138506,0.007347746721289315,0.036112802700336864,0.09127977271835509,429.1477115010593,626,1410.1387724180095
4,0.00024337189609551123,0.08074239288018985,3.568637093882292e-05,0.05162317639359726,0.0799844251406087,0.008819157992997276,0.007348747757988017,0.036113918967051364,0.09127977271835509,429.14772264233443,552,1093.382548042995
