,a_a0_a,a_a0_b,b_a1_a,b_a1_b,k_f_a,a_1_a,a_1_b,b_a0_a,b_a0_b,a_a1_a,a_a1_b,k_b_a,b_1_a,b_1_b,g_Kr,RMSE,iterations,CPU_time,score
0,0.022299050271744784,0.011762872528120444,6.887732445411396e-05,0.041784234821857884,0.023827271902316847,0.09082659845322617,0.02339252339592756,0.04679317917217053,0.06314662307154616,0.013929009180910354,0.038133903310320516,0.03759296354151954,0.0064979574601994215,0.03267077476748448,0.15242612983725276,296.4830849451678,969,6443.711976592998,296.4830849451678
