,p1,p2,p3,p4,p5,p6,p7,p8,Gkr,RMSE,iterations,CPU_time
0,0.00012019102092336615,0.09575532185578883,1.7847115476485914e-05,0.05281578425142294,0.05474766925176482,0.010148248574534925,0.008817113786850406,0.04757142590303799,0.045374817422412735,9183.719903546435,785,1379.1503645890043
1,0.00012021160330747039,0.09575314285701667,1.7846883422776096e-05,0.05281627838766465,0.05474774911814084,0.010149358367962068,0.008817551215163729,0.04756795002393229,0.045374817422412735,9183.719942961345,811,1417.3788271330122
2,0.00012015786475635158,0.09576076344891783,1.7845607028160894e-05,0.0528170305487035,0.05475011017999814,0.010148448505123588,0.008817301807335556,0.047571489330252265,0.045374817422412735,9183.719975688471,790,1377.4564283580112
3,0.00012021884020840329,0.09575353277984756,1.7846476088159793e-05,0.052816301917273226,0.05474745517618062,0.01014952666681401,0.008817467294264601,0.04756912946475032,0.045374817422412735,9183.719912058685,793,1380.774633833993
4,0.00012025229337251168,0.09574839336906897,1.7842315086726356e-05,0.05281909282790301,0.05474767528533427,0.010148454037669292,0.00881741310180307,0.047569662580137714,0.045374817422412735,9183.719987976956,890,1553.0238887209853
