,a_a0_a,a_a0_b,b_a1_a,b_a1_b,k_f_a,a_1_a,a_1_b,b_a0_a,b_a0_b,a_a1_a,a_a1_b,k_b_a,b_1_a,b_1_b,g_Kr,RMSE,iterations,CPU_time,score
0,0.023095752705991082,0.011182599450910286,6.890816983675497e-05,0.04177665626415473,0.02375125193185977,0.09087125912745235,0.023395193570037876,0.04839517343095956,0.06348551366607463,0.01350171440510127,0.03832175863187232,0.03628753699987467,0.0065021282520817646,0.03267903943274099,0.15238812102391525,295.92589178236346,1049,7513.72718917,295.92589178236346
