,a_a0_a,a_a0_b,b_a1_a,b_a1_b,k_f_a,a_1_a,a_1_b,b_a0_a,b_a0_b,a_a1_a,a_a1_b,k_b_a,b_1_a,b_1_b,g_Kr,RMSE,iterations,CPU_time,score
0,0.022046830493798873,0.011942138027122393,6.897221485645995e-05,0.041770952455988185,0.023753041236033817,0.09088420437112141,0.02339143250375739,0.04656972489054616,0.06277502734715895,0.013864278403390464,0.03821337615246253,0.03692556985544811,0.006502059111583865,0.03267780075841786,0.15240120008294605,203.16610921030284,1045,4858.777008793999,203.16610921030284
