,p1,p2,p3,p4,p5,p6,p7,p8,Gkr,RMSE,iterations,CPU_time
0,0.000211281240022402,0.06198696733584614,3.1089966097329035e-05,0.057406856474872744,0.0889485744291478,0.009428308075528906,0.003388112184995474,0.02796606121951562,0.2563052273693322,236.97790104995153,863,1259.9255546749991
1,0.00021128800051295075,0.061987246861977374,3.1089907034951474e-05,0.05740703276525101,0.08895065784515703,0.009428423287104228,0.003388160628839841,0.02796608520462924,0.2563052273693322,236.97790922504993,713,1375.1780891119997
2,0.00021127626369384528,0.06198645418808794,3.1093493255466354e-05,0.05740593684373323,0.08894442082375002,0.009429037196220551,0.003388058032626878,0.027966012192150124,0.2563052273693322,236.97792427215822,463,1048.871758348003
3,0.0002112867826307436,0.061985778798740475,3.1091604275804055e-05,0.05740636339624584,0.08894448951149447,0.009429078644119501,0.00338794691072326,0.02796610127506365,0.2563052273693322,236.97790956217872,600,1358.320065780994
4,0.00021128902779048964,0.06198621325177636,3.1091144331841025e-05,0.057406639775822166,0.08894817333219476,0.009428769513806135,0.0033880934749156624,0.027966091739212853,0.2563052273693322,236.97790742354502,637,1430.2265023209984
