,p1,p2,p3,p4,p5,p6,p7,p8,Gkr,RMSE,iterations,CPU_time
0,0.00021078338129927642,0.062134761318581866,3.103923878069699e-05,0.05742257784730032,0.08903734237883205,0.009453067024220892,0.0033894766582512827,0.027935306429185864,0.2563052273693322,236.03914915349867,567,902.264747985013
1,0.00021078609808939075,0.06213637121608737,3.103630190519336e-05,0.057423545655494485,0.08904647659880838,0.009452255453610014,0.0033897875767904054,0.02793515390556373,0.2563052273693322,236.03912260143736,886,1433.5203558039939
2,0.0002107889228945267,0.06213576400769757,3.10387238637869e-05,0.05742277593761604,0.08904079474657815,0.009452568517559897,0.003389598730398699,0.027935262047560933,0.2563052273693322,236.03914676629336,603,1140.4035152409924
3,0.000210794936184105,0.06213483020455371,3.103714844711097e-05,0.057423392202365406,0.08904504284546,0.009453021387628414,0.003389731524744823,0.027935391739968077,0.2563052273693322,236.0391338425302,1017,2386.8653471180005
4,0.0002107840715576157,0.062136518617427715,3.1040773369079864e-05,0.05742220457911143,0.08904130347517454,0.009453032695347415,0.0033896574182893328,0.027934947661327144,0.2563052273693322,236.03915935767338,534,1186.6673214030016
