,p1,p2,p3,p4,p5,p6,p7,p8,Gkr,RMSE,iterations,CPU_time,score
0,0.001968657035501631,0.05414175337049464,2.9761454890759763e-05,0.04874004236601463,0.09612426806452114,0.023111809093526642,0.006855513739021689,0.031374936175120695,0.15788070675437313,2608.3641855775245,1882,5895.048495091001,2608.3641855775245
1,5.914134653063289e-06,1.7517784267665568e-06,0.00012089204246642054,0.0928731489106183,4.288985709458553e-05,4.216645728909875e-07,0.007472292569741053,2.2450880031810423e-07,0.1524,,1882,,
