,p1,p2,p3,p4,p5,p6,p7,p8,Gkr,RMSE,iterations,CPU_time,score
0,59.95223659225857,0.0022381842059308365,470.7604661042627,0.006195669750643213,1.4116942713182068,0.04186450560678829,0.2209364956459848,0.013646200727819855,0.5838294084396118,53602.90520822615,1515,3011.620150846,53602.90520822615
1,5.489719556477716,0.04314367935740519,0.7469493173442404,1.0371659899598468e-07,0.00013998941529258605,7.223750705261679e-07,0.020955998987074675,1.0278657861517556e-07,0.1524,,1515,,
