,p1,p2,p3,p4,p5,p6,p7,p8,Gkr,RMSE,iterations,CPU_time
0,0.00022548915143413226,0.07093693399482599,3.559358247994497e-05,0.05338151712410938,0.0858034786922355,0.008765356850985041,0.005951608930828681,0.032999275259425496,0.1294655974387777,401.4494996431968,970,2485.041609603999
1,0.00022548806531357988,0.07093680600274538,3.5593551448248863e-05,0.05338153225847162,0.08580318232256916,0.008765194249892392,0.005951644913384787,0.03299919742004276,0.1294655974387777,401.4495015475729,724,1851.689800512977
2,0.0002254846442019581,0.07093752427419707,3.559427813349067e-05,0.053381355234401205,0.08580112895920712,0.008765298607689334,0.005951468510076913,0.032999393209041286,0.1294655974387777,401.44950273740466,721,1843.7585863499844
3,0.00022548967218288053,0.07093660354392692,3.5593750576986526e-05,0.053381458213655246,0.0858010817675472,0.008765507048071821,0.005951463246124608,0.032999124231114445,0.1294655974387777,401.4495012958308,500,1278.207069703989
4,0.00022548559796031677,0.07093720936869784,3.559409101029518e-05,0.05338139413371962,0.08580208306648293,0.008765625931818455,0.005951523193028209,0.03299906160845696,0.1294655974387777,401.44950008736396,835,2116.293001260987
