,p1,p2,p3,p4,p5,p6,p7,p8,Gkr,RMSE,iterations,CPU_time
0,0.00023066852119794148,0.06986027954962731,2.344144478207073e-05,0.061271264725694885,0.09612620666875701,0.009064254009162994,0.0021078458915467432,0.02451361674748306,0.43105229381131943,1149.0323670704786,598,1160.245787975
1,0.00023066158072810656,0.06986043700651147,2.3434627748170868e-05,0.06127411268844459,0.09612674015053707,0.009065093106611978,0.0021077581172303512,0.02451344295441703,0.43105229381131943,1149.032379095748,607,1068.2455753519898
2,0.0002306784829882683,0.06985738531491416,2.3440773564827387e-05,0.06127167473766903,0.09611706945014839,0.009066173947692593,0.0021075745758904313,0.02451323591039033,0.43105229381131943,1149.032400337972,629,1150.341778189002
3,0.00023068020892181887,0.06985790703966144,2.343683449092295e-05,0.06127332636738705,0.09612699011356164,0.009063795329669834,0.0021078599334252513,0.024513892297229584,0.43105229381131943,1149.032340788216,618,1857.8111785910005
4,0.00023067917553717038,0.06985866195838654,2.3439554730070673e-05,0.061272384529454195,0.0961239131456725,0.009064816657712709,0.0021077568693473165,0.02451381621830117,0.43105229381131943,1149.0323541265261,773,2325.1907472879975
