,p1,p2,p3,p4,p5,p6,p7,p8,Gkr,RMSE,iterations,CPU_time
0,0.0002119909861659726,0.05713346906550499,2.761534331402518e-05,0.05900158879981188,0.0962833521923883,0.008599145242096526,0.0024222321435577966,0.0272785005219881,0.3624703286528294,279.1176339952944,563,1112.2566393249945
1,0.000211985915257662,0.057136363752747145,2.7618575935922724e-05,0.05900033541958109,0.09628372808514732,0.008600612608777916,0.0024222167995953383,0.027277231675571455,0.3624703286528294,279.11763792093916,1174,2309.7729929600027
2,0.00021198946399508418,0.05713556969956695,2.761861012829389e-05,0.05900065226715757,0.09628054637445203,0.008600510048389765,0.002422128644076521,0.027278018173320352,0.3624703286528294,279.1176326374217,672,1135.264475379001
3,0.0002119761573629826,0.05713508801224766,2.7615095567259864e-05,0.059001516178210076,0.09628754996160818,0.008599703812782779,0.0024223293755738064,0.027277901046862656,0.3624703286528294,279.11763810900044,502,738.6428231550017
4,0.0002119990285924038,0.057136837758995224,2.761532473427288e-05,0.059001706334350285,0.09624567608165116,0.008597267499078359,0.0024212150185973255,0.02728058563644366,0.3624703286528294,279.1176301713268,764,1463.3165739809992
