,p1,p2,p3,p4,p5,p6,p7,p8,Gkr,RMSE,iterations,CPU_time,score
0,0.0016902364016719955,0.03662975481166419,4.3031923790021253e-05,0.04591579485168389,0.093159539415216,0.021814477411966116,0.00735110444745141,0.029600911301957467,0.1639158489692657,1708.98750403031,1334,4001.985586961,1708.98750403031
1,0.00011475693855009788,0.0005240674102278392,0.01076933986453484,0.0008463104174510804,2.2243773374020095,6.147824657045903e-06,0.01957774197046382,1.7910736496350402e-06,0.1524,,1334,,
