,p1,p2,p3,p4,p5,p6,p7,p8,Gkr,RMSE,iterations,CPU_time,score
0,0.0016134734683416387,0.07286166391840428,1.9079436082743685e-05,0.05227814881095245,0.11006458199454931,0.02316667875786273,0.008879495151378706,0.029417218017597703,0.15296940922235316,2972.3812882025054,1330,6404.509172063001,2972.3812882025054
1,1.1639235023175247,6.8711628262731385e-06,0.011720984461996153,0.012406921863163337,1.1188586793390815e-05,1.246849509891845e-06,0.0039283737740976,7.68168159239424e-06,0.1524,,1330,,
