,p1,p2,p3,p4,p5,p6,p7,p8,Gkr,RMSE,iterations,CPU_time,score
0,0.0016140397105870894,0.07286996316015196,1.9094029930177098e-05,0.05227042592136855,0.1100959837146182,0.023165927927744617,0.00887953460492247,0.02942807008125983,0.15297976352059028,2962.1481717577312,1819,9009.259513345,2962.1481717577312
1,7.021508446504606e-06,0.0021972287081248776,0.0005594066778970364,2.29040263738486e-07,0.0003600702504558328,2.5873147837921292e-05,8.79713528190737,1.2026585384501777e-05,0.1524,,1819,,
