,p1,p2,p3,p4,p5,p6,p7,p8,Gkr,RMSE,iterations,CPU_time
0,0.00020175505103659934,0.08218735840919782,3.4817724262916705e-05,0.04837456485859316,0.06336881519858904,0.01130908492156732,0.011993036737937323,0.03928337890458782,0.05403868913693675,6283.802192367907,641,3198.471199670981
1,0.00020173754927512138,0.08218982903212195,3.481565575021677e-05,0.0483749754334549,0.06336732540764854,0.011310353109023967,0.011992481834661003,0.03928258109862506,0.05403868913693675,6283.802172186828,651,3246.659880133986
2,0.000201748969264962,0.08218705842759438,3.4816719686910754e-05,0.04837477399526729,0.06336696931618253,0.01130844248149049,0.011992552775321947,0.03928365798949425,0.05403868913693675,6283.802201148828,724,3603.72334581599
3,0.0002017179398692526,0.08219162021280446,3.481973789014503e-05,0.048373635188272715,0.06336740822041421,0.011310280399041889,0.011992676937043884,0.03928298892005262,0.05403868913693675,6283.802231046286,602,3001.4579543349973
4,0.0002017390073762276,0.08219054224466014,3.4819459282159396e-05,0.04837396723920612,0.06336297109638762,0.01131237385638679,0.011992357049975574,0.03927980760576747,0.05403868913693675,6283.802273930947,526,2629.671646734001
