,a_a0_a,a_a0_b,b_a1_a,b_a1_b,k_f_a,a_1_a,a_1_b,b_a0_a,b_a0_b,a_a1_a,a_a1_b,k_b_a,b_1_a,b_1_b,g_Kr,RMSE,iterations,CPU_time,score
0,0.022259124420516075,0.011781963698267723,6.88922505068271e-05,0.041782734714419754,0.023686784230210246,0.09093543089706566,0.02339364772398523,0.046723792962830656,0.0630044528072666,0.013813854563173543,0.03829562177964264,0.03688023549131135,0.006505047257942722,0.032668669768732145,0.1524165950683688,295.45518278684284,1451,9400.414670888,295.45518278684284
