,b_1_a,b_1_b,k_b_a,b_a0_a,b_a0_b,b_a1_a,b_a1_b,k_f_a,a_a1_a,a_a1_b,a_a0_a,a_a0_b,a_1_a,a_1_b,g_Kr,RMSE,iterations,CPU_time,score
0,0.006500702476224344,0.03268375868021975,0.03660710311377544,0.04883240119505094,0.06391091442704858,6.885798512962868e-05,0.04178649585424552,0.023928619175292282,0.013571534101477106,0.03785350726717541,0.023118565765718444,0.011241127766003292,0.09085157698216917,0.023382295275316687,0.15238452706069294,296.4157514503209,1021,6565.393384378,296.4157514503209
