,a_a0_a,a_a0_b,b_a1_a,b_a1_b,k_f_a,a_1_a,a_1_b,b_a0_a,b_a0_b,a_a1_a,a_a1_b,k_b_a,b_1_a,b_1_b,g_Kr,RMSE,iterations,CPU_time,score
0,0.02309569569988673,0.011182585821347566,6.890781303244281e-05,0.041776710827726736,0.023751545603131263,0.0908715894265686,0.023395201079681703,0.048395097091118944,0.06348655983677239,0.01350251860649594,0.038321052807837985,0.03629065614756844,0.006502155656779914,0.03267900909382132,0.15238811566706165,295.9258912321866,1138,7437.160426069,295.9258912321866
