,p1,p2,p3,p4,p5,p6,p7,p8,Gkr,RMSE,iterations,CPU_time,score
0,0.001968842681998061,0.05415417749989109,2.9817198329919442e-05,0.04872306589209414,0.09600738085491624,0.023113754368752203,0.006842956101297151,0.031396687596460415,0.15785954706180183,2602.461555664868,1049,3270.6350661960005,2602.461555664868
1,1.300257638754561e-05,1.5536940269858362e-07,0.0004865845090342723,1.8368116421585206e-05,0.006798170433675733,2.405477663429743e-07,0.00013092706437746164,0.09597516361559283,0.1524,,1049,,
