,a_a0_a,a_a0_b,b_a1_a,b_a1_b,k_f_a,a_1_a,a_1_b,b_a0_a,b_a0_b,a_a1_a,a_a1_b,k_b_a,b_1_a,b_1_b,g_Kr,RMSE,iterations,CPU_time,score
0,0.021983249668077482,0.01200882564803326,6.884803735791658e-05,0.04178700775157962,0.023816975716044138,0.09086474347170223,0.023386686015464637,0.04627593254655135,0.06287133583620365,0.01384765782795943,0.038176286310648073,0.03715501845526281,0.006502113785670246,0.032667614092007656,0.15241840646132668,296.84351696610327,991,6425.333388248,296.84351696610327
