,p1,p2,p3,p4,p5,p6,p7,p8,Gkr,RMSE,iterations,CPU_time,score
0,0.0016897250307119683,0.036642435078759354,4.294016627979356e-05,0.04593303882515201,0.0931866616874444,0.021811927837918608,0.007351227681787217,0.029617781287461908,0.16386443686004973,1711.9141064339308,1166,3321.194295475001,1711.9141064339308
1,0.37789483827584924,0.0028255454603968314,0.00013954042697051448,0.0014229738559833724,2.6298027357352485,0.026376094808068754,5.957828641129904e-05,1.7276136803992714e-05,0.1524,,1166,,
