,a_a0_a,a_a0_b,b_a1_a,b_a1_b,k_f_a,a_1_a,a_1_b,b_a0_a,b_a0_b,a_a1_a,a_a1_b,k_b_a,b_1_a,b_1_b,g_Kr,RMSE,iterations,CPU_time,score
0,0.021844824216018775,0.012136179343699828,6.888201240333943e-05,0.041783437896397144,0.023716327604415804,0.0908544302628813,0.023387894498185083,0.046643544024739074,0.06272818110010182,0.01398253790013132,0.03807556738115409,0.03696864979543318,0.006503960463503274,0.03266602056150598,0.15239723870156854,202.70623337614396,1155,5345.202362051003,202.70623337614396
