,p1,p2,p3,p4,p5,p6,p7,p8,Gkr,RMSE,iterations,CPU_time
0,0.00019047378062699233,0.08626419542267952,3.3105255380268245e-05,0.0478865793708301,0.05638952773113169,0.01281259369597923,0.013509925338325672,0.04121070381635341,0.045374817422412735,8478.084011569179,679,3161.3403735249885
1,0.00019051741944382697,0.0862567710244843,3.3106733781054925e-05,0.04788623214637785,0.05636005174983811,0.012819658972421166,0.013502966831209292,0.04120424121642071,0.045374817422412735,8478.083990203382,924,4340.520051848027
2,0.00019048955184455138,0.08626300756307405,3.310807806062722e-05,0.04788590070515406,0.05636108599280816,0.01282008694584924,0.013503393618738153,0.04120397798965845,0.045374817422412735,8478.083962485101,783,3689.779798571981
3,0.00019049313693600376,0.08626240301667076,3.31039110512069e-05,0.04788690928729716,0.056385501012661134,0.012814159639502413,0.013509258772120612,0.04120837727238149,0.045374817422412735,8478.084031820843,651,3079.256797267997
4,0.0001904826107228459,0.0862640022929818,3.310908151366524e-05,0.04788579237581607,0.056361294148424355,0.012818923517033603,0.013503770293633609,0.041203872376071864,0.045374817422412735,8478.083997904898,659,3147.1714303679764
