,a_1_a,a_1_b,b_a0_a,b_a0_b,k_b_a,a_a0_a,a_a0_b,b_1_a,b_1_b,b_a1_a,b_a1_b,a_a1_a,a_a1_b,k_f_a,g_Kr,RMSE,iterations,CPU_time,score
0,0.09103731276670268,0.02341240185407544,0.04951185666252631,0.062295875906562055,0.03488254361498027,0.02141247928641115,0.011527320854087355,0.00650968808130321,0.03264829386577396,6.94873488206579e-05,0.04171469896506612,0.014678177519949605,0.03873886490850673,0.02311331569763277,0.15247132388963183,139.0765224100235,1961,5613.895009207001,139.0765224100235
