,p1,p2,p3,p4,p5,p6,p7,p8,Gkr,RMSE,iterations,CPU_time,score
0,0.001968703907912473,0.05415662813020719,2.9779841359076204e-05,0.04873695053513083,0.09611757599402736,0.023103511424994956,0.006851611169859532,0.03139453421610983,0.1578905628537902,2613.046564084604,1034,3510.4237190019994,2613.046564084604
1,0.011239046250459373,5.807528121372054e-06,0.07690802921210742,0.0007079750392187728,2.8474027064760485,0.028607114468295426,0.08523529616728155,0.0005479041773708333,0.1524,,1034,,
