,p1,p2,p3,p4,p5,p6,p7,p8,Gkr,RMSE,iterations,CPU_time,score
0,0.001969231724011211,0.054123109959725337,2.9801012865680443e-05,0.048723718259150235,0.09609319042353207,0.023100278404215496,0.006851351390668127,0.03139743056682154,0.15783836165676654,2605.4068057202917,941,3040.271589699998,2605.4068057202917
1,0.013551076040722969,0.0069380590946947615,3.4792187660902338e-06,7.516415521541353e-06,0.0005665660594889603,0.0019500954045140195,0.00012715555990280633,0.00031095465526298087,0.1524,,941,,
