,a_1_a,a_1_b,b_a0_a,b_a0_b,k_b_a,a_a0_a,a_a0_b,b_1_a,b_1_b,b_a1_a,b_a1_b,a_a1_a,a_a1_b,k_f_a,g_Kr,RMSE,iterations,CPU_time,score
0,0.09083061244133218,0.023404507919525506,0.048099909578986,0.06322732107406957,0.03720711261188541,0.021945881184157977,0.011724995430356192,0.006498570281284255,0.032672501644074196,6.923372506908043e-05,0.041738625223455054,0.014390943826043754,0.03783034372063871,0.023717434376005386,0.15234751602663688,138.7581233495553,1599,5307.113119792,138.7581233495553
