,a_a0_a,a_a0_b,b_a1_a,b_a1_b,k_f_a,a_1_a,a_1_b,b_a0_a,b_a0_b,a_a1_a,a_a1_b,k_b_a,b_1_a,b_1_b,g_Kr,RMSE,iterations,CPU_time,score
0,0.022471217304382073,0.011183263822350381,6.891413955114134e-05,0.041777630821689164,0.023642508484093074,0.09086807739892112,0.0234041902427558,0.048075048720340165,0.06311626294479082,0.013962796986802755,0.0385621315114352,0.03673687319335056,0.006501712565419357,0.03266496167688728,0.15239171233102564,138.01536262223183,1890,6252.8059571290005,138.01536262223183
