,p1,p2,p3,p4,p5,p6,p7,p8,Gkr,RMSE,iterations,CPU_time
0,0.00015193335547956588,0.08920393265065726,2.4740849687310454e-05,0.051028048958852254,0.05909308927405834,0.010011954171859355,0.008019090437829703,0.04483968960440345,0.05403868913693675,6655.64296274014,660,1142.0639313410065
1,0.00015203791846984098,0.08918800072178708,2.4743773100555748e-05,0.051026164621987245,0.059100091594923784,0.010010390508235822,0.008019467413492293,0.04484263668241907,0.05403868913693675,6655.643050879201,523,904.3310334889975
2,0.00015213477709465065,0.089182316340155,2.4749040204381694e-05,0.05102497622391605,0.05909295814706584,0.010012459074399712,0.008018340455349373,0.044840814578051405,0.05403868913693675,6655.642969061846,1034,1841.032731001993
3,0.00015207351781463033,0.08918728431390104,2.4746780844603776e-05,0.05102575533290935,0.0590955403102343,0.010011552596841755,0.008019581810567267,0.044838772606299,0.05403868913693675,6655.6430220157945,509,879.3972372129792
4,0.00015221391584638964,0.08916887203782775,2.4755011199247014e-05,0.051022227266085296,0.05909231968418647,0.01001273992152932,0.008018623657036615,0.04484088902206455,0.05403868913693675,6655.643011466634,863,1527.541851047019
