,p1,p2,p3,p4,p5,p6,p7,p8,Gkr,RMSE,iterations,CPU_time
0,0.00022874236692158606,0.06983322121188477,2.4017004734980153e-05,0.06075408014595303,0.09553923379152277,0.009061483388045943,0.0024930087695403647,0.025053582301458082,0.3624703286528294,990.882055391852,669,1231.5213882300013
1,0.0002287991009021999,0.06982660304928626,2.4022120136514538e-05,0.06075228248203113,0.09553017100195939,0.009062335991875855,0.00249275150085071,0.025053939803627013,0.3624703286528294,990.882050671108,789,2385.147142508009
2,0.00022874980781000198,0.06983146830487029,2.4017360343485845e-05,0.06075393018595122,0.09553558125692671,0.009061485912714006,0.002492901991271376,0.025054041602190616,0.3624703286528294,990.8820403017816,628,1914.4268747129972
3,0.0002287621692809196,0.06983199817231772,2.4021053812393576e-05,0.0607523476590487,0.09553758405060635,0.009061231982967637,0.002492937436349945,0.025054024085804028,0.3624703286528294,990.8820462701169,665,2027.864488072999
4,0.0002285515704426725,0.06984852227985348,2.4001917270787768e-05,0.06075905113922924,0.09554340334018312,0.009059667804818998,0.0024931903059380862,0.025053168507830497,0.3624703286528294,990.8822690990654,719,2155.7283020360046
