,p1,p2,p3,p4,p5,p6,p7,p8,Gkr,RMSE,iterations,CPU_time,score
0,0.0015660715706474811,0.07931150197153461,2.223167281361768e-05,0.051171234938754445,0.09597524931705763,0.023932062352011518,0.007051885777263855,0.03133618309172198,0.1548231982471823,718.9106118520593,1272,2764.24208561,718.9106118520593
1,5.3327040948231574e-05,0.11210905049703825,0.03763015376484553,0.0777875321860234,0.28524033025149853,6.5636105578308735e-06,0.007224827091987164,0.00011247836572544505,0.1524,,1272,,
