,b_1_a,b_1_b,k_b_a,b_a0_a,b_a0_b,b_a1_a,b_a1_b,k_f_a,a_a1_a,a_a1_b,a_a0_a,a_a0_b,a_1_a,a_1_b,g_Kr,RMSE,iterations,CPU_time,score
0,0.006489231020816905,0.03268030621512115,0.036850917655495,0.04732431364706965,0.0629533382499706,6.902563546498438e-05,0.041766762927187694,0.023787384511803924,0.01385268654183416,0.037981066096339215,0.022314916226685223,0.011860521433662227,0.09076258980110778,0.023395164029947388,0.15241854569887497,203.4456816734857,1552,7224.562099155999,203.4456816734857
