,p1,p2,p3,p4,p5,p6,p7,p8,Gkr,RMSE,iterations,CPU_time
0,0.00015209941933817372,0.08918212364154973,2.467051874824171e-05,0.05106082874490376,0.05912087105421183,0.010005373841240424,0.008025879019415384,0.044820567104234064,0.05403868913693675,6652.791664138718,810,1496.6084025569871
1,0.0001521166297066103,0.08917954566571913,2.4667782768476766e-05,0.05106194770763588,0.05912124142987911,0.010005595100248843,0.0080254400294536,0.04482226596160576,0.05403868913693675,6652.791706681109,742,1304.2100592920033
2,0.00015209901309595175,0.08918192069348149,2.4672863673249418e-05,0.051059326578638875,0.05912161195270106,0.010005186216527259,0.008026184963325429,0.044820568204275324,0.05403868913693675,6652.791716874586,855,1500.6278224540001
3,0.00015209996059492448,0.08918145064348496,2.4665919855305338e-05,0.05106229670197233,0.059119536436622634,0.010005705815126678,0.008024854055913577,0.0448226665677425,0.05403868913693675,6652.791742546164,729,1277.6343456430186
4,0.00015199769708411053,0.08919507961179692,2.4666874176219697e-05,0.051061872249986706,0.059120323388939626,0.010005005570161998,0.008025743403907555,0.044821192411954355,0.05403868913693675,6652.791659572779,1163,2024.3344212429947
