,p1,p2,p3,p4,p5,p6,p7,p8,Gkr,RMSE,iterations,CPU_time,score
0,0.4105489848386235,1.0236890576276923e-07,0.0005918025623824844,1.0437973087864951e-07,1.1466217448162165e-06,1.2849034686124073e-07,5.431802072482655e-05,1.1098335006472631e-07,0.006556872009327838,341636.140846811,823,2023.419314036997,341636.140846811
1,0.3909962568807107,9.743171826278664e-06,0.0005849161323662715,1.5293912143419572e-06,1.2266293102094237e-06,0.01185948493204716,5.420843862303067e-05,4.00212933068364e-06,0.1524,,823,,
