,b_1_a,b_1_b,k_b_a,b_a0_a,b_a0_b,b_a1_a,b_a1_b,k_f_a,a_a1_a,a_a1_b,a_a0_a,a_a0_b,a_1_a,a_1_b,g_Kr,RMSE,iterations,CPU_time,score
0,0.006498031955227991,0.03267874236361217,0.03660863596311154,0.046860874724218106,0.06338080076019434,6.910311155007699e-05,0.041753979778255366,0.023825220801720455,0.013685757463735494,0.03808969772826011,0.022305792736280788,0.011777241212803973,0.09081844142016829,0.023389306021174304,0.15239410645001636,173.8493916385868,1384,6500.076609460997,173.8493916385868
