,p1,p2,p3,p4,p5,p6,p7,p8,Gkr,RMSE,iterations,CPU_time
0,0.000217428545631775,0.06009526768037935,2.955155924953871e-05,0.0576142430007425,0.09334798152895421,0.008579954442811568,0.0033021952140540583,0.028562621833393084,0.2563052273693322,215.8248847086511,511,666.207772926995
1,0.00021743072117921797,0.06009488879331176,2.954934082016128e-05,0.05761494776290354,0.0933471887618466,0.008579691693170164,0.0033021718657668163,0.02856271314968309,0.2563052273693322,215.82488847521165,560,1093.4020234940108
2,0.00021742949205625657,0.06009555237776302,2.955208398408722e-05,0.05761422123069864,0.09334741967296631,0.008579818918593917,0.003302189589007308,0.028562935990884903,0.2563052273693322,215.82488230419332,482,927.2583670750028
3,0.00021742663816505238,0.060094579265298674,2.95518742704996e-05,0.05761421768483495,0.09334899732419533,0.00858010711457748,0.0033022619181972543,0.028562689045468548,0.2563052273693322,215.82488183482786,762,1087.7298000149895
4,0.0002174369329822191,0.06009399629093811,2.9550035101957948e-05,0.05761487918734074,0.09334986980725124,0.008579581058200272,0.0033022429123196976,0.028562935657658026,0.2563052273693322,215.82488048300402,567,1165.0751028340019
