,p1,p2,p3,p4,p5,p6,p7,p8,Gkr,RMSE,iterations,CPU_time,score
0,0.0016851938349417275,0.08446100297978264,2.207422852066778e-05,0.051211572655345136,0.12132897401765047,0.026882639740922906,0.008869489262614435,0.028788366497242722,0.15459396159415878,654.5817607023888,1569,3076.936077051,654.5817607023888
1,0.3015547794780744,7.543018546335779e-07,0.006057034851963054,0.004797404699600093,0.0017548203269815857,4.868955934449808e-05,0.15159626909311671,8.264639416573472e-07,0.1524,,1569,,
