,p1,p2,p3,p4,p5,p6,p7,p8,Gkr,RMSE,iterations,CPU_time
0,0.00019818588678151316,0.05756918987965074,2.8728597730789957e-05,0.05958204904444265,0.09078102652284191,0.009677808836559325,0.0018435403057267751,0.02551208517066284,0.5126104547386644,381.54792669239487,465,629.3355795249809
1,0.00019816178630566059,0.057571284736300965,2.8730019130461654e-05,0.059581860910004676,0.09077227758907942,0.00967762850238468,0.0018434159194296294,0.025512914574429744,0.5126104547386644,381.54797739055925,479,644.662135015009
2,0.00019816775799931933,0.057571564682101665,2.8725847332942133e-05,0.05958320148262482,0.09078746485758682,0.009677223527280801,0.001843719434653787,0.025512135759610678,0.5126104547386644,381.5479398101548,566,758.2718864339986
3,0.000198176261762434,0.05757150856166894,2.87258361756046e-05,0.059583112759173565,0.09079381330852428,0.009678069312448764,0.00184380013316378,0.02551136870420563,0.5126104547386644,381.5479497586295,728,970.9725454279978
4,0.00019817226573634684,0.057567822536722164,2.8724918586405974e-05,0.0595831234320412,0.09078526690367983,0.009678131050626294,0.001843659495726139,0.025511874247090574,0.5126104547386644,381.5478925768664,510,676.5595737299882
