,a_a0_a,a_a0_b,b_a1_a,b_a1_b,k_f_a,a_1_a,a_1_b,b_a0_a,b_a0_b,a_a1_a,a_a1_b,k_b_a,b_1_a,b_1_b,g_Kr,RMSE,iterations,CPU_time,score
0,0.023278118527466196,0.010766757604311193,6.933242473049296e-05,0.04172915494402767,0.024217035100918886,0.09104187290843586,0.02340219719590293,0.05187603188516905,0.06436941509872736,0.013696157723342657,0.03738356642428897,0.03584321905089644,0.0065113016249376664,0.032668453253786214,0.15242865198134084,138.1894103645684,1402,4113.830295639,138.1894103645684
