,p1,p2,p3,p4,p5,p6,p7,p8,Gkr,RMSE,iterations,CPU_time
0,9.113121152867624e-05,0.10290383813459847,1.185291695334368e-05,0.05535253545205294,0.050396822815913074,0.010352646780650454,0.009770293706296061,0.0507986174345905,0.0381,12024.852554281837,717,1239.2980292660068
1,9.114554948155537e-05,0.10290638632995633,1.1854580970907362e-05,0.055351061298530846,0.050395176148565965,0.010353566170491402,0.009769745203355428,0.05079763733865395,0.0381,12024.85256613646,756,1301.8882823429885
2,9.109978272768321e-05,0.10291345366461373,1.185549722932899e-05,0.05535013471223044,0.05039637616512079,0.01035230873772169,0.009770507964403383,0.05079710073920118,0.0381,12024.8525906402,577,984.9450611300126
3,9.118633887672683e-05,0.10289200801682495,1.1858467524035549e-05,0.05534806868067549,0.050393550670983694,0.010353321698859778,0.009770056211349055,0.050797838126921374,0.0381,12024.852565994901,657,1123.6677960969973
4,9.11392013030845e-05,0.10290458489968553,1.1855541995237876e-05,0.05535067064168024,0.05039463757020436,0.010354438830073424,0.00976901324854488,0.050800824181329494,0.0381,12024.852580781679,717,1237.8997040579852
