,a_1_a,a_1_b,b_a0_a,b_a0_b,k_b_a,a_a0_a,a_a0_b,b_1_a,b_1_b,b_a1_a,b_a1_b,a_a1_a,a_a1_b,k_f_a,g_Kr,RMSE,iterations,CPU_time,score
0,0.09086759020398288,0.023389754882972787,0.04710055776631784,0.0628151047093758,0.03678857901526714,0.02232070471816041,0.01174902364874402,0.006498194944781827,0.03267726228063491,6.883105427604032e-05,0.04179072534099329,0.013815546383034246,0.038251089976897475,0.02370551931985537,0.15241931708363488,173.3793748350679,1228,5387.698752994,173.3793748350679
