,p1,p2,p3,p4,p5,p6,p7,p8,Gkr,RMSE,iterations,CPU_time
0,0.0002280210441065082,0.0699007953576355,2.405032194152881e-05,0.06074102763057645,0.09548586956769159,0.00904843957219314,0.0024916073496902263,0.02506040754721288,0.3624703286528294,991.9689219686854,667,1228.6362270500103
1,0.00022801174159178263,0.06990296606666811,2.4047030126306203e-05,0.060742161177985685,0.09549176366654513,0.009048826965783678,0.0024917073645408035,0.025059951654635503,0.3624703286528294,991.9688681146611,760,2210.0911087060085
2,0.0002279600457774173,0.0699038307326161,2.4041967165684582e-05,0.060743441433035124,0.09548919252022504,0.009048150023785565,0.0024917099119750267,0.025059949143962517,0.3624703286528294,991.9688852244918,514,1495.2715573329915
3,0.000228071861930457,0.06989638996802025,2.4048648938795865e-05,0.06074121752848926,0.09549250134998905,0.009048264212957107,0.002491760953704575,0.025059832487217933,0.3624703286528294,991.9688578844203,530,1538.264230943998
4,0.00022789805687764716,0.0699112176508071,2.4039878515743775e-05,0.06074402325544536,0.09549074263251449,0.009048096393632892,0.0024917240112892584,0.025059083368141673,0.3624703286528294,991.96895830704,621,1770.742627751999
