,p1,p2,p3,p4,p5,p6,p7,p8,Gkr,RMSE,iterations,CPU_time,score
0,0.0015680415417220525,0.07931000952402852,2.2174985617654503e-05,0.051200419737979085,0.09593427837227997,0.023936172735108566,0.007049091724558303,0.03131839110834911,0.1548458481867684,721.8140825095754,812,1767.764593641,721.8140825095754
1,2.616224987663882e-06,1.5952587373560437e-07,0.002496255300933824,9.366973813768853e-05,0.016565756231598266,0.000413048866544438,2.372782010724534e-06,5.088350245758106e-06,0.1524,,812,,
