,a_a0_a,a_a0_b,b_a1_a,b_a1_b,k_f_a,a_1_a,a_1_b,b_a0_a,b_a0_b,a_a1_a,a_a1_b,k_b_a,b_1_a,b_1_b,g_Kr,RMSE,iterations,CPU_time,score
0,0.02232374495950554,0.011807240791978046,6.898850953604217e-05,0.041772176424505675,0.023872030905051564,0.0908268547089267,0.023406483763032167,0.0471688941996534,0.06312318556326646,0.013691616735829571,0.038148756527305844,0.03670738579930589,0.0064959003781679,0.032673653914432534,0.15241968085709895,139.2989024479554,1215,3990.4638531970013,139.2989024479554
