,p1,p2,p3,p4,p5,p6,p7,p8,Gkr,RMSE,iterations,CPU_time,score
0,0.0016920106289461708,0.03663114087707565,4.2959837052801936e-05,0.04592946879301373,0.09315406977849867,0.02181973858004975,0.007350650257116361,0.029605711291327795,0.16385895670596645,1709.8121405280456,1113,3345.3064247469997,1709.8121405280456
1,3.5611188834977456,8.658622178364072e-06,0.02470105155191801,0.01698852535889362,1.4334423241906058,0.00010132664082527117,0.0038032973231996,1.0933545383661019e-06,0.1524,,1113,,
