,p1,p2,p3,p4,p5,p6,p7,p8,Gkr,RMSE,iterations,CPU_time,score
0,2.493406632186544e-06,0.0005355936655668311,0.00030344081078503154,0.028251296022972286,0.08963256539278354,0.020190011288462956,0.007419062529744658,0.03106536267245375,47.773656060038185,15662.421689386492,1930,5292.031249145999,15662.421689386492
1,0.00043196313947309225,0.01593521172912274,0.8394956914424264,1.100679699027833e-06,1.107946591072077e-06,2.0561740955285253e-06,1.365650894097926e-07,3.2540036246835655e-05,0.1524,,1930,,
