,p1,p2,p3,p4,p5,p6,p7,p8,Gkr,RMSE,iterations,CPU_time
0,0.00022730818587110083,0.06672961958855317,2.9315524370329814e-05,0.05984790493477715,0.0916769320380016,0.01057065057043431,0.001891530990278936,0.02604840683699226,0.43105229381131943,1226.3453907076057,545,2336.79659983101
1,0.00022731780099455692,0.0667275903114401,2.931614539790311e-05,0.05984761849536454,0.0916800279238958,0.010571372332583465,0.0018915786155876467,0.02604793584513729,0.43105229381131943,1226.3453891733157,518,2185.559502365999
2,0.000227290641160773,0.06673131793585738,2.9316783372031646e-05,0.059847319701170555,0.09167918616661015,0.010571616784911626,0.0018915964836916084,0.0260475391488579,0.43105229381131943,1226.3453740763644,478,2125.2849292890023
3,0.00022730025909617726,0.06672913036904086,2.9318358019469766e-05,0.05984711788027523,0.09167642895422862,0.010571270619198748,0.001891514777367508,0.026048480844142612,0.43105229381131943,1226.3453696999843,792,2905.785477065001
4,0.00022732828120659097,0.06672642809902084,2.931974850477478e-05,0.05984649018115087,0.09167345980976577,0.010571549816169744,0.0018914694984018166,0.02604786638854011,0.43105229381131943,1226.3453610628553,608,1552.0010101139924
