,p1,p2,p3,p4,p5,p6,p7,p8,Gkr,RMSE,iterations,CPU_time,score
0,0.0016908725797294248,0.03664175168489829,4.292222806748237e-05,0.045939624321516825,0.0931666488592085,0.0218115758240519,0.0073526052773108495,0.029598670047369928,0.16389873428587845,1709.9749107762075,2144,5793.349978452,1709.9749107762075
1,0.3553329121158463,0.011040125118601004,3.06534625680469,0.04636875142080817,2.807253514743026e-07,0.002887652655352135,1.0347220753710546e-05,9.982224366641653e-06,0.1524,,2144,,
