,a_a0_a,a_a0_b,b_a1_a,b_a1_b,k_f_a,a_1_a,a_1_b,b_a0_a,b_a0_b,a_a1_a,a_a1_b,k_b_a,b_1_a,b_1_b,g_Kr,RMSE,iterations,CPU_time,score
0,0.021653190050818245,0.012128677913134633,6.935719514242454e-05,0.04172723588493861,0.023681060999116304,0.09074198116359494,0.023386846426203662,0.047629256500731514,0.06322106037752788,0.014711734691880984,0.037376141773185434,0.037908918419648156,0.006490793910710624,0.03267706757198329,0.152376669505902,138.75326217866257,1146,3603.606379792,138.75326217866257
