,p1,p2,p3,p4,p5,p6,p7,p8,Gkr,RMSE,iterations,CPU_time
0,0.00019778416130465545,0.07932683857858,3.63271332032913e-05,0.04988394663266869,0.0682365329263645,0.009727491408961154,0.006807292148617617,0.040279740021370906,0.07664514235271616,2789.541042060264,599,1309.6685036559938
1,0.00019784446133526215,0.07931927935281585,3.632618344862202e-05,0.04988436943539414,0.0682356197706886,0.009726710980571643,0.006806859883411028,0.04028187706032942,0.07664514235271616,2789.541060625075,743,1593.2851896570064
2,0.00019780345861497797,0.07932346739133747,3.6327977617805644e-05,0.049883602485371686,0.06823653967781221,0.009727641177871603,0.006806993450662464,0.04028105396174936,0.07664514235271616,2789.5410380818944,801,1470.6411999029951
3,0.00019782530099666528,0.07932211312037207,3.632770869707688e-05,0.04988377897258092,0.06824008358599937,0.009726677101509925,0.006807923065208428,0.04027996774613385,0.07664514235271616,2789.5410359721354,818,1457.5886792959936
4,0.00019780497682501472,0.07932522911497195,3.632632804319865e-05,0.04988424833771537,0.06823724128550525,0.009728099399584047,0.00680715231601701,0.040280306536438736,0.07664514235271616,2789.541024838245,672,1170.4382877979951
