,a_a0_a,a_a0_b,b_a1_a,b_a1_b,k_f_a,a_1_a,a_1_b,b_a0_a,b_a0_b,a_a1_a,a_a1_b,k_b_a,b_1_a,b_1_b,g_Kr,RMSE,iterations,CPU_time,score
0,0.022308072469644995,0.011666207237291691,6.892463476826232e-05,0.04177378655835724,0.023821360319379824,0.09079085089909066,0.023396040838828746,0.04692974449629885,0.0634750056319901,0.013653870045603178,0.038384306111867,0.03669406060797187,0.0064959560894692165,0.032679432106719745,0.15237819887949744,173.71915390280031,1211,5642.762319725,173.71915390280031
