,a_a0_a,a_a0_b,b_a1_a,b_a1_b,k_f_a,a_1_a,a_1_b,b_a0_a,b_a0_b,a_a1_a,a_a1_b,k_b_a,b_1_a,b_1_b,g_Kr,RMSE,iterations,CPU_time,score
0,0.023346722909171988,0.010699802186443862,6.934236610735812e-05,0.04172788658654588,0.02415435700985694,0.09104274177046602,0.023402077929332524,0.05207158789057996,0.06439089324277898,0.013694056519815733,0.03743411737081307,0.0356950350791655,0.006511283448087099,0.032668444161925596,0.1524297705934665,138.18941869172534,1748,5477.882883373,138.18941869172534
