,p1,p2,p3,p4,p5,p6,p7,p8,Gkr,RMSE,iterations,CPU_time
0,0.000208580119731591,0.05555223696360692,2.63899564460018e-05,0.060010705529100206,0.09787294032632762,0.008646231057404013,0.0017464545435923083,0.026420198023296898,0.5126104547386644,326.09835565433497,832,962.954592576003
1,0.00020857994467894322,0.055554791637477695,2.639216493016989e-05,0.060009979346802134,0.09787800730833247,0.008648364372908295,0.0017465022933603738,0.026418847642125258,0.5126104547386644,326.09837350799614,493,590.2343499169947
2,0.00020855510734568312,0.05555639182659609,2.6391241532442235e-05,0.06001034174383924,0.09787110791748486,0.008647846310354729,0.0017463925343077032,0.026419863037833568,0.5126104547386644,326.0983828222164,757,860.5285655330081
3,0.00020858668675712415,0.05555295537972887,2.638742692531702e-05,0.06001148953292111,0.09790752317382065,0.008649454298590518,0.0017470302194055498,0.026417209339796927,0.5126104547386644,326.0983993230153,494,646.2521883050067
4,0.0002085825800278939,0.055552785199468116,2.6391307152227777e-05,0.06001018382412793,0.09787835450632858,0.008647596747057335,0.0017465146401497134,0.02641958091211338,0.5126104547386644,326.09838826907645,475,539.9401907639985
