,p1,p2,p3,p4,p5,p6,p7,p8,Gkr,RMSE,iterations,CPU_time
0,0.00020851192256663155,0.055514454509582756,2.6403819139816982e-05,0.06000346720765452,0.09822711716115264,0.00867735595822737,0.0017520237723007682,0.026413156789611474,0.5126104547386644,326.14490644530446,587,653.072272956997
1,0.0002085002575526262,0.055512387052133634,2.640910569757988e-05,0.060001546368440066,0.09825569970999465,0.008680257437856278,0.001752597354394596,0.026410899756746386,0.5126104547386644,326.1448958577871,856,957.0221583160019
2,0.00020850575802222466,0.05551520908991732,2.640487597611108e-05,0.06000325979971955,0.09822653697102499,0.008676889378942069,0.0017520483259349782,0.02641378765086821,0.5126104547386644,326.14489451950146,730,818.7699040449952
3,0.00020851358240377474,0.05551379310939041,2.6404358083338155e-05,0.060003181514977334,0.09822837573397046,0.008676990310152344,0.0017520575172639864,0.026413556898196466,0.5126104547386644,326.14491189917675,552,797.171247422004
4,0.00020849927859498674,0.05551488799521878,2.6405101657882994e-05,0.06000313498012001,0.0982298209009509,0.00867655652585786,0.0017520911960652269,0.026414109677358296,0.5126104547386644,326.14491545077396,560,625.3378939269969
