,p1,p2,p3,p4,p5,p6,p7,p8,Gkr,RMSE,iterations,CPU_time,score
0,5.1328475143341095,1.0575751605649236e-07,9.847772329324607e-06,1.024489504094573e-07,1.2312649151065369e-07,1.0103796647892445e-07,0.0003737088371418446,1.0054700327063876e-07,0.007440439725832952,458423.7895397351,882,3343.3262045659976,458423.7895397351
1,5.146929027113561,1.6621363976406247e-07,9.433954800054786e-06,0.04631787628406031,1.2995863141868504e-07,0.004887948139071096,0.00038974165058632595,5.006075269895459e-05,0.1524,,882,,
