,p1,p2,p3,p4,p5,p6,p7,p8,Gkr,RMSE,iterations,CPU_time,score
0,0.0016907057076984394,0.03664280860853293,4.291595787808374e-05,0.04594083732749929,0.09316601125474155,0.021810791126191446,0.0073527376763631875,0.02959911931570675,0.16389704511613876,1709.9749078286466,1719,4947.945329906999,1709.9749078286466
1,6.345382152993357e-07,4.7284256703400804e-07,6.93162889605785e-06,6.585349686241382e-07,9.62269516147611e-06,0.025352004438288223,0.5056045215928434,2.356254966155255e-05,0.1524,,1719,,
