,a_a0_a,a_a0_b,b_a1_a,b_a1_b,k_f_a,a_1_a,a_1_b,b_a0_a,b_a0_b,a_a1_a,a_a1_b,k_b_a,b_1_a,b_1_b,g_Kr,RMSE,iterations,CPU_time,score
0,0.02248384898544776,0.011139436626970697,6.905523770233664e-05,0.04175836550652183,0.023706525873819554,0.09083040451864671,0.023405839183326484,0.04863963268086247,0.0635580129058323,0.014174339799147867,0.038150827627181576,0.037082120868086516,0.006499054197903087,0.0326728615833841,0.15233788838008486,138.75786765014607,1244,4341.735206232001,138.75786765014607
