,p1,p2,p3,p4,p5,p6,p7,p8,Gkr,RMSE,iterations,CPU_time
0,0.0002252987283245891,0.07103429707812955,3.5693888547048736e-05,0.05329177386943918,0.0857393605785347,0.008767309172443234,0.006010557029038555,0.033075226183770075,0.1281526136846661,419.22211088819546,1015,2608.837776976987
1,0.00022529108129645825,0.0710354330519856,3.569252766508293e-05,0.053292113360839256,0.08574235773787471,0.00876684668251993,0.006010732809698429,0.033075571072369546,0.1281526136846661,419.2221112255456,755,1931.661985023995
2,0.00022529716513108427,0.07103465125650477,3.569257627799459e-05,0.053292083436677906,0.08574248252038949,0.008766864808531505,0.006010766897471328,0.033075361172153706,0.1281526136846661,419.2221094278077,1492,3823.308938572998
3,0.00022529372745901878,0.07103542437109372,3.5692620360640045e-05,0.053292083916268475,0.08574328062368676,0.008766956516489597,0.00601083220672415,0.033075284976490364,0.1281526136846661,419.222111291442,1160,2984.325074229011
4,0.00022529476073188971,0.07103529561042225,3.5692369378750504e-05,0.053292160423631996,0.08574314694834827,0.00876707106507539,0.0060107912701851535,0.03307531945581127,0.1281526136846661,419.22211246755023,480,1231.0322762010037
