,p1,p2,p3,p4,p5,p6,p7,p8,Gkr,RMSE,iterations,CPU_time
0,0.00024356503614417305,0.08097933336263013,3.55731114475789e-05,0.05160877500674347,0.07989352207608638,0.008828521029133412,0.007389717097771432,0.03615659832413265,0.09061758216320735,437.8929086948897,525,1187.910715803002
1,0.00024357107975347278,0.08098045821381612,3.5572910295401975e-05,0.051608764356836555,0.079892758402999,0.008828417163716537,0.007389514835875542,0.03615627869211087,0.09061758216320735,437.89291560686524,654,1487.684639428
2,0.00024358994300611496,0.08097837010922997,3.557294782216825e-05,0.051608717794341966,0.0798973265674022,0.008827634148608748,0.007389913577915139,0.03615709445948158,0.09061758216320735,437.8929233025175,485,1102.6902815639987
3,0.00024358288076358218,0.08097629783232126,3.557390980526401e-05,0.051608438767916924,0.07989407677845131,0.008828665657715073,0.007389646840852033,0.036157170371480765,0.09061758216320735,437.8929155004774,562,1283.252927321002
4,0.0002435984127193986,0.08097886813259883,3.557225332404204e-05,0.05160899184643139,0.07989995398626817,0.008827594569889902,0.007390061355722265,0.03615742797003785,0.09061758216320735,437.89291865984916,615,1402.446009872001
