,a_a0_a,a_a0_b,b_a1_a,b_a1_b,k_f_a,a_1_a,a_1_b,b_a0_a,b_a0_b,a_a1_a,a_a1_b,k_b_a,b_1_a,b_1_b,g_Kr,RMSE,iterations,CPU_time,score
0,0.0219411238844912,0.011975636218124227,6.88346885008479e-05,0.04178985708817208,0.023682626808328375,0.09086881233650948,0.02339036305575253,0.04627681248912283,0.06259804737238724,0.01397747139720749,0.03829437381582306,0.037125401435688404,0.006498456703755942,0.032677519333971485,0.1524127367330697,173.3777061570569,1185,5498.316480887999,173.3777061570569
