,b_1_a,b_1_b,k_b_a,b_a0_a,b_a0_b,b_a1_a,b_a1_b,k_f_a,a_a1_a,a_a1_b,a_a0_a,a_a0_b,a_1_a,a_1_b,g_Kr,RMSE,iterations,CPU_time,score
0,0.006497719682897925,0.03267947992228418,0.03460301789783542,0.050432107845024624,0.06420804499507492,6.894035309710155e-05,0.041773016880568406,0.023731570734106467,0.013008754921012946,0.03848086513735689,0.02395998457390007,0.01052478796738427,0.09083861642594496,0.023399788943794214,0.15242635286281755,138.68168466030124,1426,4406.70058477,138.68168466030124
