,p1,p2,p3,p4,p5,p6,p7,p8,Gkr,RMSE,iterations,CPU_time,score
0,0.0016901511081710923,0.03662979979095609,4.3033492834799364e-05,0.045915326452756325,0.09315524824968707,0.021814913600783553,0.007350957095044762,0.0296010833808072,0.1639123786780512,1708.9874526649326,2303,6301.77837819,1708.9874526649326
1,1.0971723283901378,8.237912832357863e-06,1.3584127893684583,1.7838349126519305e-05,2.270964399508545e-07,2.552717061461701e-07,0.0055293357844523865,8.826436293042896e-06,0.1524,,2303,,
