,p1,p2,p3,p4,p5,p6,p7,p8,Gkr,RMSE,iterations,CPU_time,score
0,0.0016885146168378285,0.036678401715787956,4.2856868897919846e-05,0.04595647972000793,0.0932032492278449,0.02180142407296822,0.007355407344400359,0.02959896524270744,0.16390976976080351,1710.1925283060818,976,2889.2626589710017,1710.1925283060818
1,0.009309631417713017,0.00010054095063161704,0.0001298343191085906,0.0045105609491769075,4.164869269703163e-06,0.00047804763707047444,0.04238871249333559,3.715565515273649e-06,0.1524,,976,,
