,a_a0_a,a_a0_b,b_a1_a,b_a1_b,k_f_a,a_1_a,a_1_b,b_a0_a,b_a0_b,a_a1_a,a_a1_b,k_b_a,b_1_a,b_1_b,g_Kr,RMSE,iterations,CPU_time,score
0,0.022299712740455335,0.011738622678884229,6.881881088895999e-05,0.04179224762858975,0.02376020263798997,0.09084660553038232,0.023376706646518943,0.04719748428030314,0.06331354051941723,0.013788118169284136,0.03814503493368026,0.036810512487196724,0.006500849958383845,0.0326857779424487,0.15240701282237948,202.52918139070488,1222,5683.333098729001,202.52918139070488
