,b_1_a,b_1_b,k_b_a,b_a0_a,b_a0_b,b_a1_a,b_a1_b,k_f_a,a_a1_a,a_a1_b,a_a0_a,a_a0_b,a_1_a,a_1_b,g_Kr,RMSE,iterations,CPU_time,score
0,0.006501550978062316,0.03266592506374619,0.03665257086832906,0.04827792373837772,0.06328023956111295,6.88547376613149e-05,0.04178445710631649,0.023672222204892197,0.01382548832227927,0.03859138199044659,0.02272112766340833,0.011024058113363896,0.09086360000351411,0.023403623925960255,0.15238971269184776,138.01540906975677,1118,3892.910173041999,138.01540906975677
