,a_a0_a,a_a0_b,b_a1_a,b_a1_b,k_f_a,a_1_a,a_1_b,b_a0_a,b_a0_b,a_a1_a,a_a1_b,k_b_a,b_1_a,b_1_b,g_Kr,RMSE,iterations,CPU_time,score
0,0.022413651673263913,0.01120777613457741,6.90763890136035e-05,0.04175603399463927,0.02371602515168716,0.09082947879457355,0.023405572238257615,0.04856434330214759,0.0635251549129443,0.014206767153137402,0.038103656295659045,0.03713458520255274,0.006498918409841342,0.03267290049641653,0.15233940954086753,138.7578569939294,1143,3780.7312790569995,138.7578569939294
