,p1,p2,p3,p4,p5,p6,p7,p8,Gkr,RMSE,iterations,CPU_time,score
0,0.0016879670132467195,0.08453191873149575,2.2066335503337587e-05,0.05121730519687101,0.12176597011753498,0.02691425649161318,0.008892434035309208,0.028749849637854367,0.15467704037080057,654.696750321123,1161,2659.7115871179994,654.696750321123
1,0.0032088329451911988,2.4078319422173186e-05,2.091660974602124e-07,0.0015966746667827548,0.01153406114022781,3.139601416494068e-07,0.014254875921740108,1.1978814962915598e-07,0.1524,,1161,,
