,p1,p2,p3,p4,p5,p6,p7,p8,Gkr,RMSE,iterations,CPU_time,score
0,0.0016140496383245345,0.07286822832711898,1.909373129544224e-05,0.05227047448366604,0.11009589890771512,0.023165870243555584,0.008879791895677763,0.029427753291432313,0.15297768625383698,2962.148202047683,1498,6897.265571344,2962.148202047683
1,0.008690442791283854,0.00010973662138892452,0.21709315888303163,0.01324290465458504,1.0481526969561223,0.0018350971139609506,0.056746226795475606,0.00022314361599808625,0.1524,,1498,,
