,p1,p2,p3,p4,p5,p6,p7,p8,Gkr,RMSE,iterations,CPU_time,score
0,69.75603637932501,0.0008313707118479251,0.005729494035938218,0.001475911841970767,0.18463250960107686,0.038937071436879696,0.08526246163836974,0.025841560823297215,0.03007899029205263,54553.20395222769,1132,1934.0262761059985,54553.20395222769
1,0.12012112705207885,0.000925882087503457,0.055464763657468504,5.548652914465487e-05,0.00018617130213717425,9.34262206611702e-06,4.6289190289378634,2.9843452709617422e-05,0.1524,,1132,,
