,b_1_a,b_1_b,k_b_a,b_a0_a,b_a0_b,b_a1_a,b_a1_b,k_f_a,a_a1_a,a_a1_b,a_a0_a,a_a0_b,a_1_a,a_1_b,g_Kr,RMSE,iterations,CPU_time,score
0,0.006498748516094811,0.032681223719726045,0.03505460528622181,0.04980994715716949,0.06404540611676932,6.892529353190368e-05,0.04177460577650941,0.02384997134642713,0.01313180639957032,0.03830853174780966,0.023586339823141036,0.01081819442072289,0.09084276573927835,0.02339443641171069,0.15240760193536368,138.68322921743464,1378,4695.216354454002,138.68322921743464
