,p1,p2,p3,p4,p5,p6,p7,p8,Gkr,RMSE,iterations,CPU_time,score
0,0.0019687125525014223,0.05413294706941095,2.980556206374638e-05,0.04872623792635991,0.09601746410034351,0.023104801135141417,0.006843126608494162,0.031399157381130444,0.1578772892829945,2605.9361685510203,1245,4083.4266141279986,2605.9361685510203
1,0.012529444576960582,0.0001467477697060445,1.5263383608972347,0.014380222329200713,0.1534370071788207,2.036669621725646e-05,0.014711466319103987,0.0003107545285925655,0.1524,,1245,,
