,b_1_a,b_1_b,k_b_a,b_a0_a,b_a0_b,b_a1_a,b_a1_b,k_f_a,a_a1_a,a_a1_b,a_a0_a,a_a0_b,a_1_a,a_1_b,g_Kr,RMSE,iterations,CPU_time,score
0,0.006496423688953998,0.03269884107124383,0.03710663969465725,0.046001683299658466,0.06288155784154564,6.893429828196349e-05,0.041769478565143424,0.02384534540177193,0.013642853515561028,0.03772728848237876,0.022194586403095438,0.012551380685423419,0.090757989090449,0.023378070009417468,0.15232261290547489,138.47988870779702,931,3183.173237089999,138.47988870779702
