,p1,p2,p3,p4,p5,p6,p7,p8,Gkr,RMSE,iterations,CPU_time,score
0,0.0016141556046182597,0.0728678870660283,1.9095789880489442e-05,0.052269574580708626,0.11009174184879975,0.023166373839393958,0.008879177833385737,0.029428300446995917,0.15297818734952753,2962.1482510489795,1353,6623.308448357999,2962.1482510489795
1,3.280189849486307e-05,0.0008794202496075416,6.459529177617994,0.004943120809436774,0.29940214506854124,0.007174769079018256,0.05311223862848935,0.05216996822016794,0.1524,,1353,,
