,p1,p2,p3,p4,p5,p6,p7,p8,Gkr,RMSE,iterations,CPU_time,score
0,0.0016152062016348402,0.0728679988743901,1.906699734503759e-05,0.05228542844930754,0.11013075169715315,0.023164450238269307,0.008879766851424666,0.02941491888602804,0.15303070614631478,2966.5522946457127,1190,5738.166835926997,2966.5522946457127
1,0.1730784563772083,0.00015347513588895526,0.00033350011966422756,7.677026934291091e-07,0.0020434763010905316,0.012393397834306529,0.0012426468571907234,4.495402196468562e-07,0.1524,,1190,,
