,p1,p2,p3,p4,p5,p6,p7,p8,Gkr,RMSE,iterations,CPU_time
0,0.00022145064862416953,0.07419212877027187,3.669909341638616e-05,0.050975618416117266,0.08006585918826939,0.008954302697696244,0.00802762905406147,0.03568055987030148,0.09127977271835509,1642.1312592723818,655,3255.539663628995
1,0.00022145212453821223,0.07419250206272943,3.669826168628621e-05,0.05097583447524712,0.08006996997403514,0.008954016149711426,0.00802793831262654,0.03568046282438281,0.09127977271835509,1642.1312105976265,847,4207.852923928003
2,0.00022145722033070747,0.07419086352700682,3.669965475410899e-05,0.05097544480425753,0.08006947260781924,0.008954192674541802,0.008028086056636812,0.035680002803542214,0.09127977271835509,1642.1312469641257,1049,5189.7830469789915
3,0.00022144774916506418,0.07419320844314674,3.669956718479129e-05,0.05097556506441334,0.08006907120650476,0.008954356408956273,0.00802807812313099,0.035680003178554284,0.09127977271835509,1642.1311935562858,795,3937.033574111003
4,0.00022145644717843223,0.0741914119573677,3.669975882864462e-05,0.0509755078760942,0.08006901075657649,0.008954601702823969,0.008027917608628385,0.035680253767057996,0.09127977271835509,1642.131254338268,659,3238.4598471889913
