,a_1_a,a_1_b,b_a0_a,b_a0_b,k_b_a,a_a0_a,a_a0_b,b_1_a,b_1_b,b_a1_a,b_a1_b,a_a1_a,a_a1_b,k_f_a,g_Kr,RMSE,iterations,CPU_time,score
0,0.09095791804840091,0.023408683347756393,0.048879511722005206,0.062206006942854906,0.034961359060548904,0.021371746925020058,0.011802157424605062,0.006503826072728514,0.03265161799318309,6.946575051522556e-05,0.0417173929597345,0.014600919378182144,0.03862652453934692,0.023079320883746632,0.15246722966464582,139.07739978334942,1407,4473.479362186001,139.07739978334942
