,p1,p2,p3,p4,p5,p6,p7,p8,Gkr,RMSE,iterations,CPU_time
0,0.0003043932316382616,0.06259485768156178,3.481719818065103e-05,0.05618722647064974,0.08834036506797092,0.00916125518958693,0.003799717302447524,0.028737102636574995,0.21552614690565972,471.81689679568916,877,1676.2697853489954
1,0.0003044019135531292,0.06259436540255495,3.481666789547175e-05,0.05618742295243297,0.08833986176118955,0.009161439580453313,0.0037996686858424032,0.028737145139858075,0.21552614690565972,471.8169025344544,544,1024.9506044640148
2,0.000304394713067055,0.06259454479286371,3.4815241190346407e-05,0.05618775651859953,0.08834060991167776,0.009161073267374814,0.0037997389388809313,0.028737232027774066,0.21552614690565972,471.816895325436,865,1631.4319227469969
3,0.00030439632184859814,0.06259495499156696,3.481492230941369e-05,0.05618780135497062,0.08834133081871179,0.009161498964334831,0.0037997369071463066,0.028736893072534703,0.21552614690565972,471.81689448338244,1069,2007.8561969980074
4,0.00030439014582753487,0.0625951288536842,3.4814722521216314e-05,0.05618789137049249,0.08834209249591281,0.00916127456557016,0.0037998071803479814,0.02873687718572966,0.21552614690565972,471.8169025344512,810,1480.229963574995
