,b_1_a,b_1_b,k_b_a,b_a0_a,b_a0_b,b_a1_a,b_a1_b,k_f_a,a_a1_a,a_a1_b,a_a0_a,a_a0_b,a_1_a,a_1_b,g_Kr,RMSE,iterations,CPU_time,score
0,0.006498452629725803,0.03267757257476126,0.03712238863786128,0.046273090457877024,0.06259966815458631,6.883430912363549e-05,0.041789918217021695,0.02368173044150329,0.01397718055265717,0.03829295442936176,0.02193936859300288,0.011979043706235065,0.09086871013215832,0.02339031577607419,0.15241267835565236,173.37770697484413,1154,4467.539040445001,173.37770697484413
