,a_a0_a,a_a0_b,b_a1_a,b_a1_b,k_f_a,a_1_a,a_1_b,b_a0_a,b_a0_b,a_a1_a,a_a1_b,k_b_a,b_1_a,b_1_b,g_Kr,RMSE,iterations,CPU_time,score
0,0.022653689873666234,0.011656373222744322,6.884549065764484e-05,0.0417827462671201,0.023702093434976968,0.09081163508348725,0.023392104214565886,0.046962711059942416,0.06385186554590754,0.01364259719769744,0.03823126046969809,0.03684689879340097,0.006492908004744076,0.032702806825739276,0.15237809519739146,173.78006028840093,1115,5253.351509913999,173.78006028840093
