,a_a0_a,a_a0_b,b_a1_a,b_a1_b,k_f_a,a_1_a,a_1_b,b_a0_a,b_a0_b,a_a1_a,a_a1_b,k_b_a,b_1_a,b_1_b,g_Kr,RMSE,iterations,CPU_time,score
0,0.023817528049270783,0.010256691154188438,6.941240520218046e-05,0.04171616762171669,0.0233687118056537,0.09090361944937247,0.023392849763475283,0.05289435759466082,0.06426030183168739,0.013627290307444547,0.03821728690586874,0.03413717922570349,0.006500763806047615,0.03268769580965583,0.1524183830052201,138.18857437669413,1365,4776.844657631,138.18857437669413
