,a_a0_a,a_a0_b,b_a1_a,b_a1_b,k_f_a,a_1_a,a_1_b,b_a0_a,b_a0_b,a_a1_a,a_a1_b,k_b_a,b_1_a,b_1_b,g_Kr,RMSE,iterations,CPU_time,score
0,0.022284969500657847,0.01174775280031546,6.882082036045517e-05,0.041792014584889646,0.023761063259552528,0.09084602738712609,0.02337666354694165,0.04717655096125442,0.06330946339487052,0.01379407451336002,0.03814135767703186,0.03682068721959854,0.00650074519349732,0.03268596996204939,0.15240708439077574,202.52917597614422,1347,6240.484217301,202.52917597614422
