,a_1_a,a_1_b,b_a0_a,b_a0_b,k_b_a,a_a0_a,a_a0_b,b_1_a,b_1_b,b_a1_a,b_a1_b,a_a1_a,a_a1_b,k_f_a,g_Kr,RMSE,iterations,CPU_time,score
0,0.09082725424527308,0.02339248950809679,0.04719219580237227,0.06329216126109284,0.037458242548756994,0.022481701175209697,0.01163069865518898,0.006497990392619887,0.032670731679563816,6.88755291403872e-05,0.0417845653099,0.013871685293404637,0.03811050510720799,0.023839617443844892,0.15242693872936483,296.4832252638055,1356,9244.064037746,296.4832252638055
