,p1,p2,p3,p4,p5,p6,p7,p8,Gkr,RMSE,iterations,CPU_time,score
0,0.0015669245363555953,0.07931031498008739,2.2189272754590754e-05,0.051191383988225314,0.09598832375587778,0.023949542128765555,0.007054118659026545,0.03130237931115819,0.15483593422940373,719.8350832547927,1092,2506.543629603,719.8350832547927
1,0.05141647456305057,0.0576269764096683,0.01928509953829793,2.1879216356253548e-06,9.333310908466151,2.243539565683398e-06,4.304815066203663,3.899005045774648e-07,0.1524,,1092,,
