,a_1_a,a_1_b,b_a0_a,b_a0_b,k_b_a,a_a0_a,a_a0_b,b_1_a,b_1_b,b_a1_a,b_a1_b,a_a1_a,a_a1_b,k_f_a,g_Kr,RMSE,iterations,CPU_time,score
0,0.09081210976589627,0.02340080193196614,0.04755788584847222,0.06305378591889425,0.03700702566946091,0.022546865674049385,0.011452057654783902,0.006495697319242749,0.032680563255960506,6.890220172695495e-05,0.04177696774152571,0.013812437239570728,0.03831022434357808,0.023803279409514117,0.152374322261736,172.8175915674756,1861,8398.317024767002,172.8175915674756
