,a_1_a,a_1_b,b_a0_a,b_a0_b,k_b_a,a_a0_a,a_a0_b,b_1_a,b_1_b,b_a1_a,b_a1_b,a_a1_a,a_a1_b,k_f_a,g_Kr,RMSE,iterations,CPU_time,score
0,0.09082684815951717,0.023392495686591675,0.04702380554147553,0.06323663048857368,0.03751789328460026,0.022421346567778937,0.011674649913898633,0.00649796985946188,0.03267079734200488,6.886847155645418e-05,0.04178532492810092,0.013888056479231126,0.03812988242334785,0.02383385228068769,0.15242651797950216,296.4831002327086,1334,8548.731738122,296.4831002327086
