,a_a0_a,a_a0_b,b_a1_a,b_a1_b,k_f_a,a_1_a,a_1_b,b_a0_a,b_a0_b,a_a1_a,a_a1_b,k_b_a,b_1_a,b_1_b,g_Kr,RMSE,iterations,CPU_time,score
0,0.022177453453837197,0.011657524060287257,6.930976832801786e-05,0.04173197066443721,0.023514383834481567,0.09074365922275447,0.02338730769260285,0.04858574022576147,0.0634871400169955,0.014521200951551327,0.03762939161854063,0.037223253789839914,0.006490935613353712,0.03267689147849905,0.15237631600546753,138.75345214505083,1215,3810.377363244,138.75345214505083
