,p1,p2,p3,p4,p5,p6,p7,p8,Gkr,RMSE,iterations,CPU_time,score
0,3.7241186846137597e-07,0.00328094945062063,1.0002898886633034e-07,0.1245311499581499,2.4673180856652447e-07,2.19962196191445e-05,2.3333440992559816e-06,3.727217653323412e-06,5.47438317607116,86819.80811404758,1470,2475.189947832,86819.80811404758
1,0.00010044344197961565,0.0001951772118741442,6.578143251721908e-07,0.0008422366438303646,0.00042418982443450103,0.0010950056305631393,6.297561998775489e-07,8.037811188800663e-05,0.1524,,1470,,
