,p1,p2,p3,p4,p5,p6,p7,p8,Gkr,RMSE,iterations,CPU_time,score
0,0.001690105636637174,0.03663158611094829,4.303028889460983e-05,0.045915954594339815,0.09315674672720328,0.021814606426995575,0.007350993261521964,0.029601327299546024,0.1639123256920848,1708.9875017299535,2726,7740.490825557001,1708.9875017299535
1,0.3553329121158463,0.011040125118601004,3.06534625680469,0.04636875142080817,2.807253514743026e-07,0.002887652655352135,1.0347220753710546e-05,9.982224366641653e-06,0.1524,,2726,,
