,b_1_a,b_1_b,k_b_a,b_a0_a,b_a0_b,b_a1_a,b_a1_b,k_f_a,a_a1_a,a_a1_b,a_a0_a,a_a0_b,a_1_a,a_1_b,g_Kr,RMSE,iterations,CPU_time,score
0,0.006495877367053391,0.03267947549436663,0.03666527981348935,0.047002575245779735,0.06350352565244792,6.892232298691223e-05,0.041774069649856645,0.02382528195058109,0.013635851964543444,0.03838254183753238,0.02235090607920386,0.011637852929235646,0.09079017697818773,0.0233960572714103,0.15237870097477194,173.7191355932515,1549,7022.856932834002,173.7191355932515
