,p1,p2,p3,p4,p5,p6,p7,p8,Gkr,RMSE,iterations,CPU_time,score
0,0.001686293861989534,0.08444539563793733,2.206278286245343e-05,0.051221392847321114,0.12136793559263333,0.026862246305164476,0.00886675218732377,0.02880145648080012,0.1546558170586024,655.6513362916007,950,1830.5078127190002,655.6513362916007
1,0.014969948859044985,8.040994845816607e-05,0.0028380205235231516,0.004188334036984442,0.07853857601515585,4.865825336810033e-05,1.1236314262953866e-06,8.645595717635747e-07,0.1524,,950,,
