,p1,p2,p3,p4,p5,p6,p7,p8,Gkr,RMSE,iterations,CPU_time,score
0,0.0015679718635665896,0.07935495204015058,2.22056613167849e-05,0.05118118980317292,0.09595843222867927,0.0239517684150823,0.007052749826077844,0.03131252145820665,0.1547678890766932,718.775518327395,950,2090.113732521999,718.775518327395
1,0.0014672293567604812,1.4139897239963316e-06,0.00022929931165434212,0.0004538620929165441,0.4009286874190234,0.00048403264572005204,2.4052717276025883e-05,1.5004468103409352e-07,0.1524,,950,,
