,b_1_a,b_1_b,k_b_a,b_a0_a,b_a0_b,b_a1_a,b_a1_b,k_f_a,a_a1_a,a_a1_b,a_a0_a,a_a0_b,a_1_a,a_1_b,g_Kr,RMSE,iterations,CPU_time,score
0,0.006504981073731057,0.032668825331639374,0.03686764166096654,0.04674090982076723,0.06301737722633832,6.888745149973325e-05,0.041783299202043364,0.02369133808284814,0.013800240713564301,0.038294299487290955,0.022278628906116614,0.011772836925153563,0.090934785515618,0.023393603473705202,0.1524166162592273,295.4551923867854,1214,7836.168338656,295.4551923867854
