,p1,p2,p3,p4,p5,p6,p7,p8,Gkr,RMSE,iterations,CPU_time
0,0.0001957533548060442,0.05698050152549954,2.8401527583509166e-05,0.05993361399940678,0.09125802961775414,0.009694618178965303,0.0015743954288736082,0.025158871146433625,0.6096,404.3004651045028,545,854.2741102979926
1,0.00019579603378799013,0.05697821541793272,2.8398821834349907e-05,0.05993391772957776,0.09126607572269367,0.009695015046806121,0.0015743388912030577,0.025158356937632662,0.6096,404.30048284891024,526,711.5071137709892
2,0.00019572881342798715,0.05698655198497197,2.840095786538056e-05,0.05993389045351479,0.09125524099705327,0.009696943228531242,0.001574237872125378,0.025158261547897492,0.6096,404.30049066748825,580,788.8982529630011
3,0.00019573257019297227,0.056982682321010183,2.840010387452143e-05,0.059933815918000136,0.09126065363769298,0.009694929203805111,0.0015744081206549591,0.02515891073240389,0.6096,404.3004791317403,582,782.2873632690171
4,0.00019576567033486122,0.05698129580387263,2.839697678919874e-05,0.059935140289200044,0.09126415819558421,0.009694817249110928,0.001574330436240365,0.02515927539115332,0.6096,404.3005025761945,487,653.3425870189967
