,p1,p2,p3,p4,p5,p6,p7,p8,Gkr,RMSE,iterations,CPU_time,score
0,0.001968923162839804,0.054128650419366854,2.9785130745313963e-05,0.0487339589892476,0.0960055139683065,0.023112593670230937,0.00684142324301178,0.031388612581667745,0.15790167841160624,2609.6320217933126,1823,5852.788099062,2609.6320217933126
1,0.012958953321669778,3.058400611411352e-07,3.4378133907246116,2.1771169356716234e-06,0.0011794284691117078,5.7781020528053095e-05,1.002069243259914e-06,8.727198043388097e-05,0.1524,,1823,,
