,p1,p2,p3,p4,p5,p6,p7,p8,Gkr,RMSE,iterations,CPU_time,score
0,0.19025647995917663,1.0000022094849724e-07,4.553809236993659e-05,1.0000015329248708e-07,1.414127626383985e-07,1.000000650160713e-07,1.02140945753573e-06,1.0000009533121861e-07,0.009353509896222087,121325.31823510025,1158,1942.2767704970001,121325.31823510025
1,0.1751974686014021,4.175700481206312e-06,5.133675711744168e-05,0.0007926355909033723,1.6028819630009169e-07,3.6190508177590245e-06,9.846127589945969e-07,4.088112295606878e-05,0.1524,,1158,,
