,a_a0_a,a_a0_b,b_a1_a,b_a1_b,k_f_a,a_1_a,a_1_b,b_a0_a,b_a0_b,a_a1_a,a_a1_b,k_b_a,b_1_a,b_1_b,g_Kr,RMSE,iterations,CPU_time,score
0,0.021100348160958956,0.011832878799886168,6.951252037897572e-05,0.04171213466871554,0.023184714851826604,0.09103364781696553,0.02341166501803499,0.04883286793586055,0.06211718877989692,0.01479822693579948,0.03860109648968482,0.035273365489543726,0.0065094320089468605,0.03264885770355457,0.15247100647630274,139.07644347844666,1247,3616.7568554560003,139.07644347844666
