,a_a0_a,a_a0_b,b_a1_a,b_a1_b,k_f_a,a_1_a,a_1_b,b_a0_a,b_a0_b,a_a1_a,a_a1_b,k_b_a,b_1_a,b_1_b,g_Kr,RMSE,iterations,CPU_time,score
0,0.02204000012174651,0.011967321674801312,6.884356634701142e-05,0.04178755046892656,0.02382262631923485,0.09086424728009594,0.02338663533372125,0.04638362264808951,0.06291486676894882,0.01382768506017204,0.03817167981402279,0.03712292052485691,0.006502085998109152,0.03266773015512823,0.1524181943777694,296.8435401593012,1217,8468.122582545999,296.8435401593012
