,p1,p2,p3,p4,p5,p6,p7,p8,Gkr,RMSE,iterations,CPU_time,score
0,0.0016861333558130611,0.08448544193868336,2.2119341413721594e-05,0.05119461017121954,0.1214808809592038,0.02688863025622167,0.008875212488065136,0.02878511281358649,0.15466706156384655,656.7724241251723,1463,2994.780019458,656.7724241251723
1,0.20366907874937715,0.00011342535273824315,1.95080751798108e-07,0.0001836645662214405,0.00013608349609117251,4.133955193806269e-07,9.33077165379771,8.620869158076983e-06,0.1524,,1463,,
