,b_1_a,b_1_b,k_b_a,b_a0_a,b_a0_b,b_a1_a,b_a1_b,k_f_a,a_a1_a,a_a1_b,a_a0_a,a_a0_b,a_1_a,a_1_b,g_Kr,RMSE,iterations,CPU_time,score
0,0.006502046902337494,0.032677863562845,0.03692942619915192,0.0465709816715054,0.0627766644760089,6.897214956910251e-05,0.04177095663679206,0.0237530473251524,0.013864551947617506,0.03821399511617004,0.022049368594948087,0.011940269396241331,0.09088418069962814,0.02339137737665139,0.1524013464926158,203.16610911872172,1314,6157.347845106,203.16610911872172
