,p1,p2,p3,p4,p5,p6,p7,p8,Gkr,RMSE,iterations,CPU_time,score
0,0.0019688883664099738,0.054152393688039716,2.98168113958856e-05,0.04872322000268279,0.09600700458887283,0.023113548619497423,0.0068430110983776675,0.03139636891697979,0.15786017339669128,2602.461535925696,1489,5465.072894131001,2602.461535925696
1,6.826169708225095e-05,0.0026632774068231966,1.5637234936510642e-07,0.02642413607054175,0.014811687493409564,4.1581884130226835e-05,0.08002617260880134,0.0004875592849592384,0.1524,,1489,,
