,p1,p2,p3,p4,p5,p6,p7,p8,Gkr,RMSE,iterations,CPU_time
0,0.0001947531122767217,0.0934765993464026,1.6884094586061842e-05,0.05294185400197162,0.07886995805109037,0.017464198529210273,0.022797006107465583,0.03627086063020684,0.0381,2604.4614122183416,1064,1881.418302623002
1,0.0001947208054535388,0.09348601945083276,1.688394575689688e-05,0.05294168374486905,0.0789060731542948,0.017468798766922325,0.02280800628372891,0.036264115039009774,0.0381,2604.4614411318594,795,1159.8080687979964
2,0.0001947648938256341,0.0934740932160492,1.6888061603666658e-05,0.05294032571526255,0.07888979451388388,0.01746608692113797,0.02280322295072542,0.03626896592210006,0.0381,2604.4614286348983,1173,2407.3293717979977
3,0.0001947293238650073,0.09348111356471506,1.688428187764196e-05,0.05294173937708408,0.0788869514753594,0.017465858246186846,0.02280269137830285,0.036268431837307234,0.0381,2604.461420479515,504,1029.114243695003
4,0.00019472786719098133,0.09347840198633246,1.6886461424937305e-05,0.05294106229893894,0.07889310796441565,0.017466075689792117,0.022804083961465254,0.036269017089282936,0.0381,2604.461436622003,792,1487.0387007310055
