,a_a0_a,a_a0_b,b_a1_a,b_a1_b,k_f_a,a_1_a,a_1_b,b_a0_a,b_a0_b,a_a1_a,a_a1_b,k_b_a,b_1_a,b_1_b,g_Kr,RMSE,iterations,CPU_time,score
0,0.022693468737180558,0.011069013654453421,6.92367409536171e-05,0.0417422589648719,0.02321187633818834,0.09094616843596345,0.02341573250504502,0.04996097001439436,0.06316243117327029,0.013925400630614933,0.038707984006269416,0.03474311388273094,0.006504401679803504,0.03265529634177911,0.15242711895690153,139.29896471071206,1061,3297.965945852,139.29896471071206
