,a_a0_a,a_a0_b,b_a1_a,b_a1_b,k_f_a,a_1_a,a_1_b,b_a0_a,b_a0_b,a_a1_a,a_a1_b,k_b_a,b_1_a,b_1_b,g_Kr,RMSE,iterations,CPU_time,score
0,0.023104317940186546,0.010515717517025756,6.955295323330802e-05,0.04170464749050459,0.023217629008484276,0.09092390119205297,0.023411957245636064,0.053713809537898206,0.06382185698079539,0.014235078122013353,0.03807922330481152,0.0339723324937805,0.006507475430871498,0.032647276374450286,0.1523831510930565,138.52858259324157,1365,4703.660610915998,138.52858259324157
