,a_a0_a,a_a0_b,b_a1_a,b_a1_b,k_f_a,a_1_a,a_1_b,b_a0_a,b_a0_b,a_a1_a,a_a1_b,k_b_a,b_1_a,b_1_b,g_Kr,RMSE,iterations,CPU_time,score
0,0.022779268381321063,0.011005936949857091,6.923244403462351e-05,0.04174273043769861,0.023206767900816182,0.0909467177436361,0.02341588442564599,0.05012577717361364,0.06321826239555474,0.013892818101662072,0.03871671658493403,0.034668000259064344,0.0065044502671847935,0.03265512354323538,0.15242745985138847,139.29896040445718,1362,4287.4764472080005,139.29896040445718
