,p1,p2,p3,p4,p5,p6,p7,p8,Gkr,RMSE,iterations,CPU_time,score
0,0.0016154382253463463,0.07287506495332788,1.9049192296705903e-05,0.0522905627378283,0.11011404521388626,0.02315759359800752,0.008881180506595006,0.02942708747900099,0.1529763024264687,2969.5962262885378,4952,21865.883837241,2969.5962262885378
1,1.5977560611017993e-06,4.598401917269208e-05,1.0638422208915608,0.009223366441947038,2.5871320703378947e-07,0.04305933228963951,1.1396290211749623e-06,1.3558100983666085e-07,0.1524,,4952,,
