,p1,p2,p3,p4,p5,p6,p7,p8,Gkr,RMSE,iterations,CPU_time,score
0,0.0015681053276692546,0.07930987510689794,2.2175156105305132e-05,0.051200366513430566,0.09593372811507622,0.023935819079927718,0.007048910973517767,0.03131845734597005,0.15484812427968397,721.814083181639,2127,4946.684898278001,721.814083181639
1,0.08254971323969827,2.660086303578008e-05,0.030158068433155702,0.002160096990406284,8.961360389389649,3.7262410447518343e-06,5.41799255961412e-07,1.680059628387557e-05,0.1524,,2127,,
