,p1,p2,p3,p4,p5,p6,p7,p8,Gkr,RMSE,iterations,CPU_time,score
0,4.631692432746514e-05,0.0898423196711916,1.3686441788515056,0.00026025132831084045,5.80021457896832,0.01828671683881036,3.7925799867693805e-07,0.0004277270364304526,0.15249154351155964,137574.52298148483,261,571.3443838809999,137574.52298148483
1,4.632698519136798e-05,0.0898859867146393,1.3687766757827027,0.000437965803929556,5.799394116837598,0.01815869179861583,3.791260088124415e-07,0.0004537915914583432,0.1524,,261,,
