,p1,p2,p3,p4,p5,p6,p7,p8,Gkr,RMSE,iterations,CPU_time,score
0,0.0015679158218799333,0.07933910035382293,2.2208865374704304e-05,0.05118168640371751,0.0959897924201196,0.02394200862032423,0.007054164402711274,0.03131519393218461,0.15484093038984706,723.5635021317808,958,2061.4306621350006,723.5635021317808
1,0.021577121703578023,0.0001451587993997361,2.729805363754857e-06,0.0009740084252330894,1.718523087963612e-05,0.24547532509406506,0.0027796769590160823,0.0013969900895941605,0.1524,,958,,
