,p1,p2,p3,p4,p5,p6,p7,p8,Gkr,RMSE,iterations,CPU_time
0,0.00019683249558759633,0.07942530498835226,3.627355536059363e-05,0.049896819543962266,0.06824258394240232,0.009726755647799673,0.006813953762176909,0.04026073745579949,0.07664514235271616,2790.8315765844836,779,1972.9176871840027
1,0.0001969032239049112,0.07941843947704301,3.6268225929906354e-05,0.04989840646397446,0.06824634190629324,0.009725940731971184,0.006814561631130651,0.0402602608980151,0.07664514235271616,2790.83158519296,485,846.1660291949956
2,0.0001968596068378011,0.07942438958715173,3.6265872487432405e-05,0.04989891991321378,0.06824459804010813,0.009726465953844797,0.006813922817269012,0.04026077095473255,0.07664514235271616,2790.8315212349744,826,1445.1531450199982
3,0.00019685210309166936,0.07942531674693226,3.6270961885586545e-05,0.049897907215239345,0.06824328235717998,0.00972661162587947,0.0068139322678913055,0.04026075650731328,0.07664514235271616,2790.8315178014336,687,1200.634060893004
4,0.00019690410502995156,0.07942102963162671,3.6271754563083246e-05,0.04989720728856461,0.06824529631314272,0.009726303079819507,0.006814147508198162,0.04026052272729855,0.07664514235271616,2790.831604211639,648,1128.3960482819966
