,p1,p2,p3,p4,p5,p6,p7,p8,Gkr,RMSE,iterations,CPU_time
0,6.006163353970153e-05,0.09955242047191733,2.14106656398833e-05,0.05362324854093213,0.07099343400676635,0.010463808401097188,0.009548374959373171,0.04024230902789238,0.06407630684233305,4882.071275320609,835,2205.2337437219976
1,6.0046641952944254e-05,0.09955788255945235,2.14135465364503e-05,0.05362196025459953,0.07099724462322418,0.010463677749575372,0.009548372823050892,0.040244690968384844,0.06407630684233305,4882.071300995026,708,1620.9476951169927
2,6.008908301165042e-05,0.09954414214978329,2.1412292186796857e-05,0.05362268929405559,0.07099638891853999,0.010462826602404787,0.009549662198518785,0.0402413295200461,0.06407630684233305,4882.071276784241,863,2020.2093215450004
3,6.008389359214684e-05,0.099549030000661,2.1412138320065164e-05,0.05362281983326512,0.07099270235109026,0.01046417333425446,0.009547081118024983,0.04024337210245449,0.06407630684233305,4882.071217136489,1038,3308.197831564001
4,6.006658445531664e-05,0.09955250612563836,2.1410844597067503e-05,0.0536232943855966,0.07099053981861642,0.010465057033947078,0.009547197756933792,0.04024350235011051,0.06407630684233305,4882.071171405808,595,1755.873828306998
