,a_a0_a,a_a0_b,b_a1_a,b_a1_b,k_f_a,a_1_a,a_1_b,b_a0_a,b_a0_b,a_a1_a,a_a1_b,k_b_a,b_1_a,b_1_b,g_Kr,RMSE,iterations,CPU_time,score
0,0.02256185812238635,0.011624919797328534,6.898110059687243e-05,0.041767204918428315,0.02365625584043051,0.09080715110192336,0.02339857089481785,0.04704495235766143,0.06314046852609641,0.013638352374813733,0.03844134483809596,0.03673350674360756,0.006495549697382844,0.03267621585117644,0.15241621141792688,173.7684294588058,1177,5618.238600102,173.7684294588058
