,p1,p2,p3,p4,p5,p6,p7,p8,Gkr,RMSE,iterations,CPU_time,score
0,0.0015674773753712615,0.07934615488172755,2.2217103417311743e-05,0.051183470084080064,0.09597278645694891,0.023953940187628812,0.007050066975726197,0.03130972379658369,0.15486206500648,720.63262811545,1417,3185.0652882760005,720.63262811545
1,0.36880461630618966,0.004995044317778491,0.001978810991077203,5.907043219377762e-07,0.025723910104543744,0.10335540729089869,0.00022528301671418812,5.474553617461025e-06,0.1524,,1417,,
