,p1,p2,p3,p4,p5,p6,p7,p8,Gkr,RMSE,iterations,CPU_time,score
0,14.974309670658524,5.113469728248309e-06,91.96461660550032,1.2675858410794373e-05,0.1413047599657331,0.01781917457138001,0.029255752919273247,0.08696972313394456,0.26204092681899893,196481.9647292298,3088,6932.323700033001,196481.9647292298
1,0.0017824098540506325,3.6417247455626225e-07,5.829288553491926,0.03086888801790325,2.4700463386591545e-06,0.050354502782989495,5.225816906109338,0.007053511718287856,0.1524,,3088,,
