,a_a0_a,a_a0_b,b_a1_a,b_a1_b,k_f_a,a_1_a,a_1_b,b_a0_a,b_a0_b,a_a1_a,a_a1_b,k_b_a,b_1_a,b_1_b,g_Kr,RMSE,iterations,CPU_time,score
0,0.022631076768348943,0.011701848134250634,6.856692374609345e-05,0.041819396439099855,0.023951486427549906,0.09075099317127357,0.023392543539356197,0.045428193297522186,0.06351871396443587,0.013393873591302053,0.038307410392004394,0.03759164199718416,0.00649071575146073,0.032683196123004306,0.15240328722410487,138.37261120579433,736,2579.365555889,138.37261120579433
