,p1,p2,p3,p4,p5,p6,p7,p8,Gkr,RMSE,iterations,CPU_time,score
0,0.0016861388656377594,0.08445429717527941,2.210341321156537e-05,0.051193964104127625,0.12137274320947873,0.026881237231681128,0.008873475614832748,0.0287971092228495,0.15454505293516047,654.9818272175087,899,1809.3641721860001,654.9818272175087
1,0.0006115322298807279,0.1417636607008502,4.03520170673605e-06,6.092550187331012e-06,0.0262688654196971,0.00040704760858312005,3.520289841291054e-05,8.121620369453542e-05,0.1524,,899,,
