,p1,p2,p3,p4,p5,p6,p7,p8,Gkr,RMSE,iterations,CPU_time,score
0,0.0016151947879012162,0.0728958205184196,1.9057543646673266e-05,0.05228946649768172,0.11025192433057883,0.023169172116415233,0.008890508886491668,0.029412140987149896,0.15300168896120395,2966.618813260434,1256,5759.495066599,2966.618813260434
1,6.375703642462118e-07,9.267971141021988e-07,0.1490950997036526,2.652475418512043e-06,0.030761281641569986,0.1293093868146874,0.0011668619864244752,0.035581446477488884,0.1524,,1256,,
