,a_a0_a,a_a0_b,b_a1_a,b_a1_b,k_f_a,a_1_a,a_1_b,b_a0_a,b_a0_b,a_a1_a,a_a1_b,k_b_a,b_1_a,b_1_b,g_Kr,RMSE,iterations,CPU_time,score
0,0.022583168979349928,0.011771269957510235,6.87972227567179e-05,0.04179249870139161,0.02360138201052812,0.09081218603743547,0.02339585667741499,0.04645831601396629,0.0633008130757208,0.013634867840725507,0.03841987031585281,0.03695468224290979,0.006497623445211409,0.03266660921610677,0.15242666559313964,173.65713888564943,1270,6045.523253257,173.65713888564943
