,b_1_a,b_1_b,k_b_a,b_a0_a,b_a0_b,b_a1_a,b_a1_b,k_f_a,a_a1_a,a_a1_b,a_a0_a,a_a0_b,a_1_a,a_1_b,g_Kr,RMSE,iterations,CPU_time,score
0,0.006500517074235219,0.03266045602358822,0.037771648719472105,0.04747448821237703,0.06346601846255706,6.884551812920845e-05,0.04178753160390858,0.024394419633759417,0.013632560428202465,0.03790416496189631,0.022515356003963514,0.011459122202549302,0.0908629767363126,0.023420576752058993,0.15240053615212318,138.01349324935387,1059,3340.594206056,138.01349324935387
