,p1,p2,p3,p4,p5,p6,p7,p8,Gkr,RMSE,iterations,CPU_time,score
0,0.001688249146540148,0.036652262519385234,4.291029664186088e-05,0.045942028849504726,0.09317619579691243,0.02181363414223625,0.007353403124254587,0.0295926816155713,0.1639202122690517,1710.008782524794,1299,4053.164957674,1710.008782524794
1,0.07799872271052483,3.4162001268742293e-06,0.1674571383463333,0.0005783593126765227,0.05099564697861734,0.0018915008877968223,7.835137471898911e-05,0.0004949778584924505,0.1524,,1299,,
