,p1,p2,p3,p4,p5,p6,p7,p8,Gkr,RMSE,iterations,CPU_time
0,0.00022210584836928856,0.0795162308032082,3.7106069824153926e-05,0.05230899128981052,0.08560071657979254,0.00972956119019966,0.007152758266599323,0.033729349087680736,0.10870874072059561,236.11090405081094,681,1414.5469639950024
1,0.00022210237816336925,0.07951674839617373,3.71069442350295e-05,0.05230889062163629,0.08560018755774432,0.009729776072164098,0.007152737314812805,0.03372926496234103,0.10870874072059561,236.11090455598324,603,1252.5215059269976
2,0.00022210606521750456,0.07951540374767406,3.710720711419952e-05,0.05230871182815388,0.08560040150022602,0.00972945127127135,0.00715274855415869,0.03372935425650011,0.10870874072059561,236.11090262499403,986,2047.9185402379953
3,0.0002221101361498913,0.07951489313382472,3.710716212976388e-05,0.0523088265288006,0.08559955304345473,0.009729605898117893,0.007152718683648527,0.033729422908935,0.10870874072059561,236.11090394720915,539,1037.120556711001
4,0.00022209296792896562,0.07951814101233277,3.710754788436929e-05,0.05230874333976743,0.08560134594290926,0.00973041063670328,0.007152832255730907,0.03372882946190719,0.10870874072059561,236.11090650649678,736,1204.5158810709981
