,p1,p2,p3,p4,p5,p6,p7,p8,Gkr,RMSE,iterations,CPU_time,score
0,0.00161544399330367,0.07287535012279556,1.9046946733157924e-05,0.05229153335293144,0.11012243913161095,0.02315661562911723,0.008881852007259794,0.02942737349340648,0.15297697931001988,2969.596235637281,1211,5434.470350313,2969.596235637281
1,9.123545298956872e-07,9.292133483985887e-06,1.2550739608986974,0.005468926740088215,0.1834090372670662,2.9591861100723968e-05,8.133649375544883e-07,0.07718945105724354,0.1524,,1211,,
