,p1,p2,p3,p4,p5,p6,p7,p8,Gkr,RMSE,iterations,CPU_time
0,0.0002261014552373422,0.06986282947824811,3.443100713658089e-05,0.05462001090457039,0.0871719949437724,0.008908097955399942,0.005142973451325464,0.031589077687131165,0.1524,138.4133068959034,738,1615.5660836089955
1,0.0002261004589383798,0.06986265909200082,3.443114470312297e-05,0.054619968924430905,0.08717224476579732,0.008907986631990971,0.005143005123673475,0.03158924934581203,0.1524,138.41330691350404,963,1788.1573352279956
2,0.00022609804763437828,0.06986255859688996,3.4431544925174275e-05,0.05461983779248338,0.08717131366653834,0.008908055339761372,0.005142957647656872,0.03158925065786377,0.1524,138.41330742662635,777,1350.4780019499885
3,0.00022609372885010472,0.06986339171547534,3.443274338525206e-05,0.05461960561148238,0.08717050275738798,0.008908093373449931,0.005142943166770932,0.03158926172251105,0.1524,138.4133080652694,719,1571.0884415009932
4,0.00022609809132879554,0.06986308447270882,3.443117229222699e-05,0.0546199587062276,0.08717251389841957,0.008908016235661167,0.005143017982798875,0.03158926197799919,0.1524,138.41330746875866,536,1195.1507342860132
