,p1,p2,p3,p4,p5,p6,p7,p8,Gkr,RMSE,iterations,CPU_time
0,0.00021479412018705332,0.058466302510573456,2.8331602075491378e-05,0.05840564169281029,0.09476572586200896,0.008596081210610746,0.0028257971160468875,0.02782999028428172,0.3048,246.6428985199931,534,1002.3833039860037
1,0.00021479596914870003,0.058464145999570276,2.833273021044725e-05,0.058405196706366985,0.09477254590677127,0.00859698012749383,0.002826030102738645,0.027828968971172333,0.3048,246.6428972048194,652,1339.8240348659965
2,0.00021478901904061905,0.058469341025265104,2.833284217765764e-05,0.05840567719837,0.09477450729283236,0.008597519278222361,0.0028260225676827243,0.027829080696662935,0.3048,246.64289790489696,511,922.9985286840019
3,0.00021479179607236285,0.05846721990742809,2.8331533772764175e-05,0.0584058550879063,0.09478202692278692,0.008597809178398757,0.0028262636525460405,0.02782826256009674,0.3048,246.64289655849674,742,1171.055942643994
4,0.00021479913904389324,0.058467247681751204,2.833194411927207e-05,0.05840573533870926,0.09478396488637952,0.008598136340594673,0.0028263098257361,0.02782798859524706,0.3048,246.6428919387595,665,830.9314099979965
