,p1,p2,p3,p4,p5,p6,p7,p8,Gkr,RMSE,iterations,CPU_time,score
0,0.0019685995849086993,0.054159465898682035,2.977881195795765e-05,0.04873722102301695,0.09611889931138484,0.023103138162792723,0.0068517507528327625,0.03139466594735102,0.15789028421821352,2613.0465911039096,2417,7337.562894481998,2613.0465911039096
1,0.003725883600208963,0.0005400527139620435,1.5195665675329281e-06,0.00661744152123987,8.535179585410906e-05,1.9412426837575806e-05,7.581797838652042e-05,0.0019288644562847023,0.1524,,2417,,
