,a_a0_a,a_a0_b,b_a1_a,b_a1_b,k_f_a,a_1_a,a_1_b,b_a0_a,b_a0_b,a_a1_a,a_a1_b,k_b_a,b_1_a,b_1_b,g_Kr,RMSE,iterations,CPU_time,score
0,0.02244491075721621,0.011930059715519827,6.878408454539508e-05,0.04179375690693924,0.023627416857242085,0.09076532810106414,0.023384643238978525,0.04632582598018783,0.0630463425516319,0.013602387916216563,0.038370321131650835,0.036695115369463814,0.0064932844571185516,0.03268222833092301,0.15240846482725737,296.05844501979453,1356,8867.50723115,296.05844501979453
