,p1,p2,p3,p4,p5,p6,p7,p8,Gkr,RMSE,iterations,CPU_time,score
0,0.0016913753513577894,0.03664936377893531,4.2994088386328796e-05,0.045922538803358004,0.09318370331306663,0.021806880668542267,0.007356947792330633,0.02960151152120627,0.16386036723284406,1714.7121972210512,1813,5649.127093249997,1714.7121972210512
1,5.999755700109675e-05,0.0015520504831420998,0.3246463810078191,0.01464192568160356,0.0036633543512631,1.3657202819664912e-06,4.260175216355928,8.27921015690419e-06,0.1524,,1813,,
