,p1,p2,p3,p4,p5,p6,p7,p8,Gkr,RMSE,iterations,CPU_time,score
0,0.003910808653113909,1.2904324441998044e-07,4.596652725661301e-06,1.0426047014766253e-07,9.150977178375753e-06,1.0007695549474464e-07,3.643726617309398e-06,1.0005072506462125e-07,0.02363241489687682,101917.5279033472,1212,1828.1281349150013,101917.5279033472
1,0.0040421647294739725,3.4409769895483265e-05,5.142241235763592e-06,0.007269973573843909,9.526652106362485e-06,1.5482621261613133e-05,3.590872061950979e-06,0.00021054180220133156,0.1524,,1212,,
