,a_a0_a,a_a0_b,b_a1_a,b_a1_b,k_f_a,a_1_a,a_1_b,b_a0_a,b_a0_b,a_a1_a,a_a1_b,k_b_a,b_1_a,b_1_b,g_Kr,RMSE,iterations,CPU_time,score
0,0.021863301811259978,0.012080573607250856,6.880056868960085e-05,0.04178857476378442,0.023692408083585435,0.09081622746982843,0.023388080112243644,0.04584385754984061,0.06270109797695705,0.013787739421785914,0.03839255910492588,0.03679965339871075,0.006499209253807634,0.03268009730781657,0.15234857513090946,294.90675247540224,1434,9640.449767339996,294.90675247540224
