,p1,p2,p3,p4,p5,p6,p7,p8,Gkr,RMSE,iterations,CPU_time
0,0.0002241722171808519,0.07233804515747734,3.65081934261535e-05,0.052092458922825484,0.08338545594662883,0.00876906359896054,0.0069254760845574624,0.03441102622367536,0.10870874072059561,828.256031955061,552,1351.1216776299989
1,0.00022418059277553302,0.07233688869750747,3.6507968323952226e-05,0.05209259686170373,0.08338543755070206,0.008768800067659208,0.006925453953655404,0.0344112036305495,0.10870874072059561,828.2560298952641,509,2334.9033182970015
2,0.00022417323154309284,0.07233819076659974,3.650775692198183e-05,0.05209263146517242,0.08338471872406597,0.008768679301238274,0.006925446762477276,0.03441114961641648,0.10870874072059561,828.2560261212931,665,3098.964962424012
3,0.0002241772513677423,0.07233756569741173,3.6508295883877746e-05,0.05209249688103698,0.08338565291047112,0.00876866188971437,0.006925527048302377,0.03441118398819378,0.10870874072059561,828.2560234950648,1027,4837.8847389550065
4,0.00022417631630109315,0.07233797257237606,3.6508144998128796e-05,0.052092544061533214,0.083385443259946,0.008768609725483182,0.006925420195064641,0.03441128383738906,0.10870874072059561,828.2560257377961,908,4229.605887840007
