,a_a0_a,a_a0_b,b_a1_a,b_a1_b,k_f_a,a_1_a,a_1_b,b_a0_a,b_a0_b,a_a1_a,a_a1_b,k_b_a,b_1_a,b_1_b,g_Kr,RMSE,iterations,CPU_time,score
0,0.022338631585440333,0.012744826042951083,6.872897732721404e-05,0.04179381969201753,0.02427194484929039,0.09063268220579386,0.0233784850350536,0.04485149110451318,0.06309006422632754,0.013304015359454132,0.037492951136934155,0.03799271288140673,0.006487896997109664,0.03270356925094701,0.15231654696419972,138.47887741722622,1188,3736.767176579,138.47887741722622
