,p1,p2,p3,p4,p5,p6,p7,p8,Gkr,RMSE,iterations,CPU_time
0,0.0002246592649514807,0.06964945000178752,3.0958297975301996e-05,0.05640560318495872,0.09052553378076816,0.008856707492060861,0.004607718252952556,0.02960494199477595,0.1812351643264147,250.94313887992035,871,1571.342005915998
1,0.00022465536514886344,0.06964964028194592,3.09577514689949e-05,0.056405553800758367,0.09052585475533029,0.008856410118400833,0.004607818583373302,0.0296046430314571,0.1812351643264147,250.94314135034628,952,1731.4889630189864
2,0.0002246286127737066,0.06965184824827797,3.095485067000368e-05,0.056406438922380495,0.09052681085643521,0.008856369578550058,0.004607919610264061,0.029604247093497665,0.1812351643264147,250.94314017558216,633,1252.841734816
3,0.00022464251432576023,0.06965077253356958,3.0956601426384145e-05,0.056405983527367,0.09052601830677165,0.00885644366233093,0.0046077334115070855,0.029604825769556288,0.1812351643264147,250.94313960273172,595,1582.684072802993
4,0.00022465851918646222,0.06964967897178688,3.095841932564574e-05,0.056405506017122235,0.09052534230268613,0.00885684031940118,0.004607697344899999,0.02960477915328414,0.1812351643264147,250.94313531834538,924,2361.988409992002
