,p1,p2,p3,p4,p5,p6,p7,p8,Gkr,RMSE,iterations,CPU_time,score
0,20.57552486667141,0.023782998942431084,3.3719614776522886,0.01062053584277562,65.25222503352143,0.04533250167469414,2.319669090762274,0.004008845918031152,0.31464266412874686,184010.34192697518,3857,18182.867412879998,184010.34192697518
1,1.6540433583055825,0.0006444251608365625,5.970047434975447e-06,7.299940446556206e-05,4.8364241347240375e-06,0.16381296035205553,1.298722722292581e-07,1.0415257159201682e-06,0.1524,,3857,,
