,p1,p2,p3,p4,p5,p6,p7,p8,Gkr,RMSE,iterations,CPU_time
0,0.0002070625017608991,0.05487771706875611,2.6011975952270126e-05,0.06036719797095862,0.09878073215436704,0.00864933819268072,0.0014849479587724249,0.026137149209573805,0.6096,343.9884909111405,573,643.8841460890035
1,0.00020703874036470313,0.05487738016784347,2.6007771117586096e-05,0.06036844851973646,0.09877767337866966,0.008647560035417766,0.0014849264984144463,0.026138365606068647,0.6096,343.988494465636,823,1463.0856580940017
2,0.0002070540820352576,0.05487756943375343,2.601028116023707e-05,0.06036737698434653,0.09879784357606293,0.008651142658563565,0.0014852056753931633,0.026134892360754433,0.6096,343.98849209527975,594,1175.696227417
3,0.0002070526970071678,0.05487533245415445,2.6008632290413108e-05,0.0603679651172772,0.09880385519864336,0.008649873913731343,0.001485323715369972,0.02613584628362995,0.6096,343.9884602069264,891,1767.9211824369922
4,0.00020701726149068207,0.05488081890967443,2.6008614075727407e-05,0.06036781074795716,0.09876846140163903,0.008646887859914108,0.001484796027172851,0.02613839941347161,0.6096,343.98851332663713,529,1046.4654601920047
