,p1,p2,p3,p4,p5,p6,p7,p8,Gkr,RMSE,iterations,CPU_time
0,0.00020726173227274549,0.05485468034546189,2.5922685342761935e-05,0.060401262661094836,0.09901557021872222,0.00864850528876288,0.001487059215834341,0.026138583253170814,0.6096,343.5325497324503,559,847.149444205992
1,0.00020725574894546627,0.05485553242243055,2.592162108295525e-05,0.060401918973150795,0.09899521497589032,0.008645511436256591,0.0014867595234412574,0.026141456852689378,0.6096,343.5325205652513,907,1090.6388429729996
2,0.00020729089998266598,0.05485099755230138,2.593479183990719e-05,0.060397602642968284,0.09887823064730156,0.008639529659777368,0.0014850142001029683,0.02614940875449494,0.6096,343.53280664975244,563,717.8401528440008
3,0.00020727332841826888,0.05485030179565979,2.5922699200869058e-05,0.06040140946017036,0.09899393947898771,0.008645382599320323,0.0014867525122769325,0.02614162616594816,0.6096,343.5325326322515,608,835.7516490580019
4,0.00020729054576562695,0.05485028423075263,2.592226757781607e-05,0.06040154660499491,0.09900394533585768,0.00864636145826416,0.0014868914477470694,0.02614076190003285,0.6096,343.53253987748303,792,988.0778908600041
