,a_1_a,a_1_b,b_a0_a,b_a0_b,k_b_a,a_a0_a,a_a0_b,b_1_a,b_1_b,b_a1_a,b_a1_b,a_a1_a,a_a1_b,k_f_a,g_Kr,RMSE,iterations,CPU_time,score
0,0.09076150115077412,0.0233952213021885,0.04723128905054762,0.06293201481437334,0.03687830891228865,0.022278062782768185,0.011884982552793688,0.006489098972202216,0.032680531205971156,6.902805493435029e-05,0.04176643341186847,0.013863141228257481,0.03798610913662821,0.023784744237419303,0.1524184699924981,203.44567331705014,1398,6909.336474846001,203.44567331705014
