,p1,p2,p3,p4,p5,p6,p7,p8,Gkr,RMSE,iterations,CPU_time,score
0,0.001690897051900393,0.036640943529311465,4.292072195331955e-05,0.04593994851677816,0.09316643468645244,0.021811244256908148,0.007352596327020695,0.02959904804807291,0.163898488949183,1709.9749101550656,1579,5038.232677782,1709.9749101550656
1,0.20366907874937715,0.00011342535273824315,1.95080751798108e-07,0.0001836645662214405,0.00013608349609117251,4.133955193806269e-07,9.33077165379771,8.620869158076983e-06,0.1524,,1579,,
