,a_a0_a,a_a0_b,b_a1_a,b_a1_b,k_f_a,a_1_a,a_1_b,b_a0_a,b_a0_b,a_a1_a,a_a1_b,k_b_a,b_1_a,b_1_b,g_Kr,RMSE,iterations,CPU_time,score
0,0.02240811709647817,0.01181218924232304,6.894712255063578e-05,0.04177624864727782,0.023714802403131462,0.09082640930122392,0.023392757646637417,0.04698053706613267,0.0630313495180535,0.013721913494306523,0.03817148986481368,0.03671893478454135,0.006495459614934784,0.032674851195654324,0.1524387126542117,295.4140513662191,1232,8112.868218079006,295.4140513662191
