,a_a0_a,a_a0_b,b_a1_a,b_a1_b,k_f_a,a_1_a,a_1_b,b_a0_a,b_a0_b,a_a1_a,a_a1_b,k_b_a,b_1_a,b_1_b,g_Kr,RMSE,iterations,CPU_time,score
0,0.02204725290092058,0.01194211658154085,6.897224322663842e-05,0.041770954243129065,0.023752569369108023,0.09088464915601906,0.023391427703947643,0.04656409002871124,0.06277552302527445,0.013863462291471524,0.038214694021334955,0.03692599485557834,0.006502086000811459,0.032677736096704976,0.15240151337854388,203.16610882100886,1290,6003.551833892998,203.16610882100886
