,b_1_a,b_1_b,k_b_a,b_a0_a,b_a0_b,b_a1_a,b_a1_b,k_f_a,a_a1_a,a_a1_b,a_a0_a,a_a0_b,a_1_a,a_1_b,g_Kr,RMSE,iterations,CPU_time,score
0,0.006496972823450588,0.032670139988239484,0.039250226602274764,0.04460961993132164,0.06367205425597262,6.847642288374657e-05,0.04183280274396908,0.02485450988327428,0.013346544734799702,0.03760185892442128,0.022232809505726227,0.01211236198048271,0.09083778999060022,0.023402998377442138,0.1524137284449247,138.37207170571327,1012,3161.3592836200005,138.37207170571327
