,p1,p2,p3,p4,p5,p6,p7,p8,Gkr,RMSE,iterations,CPU_time
0,0.0002263328804799288,0.06905954637753776,3.312305823038245e-05,0.05586810200605765,0.08825136016852393,0.009196420262523763,0.0043834262132577935,0.030136205448288673,0.1812351643264147,380.10375978542794,639,2400.7333991630003
1,0.0002263335969502263,0.06905942783558289,3.31237977479788e-05,0.05586793684353924,0.08824978002208114,0.009196704222361952,0.00438332659924118,0.030136129311939507,0.1812351643264147,380.1037606480034,898,3468.0566312070005
2,0.00022633642509762642,0.06905909589275055,3.312312557544781e-05,0.055868109719602425,0.08825121381805186,0.009196307679126622,0.00438343664139528,0.03013617102776069,0.1812351643264147,380.1037576568924,620,2095.424514327002
3,0.00022632883563288112,0.06906047563751469,3.312332309989597e-05,0.055868082981431484,0.0882470863204409,0.00919612756122603,0.004383215472675792,0.03013657334132143,0.1812351643264147,380.1037630675467,679,1919.903838786995
4,0.00022633621637552348,0.06905923078773298,3.312295991935844e-05,0.0558681630532481,0.08825168815608338,0.009196431789428312,0.004383452499999208,0.030136145969537304,0.1812351643264147,380.10376107113086,598,1595.154650180004
