,p1,p2,p3,p4,p5,p6,p7,p8,Gkr,RMSE,iterations,CPU_time,score
0,0.0004048626162163887,0.027246179760066398,3.081161272543228e-05,0.05480709999584067,0.10636731682584145,0.023257243467926996,0.00010845576610849472,0.015508013111327762,15.522076739311418,5895.514498087027,1201,2558.598778994001,5895.514498087027
1,0.3835680923246893,3.6241563321080763e-06,1.2521551330690016e-07,2.5035101829156766e-06,0.0015290799019123623,4.1567162143651665e-07,2.3112146498630472e-05,0.0001234938818848692,0.1524,,1201,,
