,a_a0_a,a_a0_b,b_a1_a,b_a1_b,k_f_a,a_1_a,a_1_b,b_a0_a,b_a0_b,a_a1_a,a_a1_b,k_b_a,b_1_a,b_1_b,g_Kr,RMSE,iterations,CPU_time,score
0,0.022211148776938864,0.01198790599130555,6.905929939426383e-05,0.04176006584793029,0.02378237709224958,0.09083845499110059,0.023400530102227868,0.04647127832723695,0.06274185880687927,0.013773658228345682,0.03807809216720553,0.03697219482776402,0.0064961461589419225,0.032685648335884075,0.15238472560960903,203.255802387045,1004,5045.861783480999,203.255802387045
