,a_1_a,a_1_b,b_a0_a,b_a0_b,k_b_a,a_a0_a,a_a0_b,b_1_a,b_1_b,b_a1_a,b_a1_b,a_a1_a,a_a1_b,k_f_a,g_Kr,RMSE,iterations,CPU_time,score
0,0.09085922833478657,0.023420026928555597,0.047414989671638465,0.06346665791332658,0.03784518021892302,0.022480849819970058,0.01151969493466342,0.006500237070513312,0.03266095064387829,6.885309101038236e-05,0.041786841868460996,0.01363251757211105,0.03783366947725821,0.024437397025913167,0.152401007013761,138.0134985834138,1642,4892.264945297,138.0134985834138
