,p1,p2,p3,p4,p5,p6,p7,p8,Gkr,RMSE,iterations,CPU_time,score
0,0.0019692093046000097,0.05412316433382717,2.980083030390851e-05,0.04872374522464001,0.09609029056084398,0.02310020064043805,0.006851117297341235,0.0313976130844341,0.15783827605680284,2605.4067944375156,1561,5403.607554908998,2605.4067944375156
1,4.339545723984407,0.005368143857124243,1.327550658158878e-07,8.981765347109174e-05,3.1526175151148856,4.846419330764189e-07,0.07883883808467754,0.005436138122957789,0.1524,,1561,,
