,p1,p2,p3,p4,p5,p6,p7,p8,Gkr,RMSE,iterations,CPU_time,score
0,0.001686071107076064,0.08448548267694289,2.21201977607506e-05,0.05119425271364845,0.12147778038231025,0.026888947045446455,0.008874785038129092,0.028785818816699716,0.15466651166865625,656.7724070793325,1452,3297.115603211001,656.7724070793325
1,0.032861175603568396,0.12132895185510503,5.840978321609295e-07,0.00011837544041675277,0.002446083324347647,0.00023237598937708912,0.0018275245774281735,2.9213619722026683e-05,0.1524,,1452,,
