,p1,p2,p3,p4,p5,p6,p7,p8,Gkr,RMSE,iterations,CPU_time,score
0,0.34186849255265567,1.0000001779629369e-07,3.1732440838052773,1.0000000587769007e-07,2.9093082481397145e-07,1.0001095035471449e-07,9.974753089888476e-06,1.0005019125692603e-07,0.07113331948124753,101917.85871077831,1438,2341.19969132,101917.85871077831
1,0.3553329121158463,0.011040125118601004,3.06534625680469,0.04636875142080817,2.807253514743026e-07,0.002887652655352135,1.0347220753710546e-05,9.982224366641653e-06,0.1524,,1438,,
