,p1,p2,p3,p4,p5,p6,p7,p8,Gkr,RMSE,iterations,CPU_time
0,0.00022760725865580465,0.06635516833405766,2.9011985562642162e-05,0.060256580580937025,0.09263636262470551,0.01070097262497112,0.0016039819755242235,0.02566519866428433,0.5126104547386644,1334.64218697484,503,1198.3997814100003
1,0.00022760293589676596,0.06635545248019174,2.901297652601015e-05,0.060256237874455866,0.09263535870714285,0.010701288316750969,0.0016039384732339,0.02566542398751124,0.5126104547386644,1334.642154762806,504,1200.4126748970011
2,0.00022760552224249952,0.06635648870895006,2.9012163667564293e-05,0.06025644856667359,0.09264255178550217,0.010701577661270611,0.0016040877335216023,0.02566472523215835,0.5126104547386644,1334.642177661233,529,1259.9796784089995
3,0.00022759828252351264,0.06635610256735204,2.9011740359401756e-05,0.0602568716641079,0.09263860727074778,0.010700953954039714,0.0016039893404918837,0.025665797570149487,0.5126104547386644,1334.6421817117155,665,1581.4451151200046
4,0.00022762923286363693,0.06635256746351141,2.901362851035472e-05,0.06025612592184267,0.09263395972435924,0.010700934991421907,0.0016039343535772105,0.02566553920092128,0.5126104547386644,1334.6421884665226,591,1402.5505671889987
