,a_1_a,a_1_b,b_a0_a,b_a0_b,k_b_a,a_a0_a,a_a0_b,b_1_a,b_1_b,b_a1_a,b_a1_b,a_a1_a,a_a1_b,k_f_a,g_Kr,RMSE,iterations,CPU_time,score
0,0.09084288433115278,0.023394576712031677,0.04982544543451769,0.06404778940838976,0.03504121908496049,0.02359259660839266,0.010816359906583093,0.006498782984867738,0.03268104003164298,6.892615280833511e-05,0.04177450889144583,0.013127616229512707,0.03830790448327814,0.02385004571494932,0.15240753598546028,138.68322974361996,1880,6312.001114476003,138.68322974361996
