,a_a0_a,a_a0_b,b_a1_a,b_a1_b,k_f_a,a_1_a,a_1_b,b_a0_a,b_a0_b,a_a1_a,a_a1_b,k_b_a,b_1_a,b_1_b,g_Kr,RMSE,iterations,CPU_time,score
0,0.021658272038776755,0.012126160527059355,6.935573969056804e-05,0.041727409973291246,0.02367413652214283,0.09074230563398072,0.023387053060865998,0.04762969528204238,0.0632191350039735,0.014708318975914209,0.03738452681454978,0.03789203477428966,0.0064908043602076295,0.03267674001037701,0.15237714838391264,138.7532628460563,1075,3115.820336799,138.7532628460563
