,a_a0_a,a_a0_b,b_a1_a,b_a1_b,k_f_a,a_1_a,a_1_b,b_a0_a,b_a0_b,a_a1_a,a_a1_b,k_b_a,b_1_a,b_1_b,g_Kr,RMSE,iterations,CPU_time,score
0,0.023096621347225323,0.01022529437453329,6.949647064858583e-05,0.041709473149369444,0.022850087425980457,0.0908995789167227,0.023408372194170413,0.05351741203239899,0.0635392213727639,0.014297589960906429,0.038793223309958616,0.03349731887301942,0.006504247164049585,0.03265829677842206,0.15239316621925017,138.53618343104606,1008,2027.023674873999,138.53618343104606
