,a_a0_a,a_a0_b,b_a1_a,b_a1_b,k_f_a,a_1_a,a_1_b,b_a0_a,b_a0_b,a_a1_a,a_a1_b,k_b_a,b_1_a,b_1_b,g_Kr,RMSE,iterations,CPU_time,score
0,0.021706146276361596,0.012337197326598819,6.901013051192324e-05,0.04176757899602121,0.023696931165332936,0.09077662872939343,0.023393168052210707,0.045721108811187634,0.0625573401568419,0.014035232265388484,0.038110971849670494,0.03745742911582692,0.006495114531991088,0.032677442292568006,0.1523939939369636,295.8990648547343,1306,9234.799811452001,295.8990648547343
