,a_1_a,a_1_b,b_a0_a,b_a0_b,k_b_a,a_a0_a,a_a0_b,b_1_a,b_1_b,b_a1_a,b_a1_b,a_a1_a,a_a1_b,k_f_a,g_Kr,RMSE,iterations,CPU_time,score
0,0.09081757256747996,0.023387136980473393,0.046963326770430795,0.06332653598366082,0.0365054392042708,0.022484202617068044,0.011779472287143782,0.006496478873177964,0.032683429489380564,6.889129303251057e-05,0.04177669380089211,0.013582220464340765,0.03811158556185798,0.02377287455583842,0.15239547883208096,174.58129538478718,1463,6325.050702267999,174.58129538478718
