,a_1_a,a_1_b,b_a0_a,b_a0_b,k_b_a,a_a0_a,a_a0_b,b_1_a,b_1_b,b_a1_a,b_a1_b,a_a1_a,a_a1_b,k_f_a,g_Kr,RMSE,iterations,CPU_time,score
0,0.09081190431379114,0.023400835693552,0.04755576196150776,0.0630514906368979,0.03700963772418066,0.022547283809874693,0.011451553455173562,0.0064956538571485836,0.032680661096987716,6.89021067242637e-05,0.04177696463127358,0.013812651981035935,0.03831078494338974,0.023803260009806138,0.15237448673272,172.8175917003423,1641,7117.291318891001,172.8175917003423
