,p1,p2,p3,p4,p5,p6,p7,p8,Gkr,RMSE,iterations,CPU_time,score
0,4.582122311159721e-07,0.003182825238076056,1.0004556988886677e-07,0.1275023013529812,5.728775595170671e-06,7.20184644466984e-06,4.546884570640654e-05,5.089784761600419e-06,6.849745141058655,99334.31593122474,2232,4253.860340131001,99334.31593122474
1,4.281544518393688e-06,3.4368407472160167e-06,9.74803311165519e-07,0.013083825751893085,0.00018034762564120104,0.007500537394734132,2.6442952358946762e-05,0.0010885199004119865,0.1524,,2232,,
