,p1,p2,p3,p4,p5,p6,p7,p8,Gkr,RMSE,iterations,CPU_time,score
0,0.001613551414642091,0.07286156845686989,1.907759657056696e-05,0.05227916695699455,0.1100668359728285,0.02316715265221565,0.008879574477886612,0.029416036419297534,0.15297263181814316,2972.3813350886244,1735,8416.066526686001,2972.3813350886244
1,0.5416350022067724,1.0723569717759257e-05,0.09484219139802506,7.470971779524674e-05,0.1564026080933429,1.8645479493844552e-06,7.696003300536439,0.003960126577971372,0.1524,,1735,,
