,p1,p2,p3,p4,p5,p6,p7,p8,Gkr,RMSE,iterations,CPU_time
0,0.00023366476103717237,0.06987390614483902,2.264587495231033e-05,0.06201538426778714,0.09699984767641918,0.009051747043120159,0.0015026071808249232,0.02372979292350052,0.6096,1403.300784654457,819,1975.0042861529946
1,0.00023357867542011357,0.0698826058879864,2.264573604121839e-05,0.06201552005289074,0.09699891984334796,0.009052563748366773,0.0015025456265949455,0.023729515348566346,0.6096,1403.3008421718107,632,1391.1307013220066
2,0.0002336602452786444,0.06987657901424914,2.265103993889288e-05,0.06201436205801493,0.09699205976149525,0.00905417223978339,0.0015024253359189634,0.023729628612208932,0.6096,1403.300889043243,578,1542.1065436140052
3,0.00023363070038466704,0.06987707206781288,2.2652503092755602e-05,0.06201350800269196,0.09699174159139866,0.009053443046007281,0.001502439415470406,0.023730159995490985,0.6096,1403.3007763582787,733,1809.5417488230014
4,0.0002336766107304761,0.06987306393874321,2.2648842325171463e-05,0.0620149593141515,0.09698869406444466,0.009053100631876995,0.0015023693198733927,0.023730341167698017,0.6096,1403.3008631574016,745,1492.212542733003
