,b_1_a,b_1_b,k_b_a,b_a0_a,b_a0_b,b_a1_a,b_a1_b,k_f_a,a_a1_a,a_a1_b,a_a0_a,a_a0_b,a_1_a,a_1_b,g_Kr,RMSE,iterations,CPU_time,score
0,0.006498385380549157,0.032677773267514046,0.03680039486053836,0.04605627902286296,0.06302565124551755,6.886058384060073e-05,0.041782642136500014,0.023694069352147126,0.013777843122889542,0.03829947324596293,0.021947163725541598,0.012007909116158691,0.09082319838832241,0.023397127249870028,0.15237064789111,203.2338812532225,1047,5348.934697521,203.2338812532225
