,p1,p2,p3,p4,p5,p6,p7,p8,Gkr,RMSE,iterations,CPU_time,score
0,0.3768604784688009,1.0002606398468392e-07,0.0020495268473875203,1.0000473541893027e-07,9.865335501779029e-06,1.0000691027915107e-07,1.506818808666921e-06,1.0000074521249188e-07,0.04403493618848168,240706.958861867,1149,2506.2489876149994,240706.958861867
1,0.3250821888957518,1.2838337455249918e-07,0.002362944097247908,1.5793582676409447e-05,9.325165547118978e-06,0.0021253486793141613,1.7469568705251475e-06,0.0007528938211757707,0.1524,,1149,,
