,a_a0_a,a_a0_b,b_a1_a,b_a1_b,k_f_a,a_1_a,a_1_b,b_a0_a,b_a0_b,a_a1_a,a_a1_b,k_b_a,b_1_a,b_1_b,g_Kr,RMSE,iterations,CPU_time,score
0,0.021803940234301825,0.011403832406741815,6.939214978270374e-05,0.041725398135510045,0.023015111073877624,0.09096356659627383,0.023410284102304158,0.0496084649975521,0.062442601427826545,0.014409365676893651,0.03881947795217797,0.03454942524105272,0.006504329154098462,0.03265062032869597,0.15246538259158868,139.07721678404127,1036,3622.8584155089993,139.07721678404127
