,a_a0_a,a_a0_b,b_a1_a,b_a1_b,k_f_a,a_1_a,a_1_b,b_a0_a,b_a0_b,a_a1_a,a_a1_b,k_b_a,b_1_a,b_1_b,g_Kr,RMSE,iterations,CPU_time,score
0,0.022289388763119734,0.011595659951240955,6.85833444572093e-05,0.041820151568901315,0.023942535021855834,0.09079304450295317,0.02338020679731622,0.046352104030288256,0.06283557824996328,0.013242756125127784,0.038723989178855306,0.035947817222888145,0.006495814712894496,0.03268908611059568,0.1523949220523501,139.0427709113994,1288,4040.7076425289997,139.0427709113994
