,p1,p2,p3,p4,p5,p6,p7,p8,Gkr,RMSE,iterations,CPU_time
0,0.0002481641270746996,0.08461345821027166,3.438424410573557e-05,0.050934095785749464,0.07546696676398733,0.009028055883336328,0.008182136123902388,0.037679760180661936,0.07664514235271616,711.7457692362856,736,1652.444989771
1,0.00024814207753227256,0.08461853044107001,3.4382649577409904e-05,0.05093456910025385,0.07546134367726694,0.009031279877834487,0.008181473047244038,0.037675345288393725,0.07664514235271616,711.7457779009508,488,1094.4968853680039
2,0.0002481453258545356,0.08461694611118127,3.4384046928988956e-05,0.0509342511327255,0.07546083270325726,0.009031726270003997,0.00818141560776503,0.03767558378400117,0.07664514235271616,711.7457711675127,653,1465.3203518609953
3,0.00024814084804540657,0.08461819714654545,3.43851686843177e-05,0.05093392790543393,0.07545939442379895,0.009029539657644253,0.008181311103963957,0.037677272642231106,0.07664514235271616,711.7457672012534,528,1183.400005634001
4,0.00024814811938602083,0.08461498670343082,3.438561853044402e-05,0.0509334818857159,0.07546863206370079,0.0090275959498453,0.00818234666883235,0.03767949807859054,0.07664514235271616,711.7457617172437,799,1787.1762134070013
