,a_a0_a,a_a0_b,b_a1_a,b_a1_b,k_f_a,a_1_a,a_1_b,b_a0_a,b_a0_b,a_a1_a,a_a1_b,k_b_a,b_1_a,b_1_b,g_Kr,RMSE,iterations,CPU_time,score
0,0.022329204484853572,0.011735189485736472,6.889018711007464e-05,0.04178300645331327,0.023691516196649377,0.09093523683149234,0.023393537467955992,0.04685980318858727,0.06305823197006727,0.01379099854768254,0.03828686756066734,0.03683832880148161,0.006505018647375888,0.032668848342273855,0.15241700028058497,295.4552321977535,1098,7144.8177837950025,295.4552321977535
