,a_a0_a,a_a0_b,b_a1_a,b_a1_b,k_f_a,a_1_a,a_1_b,b_a0_a,b_a0_b,a_a1_a,a_a1_b,k_b_a,b_1_a,b_1_b,g_Kr,RMSE,iterations,CPU_time,score
0,0.0223080073825621,0.011733803693261149,6.881870278621864e-05,0.041792286559404104,0.02376188527869424,0.09084651327632201,0.023376575866232433,0.04722622079844718,0.06332849235995351,0.013788200745517908,0.038138431907441116,0.03680940443962375,0.00650087723026863,0.03268570638373663,0.15240713276097384,202.52918696474032,1115,5646.028131292998,202.52918696474032
