,p1,p2,p3,p4,p5,p6,p7,p8,Gkr,RMSE,iterations,CPU_time
0,0.00020727906596804886,0.05495300148017335,2.5927091358681966e-05,0.06040606127416169,0.09792391444643092,0.00856798421193582,0.0014707477899433856,0.026211173706538683,0.6096,343.87107810120074,562,1054.3193535900064
1,0.00020729759381595198,0.05495239117164091,2.5930077436160698e-05,0.06040513684010715,0.0979418817875978,0.00857179913512079,0.001470998959578367,0.0262081868219293,0.6096,343.87108433015476,534,1088.5134296959877
2,0.0002072659602273884,0.0549523142162372,2.592769947541104e-05,0.06040537468681585,0.0979337978754627,0.00856845555426674,0.001470945514640742,0.02621006319766174,0.6096,343.8710844160433,688,1352.3636243770015
3,0.0002072711470128247,0.05495338295601348,2.5926496263064976e-05,0.06040617728609221,0.09796678552677635,0.0085723510606122,0.0014714097769344342,0.02620668645622167,0.6096,343.87109244682534,495,753.4471992910112
4,0.00020727670849580827,0.05494931833462933,2.5925950708594796e-05,0.06040585186798302,0.09795192253939695,0.00857023642871293,0.0014711791215151731,0.026208582655241522,0.6096,343.87109564552026,706,1144.6563372680102
