,p1,p2,p3,p4,p5,p6,p7,p8,Gkr,RMSE,iterations,CPU_time,score
0,3.5359836780381464,0.02714600872968776,2.6057733092762816e-07,0.0031070688284371276,0.1385276194811102,0.01777486429152728,0.028934897028609564,0.08708708003583444,0.03664470906665794,196573.99519429862,1143,3616.1288318589977,196573.99519429862
1,0.2369916731159988,1.918082519610837e-05,9.209143003177306e-05,0.06500202267997066,7.457572691605052e-07,0.00030843703495961696,0.20869695745392378,0.00010264972722989773,0.1524,,1143,,
