,p1,p2,p3,p4,p5,p6,p7,p8,Gkr,RMSE,iterations,CPU_time,score
0,0.0015675373601580609,0.07933687091172596,2.21579735227134e-05,0.05120052932713751,0.09597520944421875,0.02394791065698463,0.007058517107213343,0.03130263000735941,0.15476264001012882,720.6057353758048,1310,2722.0042134650002,720.6057353758048
1,0.000792992357138755,0.001155754526470893,0.0002466306081111414,5.0322577290899346e-05,1.5816886769571418e-05,0.0025265202935033865,2.636878826207003e-06,1.8006423864024426e-07,0.1524,,1310,,
