,p1,p2,p3,p4,p5,p6,p7,p8,Gkr,RMSE,iterations,CPU_time
0,0.00020383992469264663,0.05921878512714338,2.95740861753113e-05,0.0587081899181724,0.08999258405292315,0.009617472722615537,0.0025150196754163477,0.026475048333829146,0.3624703286528294,317.3429768747014,672,1214.9795627190033
1,0.00020380979952234766,0.05921991228251336,2.957171187517946e-05,0.05870884853518052,0.08999662141395133,0.00961756154710199,0.0025151808073327914,0.026475011783159513,0.3624703286528294,317.3429887416617,663,927.0071572759916
2,0.00020383904780418128,0.05921683712686209,2.9574353708515536e-05,0.05870841424747352,0.08999777144825843,0.00961855705714864,0.002515164623287198,0.026474543449884164,0.3624703286528294,317.34298644977594,528,762.7850858390011
3,0.00020382824577498462,0.05921998261375932,2.957264467001885e-05,0.05870874710934653,0.08999430771114246,0.009618518987223728,0.002515018137879089,0.02647472359793388,0.3624703286528294,317.3429664600158,934,1536.1154028930032
4,0.00020381931106528355,0.05921985674503977,2.9572756291378428e-05,0.05870860925328347,0.08999595241134475,0.009618201815911637,0.002515094639133876,0.026474725326228715,0.3624703286528294,317.3429682809018,632,1045.6589984190068
