,p1,p2,p3,p4,p5,p6,p7,p8,Gkr,RMSE,iterations,CPU_time,score
0,0.0016142767194557272,0.07288140329327084,1.9047783093062677e-05,0.05229310783472866,0.11016210534593304,0.023163084782355542,0.008884871168336467,0.029409103285250433,0.15302310420177814,2966.0273765520315,1887,8909.073736680999,2966.0273765520315
1,0.041349779710077514,0.12276557485579714,4.7097447061248576e-05,3.077123140629389e-05,0.0013406992609949384,0.0023419962246141084,1.5022375245603603e-06,2.6241845522025085e-07,0.1524,,1887,,
