,p1,p2,p3,p4,p5,p6,p7,p8,Gkr,RMSE,iterations,CPU_time,score
0,0.0016885699546405333,0.0366654511714078,4.288582813397422e-05,0.045940507777279906,0.09317896376486764,0.021807952788540214,0.007354029841202169,0.02960723259359563,0.16385936106805601,1711.74132922509,841,2477.1554499489976,1711.74132922509
1,0.00017083868008324526,0.0035970479272194366,9.010501344598164e-07,0.0001681033580511753,0.501038796399052,4.0258926503713436e-06,3.3606343624322366e-05,0.13700107494718394,0.1524,,841,,
