,p1,p2,p3,p4,p5,p6,p7,p8,Gkr,RMSE,iterations,CPU_time,score
0,0.001683405923868252,0.08439478044172671,2.208159170685888e-05,0.05121294448979165,0.12134275755061338,0.026861396373330456,0.008864016118522645,0.0288042548735049,0.15468536639406844,653.2885872788204,2349,4572.447008986001,653.2885872788204
1,8.716669861241121e-06,0.0002452247118433932,0.10234294663711141,0.01191496126431116,0.00025488433327019045,3.063071426619244e-05,0.24089860773201136,0.003915369321154649,0.1524,,2349,,
