,a_a0_a,a_a0_b,b_a1_a,b_a1_b,k_f_a,a_1_a,a_1_b,b_a0_a,b_a0_b,a_a1_a,a_a1_b,k_b_a,b_1_a,b_1_b,g_Kr,RMSE,iterations,CPU_time,score
0,0.022501377724933616,0.011695501259738814,6.90058196345497e-05,0.041768728173355855,0.023815945252337243,0.09083885623203382,0.02338032442499043,0.047594700123429284,0.06328470495011203,0.013757184122110402,0.03797923222210242,0.03678247587289958,0.006499100417070864,0.03268457275054809,0.15241733382844636,202.98015820379604,1658,7982.46765165,202.98015820379604
