,p1,p2,p3,p4,p5,p6,p7,p8,Gkr,RMSE,iterations,CPU_time
0,0.00020711843045851186,0.054924366889299615,2.5985357130810536e-05,0.0603842643248995,0.09873698198049397,0.008650745671305408,0.0014829322042571077,0.026147061995864647,0.6096,344.54499521068027,796,896.492314410003
1,0.00020710611040145066,0.05492700965728891,2.5986136941471175e-05,0.060383772040176406,0.09875133270107594,0.00865387109651354,0.0014831623061971383,0.026143968312741996,0.6096,344.54499473513795,823,929.3337285089947
2,0.0002071123791062551,0.05492972946210386,2.598572688111154e-05,0.06038467811675716,0.09873699507768725,0.00865167635687882,0.0014829142323199353,0.026146472537180974,0.6096,344.5449968492199,528,869.1133975290068
3,0.00020712449623323464,0.054924453375781654,2.5984642479018314e-05,0.06038444374631862,0.09874269130272022,0.008650811737368294,0.0014830043976018104,0.026146776518005205,0.6096,344.54499192132636,590,940.3763459600013
4,0.00020710458661582208,0.054926210295611885,2.598407572374428e-05,0.06038450569304964,0.09873643348811056,0.008650542581121438,0.0014829303006947256,0.026146666997630956,0.6096,344.5449949082037,636,1126.4475982629956
