,a_a0_a,a_a0_b,b_a1_a,b_a1_b,k_f_a,a_1_a,a_1_b,b_a0_a,b_a0_b,a_a1_a,a_a1_b,k_b_a,b_1_a,b_1_b,g_Kr,RMSE,iterations,CPU_time,score
0,0.021863531889779072,0.012079966477232855,6.87999712435849e-05,0.04178865996549769,0.023691970684221218,0.09081651211060744,0.023388039632474655,0.04584250378736424,0.06270142615368952,0.01378765306829108,0.03839322832365943,0.03679950295264776,0.006499220568928703,0.03268015244691968,0.15234870391868752,294.9067530695794,941,6627.700112123999,294.9067530695794
