,p1,p2,p3,p4,p5,p6,p7,p8,Gkr,RMSE,iterations,CPU_time,score
0,1.0000702330660255e-07,0.1898279256368879,1.0000572955017817e-07,0.08922459438245722,1.0000557944316737e-07,0.35283207682951967,6.724618442822005e-05,0.13762418457566658,0.35865819889363454,49944.25095451802,1715,3225.7735780059993,49944.25095451802
1,0.007618337443204296,5.047958903562617e-07,3.414783441418567e-07,0.0037374453157871528,9.513319394010558e-06,0.19158046293861644,4.03034414737765e-06,0.0016536343970543859,0.1524,,1715,,
