,p1,p2,p3,p4,p5,p6,p7,p8,Gkr,RMSE,iterations,CPU_time,score
0,0.34259615370302327,1.0000005681279335e-07,3.1649931453017994,1.0000002814701327e-07,2.8953319018589234e-07,1.0001501922287858e-07,9.93251572089627e-06,1.0004602149780714e-07,0.07083722863357372,101942.4254209176,1216,1792.5587948460002,101942.4254209176
1,0.3553329121158463,0.011040125118601004,3.06534625680469,0.04636875142080817,2.807253514743026e-07,0.002887652655352135,1.0347220753710546e-05,9.982224366641653e-06,0.1524,,1216,,
