,p1,p2,p3,p4,p5,p6,p7,p8,Gkr,RMSE,iterations,CPU_time,score
0,0.026339754646338757,1.0000002714546176e-07,0.002859382497296025,1.0000013623332703e-07,9.351809183780924e-06,1.0000023160642213e-07,3.3895141146990083e-07,1.0000003329170292e-07,0.2603936118406772,121396.75590692367,1217,1894.3385136750003,121396.75590692367
1,0.02526689054947253,0.001185484784409828,0.0027992713062603143,0.0005492856678570255,9.372026719846456e-06,8.511181986243664e-05,3.379079859402074e-07,0.027754443247053253,0.1524,,1217,,
