,p1,p2,p3,p4,p5,p6,p7,p8,Gkr,RMSE,iterations,CPU_time,score
0,0.001567882975544792,0.07933714749246502,2.2208532136665575e-05,0.051181562435286466,0.09598926922578545,0.023941764513899545,0.007054281627371232,0.03131601790787958,0.15483658154220234,723.5634733050605,1147,2714.162071226,723.5634733050605
1,1.0694258157938126e-06,8.466219542888785e-05,1.8552521269419757e-07,0.001832334353051476,0.0043281717821224515,0.004665735716668951,0.0026733240987112518,7.789223760573178e-07,0.1524,,1147,,
