,p1,p2,p3,p4,p5,p6,p7,p8,Gkr,RMSE,iterations,CPU_time
0,0.0002203384000847038,0.0667606911459992,3.326192130921028e-05,0.05564316024872432,0.0881723152761831,0.009084340983635643,0.004508400766334202,0.030192934066030172,0.1812351643264147,156.3313691385378,536,1047.8554193150012
1,0.0002203399099703065,0.06676168468880603,3.3262066808410334e-05,0.05564331723660059,0.08817142590039449,0.009084513329071627,0.004508302272521162,0.03019278840609938,0.1812351643264147,156.33137052899002,525,1000.7401881009973
2,0.00022033194544271786,0.0667623206264018,3.3261528022720713e-05,0.05564335740253335,0.08817163281643853,0.009084097053453914,0.004508363812140417,0.03019308490019207,0.1812351643264147,156.33136842516848,454,833.179171896998
3,0.0002203277126554035,0.06676146770912954,3.326330326319639e-05,0.05564285894136728,0.088172049804031,0.009084140014053298,0.004508468813608424,0.030193243058384098,0.1812351643264147,156.33137148792295,494,955.8496963790021
4,0.0002203456401648119,0.06676063532729777,3.326246435357614e-05,0.055643018990891024,0.08817225989948994,0.009084238218328088,0.004508349541946661,0.030193044172078402,0.1812351643264147,156.33137006258295,463,706.731462112999
