,p1,p2,p3,p4,p5,p6,p7,p8,Gkr,RMSE,iterations,CPU_time,score
0,0.0016913182012524002,0.03664998970147933,4.298959724365849e-05,0.04592354207808827,0.09318185934213967,0.021807032423689154,0.007356866335353555,0.029600714713166536,0.16386082218305809,1714.7122060143413,1422,4521.729502849999,1714.7122060143413
1,1.2466785040197969e-05,7.45906972131987e-07,3.574894528813379e-06,0.07669505353618583,0.0006899814166748292,1.6895068204172514e-05,2.0160136662919524e-06,4.830865051827426e-05,0.1524,,1422,,
