,p1,p2,p3,p4,p5,p6,p7,p8,Gkr,RMSE,iterations,CPU_time,score
0,0.0019700111597877757,0.05415577200778773,2.979936262133073e-05,0.04872926932885701,0.09614453455600135,0.023111826683413383,0.00685398647825747,0.03138546616062238,0.15789242497491318,2603.9765801639296,1593,5095.903914413,2603.9765801639296
1,3.2433901783679077e-07,3.145990028328074e-05,0.28518274781796993,2.5500516509390484e-05,0.015180133745502568,0.07439666740715535,3.647031751400705,0.0015253069800296596,0.1524,,1593,,
