,p1,p2,p3,p4,p5,p6,p7,p8,Gkr,RMSE,iterations,CPU_time
0,0.0002262433191596388,0.06992524212800352,3.441827383438479e-05,0.05461657038680313,0.08733864166590825,0.008915285896985608,0.005151091676289637,0.03156199905970454,0.1524,139.212942564629,584,1009.145157677005
1,0.00022624084515546482,0.06992596815750218,3.4417701299579016e-05,0.05461674547818131,0.08733858955758002,0.008915239373784035,0.005151069320824268,0.0315620043616503,0.1524,139.21294220229572,936,1405.5133249289938
2,0.00022624195839934574,0.06992527759015575,3.441872094507873e-05,0.054616459838691435,0.087338139410567,0.008915171249083873,0.005151073874933884,0.03156214678834194,0.1524,139.2129421952973,983,1735.2052678420005
3,0.0002262411901268731,0.0699256629186318,3.4418355837271034e-05,0.0546165561832308,0.08733871908802901,0.008915257197416157,0.005151105495870018,0.03156198554887629,0.1524,139.212942404432,491,1026.280793619997
4,0.0002262406763894399,0.06992603021209326,3.441816868282286e-05,0.05461658494239309,0.08733888436829154,0.008915206422705045,0.005151103483885674,0.03156199726990765,0.1524,139.21294221664434,1010,1800.073233536008
