,a_a0_a,a_a0_b,b_a1_a,b_a1_b,k_f_a,a_1_a,a_1_b,b_a0_a,b_a0_b,a_a1_a,a_a1_b,k_b_a,b_1_a,b_1_b,g_Kr,RMSE,iterations,CPU_time,score
0,0.02235904310307844,0.012750619339924107,6.871149555812886e-05,0.041795893267995494,0.024330956012919933,0.09063072499904265,0.02337851097648643,0.04480579848381915,0.06312485914000486,0.013270884011147748,0.037458338067804034,0.038072596436343524,0.006487843526942458,0.03270383372068567,0.1523153001191129,138.47888647184752,1476,4605.1424164909995,138.47888647184752
