,p1,p2,p3,p4,p5,p6,p7,p8,Gkr,RMSE,iterations,CPU_time
0,0.0002149800439781977,0.058333731221798586,2.8318835426887092e-05,0.05840064693260414,0.09481004426801175,0.008554660038013995,0.0028274831900658983,0.027868524573161305,0.3048,247.7661076250317,689,886.927081226997
1,0.00021495128291044218,0.058337012406786806,2.8317324154693786e-05,0.05840118586819015,0.09480992472106518,0.008554200111943267,0.002827486434327529,0.027868823684617242,0.3048,247.76610075772777,882,1356.0401468259952
2,0.0002149619641662941,0.05833552624978587,2.8317996900150934e-05,0.05840081192287984,0.0948229993721784,0.00855626437405258,0.002827858005790131,0.027866967976576125,0.3048,247.76610983391095,592,822.8172543229884
3,0.00021497464738458983,0.058334605219283346,2.8318105828627287e-05,0.058400903424658916,0.09481422132368034,0.008555038936090154,0.002827588455189474,0.02786826711418231,0.3048,247.76610229926766,666,776.1456391930114
4,0.00021496741347200874,0.058334434711760044,2.8318028907871525e-05,0.058400748068649935,0.09481436203303577,0.008554398277069289,0.0028276255092337596,0.027868469173714626,0.3048,247.76611160876172,526,613.9371919169935
