,p1,p2,p3,p4,p5,p6,p7,p8,Gkr,RMSE,iterations,CPU_time
0,0.00021120439041215943,0.07576193437297261,3.914908030527155e-05,0.050322069381665446,0.07282107848314785,0.009583793221377424,0.006364060638242331,0.0382118495293701,0.09061758216320735,1556.6497824577805,510,1543.9833176989923
1,0.0002112249799075305,0.07575959553894476,3.915352192920446e-05,0.05032116068586902,0.07281652132158967,0.009585061402298603,0.00636362279735213,0.038211121081951266,0.09061758216320735,1556.6497861698808,703,2098.266480828999
2,0.00021123009445898804,0.07575967170014782,3.915248112676664e-05,0.05032136727268795,0.07282431114508968,0.00958340701597377,0.006364403849319503,0.03821155325720923,0.09061758216320735,1556.6497847132105,921,2060.5099723469903
3,0.00021121419126804666,0.07576088425220714,3.91572009497402e-05,0.05032030462721691,0.07281725541542851,0.009584497794739915,0.006363685502356522,0.03821170013471324,0.09061758216320735,1556.6497290403051,903,2724.87718358
4,0.00021113359769223396,0.07576771044709951,3.9146069442023665e-05,0.05032276648622219,0.07281957956643441,0.009583836040086552,0.006363980307322986,0.0382111455397377,0.09061758216320735,1556.649757173528,493,1495.6356934539945
