,p1,p2,p3,p4,p5,p6,p7,p8,Gkr,RMSE,iterations,CPU_time,score
0,0.0016915510976977801,0.036681927829305495,4.29814145188072e-05,0.04592527078306626,0.09314826091359378,0.02181328211621715,0.007352888835599715,0.02960010250205068,0.1638611577105578,1714.3365726740922,1701,4877.047122553999,1714.3365726740922
1,1.527622853193958e-07,1.5753444937994724e-06,6.009371770287275e-06,2.931131711919147e-05,8.221485877547382,0.024429379465454412,2.0472499260470365e-07,3.613065861997193e-06,0.1524,,1701,,
