,p1,p2,p3,p4,p5,p6,p7,p8,Gkr,RMSE,iterations,CPU_time,score
0,0.001615422367544656,0.07287614917338656,1.904624961677287e-05,0.052291953890648,0.11012335888775475,0.023157090205712057,0.008881860218226685,0.029426632083318385,0.1529780297247196,2969.5962903187283,993,4775.607447533001,2969.5962903187283
1,0.53491559134721,2.2711686859033583e-07,0.00023387649225665554,0.0018543677422793558,0.2900502518706036,1.324554757753022e-06,0.0002346480655984471,4.270162662674349e-06,0.1524,,993,,
