,a_1_a,a_1_b,b_a0_a,b_a0_b,k_b_a,a_a0_a,a_a0_b,b_1_a,b_1_b,b_a1_a,b_a1_b,a_a1_a,a_a1_b,k_f_a,g_Kr,RMSE,iterations,CPU_time,score
0,0.09081579533031306,0.023389717307524687,0.04667273909619012,0.06256109538029676,0.03718363308735338,0.022027648894267053,0.011902749967087853,0.006497393414606619,0.03267337854619228,6.892884820664346e-05,0.041777685752937825,0.013918440977572402,0.03821669395222713,0.02379066063161759,0.15241535609816242,173.52672721465598,1752,7593.754365214,173.52672721465598
