,a_a0_a,a_a0_b,b_a1_a,b_a1_b,k_f_a,a_1_a,a_1_b,b_a0_a,b_a0_b,a_a1_a,a_a1_b,k_b_a,b_1_a,b_1_b,g_Kr,RMSE,iterations,CPU_time,score
0,0.02110330774360251,0.01181976180675882,6.951279108483086e-05,0.041712057235444355,0.02317405489825618,0.09103525607557854,0.023411931895470525,0.048856431421267964,0.06211009696021398,0.014799656933183214,0.038622682577216225,0.035243575512143736,0.006509541750950678,0.03264861849244538,0.15247098418968635,139.07644297205158,1599,4705.516522735999,139.07644297205158
