,p1,p2,p3,p4,p5,p6,p7,p8,Gkr,RMSE,iterations,CPU_time,score
0,0.0016879921308231521,0.0845342945529676,2.2066622819748508e-05,0.051217222143175256,0.1217703589130075,0.02691571822356757,0.008892741456026549,0.0287482519913604,0.15467794714399286,654.6967458855105,1534,3142.676457738,654.6967458855105
1,0.0012761065881449565,7.146732499147533e-06,0.001938550121817576,0.1049642802248091,0.00015288413903406515,0.08066637698446238,6.895149427079089e-07,0.0016984806698889417,0.1524,,1534,,
