,p1,p2,p3,p4,p5,p6,p7,p8,Gkr,RMSE,iterations,CPU_time,score
0,0.0016846647983269297,0.08444382068591294,2.211455723186231e-05,0.05119874117660827,0.1214298439894735,0.026899377100098668,0.008870597274244761,0.028777036361205807,0.1546615576578361,653.2881710561975,939,1945.9232233330004,653.2881710561975
1,6.094257815118044e-06,3.799774371769782e-06,3.6262252508772773e-07,7.990134838903214e-06,0.008793968192338573,0.0003746407457470037,2.2150473083736428e-07,0.0011533360510752432,0.1524,,939,,
