,p1,p2,p3,p4,p5,p6,p7,p8,Gkr,RMSE,iterations,CPU_time,score
0,0.0016135144579766153,0.07286041513681156,1.9080664161891906e-05,0.05227761644136675,0.11006373355856282,0.02316753288438624,0.008879254313827557,0.02941695185748767,0.1529696023784659,2972.381365872231,1184,5632.668794622001,2972.381365872231
1,0.06297187539927729,0.00567417979234636,5.082871851120438e-05,8.142899439147733e-05,0.008392024712197108,0.14551008208616142,0.0180575317472498,1.4618569560403348e-07,0.1524,,1184,,
