,p1,p2,p3,p4,p5,p6,p7,p8,Gkr,RMSE,iterations,CPU_time
0,0.00021728911278879944,0.07638036192067292,3.654821751569337e-05,0.049917949934883576,0.07545583935891619,0.009434965200218637,0.00930879746290291,0.03684210699405735,0.0762,2899.503447612772,617,2720.0109743059875
1,0.0002172788478543812,0.07638171228854385,3.655128951102398e-05,0.04991715645139754,0.07545911551847469,0.009433405469645868,0.009309347330200132,0.036843588477096935,0.0762,2899.5033958596837,836,3199.4146585080016
2,0.00021728986186792218,0.07637944255122522,3.655067451465154e-05,0.049917181475498555,0.0754578261360436,0.009433685575580936,0.009309136551037503,0.036843540445640595,0.0762,2899.5033818420143,808,2566.269568349002
3,0.00021730373401602352,0.07637870037463489,3.655504650154165e-05,0.049916482381238234,0.07543635114028016,0.009436103459517923,0.009306335927495506,0.03684252118694006,0.0762,2899.5034279536926,728,2138.7214715080045
4,0.00021729068919146957,0.07638053562937444,3.6550090873340104e-05,0.049917502226249945,0.07546136587586526,0.009433506826890113,0.009309640776117267,0.03684327675444077,0.0762,2899.5033963977457,913,2427.399191773002
