,b_1_a,b_1_b,k_b_a,b_a0_a,b_a0_b,b_a1_a,b_a1_b,k_f_a,a_a1_a,a_a1_b,a_a0_a,a_a0_b,a_1_a,a_1_b,g_Kr,RMSE,iterations,CPU_time,score
0,0.006495626538353946,0.03268064595033964,0.03698835138951995,0.04762339246124939,0.0630732534272086,6.890048861955623e-05,0.041777186617344385,0.023806631147937306,0.013799707540412844,0.03830762865969073,0.022581060364435246,0.011429548189738552,0.0908114417967049,0.023400779633171838,0.15237485537834167,172.81759992826127,777,3456.3315427220004,172.81759992826127
