,p1,p2,p3,p4,p5,p6,p7,p8,Gkr,RMSE,iterations,CPU_time
0,0.00021041549303134498,0.07903691434382983,3.5929165982249634e-05,0.04905340075815632,0.0697914382503462,0.010214054968974628,0.010625287038355288,0.037949101954552575,0.06407630684233305,4457.725892771374,527,1512.095446995998
1,0.00021041277867033957,0.07903941541932698,3.5922810166363846e-05,0.04905478757405666,0.06980856400797801,0.01021051791896123,0.010627565584150565,0.037952335578003954,0.06407630684233305,4457.725974624391,741,2128.3052802969905
2,0.0002104132098451278,0.07903729344375898,3.592682952769907e-05,0.04905404811082743,0.06979253845160505,0.010213983433355833,0.010625427413334798,0.03794903585215623,0.06407630684233305,4457.725861431512,577,1676.6748605259927
3,0.00021041839176704432,0.07903857140141426,3.5921362945446494e-05,0.04905500675494441,0.0698106828889617,0.01021122729101627,0.010627994109406007,0.03795098249574301,0.06407630684233305,4457.725917372991,835,2462.9254992200003
4,0.00021039543867498644,0.07904146449050857,3.5922868186013735e-05,0.04905501680004732,0.06979749895098425,0.010214180307689223,0.010626251004793332,0.03794852737326236,0.06407630684233305,4457.725908032326,568,1514.411105807012
