,p1,p2,p3,p4,p5,p6,p7,p8,Gkr,RMSE,iterations,CPU_time
0,0.00015151582006252845,0.08930717510178802,2.4612325055189675e-05,0.05105728883144751,0.059104472531703145,0.009993957966391126,0.008039464808425526,0.04489478213204601,0.05388153672641493,6689.661636468918,666,1415.734817151002
1,0.00015151267189925568,0.08930856889636589,2.4611850110923844e-05,0.051057100076038545,0.05911184826653684,0.009991767526984996,0.008040564802370271,0.04489619619594027,0.05388153672641493,6689.661628892174,536,1282.3494980869946
2,0.00015158669921691914,0.0892992682427834,2.4623236456376778e-05,0.05105314593899144,0.05910551445798793,0.009993627430569684,0.00803890070238654,0.04489835985503362,0.05388153672641493,6689.661667788154,794,1864.514634193998
3,0.00015156246526470575,0.08930110354193334,2.4617499689123756e-05,0.05105497355754955,0.059115401722455406,0.009990077437562354,0.008040481652039872,0.04490069647814731,0.05388153672641493,6689.661666244792,797,2043.8475042150094
4,0.00015155374154873544,0.08930524946719272,2.4620887242140978e-05,0.05105351600227532,0.059107687860544704,0.009993694007689336,0.008039650171226735,0.04489593280854909,0.05388153672641493,6689.661705747165,715,1707.6856241869973
