,p1,p2,p3,p4,p5,p6,p7,p8,Gkr,RMSE,iterations,CPU_time,score
0,0.0019699906172527997,0.05415357377650054,2.9802341283564953e-05,0.04872846583715688,0.09614434576736337,0.02311145268543685,0.006854181159762576,0.03138530221087104,0.15789352609114415,2603.976531613762,1700,5719.282041180002,2603.976531613762
1,2.626273171387911e-06,0.00020140910954477198,0.03947777550342397,0.00015533145416924123,0.0012713356164582301,0.026078555572332032,0.3482005736003323,7.225487615837478e-06,0.1524,,1700,,
