,p1,p2,p3,p4,p5,p6,p7,p8,Gkr,RMSE,iterations,CPU_time
0,0.00022518946923445271,0.07452631961764784,3.622185456365362e-05,0.05343335872244457,0.08617487016583206,0.009286497448067707,0.005999736986019664,0.032642567313942245,0.1294655974387777,157.35942902135383,640,1010.4533704999922
1,0.0002251865214042531,0.0745272365062511,3.622265404166764e-05,0.0534331642439961,0.08617758239363664,0.00928691216176345,0.005999967764633907,0.03264206286164488,0.1294655974387777,157.35942999200833,575,1042.769839710003
2,0.00022518665458386318,0.07452696408643303,3.622316060953896e-05,0.05343307393576217,0.08618125244812193,0.009287326413587583,0.006000198038089749,0.032641983423149175,0.1294655974387777,157.35942948470614,906,1300.7732809459994
3,0.0002251913949783947,0.07452678449967064,3.6222302876355364e-05,0.05343322129846361,0.08617677661840596,0.009286804031540847,0.005999885143394178,0.032642265219790405,0.1294655974387777,157.35942981160355,637,1250.239984455009
4,0.00022518919351901604,0.0745271849974834,3.6222130077682004e-05,0.053433298428788016,0.08617696746860624,0.009286884613294176,0.005999847106317078,0.032642381274452174,0.1294655974387777,157.35942867750117,601,1115.9298518430005
