,p1,p2,p3,p4,p5,p6,p7,p8,Gkr,RMSE,iterations,CPU_time
0,0.00025144826294116264,0.08844015255720154,3.1917084857808354e-05,0.050527852269821594,0.07036496832939551,0.009273100701102821,0.00913581866717035,0.03942510021041213,0.06407630684233305,1115.5083086036577,612,1108.2260466689986
1,0.000251459043383464,0.08843965787671045,3.192100117880056e-05,0.05052737006784324,0.07036535787747625,0.009273582320655482,0.009135861367768046,0.03942524995941554,0.06407630684233305,1115.5082900442583,996,1447.4930179820003
2,0.0002514412184011705,0.08844030676428401,3.192014831769528e-05,0.05052760778859701,0.07036420344380968,0.009272494947494311,0.009135909948182117,0.03942614699696223,0.06407630684233305,1115.5082908174372,792,1107.2330547509991
3,0.0002514657568885319,0.08843823367632801,3.1921770215980216e-05,0.05052751647538502,0.07036483511347373,0.009272893222120274,0.009136023794667115,0.039425689135675714,0.06407630684233305,1115.5082714023847,1158,2379.9975851319978
4,0.00025144184932701663,0.08843997698478027,3.1921125087040127e-05,0.050527198535632624,0.07036202694350087,0.009272960638500463,0.009135647918060003,0.039425253562877564,0.06407630684233305,1115.5082956995082,826,1882.5730649120014
