,p1,p2,p3,p4,p5,p6,p7,p8,Gkr,RMSE,iterations,CPU_time,score
0,0.051364343913846616,1.0000026468895773e-07,0.44097219182799313,1.0000009768535269e-07,4.09156083024487e-05,1.0000229929923261e-07,1.7417327825605743e-06,1.0000104809316518e-07,1.928262255767221,121325.9313062092,1567,2683.630997936001,121325.9313062092
1,0.08429613966625019,0.0029508325915426213,0.41399732228265895,1.7390123512365203e-05,0.00011722687974311758,1.2328718029464057e-06,2.113060446857727e-06,0.004306631376586943,0.1524,,1567,,
