,b_1_a,b_1_b,k_b_a,b_a0_a,b_a0_b,b_a1_a,b_a1_b,k_f_a,a_a1_a,a_a1_b,a_a0_a,a_a0_b,a_1_a,a_1_b,g_Kr,RMSE,iterations,CPU_time,score
0,0.006500724180963261,0.03268596258015609,0.03682338239240516,0.04717559773612561,0.06330085465206928,6.882339443998016e-05,0.04179172478383309,0.0237610646182594,0.0137975939791719,0.038141885289062524,0.022279555112365693,0.011748721148234099,0.09084589090045353,0.02337670877495135,0.1524072272020294,202.5291765875489,1122,5688.193050984002,202.5291765875489
