,p1,p2,p3,p4,p5,p6,p7,p8,Gkr,RMSE,iterations,CPU_time
0,0.0002116613347431866,0.08745008034303194,3.564467715226492e-05,0.050604505670120904,0.08404764327804913,0.01132376878099025,0.010291143350317168,0.03530332760136737,0.07664514235271616,658.8524760159805,535,1058.466251402002
1,0.00021167121948354785,0.08744606783510378,3.564776135106093e-05,0.05060383982844967,0.08404405635989959,0.011321886623809289,0.010290822568252325,0.0353052718989626,0.07664514235271616,658.8524709260852,637,1264.5260027969925
2,0.00021169823856082164,0.08744164523020533,3.564453897117784e-05,0.05060491630233033,0.08404162105949442,0.011321559610155565,0.010290413607362695,0.03530598270978384,0.07664514235271616,658.8524852065163,522,1030.6551790320082
3,0.00021165505529359015,0.08745539876568297,3.5651072958206365e-05,0.050603258031954076,0.08401953239628715,0.011319729427251127,0.010287751851566822,0.03530776571351206,0.07664514235271616,658.8524690596868,476,944.5200417779997
4,0.00021168539298719083,0.08744787011579687,3.564864816439818e-05,0.05060362396538325,0.084050657085691,0.011323345709038138,0.01029146953508191,0.035304228777357075,0.07664514235271616,658.8524714267357,550,1087.360775263005
