,p1,p2,p3,p4,p5,p6,p7,p8,Gkr,RMSE,iterations,CPU_time
0,0.00021532903896571352,0.0582979909001763,2.8438126070760278e-05,0.058367297949316437,0.09479512615225005,0.008587541803185593,0.0028293841433701086,0.027840480526859637,0.3048,248.1583341748688,575,801.8952173540019
1,0.000215335068849736,0.05829751975158635,2.8437323769296684e-05,0.058367487664054155,0.09479849399490925,0.008586760535171115,0.002829491896855581,0.027840779474278928,0.3048,248.1583381683745,772,1466.9246025979955
2,0.00021533172687934415,0.05829766081894356,2.8439500274009244e-05,0.05836701116674557,0.09478754499721884,0.008587459740218914,0.0028291558728134316,0.027841003567852497,0.3048,248.15833214714607,952,1170.9521165800106
3,0.00021533721592361586,0.05829929816127428,2.843826989796684e-05,0.058367416721975436,0.09480247712497471,0.00858802364642538,0.0028295961700050298,0.027839886309519543,0.3048,248.1583354844613,701,836.3322609030001
4,0.0002153382366061517,0.05829725843870903,2.8437703741846572e-05,0.05836744308573935,0.09479986271671786,0.00858758739388862,0.0028294944966425046,0.027840462086354552,0.3048,248.15833572948125,805,939.8560418400011
