,p1,p2,p3,p4,p5,p6,p7,p8,Gkr,RMSE,iterations,CPU_time,score
0,0.0016144015331972406,0.07288459218769705,1.9048037498812447e-05,0.052292990326160554,0.11017174213671695,0.023163499129877016,0.008885638375055406,0.02940829693295117,0.15302425089572322,2966.0273641592426,1650,7060.104155912999,2966.0273641592426
1,7.3255166456739804e-06,0.007389775485801968,0.15281807047704274,0.001100050351078177,1.4930423295930523e-06,3.084839213198114e-07,0.07356009746810752,0.023275851760271443,0.1524,,1650,,
