,p1,p2,p3,p4,p5,p6,p7,p8,Gkr,RMSE,iterations,CPU_time,score
0,0.0016153874064304473,0.07287162839067551,1.9048819789329195e-05,0.05229079711911603,0.11011306829558766,0.02315699772283787,0.008881055802772358,0.02942754419145976,0.15297743709562195,2969.5962269407455,1490,7132.339899297,2969.5962269407455
1,3.4607615645174087e-06,5.585082085104594e-06,0.008402093989099529,0.007001848617937205,4.06927979322211,1.1553895303209726e-07,0.0008742572705180252,0.0007643852676374679,0.1524,,1490,,
