,p1,p2,p3,p4,p5,p6,p7,p8,Gkr,RMSE,iterations,CPU_time
0,5.989123264060761e-05,0.09961213927537389,2.1581374737514882e-05,0.053573825147366756,0.07113006033916594,0.010441005192676673,0.009527474081513205,0.04018289197004681,0.06435684129488249,4836.385873853037,996,1809.9950731999998
1,5.9895428727622334e-05,0.09961038944072573,2.157063965201875e-05,0.053577892017893716,0.07114522437962875,0.010436696139910365,0.00952938882466885,0.04018692883598109,0.06435684129488249,4836.38588971516,747,1329.6175512240152
2,5.9881938863242316e-05,0.09961430317410483,2.157143488259518e-05,0.05357759837469074,0.07114193306556527,0.01043672257839392,0.009529076616701285,0.04018721528485602,0.06435684129488249,4836.385866569461,762,1350.6522525809996
3,5.988286712496965e-05,0.09961542311414653,2.157948611490246e-05,0.05357441616914424,0.07112195863689953,0.010440920972323324,0.009526433147204432,0.04018366390114984,0.06435684129488249,4836.385870530666,586,1397.105738062004
4,5.988506370115337e-05,0.09961363715466999,2.1580021583619905e-05,0.05357409367830278,0.07113667061252854,0.010438222617597002,0.00952804647544954,0.04018750318162316,0.06435684129488249,4836.3858599465875,650,2172.3808218149934
