,b_1_a,b_1_b,k_b_a,b_a0_a,b_a0_b,b_a1_a,b_a1_b,k_f_a,a_a1_a,a_a1_b,a_a0_a,a_a0_b,a_1_a,a_1_b,g_Kr,RMSE,iterations,CPU_time,score
0,0.0065006804125263395,0.03268382494244247,0.036599889291423396,0.048840967227800736,0.06391267130306823,6.885922612902421e-05,0.04178634957901529,0.023928179904676265,0.01357055808155408,0.03785261725706688,0.02312026377989264,0.011240296123679779,0.09085125585999088,0.023382283358700875,0.15238440998072597,296.41575110496564,923,6209.629895895001,296.41575110496564
