,p1,p2,p3,p4,p5,p6,p7,p8,Gkr,RMSE,iterations,CPU_time
0,6.875989136839274e-05,0.0967542093239415,2.477626349542075e-05,0.05332542386292054,0.07662172218179009,0.009966939716872632,0.008506367562663722,0.03831516580656695,0.0762,3056.780892494203,822,2800.5379664970096
1,6.877246172191709e-05,0.09674972130126434,2.4773724642287505e-05,0.05332641475953124,0.07662513701316162,0.009965025233416759,0.008505968931439671,0.03831889338027843,0.0762,3056.7808902210068,534,1882.740170570003
2,6.877617946580045e-05,0.0967485014161011,2.4767301247438008e-05,0.05332856813703216,0.0766277164570943,0.00996445646665768,0.008506290062074616,0.03831850900391989,0.0762,3056.780863282504,1070,3754.4708978080016
3,6.878889093386605e-05,0.096745833415555,2.4778430798167625e-05,0.05332484601496374,0.07661566136747285,0.009967031495770124,0.008505243082317706,0.03831647172111184,0.0762,3056.780900066433,686,2060.6330683660053
4,6.87468999329678e-05,0.09675779801599425,2.4775631001686197e-05,0.053325579192632935,0.07662781971309929,0.009965145978590786,0.008506533402654363,0.03831814679151409,0.0762,3056.7808860129576,696,2141.8767497769877
