,p1,p2,p3,p4,p5,p6,p7,p8,Gkr,RMSE,iterations,CPU_time
0,0.00022592821864558292,0.06993014922862306,3.447434370876227e-05,0.05460300174406434,0.08681705590576172,0.008871181720444831,0.005121217486812985,0.03161940320523868,0.1524,138.05750137719684,559,1168.9225867189962
1,0.00022592686750565506,0.0699302051408791,3.4474757275617765e-05,0.05460291159792204,0.08681549234482216,0.00887094645637711,0.00512112978906449,0.03161972710149743,0.1524,138.05750159749869,732,1324.4963762800035
2,0.00022592767111489739,0.0699300403558838,3.447478826859697e-05,0.05460288721484182,0.08681643390690372,0.008871178078018165,0.005121184655219298,0.03161945525595329,0.1524,138.05750130009943,529,857.068390993998
3,0.00022592715660141728,0.06993020227017512,3.447472032151106e-05,0.0546028941034071,0.0868171783076289,0.008871082333190417,0.005121228257930631,0.03161954180857874,0.1524,138.05750137084397,835,1695.9558652059932
4,0.0002259282404822968,0.06993039101179704,3.4474385527331104e-05,0.05460301179393004,0.08681604056868658,0.008871098229246591,0.005121148684838577,0.03161950540885166,0.1524,138.05750150974058,656,994.2120243719983
