,p1,p2,p3,p4,p5,p6,p7,p8,Gkr,RMSE,iterations,CPU_time,score
0,0.3451412104241845,1.0000011002760384e-07,2.879141676852319,1.0000005253743311e-07,3.170583097669682e-07,1.0012806851239958e-07,1.0293462032913791e-05,1.0022838034444133e-07,0.07162361287293072,458402.5438243739,1488,5014.505363194,458402.5438243739
1,0.3553329121158463,0.011040125118601004,3.06534625680469,0.04636875142080817,2.807253514743026e-07,0.002887652655352135,1.0347220753710546e-05,9.982224366641653e-06,0.1524,,1488,,
