,p1,p2,p3,p4,p5,p6,p7,p8,Gkr,RMSE,iterations,CPU_time
0,0.0003567824504753417,0.05867192677830452,3.380175956941427e-05,0.05810335862664196,0.09101818963454572,0.009884411568974108,0.002332921980420021,0.026159649532294896,0.3624703286528294,1041.3733813896424,696,1194.1806451220182
1,0.0003567572778330211,0.05867258134291642,3.380238306864609e-05,0.05810314556696365,0.09101382470689948,0.009885562948787733,0.0023327847273375262,0.02615933030274008,0.3624703286528294,1041.3733772323817,1200,2059.3331722330186
2,0.0003567625383094665,0.05867251060112769,3.380200352352774e-05,0.058103298533649074,0.09101436328385593,0.009885525622247468,0.0023327558827947225,0.02615955209545327,0.3624703286528294,1041.3733798623502,1024,1755.3307783030032
3,0.00035677109524149685,0.05867124251270908,3.380183576094295e-05,0.05810337581870038,0.09101323808785672,0.00988490344590414,0.002332742448044205,0.026159886445818896,0.3624703286528294,1041.3734023168063,972,1664.2803209670237
4,0.0003567556008077761,0.05867177158274514,3.380252637608607e-05,0.05810320162253981,0.09101187780147565,0.009885250606056065,0.002332723302457724,0.026159761192341636,0.3624703286528294,1041.373391068246,736,1258.2673896419874
