,p1,p2,p3,p4,p5,p6,p7,p8,Gkr,RMSE,iterations,CPU_time,score
0,0.0016881976677760933,0.03665315378347006,4.291287777881956e-05,0.04594135022575253,0.09317576427399003,0.021813937741501067,0.007353411406735633,0.02959244658624567,0.16391968623397712,1710.0088021780991,1041,3121.047198256998,1710.0088021780991
1,1.8971429433796658e-07,0.0005534165730316619,0.06680393777418954,0.00010641337477644249,0.05561171133958599,0.0038983849914673665,0.05506957533783552,0.00010716398223634181,0.1524,,1041,,
