,p1,p2,p3,p4,p5,p6,p7,p8,Gkr,RMSE,iterations,CPU_time,score
0,1.4322649156010776,9.342619916444065e-06,2.1446056996305824e-06,1.4959189397534906e-05,1.0879803615344806e-05,1.0037708121160364e-07,4.216338867694395e-06,1.0002716727299267e-07,0.026631622805627714,458416.315210717,1072,3816.3208536029997,458416.315210717
1,1.5385269179390855,4.7167694351793094e-05,2.2109413503931132e-06,2.0760599820590847e-07,1.0777160493630076e-05,0.0004495815568881514,5.047737927879369e-06,2.2311079118049057e-05,0.1524,,1072,,
