,p1,p2,p3,p4,p5,p6,p7,p8,Gkr,RMSE,iterations,CPU_time,score
0,0.0015660321652323536,0.07931053895563162,2.2232104840031737e-05,0.05117106050638151,0.09597530465163742,0.023931991084809805,0.007052056157052689,0.03133589710471143,0.15482236445396694,718.9106116844114,1464,3123.202382824,718.9106116844114
1,3.1175603972112993e-07,0.012775051765082906,0.00026453196013123345,0.0002336552681666978,0.00012159221946817945,0.0037933534807394007,1.1614091159156624e-07,0.0011200172406487649,0.1524,,1464,,
