,p1,p2,p3,p4,p5,p6,p7,p8,Gkr,RMSE,iterations,CPU_time,score
0,0.001969803891288297,0.05414850507957215,2.98188390744997e-05,0.04872354970760612,0.09613812585861312,0.023124131319869404,0.006851153737417732,0.031388186312672164,0.15786603843114963,2603.0552677020773,1624,5381.164096493998,2603.0552677020773
1,2.4964165234818903e-05,6.64474131095167e-05,7.765764428748333e-06,1.3758321020219218e-07,0.9714267217048371,0.03803468600152199,0.0017219474572311945,0.01181694995147642,0.1524,,1624,,
