,a_1_a,a_1_b,b_a0_a,b_a0_b,k_b_a,a_a0_a,a_a0_b,b_1_a,b_1_b,b_a1_a,b_a1_b,a_a1_a,a_a1_b,k_f_a,g_Kr,RMSE,iterations,CPU_time,score
0,0.09099703580296402,0.023409856612185115,0.048744315161627735,0.06315124414725577,0.03697472006238339,0.021961803339533542,0.011465052401587192,0.0065081704072331515,0.032654749120923345,6.913597031611817e-05,0.04175737252697704,0.01423122864869137,0.037903640597278285,0.023999284445720047,0.1524539835077642,139.07932225849288,1250,3848.877748887,139.07932225849288
