,p1,p2,p3,p4,p5,p6,p7,p8,Gkr,RMSE,iterations,CPU_time
0,0.00019953997989476027,0.09261790326394621,2.3090641950417985e-05,0.05126571884192092,0.08012233746673997,0.015149790408661833,0.018395385321938015,0.03652617066202652,0.045374817422412735,1988.0911446625557,598,845.5823602710007
1,0.00019952683619461138,0.09262012093279373,2.30893234549396e-05,0.051266324098717814,0.08013929593259725,0.015144944831010369,0.018399240297853114,0.03653131798887105,0.045374817422412735,1988.091157202324,828,957.2397367759986
2,0.0001995038223439653,0.09262025513817128,2.3087567348574673e-05,0.051266886026475146,0.08013989458744382,0.015141957759842053,0.01839951056129954,0.036533021475975265,0.045374817422412735,1988.0911479464758,751,1409.9878547529952
3,0.00019949115395727276,0.09263237333487162,2.308642319627056e-05,0.05126741826780291,0.0801038567906538,0.015137594872474548,0.018390873841572983,0.036538438520232044,0.045374817422412735,1988.0911574991026,607,1114.5492137770052
4,0.00019950422604859117,0.09262995039357479,2.3089637039366728e-05,0.05126607966687185,0.08010048839045614,0.015139118443400011,0.018390454737303785,0.03653655050885349,0.045374817422412735,1988.0911498392513,1103,1367.8269896060083
