,a_a0_a,a_a0_b,b_a1_a,b_a1_b,k_f_a,a_1_a,a_1_b,b_a0_a,b_a0_b,a_a1_a,a_a1_b,k_b_a,b_1_a,b_1_b,g_Kr,RMSE,iterations,CPU_time,score
0,0.02241780138463165,0.011470457534604659,6.884115521905571e-05,0.041787653450002564,0.02429307908980855,0.0908658955285718,0.023420995911099234,0.047282473010530436,0.06332801020127105,0.013688710344780633,0.0380503604193596,0.037715491001847554,0.006500748443883724,0.03266003035938318,0.1523990861883997,138.01353457842384,1748,4985.189491712,138.01353457842384
