,a_1_a,a_1_b,b_a0_a,b_a0_b,k_b_a,a_a0_a,a_a0_b,b_1_a,b_1_b,b_a1_a,b_a1_b,a_a1_a,a_a1_b,k_f_a,g_Kr,RMSE,iterations,CPU_time,score
0,0.09083768532253621,0.02339356581348248,0.04758580364249287,0.06259855466693232,0.03631483785077574,0.022190451639100023,0.011843825911742644,0.006496824570618098,0.03268161116393437,6.898595925515893e-05,0.04176896711492492,0.013745599559876257,0.0381535941921379,0.023780878057327873,0.15238991447556907,202.01383980249238,1380,6329.957213583002,202.01383980249238
