,p1,p2,p3,p4,p5,p6,p7,p8,Gkr,RMSE,iterations,CPU_time
0,0.00021182790777608313,0.07559435740020841,3.919702623622863e-05,0.05035038721889248,0.07313349951825487,0.009552856746044442,0.006368301093609972,0.03808559727770186,0.09127977271835509,1516.3903396621508,602,1566.736423208
1,0.000211875284011306,0.07559102135592162,3.9201162408073094e-05,0.05034897066161428,0.07313767243521903,0.009552004478457318,0.0063688570870688195,0.03808486592066099,0.09127977271835509,1516.390356400215,486,843.8070610279974
2,0.00021179497584648764,0.07559742825112148,3.919664792196463e-05,0.050350405376166,0.07313370221326791,0.00955215087997018,0.006368339683647938,0.03808548301849763,0.09127977271835509,1516.3903454555254,680,1173.6381106920016
3,0.00021182984134507683,0.07559417480679778,3.919517182444281e-05,0.050350688167718705,0.07313348116249314,0.009552653558282288,0.006368537763756452,0.03808420639293891,0.09127977271835509,1516.390344163479,612,1052.4729294870049
4,0.0002118441252521743,0.07559323550157893,3.9201712448180386e-05,0.05034910574493731,0.07313673669934788,0.009552062678129327,0.006368789973078376,0.03808525123662148,0.09127977271835509,1516.390354215944,785,1348.5118526930019
