,a_1_a,a_1_b,b_a0_a,b_a0_b,k_b_a,a_a0_a,a_a0_b,b_1_a,b_1_b,b_a1_a,b_a1_b,a_a1_a,a_a1_b,k_f_a,g_Kr,RMSE,iterations,CPU_time,score
0,0.09082452438936488,0.02340605617401656,0.0470026882193966,0.06315518237770279,0.03677876679182103,0.02234729020931602,0.011759204525202101,0.006495828819233275,0.03267451599383756,6.894344100479977e-05,0.041777260650534546,0.013647483893611083,0.03819736264269475,0.023898500048668826,0.15241751561605665,139.2989780502958,1300,4333.024812194999,139.2989780502958
