,p1,p2,p3,p4,p5,p6,p7,p8,Gkr,RMSE,iterations,CPU_time,score
0,0.0016913153397934838,0.03665005378190207,4.299441682354652e-05,0.0459224806581587,0.09318185050088588,0.02180717281872168,0.007356747925349824,0.029601179589591707,0.1638608776960405,1714.7121829527894,941,2713.732504605001,1714.7121829527894
1,0.004792340898175395,0.04822436281205784,0.020515379420284606,1.789874244663275e-05,0.006270285150709,9.1513484025414e-06,1.3003533551917819e-05,0.019100912439294994,0.1524,,941,,
