,a_a0_a,a_a0_b,b_a1_a,b_a1_b,k_f_a,a_1_a,a_1_b,b_a0_a,b_a0_b,a_a1_a,a_a1_b,k_b_a,b_1_a,b_1_b,g_Kr,RMSE,iterations,CPU_time,score
0,0.02326165015529837,0.010384485505864183,6.952336762295678e-05,0.041707884977761615,0.023193573662312533,0.090925366941385,0.023412420379981206,0.05395175351423575,0.06389714425910228,0.014171590762123626,0.03815056108659931,0.033850223570235476,0.006507627432824903,0.03264703831554945,0.15238241609433875,138.52856472466854,1145,3914.2192340559996,138.52856472466854
