,p1,p2,p3,p4,p5,p6,p7,p8,Gkr,RMSE,iterations,CPU_time
0,0.0003276348045384066,0.06075627688572343,3.4488911813239976e-05,0.05692437088197872,0.0888588680042189,0.009414017583300396,0.0032262863112624673,0.027678641814715174,0.2563052273693322,679.1885831478342,652,1207.5518943180214
1,0.00032763673427348307,0.06075621035037756,3.448888599713801e-05,0.05692440646377768,0.08886032855428345,0.009414481927126035,0.003226322505586736,0.027678381359728232,0.2563052273693322,679.188571862863,624,1152.3820286389964
2,0.00032764081223297313,0.06075605349332243,3.4489213383448174e-05,0.056924198938785635,0.08885988127310832,0.009414330618117748,0.00322632310687159,0.027678285807639636,0.2563052273693322,679.1885801271532,678,1259.910300694988
3,0.00032763544670505836,0.06075672196509429,3.4489252269830616e-05,0.056924307193690606,0.08886051679410109,0.009414435502594028,0.003226335751867635,0.027678274635140016,0.2563052273693322,679.1885772828593,857,1580.6489087689843
4,0.0003276214536987291,0.060757512311459566,3.448904038778856e-05,0.05692438207027112,0.08885843448300061,0.009415070211441202,0.003226199825990071,0.02767812328490119,0.2563052273693322,679.1885844486155,713,1259.9454986799974
