,p1,p2,p3,p4,p5,p6,p7,p8,Gkr,RMSE,iterations,CPU_time,score
0,13.56598333481973,1.5446577292263202e-05,8.625121591998266e-05,2.8914353067604627e-06,0.00011344773667395799,0.0022073562788915988,1.0000004986803923e-07,0.06705219269502131,0.02118538556504763,336788.14861741615,1171,3486.312408304002,336788.14861741615
1,3.4701503677366987,0.0637534540626795,2.9412593311306476e-05,0.07108886186678956,0.00013816393995490513,6.876204116144959e-05,1.0577670334525856e-06,0.001173925617847438,0.1524,,1171,,
