,p1,p2,p3,p4,p5,p6,p7,p8,Gkr,RMSE,iterations,CPU_time,score
0,0.0015669379028313152,0.0793089117838841,2.2190422924941114e-05,0.05119090506855391,0.09598769641437246,0.02394942877683157,0.007054094140969446,0.031302766522386255,0.15483518164864601,719.8350761029318,1483,3383.8788239819987,719.8350761029318
1,0.0246134496796073,2.565564636672822e-06,5.287173551042976e-06,0.0001190381375060196,0.8918582746529796,2.447042301947723e-05,0.0005607623224245569,0.001267700760493357,0.1524,,1483,,
