,a_a0_a,a_a0_b,b_a1_a,b_a1_b,k_f_a,a_1_a,a_1_b,b_a0_a,b_a0_b,a_a1_a,a_a1_b,k_b_a,b_1_a,b_1_b,g_Kr,RMSE,iterations,CPU_time,score
0,0.0226488847471451,0.011660580766091276,6.884595712945045e-05,0.04178268523082697,0.023701330671076243,0.09081180190982098,0.0233920481029152,0.046952214003177666,0.06385362772449475,0.013645073732681163,0.038230723351476224,0.036853150759746885,0.006492942583061801,0.032702836417106224,0.15237809306045322,173.78005917462306,1425,6404.452305039001,173.78005917462306
