,b_1_a,b_1_b,k_b_a,b_a0_a,b_a0_b,b_a1_a,b_a1_b,k_f_a,a_a1_a,a_a1_b,a_a0_a,a_a0_b,a_1_a,a_1_b,g_Kr,RMSE,iterations,CPU_time,score
0,0.006490820365168456,0.03267668035028152,0.03770130282008204,0.04782459162964929,0.0632268786350318,6.936868948724303e-05,0.041725731447816244,0.023610572962525365,0.014706534530407213,0.03745057420889819,0.02171167660587297,0.012055168338797608,0.09074334219953929,0.02338700106883556,0.15237776006319392,138.7532709205453,1663,4870.488283084,138.7532709205453
