,p1,p2,p3,p4,p5,p6,p7,p8,Gkr,RMSE,iterations,CPU_time
0,0.00022838933786966612,0.06987940545698769,2.4034275937979108e-05,0.06074902694251258,0.09556421979517238,0.009053172760642249,0.0024922923730848483,0.02506206036069989,0.3624703286528294,988.2979513823625,636,1115.5950212500175
1,0.00022835617729156883,0.06987886784269293,2.4031188166148394e-05,0.06075000710745262,0.09556577541557333,0.0090523572638075,0.0024924251221566224,0.02506221633929363,0.3624703286528294,988.297932080255,502,872.2690737490193
2,0.00022833962396963655,0.06988142776913923,2.4024997213375436e-05,0.06075264294821656,0.09556859344713925,0.0090516371179883,0.0024924576946531996,0.02506276163214392,0.3624703286528294,988.2979450103837,865,1497.8650775509886
3,0.00022836757300538524,0.06987886085944937,2.403176580895886e-05,0.06074982255799974,0.09556576097074172,0.009051978037184601,0.002492380090443339,0.025062742546009528,0.3624703286528294,988.2979512764291,893,1537.2178965230123
4,0.0002284218264521149,0.06987393529212364,2.4033479675467646e-05,0.06074926442048339,0.0955639263281758,0.009052408788585103,0.002492352917747157,0.025062571306938508,0.3624703286528294,988.2978887151139,729,1253.1486795039964
