,p1,p2,p3,p4,p5,p6,p7,p8,Gkr,RMSE,iterations,CPU_time
0,0.0002289095744357541,0.06982925630849851,2.4042788508512035e-05,0.06074546358905955,0.0955900944436682,0.009047379767268235,0.002493430191530584,0.025066680823584642,0.3624703286528294,991.3031296758379,521,1584.2544871160062
1,0.0002289367209447297,0.06982919783388919,2.404129599726762e-05,0.060746325520569175,0.09559014088135079,0.00904786807299894,0.0024933834805029647,0.02506645892187776,0.3624703286528294,991.3031885289181,500,1512.8429783879983
2,0.00022896157629845098,0.06982536255065214,2.4043606247502737e-05,0.0607454723242914,0.095594418819707,0.009047229002153344,0.0024935073111575275,0.025067056023632343,0.3624703286528294,991.3031732053234,719,2179.093366906003
3,0.00022890499617649979,0.06983016218636241,2.404632043466007e-05,0.060744510741619746,0.09559343406269472,0.009048529874173086,0.0024935386702412106,0.025066353852559575,0.3624703286528294,991.303137798211,518,1559.8236970349972
4,0.000228838516884741,0.06983702867618372,2.4041988948954577e-05,0.06074596892421966,0.09559449572206466,0.009046796738342706,0.002493624011409817,0.025066312262562323,0.3624703286528294,991.3031576728606,561,1686.0630282069906
