,a_a0_a,a_a0_b,b_a1_a,b_a1_b,k_f_a,a_1_a,a_1_b,b_a0_a,b_a0_b,a_a1_a,a_a1_b,k_b_a,b_1_a,b_1_b,g_Kr,RMSE,iterations,CPU_time,score
0,0.022345765295956308,0.011729985983336891,6.887550660119141e-05,0.041784488412228996,0.023832421864897355,0.09082656683500193,0.023392382519631143,0.046890644294181195,0.06318403466179796,0.013913850397354849,0.03812665556807348,0.0375648586573415,0.006497959925247223,0.032670799824210506,0.15242642599256936,296.4830642489694,997,6586.608366957,296.4830642489694
