,p1,p2,p3,p4,p5,p6,p7,p8,Gkr,RMSE,iterations,CPU_time
0,0.00022158824906133803,0.07423448548439826,3.678860910665292e-05,0.050912792132998874,0.07992048007154315,0.008961057232680559,0.00808601135243652,0.035724707818776756,0.09061758216320735,1678.8597254350836,794,2163.7129281160014
1,0.00022160440156967788,0.07423237867377779,3.678715485785766e-05,0.05091323213548252,0.07991946303663892,0.00896105268116328,0.008085682171726186,0.03572517755100104,0.09061758216320735,1678.859740805801,799,2182.269005184993
2,0.00022159252944008861,0.07423504352732886,3.6789483650946966e-05,0.0509125684653947,0.07992236572554963,0.008961555326676954,0.008086033873139798,0.0357245931755224,0.09061758216320735,1678.8597318282773,807,2204.5349671490258
3,0.00022158940052215394,0.07423413267811008,3.678813835664025e-05,0.05091278281596598,0.07991942733303649,0.008961167838195658,0.008085824736659903,0.03572466085457402,0.09061758216320735,1678.8597337655228,865,2363.7237481760094
4,0.00022159433431260744,0.07423514726141701,3.6786798237318255e-05,0.05091311275340247,0.07992426794366245,0.008961240235759851,0.008086272434417882,0.03572442155963939,0.09061758216320735,1678.8597413616255,807,2212.077924910991
