,a_a0_a,a_a0_b,b_a1_a,b_a1_b,k_f_a,a_1_a,a_1_b,b_a0_a,b_a0_b,a_a1_a,a_a1_b,k_b_a,b_1_a,b_1_b,g_Kr,RMSE,iterations,CPU_time,score
0,0.023155144327041518,0.010168589879283697,6.949168548714939e-05,0.04170991937439005,0.022836366219969473,0.09089930763287701,0.023408390419115924,0.05363794865564218,0.0635722238686531,0.014281698379909604,0.038819960846650334,0.03344429356753125,0.006504232814254823,0.03265838074706471,0.15239282973635582,138.53618475789602,1229,3633.560806716,138.53618475789602
