,p1,p2,p3,p4,p5,p6,p7,p8,Gkr,RMSE,iterations,CPU_time,score
0,0.0019685936199494818,0.05413464594496437,2.9767862996931947e-05,0.04873819188475971,0.0961176158833274,0.023112548914651136,0.006854847018432476,0.031375157267420274,0.15788247983945422,2608.3641997285235,1617,5317.898205916999,2608.3641997285235
1,5.805506807200765e-06,1.3631088084854275e-07,4.140869882483231e-05,1.0504861358465504e-05,0.0041370965279533805,0.13638132811388293,3.1245010807797344,0.00019083807269096745,0.1524,,1617,,
