,a_a0_a,a_a0_b,b_a1_a,b_a1_b,k_f_a,a_1_a,a_1_b,b_a0_a,b_a0_b,a_a1_a,a_a1_b,k_b_a,b_1_a,b_1_b,g_Kr,RMSE,iterations,CPU_time,score
0,0.022300023266120537,0.011783011203005346,6.910273063655362e-05,0.04175400984092992,0.023823470134200747,0.09081812383000468,0.02338935991565183,0.04684081017450507,0.06337657336104692,0.013686415316366442,0.038091004387122825,0.036609934000459296,0.006498008589941123,0.03267875384886396,0.15239386716659264,173.849391763763,1482,6564.889997454,173.849391763763
