,p1,p2,p3,p4,p5,p6,p7,p8,Gkr,RMSE,iterations,CPU_time,score
0,0.0027462965977434824,1.0009256206113887e-07,9.50696736187715e-05,1.0003761017579534e-07,1.2919342006318282e-06,1.0009205817423094e-07,4.7398578270687273e-07,1.0001050227183278e-07,0.02591320822991879,101917.52227492671,1005,1543.8255339339998,101917.52227492671
1,0.0026446800977188,0.0006403222756913498,9.502649378586732e-05,0.0014245865263512799,1.249632071667395e-06,0.03599349436040344,4.726402754461307e-07,9.767614813209626e-05,0.1524,,1005,,
