,a_a0_a,a_a0_b,b_a1_a,b_a1_b,k_f_a,a_1_a,a_1_b,b_a0_a,b_a0_b,a_a1_a,a_a1_b,k_b_a,b_1_a,b_1_b,g_Kr,RMSE,iterations,CPU_time,score
0,0.022455889607600008,0.011921034639618695,6.878272397255711e-05,0.04179394487580626,0.023628535163826295,0.09076468716999253,0.02338469540142183,0.04634511436046434,0.06305526752470886,0.013599438583946792,0.03837003006773782,0.03669251515365939,0.0064932392075647116,0.032682173046739635,0.15240855113815077,296.05844576737616,1778,11705.223228544999,296.05844576737616
