,p1,p2,p3,p4,p5,p6,p7,p8,Gkr,RMSE,iterations,CPU_time
0,0.00022510834634729244,0.06975877702244462,2.617642426498282e-05,0.05916008248155635,0.0940797771332723,0.008945097990586848,0.0034584440089004565,0.026730562514997187,0.2563052273693322,618.2838387907684,563,1016.9491604799987
1,0.00022516059040065091,0.06975196364684849,2.6177688997838936e-05,0.0591594664556031,0.09407446338373061,0.008945536469603305,0.00345822421312664,0.026730834934465292,0.2563052273693322,618.2838350232676,513,1035.158907637
2,0.0002251154140569507,0.0697565211136286,2.61748171392958e-05,0.05916035197536063,0.09407925576617909,0.008945010721122987,0.0034584725449166324,0.026730646729191707,0.2563052273693322,618.2838359498749,521,933.5369618179975
3,0.00022511718204123267,0.06975672627342026,2.6174379112165096e-05,0.05916063062677182,0.09407545898618772,0.008944498772107613,0.003458339084585449,0.02673073885918935,0.2563052273693322,618.2838231611619,549,986.1040498289804
4,0.00022511118563039846,0.06975713856359957,2.617865833111364e-05,0.05915888167461935,0.09408037112831139,0.008944583481448958,0.003458581182077966,0.026730381466629236,0.2563052273693322,618.2837985456541,600,1074.8926554920035
