,p1,p2,p3,p4,p5,p6,p7,p8,Gkr,RMSE,iterations,CPU_time
0,0.00022558552309965215,0.06971103404362215,2.6189101079003138e-05,0.05915523413167336,0.09411896274854642,0.008937460051770782,0.0034606554797376823,0.026737643466668955,0.2563052273693322,620.5185483658837,517,1543.3129022709982
1,0.0002255948923548135,0.0697100560612055,2.6188200953330874e-05,0.05915553077040321,0.09411656758663636,0.008937628818228701,0.003460525373538229,0.026737505999603763,0.2563052273693322,620.518532521395,537,1610.6443163299991
2,0.0002256316025351556,0.0697068310243927,2.618944868746857e-05,0.059154973463183755,0.09411508953807975,0.008938522486172537,0.0034604027022851883,0.026737320564934094,0.2563052273693322,620.5185649167216,609,1843.9100272870055
3,0.000225493892289759,0.06971771882704692,2.618654270352746e-05,0.05915584638105743,0.09411866590029032,0.008937598243614491,0.0034605770612016577,0.02673765654279721,0.2563052273693322,620.5185518120741,539,1627.2727688899977
4,0.00022559709765251256,0.06970981747105327,2.6196551818305322e-05,0.05915250896098316,0.09411594511703392,0.008938314472664818,0.003460535904747141,0.026737396771454668,0.2563052273693322,620.5185687592472,616,1870.954057447998
