,a_1_a,a_1_b,b_a0_a,b_a0_b,k_b_a,a_a0_a,a_a0_b,b_1_a,b_1_b,b_a1_a,b_a1_b,a_a1_a,a_a1_b,k_f_a,g_Kr,RMSE,iterations,CPU_time,score
0,0.09094616508687302,0.02341572603220717,0.05002958909354065,0.0631901134377432,0.034709453954583,0.022736859841931818,0.011042436659743426,0.006504413526406222,0.03265529059157819,6.923252245928833e-05,0.041742770314836856,0.013905195518167771,0.03870850090258736,0.0232119403901507,0.1524270952545771,139.29896078989515,1937,6027.457911903999,139.29896078989515
