,p1,p2,p3,p4,p5,p6,p7,p8,Gkr,RMSE,iterations,CPU_time,score
0,1.0000074006982552e-07,0.19093248325002773,1.000006381136215e-07,0.08922346997497956,1.0000394283215447e-07,0.3527997803072954,6.725098240201937e-05,0.13762358933148267,0.3445346189534597,49925.99738719837,1474,2955.185378442,49925.99738719837
1,0.20366907874937715,0.00011342535273824315,1.95080751798108e-07,0.0001836645662214405,0.00013608349609117251,4.133955193806269e-07,9.33077165379771,8.620869158076983e-06,0.1524,,1474,,
