,b_1_a,b_1_b,k_b_a,b_a0_a,b_a0_b,b_a1_a,b_a1_b,k_f_a,a_a1_a,a_a1_b,a_a0_a,a_a0_b,a_1_a,a_1_b,g_Kr,RMSE,iterations,CPU_time,score
0,0.0065042919330238315,0.032651418349522704,0.03406057830433445,0.0507700951106129,0.06292047672017469,6.93050169359243e-05,0.0417354045482865,0.022994744381089078,0.01408876890304015,0.03889305435169028,0.022533508788538777,0.010883319510299347,0.09096156948792532,0.023409838508204148,0.1524656186235864,139.07757792925318,1514,4983.844090941999,139.07757792925318
