,p1,p2,p3,p4,p5,p6,p7,p8,Gkr,RMSE,iterations,CPU_time,score
0,0.0019693152504852854,0.054122234621480546,2.980281901530749e-05,0.0487231442827084,0.09609187880693563,0.02310038370904077,0.006851227531806595,0.0313976518940562,0.157837764680121,2605.406777256219,1201,4096.397320687,2605.406777256219
1,0.029649557338480435,0.00016144690275346496,2.1711715447627292e-05,0.00021821280748284574,0.3673318959977864,5.2287722354830034e-05,0.10839939297784845,5.673915023753348e-05,0.1524,,1201,,
