,p1,p2,p3,p4,p5,p6,p7,p8,Gkr,RMSE,iterations,CPU_time,score
0,0.0016897426176079703,0.03664210146639568,4.2942725527900565e-05,0.04593247584322088,0.0931855602409043,0.021811894285788294,0.007351059339863334,0.029618057927524897,0.1638651367083529,1711.9140892957446,1257,3599.759402099,1711.9140892957446
1,6.513147600312523e-07,1.857172968559214e-05,0.003777844468156713,0.02879812658025274,0.07199473715942123,4.817057908281768e-07,0.004507289930983099,5.501071748166038e-07,0.1524,,1257,,
