,p1,p2,p3,p4,p5,p6,p7,p8,Gkr,RMSE,iterations,CPU_time,score
0,0.002187891423943309,1.0010184888184238e-07,0.000301041042388612,1.0009120853051278e-07,0.00013638260827546515,1.0132113641581504e-07,2.945505391552713e-07,1.0016588164501661e-07,3.384559493339359,341615.8659436455,1252,3133.021724359,341615.8659436455
1,0.006110574090840285,9.430098251415336e-07,0.0033872919703490088,3.384616955955719e-06,0.0032001466143312327,8.731647827801127e-05,4.7590505594313597e-07,0.0005121097931927229,0.1524,,1252,,
