,b_1_a,b_1_b,k_b_a,b_a0_a,b_a0_b,b_a1_a,b_a1_b,k_f_a,a_a1_a,a_a1_b,a_a0_a,a_a0_b,a_1_a,a_1_b,g_Kr,RMSE,iterations,CPU_time,score
0,0.006500435687748101,0.032660655455460465,0.03760297904086162,0.04772204141583597,0.06356422791243084,6.882783175398178e-05,0.04178955546991473,0.024376816667446666,0.013558225565571513,0.037939183024639646,0.022684281044125197,0.011342605061135567,0.09086154289316511,0.02342042902396409,0.15240073228354542,138.01349463141375,1078,3397.094015890001,138.01349463141375
