,a_1_a,a_1_b,b_a0_a,b_a0_b,k_b_a,a_a0_a,a_a0_b,b_1_a,b_1_b,b_a1_a,b_a1_b,a_a1_a,a_a1_b,k_f_a,g_Kr,RMSE,iterations,CPU_time,score
0,0.09086776626826387,0.023387062106004337,0.04700508309749924,0.0631372585997715,0.03680447604497602,0.02235476072666397,0.011753413337258344,0.006502312488607683,0.03266724282934914,6.883323687850318e-05,0.04178889898758171,0.013697024445726413,0.03816463299184571,0.02382698985897587,0.15241995578128745,296.8448071262396,1227,8731.701747737,296.8448071262396
