,b_1_a,b_1_b,k_b_a,b_a0_a,b_a0_b,b_a1_a,b_a1_b,k_f_a,a_a1_a,a_a1_b,a_a0_a,a_a0_b,a_1_a,a_1_b,g_Kr,RMSE,iterations,CPU_time,score
0,0.006497694623182049,0.032679558428848954,0.034606630945827076,0.05041215360244448,0.06420352618357762,6.893849454672819e-05,0.041773216035083154,0.0237313281960401,0.013007750839846732,0.03848547058509629,0.023956283388169415,0.010526602663159962,0.09083788310478022,0.023399722259234666,0.15242605892981126,138.68168501827995,1199,3787.450984051,138.68168501827995
