,p1,p2,p3,p4,p5,p6,p7,p8,Gkr,RMSE,iterations,CPU_time,score
0,0.0016855316473624944,0.08445451344157999,2.207825676379124e-05,0.05120871670088501,0.12119034887902087,0.026860164815721108,0.00885557511610598,0.028801454919945763,0.15459640102514133,653.9515131248124,861,1807.3078110349998,653.9515131248124
1,0.49451298525336557,0.00036685877312571776,0.07741375775976218,1.381064462117103e-07,0.19295772357704297,3.80053907788593e-05,0.04285930251142784,0.00027083366754820524,0.1524,,861,,
