,p1,p2,p3,p4,p5,p6,p7,p8,Gkr,RMSE,iterations,CPU_time
0,0.00023730629476007925,0.07693817365036867,3.608481263906822e-05,0.052513027396538986,0.08354596979369294,0.008762845159374054,0.00656461460934251,0.03454676348810022,0.10870874072059561,248.82992576933847,818,1439.311455182993
1,0.0002373110891515949,0.07693923699307155,3.608440620017402e-05,0.05251305147904132,0.08354750003513471,0.008762631693314331,0.006564614868754854,0.03454673261147609,0.10870874072059561,248.82993746384392,676,1261.706576698998
2,0.00023730235447443825,0.0769385268685595,3.6084866386179896e-05,0.05251311104902918,0.08354656237146026,0.008762566508052391,0.00656467826061222,0.03454685425716547,0.10870874072059561,248.8299295757513,568,1232.4608978289907
3,0.000237303354754015,0.07693794556328731,3.6084861814598244e-05,0.05251292205895855,0.08354578970371689,0.008762581183960337,0.0065645436400557314,0.03454682959759042,0.10870874072059561,248.8299205606414,1098,1619.5374313190114
4,0.00023731406168969233,0.07693720530957121,3.608411282819149e-05,0.052513073713870644,0.0835468822120287,0.008762459214445894,0.00656461496774409,0.034546578415693405,0.10870874072059561,248.82992662760017,1013,1766.5861488719966
