,p1,p2,p3,p4,p5,p6,p7,p8,Gkr,RMSE,iterations,CPU_time,score
0,0.0016885241253823912,0.0366658587447247,4.288970161898372e-05,0.0459395004926248,0.09317453843206602,0.02180856309980851,0.007353706106221641,0.029607863181665372,0.16385652254394104,1711.741338440562,1358,3900.2611385129994,1711.741338440562
1,2.988036037797343e-07,0.007425774719031097,0.06425869372816513,0.024516348597778972,0.00026502390401056717,0.009165349271543534,7.009750841439052,2.37797993412308e-06,0.1524,,1358,,
