,a_1_a,a_1_b,b_a0_a,b_a0_b,k_b_a,a_a0_a,a_a0_b,b_1_a,b_1_b,b_a1_a,b_a1_b,a_a1_a,a_a1_b,k_f_a,g_Kr,RMSE,iterations,CPU_time,score
0,0.09086460313432328,0.023386707829364903,0.04627728164209595,0.06287025591754919,0.03715276000811463,0.021983703505474166,0.012010118351322284,0.006502112768588275,0.03266762431272568,6.884869436251981e-05,0.04178693579702333,0.013846497502297342,0.03817517463650242,0.023817467358362866,0.15241837077223166,296.84351658125786,2591,18017.441241286,296.84351658125786
