,p1,p2,p3,p4,p5,p6,p7,p8,Gkr,RMSE,iterations,CPU_time,score
0,2.0222132957408316,1.0000495061073138e-07,9.636877658043476,1.0000424782246314e-07,4.854104168005957e-06,1.0002576251491304e-07,1.0000000054409342e-07,0.06770934184037065,0.04956749742490359,458299.05169380194,2127,7922.638013424001,458299.05169380194
1,4.424261792122848,1.536438081275509e-07,8.54511036148451,2.7550529683088284e-06,1.4656617944791479e-05,0.006260992707477433,1.820593352919159e-07,1.5951371610661984e-06,0.1524,,2127,,
