,p1,p2,p3,p4,p5,p6,p7,p8,Gkr,RMSE,iterations,CPU_time
0,0.0002072031206928179,0.08987221602174054,3.269634786879302e-05,0.05030693356805122,0.08298692934131648,0.012262561152086017,0.012430867716016775,0.03592982125777094,0.06435684129488249,1015.1703214321928,661,1297.018035191999
1,0.00020720654648306657,0.08987147432379157,3.269336145007874e-05,0.05030777114310445,0.08300124921036171,0.012261877036503362,0.012432906390602407,0.035930024400245474,0.06435684129488249,1015.1703234758966,842,1650.2475808180025
2,0.0002071931002155587,0.08987387574759365,3.2696222907615875e-05,0.0503069995330614,0.0829875307140107,0.012262608697963485,0.012430951820137174,0.035929875883130374,0.06435684129488249,1015.1703187506728,584,1144.918974766013
3,0.00020719602505481067,0.08987198951845549,3.269641158811284e-05,0.050306826937127985,0.08298596335077651,0.012262559415566752,0.012430715317857102,0.03592977246152846,0.06435684129488249,1015.170320704164,878,1721.1015897920006
4,0.00020720891362593265,0.08987132028021357,3.269408009247726e-05,0.05030781755674784,0.08300233073368266,0.01226251243033521,0.012433188530765306,0.03592945812142759,0.06435684129488249,1015.1703097738365,799,1583.5114325530012
