,a_a0_a,a_a0_b,b_a1_a,b_a1_b,k_f_a,a_1_a,a_1_b,b_a0_a,b_a0_b,a_a1_a,a_a1_b,k_b_a,b_1_a,b_1_b,g_Kr,RMSE,iterations,CPU_time,score
0,0.02179571277118807,0.01141014946699501,6.939422229847106e-05,0.041725203296346845,0.023015180146346858,0.09096337697356474,0.023410302497496815,0.049598720721239664,0.06243966378117599,0.01441413160365951,0.03881574583110651,0.03455498010467905,0.006504311474300285,0.03265040105585073,0.15246587355235025,139.07721672918262,1771,6144.579414274,139.07721672918262
