,a_a0_a,a_a0_b,b_a1_a,b_a1_b,k_f_a,a_1_a,a_1_b,b_a0_a,b_a0_b,a_a1_a,a_a1_b,k_b_a,b_1_a,b_1_b,g_Kr,RMSE,iterations,CPU_time,score
0,0.022255426542570046,0.011802261400687785,6.898400713020306e-05,0.04176924351828124,0.023786243342255608,0.09083845767301624,0.023393477931749253,0.04773464898854806,0.06264042717590802,0.013728358952314177,0.038143147454240335,0.03628155573816111,0.006496973336951354,0.03268141195421444,0.15239015081024462,202.0138601226622,1305,6599.733023897999,202.0138601226622
