,p1,p2,p3,p4,p5,p6,p7,p8,Gkr,RMSE,iterations,CPU_time
0,0.00025150053800064874,0.09170879277381398,2.8793042025719683e-05,0.05041241750673437,0.06508952482283263,0.00960428695196486,0.01014982472765628,0.04123946024813764,0.05403868913693675,1614.4779456536053,536,1210.2188659290114
1,0.00025148192781221227,0.09171198337339637,2.878904870335553e-05,0.050414088847732054,0.06508686607149945,0.009603542656252809,0.010149551835917491,0.04123945851873833,0.05403868913693675,1614.4779633352787,645,1453.2230611979903
2,0.00025147026678505,0.09171511945387885,2.879451686005957e-05,0.05041150018370325,0.06508780573205362,0.009603767391173771,0.010149729033745671,0.041238909201509126,0.05403868913693675,1614.4779471191207,679,1526.8086226860032
3,0.0002514601342998044,0.0917154332595537,2.8789168824631123e-05,0.05041400769308911,0.06508530502781912,0.009606853878460827,0.010149265526912112,0.0412353637030372,0.05403868913693675,1614.477972099051,711,1595.8562207439973
4,0.0002514609586016863,0.09171783175844038,2.8787027362765564e-05,0.050414524283582236,0.06508541280044712,0.009606485582898243,0.010149275901853229,0.041235358565571416,0.05403868913693675,1614.477960185272,856,1895.1672165470081
