,a_a0_a,a_a0_b,b_a1_a,b_a1_b,k_f_a,a_1_a,a_1_b,b_a0_a,b_a0_b,a_a1_a,a_a1_b,k_b_a,b_1_a,b_1_b,g_Kr,RMSE,iterations,CPU_time,score
0,0.021091636422737894,0.011835774594797548,6.952200142722523e-05,0.04171103674446742,0.023175835705839483,0.09103459749848765,0.023411756706982135,0.04885335875461606,0.06211022204121334,0.01480888567348969,0.038603187722967745,0.03525370113271727,0.006509481576626083,0.03264872066649464,0.1524713983043717,139.076442755231,1490,4386.465230001,139.076442755231
