,a_1_a,a_1_b,b_a0_a,b_a0_b,k_b_a,a_a0_a,a_a0_b,b_1_a,b_1_b,b_a1_a,b_a1_b,a_a1_a,a_a1_b,k_f_a,g_Kr,RMSE,iterations,CPU_time,score
0,0.09085143293614122,0.023382279815466124,0.04884976504231662,0.06391526379537774,0.03659757668838234,0.02312280420163408,0.011237754729078002,0.0065006880944725965,0.03268378448112192,6.886062021078853e-05,0.041786183527669114,0.013570641303029372,0.03785216211168147,0.023927835707961344,0.15238473382340903,296.415751696853,1496,9764.852224332,296.415751696853
