,b_1_a,b_1_b,k_b_a,b_a0_a,b_a0_b,b_a1_a,b_a1_b,k_f_a,a_a1_a,a_a1_b,a_a0_a,a_a0_b,a_1_a,a_1_b,g_Kr,RMSE,iterations,CPU_time,score
0,0.006496142294591866,0.03269180231392442,0.03672030124439527,0.04751467488937598,0.06324919512059259,6.888563857564679e-05,0.04178116063166197,0.023801104894969533,0.013755605848114841,0.038093654766183815,0.022463314928086967,0.011616312982328642,0.09080147964080017,0.023377637893916777,0.15238884851605702,295.7206493864777,1231,7895.084393432,295.7206493864777
