,p1,p2,p3,p4,p5,p6,p7,p8,Gkr,RMSE,iterations,CPU_time,score
0,1.0000106627938724e-07,0.1898309848041004,1.0000646913125167e-07,0.08922658994320903,1.0000021911623859e-07,0.3528775791764589,6.726100370127914e-05,0.13762235929053404,0.3586541684041001,49916.38528995099,1876,3508.5521066739984,49916.38528995099
1,0.11270543867366975,0.02658569879582354,6.180827570165373e-07,1.8919565488746466e-05,4.739013476038008e-07,2.886913909057461e-06,0.0012350514664149824,1.466442761232192e-07,0.1524,,1876,,
