,p1,p2,p3,p4,p5,p6,p7,p8,Gkr,RMSE,iterations,CPU_time,score
0,0.0019689252745831334,0.054122226460899224,2.9787360823845145e-05,0.04873344202385188,0.09600042143044825,0.023112514444018337,0.006840903941990969,0.03138893644818628,0.15790376131488582,2609.6319776714486,1244,4049.759239549003,2609.6319776714486
1,0.00017999831337564743,3.151278632068973e-06,7.237590799539657e-06,0.0004887116999835475,0.0019112069286708595,1.0182700011205519e-05,0.00039533332229913073,0.12090061080784238,0.1524,,1244,,
