,p1,p2,p3,p4,p5,p6,p7,p8,Gkr,RMSE,iterations,CPU_time,score
0,0.0015661157438596497,0.07931315886721128,2.2231173201094835e-05,0.051171439823497804,0.09597493561319449,0.023931908677380754,0.007051922236348722,0.03133557051393573,0.15482417106058458,718.9106040293664,1267,3035.395567830001,718.9106040293664
1,2.206571865508011e-05,0.2501868262181279,0.06861740614657114,0.0007572356266450402,0.00436398441618439,6.649417238760403e-06,0.18482921856282047,4.740563578676108e-06,0.1524,,1267,,
