,p1,p2,p3,p4,p5,p6,p7,p8,Gkr,RMSE,iterations,CPU_time
0,0.00023661580926742935,0.07710513079662973,3.586305919193455e-05,0.052561203465532,0.08355871504816152,0.00874009984056492,0.006561503055536555,0.0345298236153195,0.10870874072059561,249.62359989375224,604,773.8165353809891
1,0.000236606700446092,0.07710706690184406,3.586576941428054e-05,0.052560512534787246,0.08356450669717953,0.008739328902651687,0.0065619057619280795,0.0345309259657044,0.10870874072059561,249.6236157796713,578,740.9208129619947
2,0.00023661171515982225,0.07710625387498635,3.5860359485912594e-05,0.05256199371603331,0.08356419085404873,0.008738070746637912,0.006561968270047185,0.034530828229627726,0.10870874072059561,249.6236094050339,934,1269.548083820002
3,0.0002365933203124215,0.07710674275144949,3.586296944027887e-05,0.0525613701403499,0.08355691018778905,0.00873976428708364,0.006561454981447064,0.03453007602936426,0.10870874072059561,249.62360043831046,513,729.5732359999965
4,0.0002366138709402063,0.0771064764416341,3.5862030655983574e-05,0.05256163225654678,0.08356470182416553,0.008738590065689293,0.006561932782174021,0.034531044516450254,0.10870874072059561,249.62360857583812,533,964.2259614840004
