,a_a0_a,a_a0_b,b_a1_a,b_a1_b,k_f_a,a_1_a,a_1_b,b_a0_a,b_a0_b,a_a1_a,a_a1_b,k_b_a,b_1_a,b_1_b,g_Kr,RMSE,iterations,CPU_time,score
0,0.022318830384915004,0.01166403267240203,6.892534468975816e-05,0.041773697823368657,0.02382092288255705,0.09079072835099052,0.02339607138846732,0.0469366657817246,0.06348869412978793,0.013646532451921234,0.03838173903717861,0.036679716152714606,0.006495917172139856,0.032679471574032025,0.15237850602898195,173.7191471352923,1607,7520.024625912996,173.7191471352923
