,a_1_a,a_1_b,b_a0_a,b_a0_b,k_b_a,a_a0_a,a_a0_b,b_1_a,b_1_b,b_a1_a,b_a1_b,a_a1_a,a_a1_b,k_f_a,g_Kr,RMSE,iterations,CPU_time,score
0,0.0908458422080691,0.02337680777915192,0.047091402332555106,0.06329161214838884,0.03683279711243497,0.022259118348024468,0.011763920447452152,0.006500716042753675,0.032685976981536184,6.881768746220092e-05,0.04179233123289225,0.013795797248623645,0.03815409257909452,0.023757856040970447,0.15240673590362547,202.52919061313654,1558,7148.080667819999,202.52919061313654
