,p1,p2,p3,p4,p5,p6,p7,p8,Gkr,RMSE,iterations,CPU_time,score
0,0.0015680708075253467,0.07931048991505192,2.2173467791568678e-05,0.05120097981629605,0.09593093542949929,0.02393546635532053,0.007048799341077559,0.03131864238615256,0.1548462547718317,721.8140721298388,2065,4752.739997784999,721.8140721298388
1,6.024950452732632e-07,2.1461359896326025e-05,0.0005548208169021104,0.003727573920570168,3.5484048543627323e-06,0.07142752511796066,0.018366335159450447,0.0009245756250867078,0.1524,,2065,,
