,p1,p2,p3,p4,p5,p6,p7,p8,Gkr,RMSE,iterations,CPU_time
0,0.00020699189709800348,0.06047826865743504,3.031503640241924e-05,0.05808986811507919,0.08938299643346179,0.009571155383669615,0.002922362042347167,0.027120793971380276,0.3048,278.76770444982014,807,1799.7784670620022
1,0.00020698401941767126,0.06047799637116297,3.0316853645430604e-05,0.058089448179625615,0.08937415291430668,0.009571157654633412,0.0029221689400198746,0.027121099585893947,0.3048,278.76768129259324,1017,2268.7083833299985
2,0.00020698621087770632,0.06047863214701022,3.031467152307628e-05,0.058089872044314275,0.089379039324708,0.00957091112587789,0.0029223121781186776,0.027120563922661548,0.3048,278.76770182910286,685,1530.2423930669902
3,0.00020698925538099324,0.06047960227060421,3.0317951592423364e-05,0.05808928940450096,0.08937869366647903,0.009571434476448917,0.002922298164549972,0.027120545639313196,0.3048,278.7677089166819,636,1368.7842070009938
4,0.0002069806796662247,0.06047719448972959,3.0317073898364256e-05,0.05808905055659861,0.08937759502449322,0.009571046222981022,0.002922336746559743,0.02712094151709355,0.3048,278.767707697072,506,1122.8220833960077
