,a_a0_a,a_a0_b,b_a1_a,b_a1_b,k_f_a,a_1_a,a_1_b,b_a0_a,b_a0_b,a_a1_a,a_a1_b,k_b_a,b_1_a,b_1_b,g_Kr,RMSE,iterations,CPU_time,score
0,0.023590303004986317,0.01081996684781407,6.891980641791939e-05,0.0417752488800494,0.0238603729491127,0.09084171421950636,0.023394362170690415,0.049785588814976856,0.06404877293579041,0.013124083826993375,0.03830533874242725,0.035072755964409036,0.006498719475036743,0.03268133420932946,0.15240702144135823,138.6832303276902,1135,3735.7381313159985,138.6832303276902
