,p1,p2,p3,p4,p5,p6,p7,p8,Gkr,RMSE,iterations,CPU_time
0,0.0002033329949737402,0.05938134343641511,2.9601594858710054e-05,0.058701668078764646,0.08991571120211718,0.009654267535190749,0.0025123658779785825,0.026441139305107796,0.3624703286528294,317.2990338697767,537,1052.0544760350022
1,0.0002033407093470706,0.059379659863847134,2.959544749796186e-05,0.058703379486550335,0.08991937320404317,0.00965338833119781,0.002512379998037428,0.02644207481569696,0.3624703286528294,317.29903447148587,477,674.1131056209997
2,0.00020335967942981543,0.05937707719861841,2.959884733930978e-05,0.05870268800693223,0.08992142238458027,0.00965536981615741,0.0025123529504166363,0.026441342995881502,0.3624703286528294,317.29902196959904,537,1029.461345497999
3,0.00020335221281793522,0.059375612843074695,2.960222324402476e-05,0.05870158017231801,0.0899189989864126,0.009655451868282863,0.002512460224353446,0.026441143943956993,0.3624703286528294,317.2989619161553,1603,3053.1884046549967
4,0.00020333471884258485,0.059378305199302026,2.9597213276602387e-05,0.058703013443950146,0.0899180297552023,0.009654229046883062,0.002512385467468714,0.026442038789615704,0.3624703286528294,317.2990218675849,543,1252.3431653580046
