,p1,p2,p3,p4,p5,p6,p7,p8,Gkr,RMSE,iterations,CPU_time
0,0.00022082383390666782,0.06243634448402188,3.098597778657668e-05,0.056720089682673086,0.09117032319258067,0.008564749219360077,0.0038215550267673205,0.029471396793559528,0.21552614690565972,182.12350209664103,834,1066.3393379560002
1,0.000220820604055855,0.06243715849968861,3.0984966565339695e-05,0.056720486946311065,0.09116349849048144,0.008563990803056972,0.0038212638108987007,0.0294721073566858,0.21552614690565972,182.12350236971,654,1263.4300222029997
2,0.00022081582828458105,0.062437066433621256,3.098430374422534e-05,0.05672050710973988,0.0911631329399223,0.008563791222106031,0.00382123478258288,0.02947216946361068,0.21552614690565972,182.12349970514651,672,1296.8452405259995
3,0.00022082661734098573,0.062435985834971106,3.098276079258047e-05,0.05672103406798858,0.09116778033024717,0.008564129571779803,0.003821430968297806,0.02947172719524055,0.21552614690565972,182.1235035745303,489,944.1526938860006
4,0.000220822640394119,0.06243637951226598,3.0984873159690635e-05,0.05672048523919523,0.09116312647345907,0.008563867203741363,0.003821221053132688,0.02947234797896128,0.21552614690565972,182.12350118612085,842,1636.101929976001
