,p1,p2,p3,p4,p5,p6,p7,p8,Gkr,RMSE,iterations,CPU_time
0,0.00022105749726303612,0.062491096683811635,3.089418395511111e-05,0.0567502381651792,0.09064322954371798,0.008549314879177466,0.0037978025073250993,0.029479663402508204,0.21552614690565972,181.16672970147093,578,1215.7397815489967
1,0.0002210577897690077,0.062491202949980874,3.0894345623668065e-05,0.05675035186713687,0.09064640788269838,0.008549754821349969,0.003797913695446518,0.029479440127562588,0.21552614690565972,181.1667296812785,549,1150.5991429029964
2,0.00022105662420586532,0.062490646695433895,3.089532699820336e-05,0.05674987923245948,0.09064446361889225,0.008549699947645506,0.00379789438314796,0.029479215815024898,0.21552614690565972,181.16672814253332,705,1354.3058509980037
3,0.00022106423425784314,0.0624910859848547,3.089434262254233e-05,0.056750248075064375,0.09064720720684252,0.008549872175109267,0.003797964945977585,0.029479032949283238,0.21552614690565972,181.16672693151742,984,1635.7361505120061
4,0.00022104877637992712,0.06249050368515751,3.089645594040444e-05,0.056749518221952434,0.09063834448491659,0.008549100818767192,0.0037976716319350627,0.029479948961228134,0.21552614690565972,181.16672997438238,732,1265.7986000969977
