,p1,p2,p3,p4,p5,p6,p7,p8,Gkr,RMSE,iterations,CPU_time,score
0,0.0813108049183795,0.0020192726451799567,4.533865053938998,0.0079165650414887,2.185173284507534,0.03654726144130983,0.26389392159118685,0.01846580623779874,4.679772193136616,53550.41985585669,1150,2234.662709488999,53550.41985585669
1,0.006149462275253474,0.0002802641531568099,0.17300750229983058,2.5462428575644687e-05,0.015832911769371575,1.216825486492451e-05,5.559039989632489e-05,5.363139996898469e-06,0.1524,,1150,,
