,a_1_a,a_1_b,b_a0_a,b_a0_b,k_b_a,a_a0_a,a_a0_b,b_1_a,b_1_b,b_a1_a,b_a1_b,a_a1_a,a_a1_b,k_f_a,g_Kr,RMSE,iterations,CPU_time,score
0,0.09083788575560586,0.023403123865427148,0.04459846732805805,0.06365906618335518,0.039259910938460325,0.022213525838261982,0.012121660173380037,0.006496980639481267,0.03267000220449839,6.848155819268582e-05,0.041832182766377256,0.013360081126353457,0.037601764728577805,0.024848936401565942,0.15241365729211967,138.37207079499697,1718,5246.646380108003,138.37207079499697
