,a_a0_a,a_a0_b,b_a1_a,b_a1_b,k_f_a,a_1_a,a_1_b,b_a0_a,b_a0_b,a_a1_a,a_a1_b,k_b_a,b_1_a,b_1_b,g_Kr,RMSE,iterations,CPU_time,score
0,0.02230835687560266,0.011730259825218792,6.881748405375886e-05,0.04179240522418475,0.02376360739526795,0.09084521521805522,0.023376751689469025,0.0472173107742196,0.06332450625013822,0.013786258086480561,0.03814176218182707,0.036811185881669005,0.0065006836251038595,0.03268603382418967,0.1524067074478775,202.5291872436085,976,4840.193622634,202.5291872436085
