,p1,p2,p3,p4,p5,p6,p7,p8,Gkr,RMSE,iterations,CPU_time,score
0,0.0016861206221064867,0.08445437876886919,2.2103217456968182e-05,0.05119405712739386,0.12137109223316797,0.02688107637397843,0.008873341948000048,0.028797176610545424,0.15454590584352132,654.9818145408505,1524,2968.064647451998,654.9818145408505
1,0.093737053895166,0.006714244799871436,6.385240041928681e-05,6.384750854652943e-07,0.00044700940055873804,0.000508451448857243,0.0015690773915459286,1.341707153667328e-06,0.1524,,1524,,
