,a_a0_a,a_a0_b,b_a1_a,b_a1_b,k_f_a,a_1_a,a_1_b,b_a0_a,b_a0_b,a_a1_a,a_a1_b,k_b_a,b_1_a,b_1_b,g_Kr,RMSE,iterations,CPU_time,score
0,0.02108912398411609,0.011840610811305018,6.951601479469791e-05,0.041711732661951315,0.023182079476145225,0.0910348649360305,0.023411735633280792,0.04882532240355692,0.062106742130993035,0.014803443098350223,0.038603341021991686,0.035266998718029824,0.006509516739535365,0.03264867971106591,0.15247121881678197,139.07644327646767,1119,3498.4837573860023,139.07644327646767
