,a_1_a,a_1_b,b_a0_a,b_a0_b,k_b_a,a_a0_a,a_a0_b,b_1_a,b_1_b,b_a1_a,b_a1_b,a_a1_a,a_a1_b,k_f_a,g_Kr,RMSE,iterations,CPU_time,score
0,0.09081875924367855,0.023389105865630994,0.04699324588687969,0.06336854224023689,0.0366116634308207,0.02233247522346067,0.011736920245555744,0.006498077683060813,0.03267875677281535,6.910459720500883e-05,0.04175382614459465,0.013687835072073742,0.03808756169156484,0.023838982547792358,0.1523939930384813,173.8494266967651,1143,5162.558326257002,173.8494266967651
