,p1,p2,p3,p4,p5,p6,p7,p8,Gkr,RMSE,iterations,CPU_time,score
0,254.3783734608883,0.009134149794066515,0.00027210351192857564,0.10552088234297245,0.5930478156993146,2.14861765470635e-06,0.09903393032935029,0.07169439218205835,0.05218794572745016,182105.5100925767,2017,9896.932807299,182105.5100925767
1,6.573947423183343,2.3808711602609688e-07,0.030422216926531954,0.005052796031265276,1.925911541781092e-05,0.1854789254078467,1.2472151956990717e-07,0.03386556003531474,0.1524,,2017,,
