,p1,p2,p3,p4,p5,p6,p7,p8,Gkr,RMSE,iterations,CPU_time,score
0,0.001969964253415104,0.05415628136070779,2.980109595382411e-05,0.04872873694183833,0.09614458208029897,0.023111729033216996,0.006854103702878568,0.03138520075763629,0.1578932751346197,2603.976586183333,1516,5161.038718356998,2603.976586183333
1,2.240594057934977e-07,1.877066419183037e-05,3.776503971516742e-05,0.0262031684718809,2.267167348843314e-06,0.12986623277567022,3.6104616426185268,0.0010884381144585398,0.1524,,1516,,
