,p1,p2,p3,p4,p5,p6,p7,p8,Gkr,RMSE,iterations,CPU_time
0,0.0003581525677492828,0.058596278143383,3.384864135082933e-05,0.058092143774897693,0.09110737876439122,0.009874444782391358,0.0023349218409542787,0.026166908782489926,0.3624703286528294,1045.4731499900026,683,1260.6986505509994
1,0.00035813976853733083,0.058596005734831036,3.3851152846332763e-05,0.058091647659101055,0.09109706619944356,0.00987627626669563,0.002334543126557787,0.02616703475119132,0.3624703286528294,1045.4731082070675,591,1348.1046904810064
2,0.00035812860142921154,0.05859729837812228,3.38479220818367e-05,0.058092517874098124,0.09110507847295467,0.009874498820756951,0.0023348470505279283,0.02616709611808061,0.3624703286528294,1045.4731575991198,973,2620.912499683007
3,0.0003581520181089187,0.05859668182983431,3.3848913450836785e-05,0.05809220035141999,0.0911049757871647,0.009874579510396634,0.0023348370158175857,0.02616687953855969,0.3624703286528294,1045.4731472473147,770,1917.4511682259908
4,0.00035813365555586183,0.058597870565055575,3.385026829801781e-05,0.05809167912186795,0.09110846887058588,0.009875019683103108,0.0023349331881656003,0.02616657298807959,0.3624703286528294,1045.4731443312073,541,1425.8359517299978
