,p1,p2,p3,p4,p5,p6,p7,p8,Gkr,RMSE,iterations,CPU_time
0,0.00035794570399279784,0.05859025964400657,3.383606480202314e-05,0.05809507050332005,0.09103174451240861,0.009874370457974005,0.0023340197823565794,0.026166557907582988,0.3624703286528294,1045.0999363463525,1212,2068.8441815080005
1,0.0003579529458411507,0.058590432210445596,3.383685729818538e-05,0.05809492515838215,0.09103524216726591,0.009875064512028442,0.0023341150244276555,0.026165919837408947,0.3624703286528294,1045.099955033709,541,922.999599229981
2,0.00035795284241351474,0.05859046361283656,3.38363100523043e-05,0.058094977582052544,0.09103339573313252,0.009874807670157623,0.002334089432174105,0.02616589775007619,0.3624703286528294,1045.0999159216994,1269,2174.9642497790046
3,0.000357933242490868,0.05859114477739023,3.383120685800387e-05,0.05809627489084787,0.09103189497559099,0.009874265291538212,0.0023340361928622403,0.02616623463590185,0.3624703286528294,1045.099938487633,618,1069.5556415230094
4,0.00035795040530348094,0.05859084900343773,3.3835371085183575e-05,0.058095297286103444,0.0910345481858301,0.009874533320825604,0.0023341011218399902,0.026166179179565062,0.3624703286528294,1045.0999154135002,734,1269.7049397699884
