,p1,p2,p3,p4,p5,p6,p7,p8,Gkr,RMSE,iterations,CPU_time
0,0.00025035273112155335,0.08849962207003555,3.1986087429724235e-05,0.050505472169040055,0.07043210142381626,0.009254666499172394,0.009149927563976009,0.0394214926546973,0.06407630684233305,1116.8938432096475,629,837.6359154710008
1,0.00025032610016070264,0.08850084162728405,3.198746546808921e-05,0.05050479599875964,0.07042923268399333,0.009254812642567816,0.009149656515123136,0.039421522814933795,0.06407630684233305,1116.8938417713298,538,886.3519442360048
2,0.00025034081550022534,0.08849887819545851,3.198805787252885e-05,0.05050483119450065,0.0704307456378953,0.009255178454292731,0.009149828242962843,0.03942114194961192,0.06407630684233305,1116.8938438607854,585,1326.2975683149998
3,0.0002503529143200058,0.0885002595013643,3.198681101018054e-05,0.05050527731293515,0.07043344054368868,0.00925393777053394,0.00915018347757946,0.03942223161459858,0.06407630684233305,1116.8938531413498,680,1090.8733331280018
4,0.0002503527433841094,0.08849859274440679,3.19863293189963e-05,0.05050544066129138,0.07043287913801619,0.009254630097845084,0.009150085182167509,0.0394212694619627,0.06407630684233305,1116.8938296316794,573,961.1777890519952
