,p1,p2,p3,p4,p5,p6,p7,p8,Gkr,RMSE,iterations,CPU_time
0,0.000380419868131315,0.0569096092630765,3.317669579480685e-05,0.05920138824105128,0.0955919504489326,0.010283850351164052,0.001453007105122373,0.024801528978964805,0.6096,1421.4222640511891,506,873.2711498409917
1,0.0003803931215322875,0.05691060418156311,3.317776242840592e-05,0.059200920409807005,0.09559039574991246,0.010284292431430826,0.0014529936710510729,0.02480119173068354,0.6096,1421.4222300646777,558,962.742084936006
2,0.0003804068401416901,0.05691070859912288,3.3176837529301e-05,0.05920137016083349,0.09558949842894282,0.01028462668137565,0.0014529526721581846,0.024801327169109107,0.6096,1421.4222387686023,760,1311.7542659199971
3,0.0003804464526842231,0.05690853332169047,3.3175134124218805e-05,0.05920184528935385,0.09559133164616905,0.010284175606877154,0.0014529767890970324,0.02480160186105644,0.6096,1421.4222061702135,710,1225.995301854011
4,0.00038042820175825267,0.056909041031447345,3.31791072031324e-05,0.059200656698967964,0.09558974928468437,0.010284164650960147,0.0014530041208072183,0.024801117642323792,0.6096,1421.4222545299997,645,1111.3316893719893
