,p1,p2,p3,p4,p5,p6,p7,p8,Gkr,RMSE,iterations,CPU_time
0,0.00038020854740188943,0.05689207639441879,3.323085499303312e-05,0.05919002537296075,0.09549453115720431,0.010284283622718033,0.0014523441109015429,0.024805359935872847,0.6096,1422.7464234515044,592,1899.2516234209907
1,0.00038021399341661233,0.05689252923565472,3.322534070507026e-05,0.059191719721674266,0.09550185809114876,0.010283569896781733,0.0014524563575196877,0.024805371010458,0.6096,1422.7463854923815,767,1897.7489195050002
2,0.00038016966513311186,0.05689431182150941,3.322904948012355e-05,0.05919068129531828,0.09549544314825309,0.01028455655243283,0.0014523528587803095,0.024805218327567633,0.6096,1422.7464173717294,536,969.4731062859937
3,0.00038021668728465053,0.05689217602584328,3.3223970880915726e-05,0.059191998210821425,0.09549879486278713,0.010283877566601981,0.0014523757746584224,0.024805592778008208,0.6096,1422.7463934248835,822,2528.496914371004
4,0.00038024393188148273,0.05688947830778763,3.3233131818214566e-05,0.05918986809514771,0.09549337744711064,0.010284793371594193,0.0014523064163801775,0.02480571426671746,0.6096,1422.7464380374722,498,903.0552916540037
