,a_a0_a,a_a0_b,b_a1_a,b_a1_b,k_f_a,a_1_a,a_1_b,b_a0_a,b_a0_b,a_a1_a,a_a1_b,k_b_a,b_1_a,b_1_b,g_Kr,RMSE,iterations,CPU_time,score
0,0.021856812125569686,0.012084714516089586,6.879961776302101e-05,0.04178866078139712,0.023690063048991284,0.0908162790139263,0.023388123302763436,0.04582674290314344,0.06269568719066894,0.01379023306355538,0.0383957558621393,0.036803676401229356,0.006499229995707271,0.03268005930363656,0.15234832673671028,294.9067529201886,1051,7511.851726643999,294.9067529201886
