,p1,p2,p3,p4,p5,p6,p7,p8,Gkr,RMSE,iterations,CPU_time,score
0,0.001566383599573538,0.07928787136221391,2.2168008881141345e-05,0.05120180317506306,0.09598504377160903,0.02393516767486091,0.007051825252199423,0.03131459937852538,0.15487004171678556,719.567649484008,884,1950.0365793629999,719.567649484008
1,0.005228657173900438,0.00015810532793652523,0.027898123090883947,0.0014494719834520842,0.051955716477195824,0.009764672496777272,3.917523598369334e-06,3.4574657222867435e-05,0.1524,,884,,
