,p1,p2,p3,p4,p5,p6,p7,p8,Gkr,RMSE,iterations,CPU_time,score
0,0.0019697635214504516,0.05414136070125202,2.980406523238855e-05,0.04872864291082627,0.09612129406892664,0.023102625321265172,0.006852609643067162,0.031391628912467454,0.1578947894437713,2609.9285841039386,1549,4789.199489581,2609.9285841039386
1,9.100936063752535e-05,0.022092798709119833,0.006124518484078645,0.007380633965148546,0.0008997275784493639,1.2830252895270732e-05,0.30517845585655556,0.0005780195102121641,0.1524,,1549,,
