,p1,p2,p3,p4,p5,p6,p7,p8,Gkr,RMSE,iterations,CPU_time,score
0,0.0016861551941260427,0.08448897174982092,2.2119593022876e-05,0.051194440872077765,0.12147972399672521,0.02688870168396754,0.008874937864781135,0.02878558322429281,0.15466736112466042,656.772408235948,1368,2840.749281498,656.772408235948
1,0.11447169747772365,1.1774236151664233e-06,1.293868616655909e-05,4.271693403108969e-05,0.006920712554428243,1.4853845929941548e-05,0.012037971901996297,0.020404760536659072,0.1524,,1368,,
