,p1,p2,p3,p4,p5,p6,p7,p8,Gkr,RMSE,iterations,CPU_time
0,0.0001765594750459287,0.08397925683035468,3.120194541976577e-05,0.050098729074210396,0.06358437903840349,0.009862888667593212,0.007364748254020229,0.04245361073911699,0.06435684129488249,4506.328977982915,645,1142.5708615399926
1,0.0001765537763781974,0.08397997072527746,3.120873898210508e-05,0.05009676684212387,0.06358366427195732,0.00986275497471032,0.007364896642431279,0.042453712787861746,0.06435684129488249,4506.328979455237,577,1083.091077361998
2,0.000176510157304235,0.08398250536061394,3.120831259751448e-05,0.05009631706875936,0.06358280541206673,0.009862255891055622,0.0073649358516626375,0.04245419476785655,0.06435684129488249,4506.32894898042,764,1347.9276312950096
3,0.00017649081652776455,0.08398592386225116,3.1212016626207334e-05,0.05009534981796242,0.06358390303454084,0.009862108437040636,0.007365142215749199,0.042454603724697934,0.06435684129488249,4506.328996731835,646,1122.0933449060249
4,0.00017650563827325053,0.08398407286256204,3.1203451653109267e-05,0.0500979207261171,0.06358641422556702,0.009861849314302529,0.007364901226476262,0.04245444051522454,0.06435684129488249,4506.3289573889515,589,1023.1688720709935
