,p1,p2,p3,p4,p5,p6,p7,p8,Gkr,RMSE,iterations,CPU_time,score
0,0.0016883116706374037,0.03665329172490459,4.2908532962094315e-05,0.0459422874488282,0.09317604534755385,0.021813741091888453,0.007353390747412574,0.02959216355651061,0.16391944487904153,1710.008809505284,993,3105.082990218998,1710.008809505284
1,2.9529295486823674e-07,0.03311996912774307,0.04142994790445504,0.0020842091618191523,0.0006067718628382452,9.999258584954165e-06,0.0009732908696504615,0.03546611932987363,0.1524,,993,,
