,a_1_a,a_1_b,b_a0_a,b_a0_b,k_b_a,a_a0_a,a_a0_b,b_1_a,b_1_b,b_a1_a,b_a1_b,a_a1_a,a_a1_b,k_f_a,g_Kr,RMSE,iterations,CPU_time,score
0,0.09080699140599202,0.023396698819638344,0.04709383075581764,0.06350934704964421,0.03646741956639206,0.022717330875202935,0.011709105169177005,0.006496002968986167,0.03268355509883633,6.884468198588062e-05,0.04178500667026277,0.013204625701780657,0.03804974633473874,0.024206894773152476,0.15241709210218213,138.68311825777334,1388,3885.4259205119997,138.68311825777334
