,p1,p2,p3,p4,p5,p6,p7,p8,Gkr,RMSE,iterations,CPU_time
0,6.957727307975636e-05,0.09650011961226669,2.4841529808492737e-05,0.05334120308669439,0.07692589483520401,0.009935124288194265,0.008484227146387815,0.038268665217774056,0.07664514235271616,3007.1707776344356,1205,2253.9980897080095
1,6.95794137756548e-05,0.09649958307119086,2.484047390366201e-05,0.05334165600802825,0.07691864135591778,0.009934868670149808,0.008483676108023551,0.03826792297493314,0.07664514235271616,3007.170799759441,552,1036.6568973669782
2,6.958060494491702e-05,0.09649763123489877,2.484045737649828e-05,0.053341581044093485,0.07691956550471732,0.009935153058113457,0.008483659379982758,0.038268259612099745,0.07664514235271616,3007.1708173866045,650,1216.6358765790064
3,6.957546944766426e-05,0.09649991477812678,2.484104650414172e-05,0.053341449276894305,0.07692062635159448,0.009935618817473395,0.008483573832532381,0.03826830576665831,0.07664514235271616,3007.170802911652,1242,2346.200462068984
4,6.95755374744339e-05,0.0964988066894965,2.483778430663968e-05,0.05334247519717267,0.07691103844639197,0.009936905944518796,0.00848315739046007,0.0382652354814395,0.07664514235271616,3007.170810239278,741,1390.4475868809968
