,p1,p2,p3,p4,p5,p6,p7,p8,Gkr,RMSE,iterations,CPU_time,score
0,0.13929631970232412,5.829532700051479e-07,3.7739007338179107e-06,2.2094318338988258e-06,4.5520259471595785e-05,1.0000945591803591e-07,4.2446365784458567e-07,1.0000254034239748e-07,0.7278436166669878,101913.31491336867,1172,1744.161608929,101913.31491336867
1,0.11446946316129425,5.435272784376789e-05,5.600591806271491e-06,9.845484885950809e-05,4.3796263487187e-05,0.0030758303643855216,3.8773815257261505e-07,3.5880936390637747e-06,0.1524,,1172,,
