,p1,p2,p3,p4,p5,p6,p7,p8,Gkr,RMSE,iterations,CPU_time
0,0.000207325976825541,0.055006967851953234,2.5959876517435463e-05,0.06039943755931009,0.09893869852169421,0.008677461649448022,0.0014857335506691038,0.026106141604343547,0.6096,343.73400448016184,673,1319.7870185899956
1,0.00020732430477941858,0.05500708410544781,2.5962979290588874e-05,0.060398719254713386,0.0989275744890033,0.008677695819978497,0.0014855733240115388,0.026106763887198407,0.6096,343.734007213137,617,768.2812908740016
2,0.0002073239427374685,0.05500658729589483,2.5958908383761208e-05,0.0603996349024536,0.09895995945048607,0.008679903991652114,0.001486053025299346,0.02610381593691984,0.6096,343.73399549647354,724,1295.9855399460066
3,0.00020733434359647987,0.05500806087147927,2.5960791956228124e-05,0.0603994390547832,0.09893013276976009,0.008677934539731084,0.0014855821269844258,0.026106272245466487,0.6096,343.7340001674868,558,789.8867599719961
4,0.0002073380183922373,0.05500633087935272,2.595811881784701e-05,0.060400032690137016,0.09892339468747843,0.008677090474535902,0.0014854685745525817,0.02610697573016768,0.6096,343.7340045247728,513,827.1522954440006
