,p1,p2,p3,p4,p5,p6,p7,p8,Gkr,RMSE,iterations,CPU_time,score
0,0.5161712876405204,2.7990693770392353e-07,0.04907288362890471,1.0001167166159784e-07,7.347294016784617e-05,0.27377066023048496,0.017816011132796895,0.08751962735924038,0.02662729660570195,266917.1452740254,1810,8991.567925179996,266917.1452740254
1,0.5086482030783482,1.5111783085365294e-06,0.0513350431297584,3.1586538174620083e-07,7.473870556976107e-05,0.0023295185097086325,0.01963180745827928,6.143114630039222e-06,0.1524,,1810,,
