,p1,p2,p3,p4,p5,p6,p7,p8,Gkr,RMSE,iterations,CPU_time,score
0,2.560988339150406e-07,0.34240094559060597,0.04106806601342488,0.08416899267964718,2.9565150924802436e-05,0.11756167607950051,7.296424605574423e-06,0.1196461648102271,0.0055136400172307925,559975.9502145164,3143,15179.924528584,559975.9502145164
1,1.480607314748199e-07,0.0002051742441438494,0.036518799089445414,0.0013787441630000485,4.922972384739705e-05,3.961207013541771e-06,4.159748164905484e-06,0.008162533482142591,0.1524,,3143,,
