,p1,p2,p3,p4,p5,p6,p7,p8,Gkr,RMSE,iterations,CPU_time,score
0,2.3195677610888485,1.0000114513883736e-07,0.040311797541418865,1.0000028699033642e-07,1.158166645930574e-06,1.000306137242701e-07,8.555075309413302e-07,1.0000097417827813e-07,0.015349284504763893,341656.196689111,1417,3370.6846764249995,341656.196689111
1,2.217211581506992,1.3786510635211411e-06,0.0496057239677749,0.00038708995238289533,1.4648359596073633e-06,0.00011727311571651329,8.439546223267255e-07,0.012768007831061391,0.1524,,1417,,
