,a_a0_a,a_a0_b,b_a1_a,b_a1_b,k_f_a,a_1_a,a_1_b,b_a0_a,b_a0_b,a_a1_a,a_a1_b,k_b_a,b_1_a,b_1_b,g_Kr,RMSE,iterations,CPU_time,score
0,0.022572460618586598,0.011082430527006222,6.889012855565414e-05,0.041780263428631816,0.023619465972985372,0.09086924737740595,0.02340477232864771,0.04820033974916144,0.06316393066264314,0.013923971683911046,0.03862990149996754,0.03665139466609694,0.006501848864261003,0.03266460861714237,0.1523905849744783,138.0153749137421,1441,5020.471312688001,138.0153749137421
