,b_1_a,b_1_b,k_b_a,b_a0_a,b_a0_b,b_a1_a,b_a1_b,k_f_a,a_a1_a,a_a1_b,a_a0_a,a_a0_b,a_1_a,a_1_b,g_Kr,RMSE,iterations,CPU_time,score
0,0.006496152730578061,0.03269182456597118,0.03672156413893206,0.047523768377994345,0.06325523984178771,6.888471833258754e-05,0.041781265632578855,0.023801228806245082,0.013755315456944882,0.038092565857412414,0.02246863481979953,0.01161205145882366,0.09080146356320386,0.02337756862436722,0.15238867240744852,295.7206494797404,1123,4886.999402041001,295.7206494797404
