,p1,p2,p3,p4,p5,p6,p7,p8,Gkr,RMSE,iterations,CPU_time,score
0,0.0015675319466752268,0.0793374629086858,2.2159661171727504e-05,0.051199728255736765,0.09596901521021345,0.023948084445158557,0.007058176992786891,0.03130310810995868,0.15476025503772797,720.6057182727754,861,1969.4956061270004,720.6057182727754
1,0.3516232218683614,1.3915313826444993e-07,1.3861189717648704e-05,0.027327431804933338,0.9433155479334695,1.0607883221516923e-05,0.0017276062001467115,0.1083897356770256,0.1524,,861,,
