,a_1_a,a_1_b,b_a0_a,b_a0_b,k_b_a,a_a0_a,a_a0_b,b_1_a,b_1_b,b_a1_a,b_a1_b,a_a1_a,a_a1_b,k_f_a,g_Kr,RMSE,iterations,CPU_time,score
0,0.09063270533933555,0.023378629956193362,0.04527470289710082,0.06330452845929158,0.03786633279406154,0.022614548395863802,0.012526916452194364,0.006488001242340972,0.032703793136748045,6.869520375640456e-05,0.0417977034013712,0.01319954056310192,0.03750404704723812,0.02430899484405876,0.15231532046508073,138.47898205877442,1601,5013.122807754,138.47898205877442
