,p1,p2,p3,p4,p5,p6,p7,p8,Gkr,RMSE,iterations,CPU_time,score
0,0.0016909344001818695,0.03664134612753672,4.2921191582840085e-05,0.04593999442813934,0.09316639162447218,0.02181133208519389,0.007352643622107602,0.02959826425497416,0.1639002989195824,1709.9748976558942,1240,2025.9855363320003,1709.9748976558942
1,7.474937528370627e-07,4.765790093631175e-05,9.839161665152874e-07,0.00451124233214871,0.04535596488494043,0.00017238703290420614,0.15572669367505773,3.095296780316695e-06,0.1524,,1240,,
