,p1,p2,p3,p4,p5,p6,p7,p8,Gkr,RMSE,iterations,CPU_time,score
0,3.789696094580632,0.005111703178884629,648.0384313571534,0.0013930450542130662,0.12080152029579119,0.029579361319749642,0.02205681580314769,0.03074171733522984,10.191499330924358,63388.99597388267,1643,3339.257722365,63388.99597388267
1,0.000890002186994487,1.7365868459014098e-07,4.01846549343295,2.2061351390307598e-07,2.7383003574948634e-07,0.18676851457085267,7.649945125046145e-06,0.005876339024691654,0.1524,,1643,,
