,p1,p2,p3,p4,p5,p6,p7,p8,Gkr,RMSE,iterations,CPU_time,score
0,0.0016154628781902497,0.07287273232648157,1.9049837755708548e-05,0.05229030725946135,0.11011781275390461,0.02315672118194896,0.008881354844844546,0.029427868341230838,0.15297720315187344,2969.5962554527355,2138,9371.780539774,2969.5962554527355
1,0.3553329121158463,0.011040125118601004,3.06534625680469,0.04636875142080817,2.807253514743026e-07,0.002887652655352135,1.0347220753710546e-05,9.982224366641653e-06,0.1524,,2138,,
