,p1,p2,p3,p4,p5,p6,p7,p8,Gkr,RMSE,iterations,CPU_time,score
0,0.0016881787614561733,0.03665304341996526,4.290702691511467e-05,0.045942567205143364,0.09317811596255919,0.021813492906781144,0.007353679770261713,0.029591940027510127,0.16392117716202934,1710.0088110016063,1254,3973.9958026580025,1710.0088110016063
1,0.00015659645119814986,0.012781632893937094,6.757704862914618e-05,0.0002760594183189838,1.1016516064375016e-06,0.0013673167273184923,0.0037531266228046905,0.03276423929025866,0.1524,,1254,,
