,p1,p2,p3,p4,p5,p6,p7,p8,Gkr,RMSE,iterations,CPU_time
0,0.0002205087693127298,0.06667254928628881,3.319330705869675e-05,0.055656852941206376,0.08810599907861826,0.009059320613497438,0.004506641263901485,0.030205364199928038,0.1812351643264147,155.312558288787,592,1350.642714376001
1,0.00022050896926687288,0.06667229656305021,3.319276194183412e-05,0.055656963359702036,0.08810472504797531,0.009059061253570515,0.004506580043763072,0.030205555245583014,0.1812351643264147,155.31256335441333,912,1526.4348239499996
2,0.00022049987744369144,0.0666723342655253,3.319399318436021e-05,0.055656499886264914,0.0881047535833908,0.009059246094818124,0.004506640630486712,0.030205508841199106,0.1812351643264147,155.31255233862842,1093,2095.569902129999
3,0.00022050532171787482,0.06667301988804988,3.319246441408358e-05,0.055656909957801724,0.08810669897413606,0.009059136445531534,0.004506673198195307,0.030205132402626098,0.1812351643264147,155.3125600112756,769,1377.6025837790003
4,0.00022049934513405247,0.06667195292969356,3.319366239687826e-05,0.05565662804892989,0.08810634839451724,0.009059259625485172,0.004506725012232327,0.030205385447956083,0.1812351643264147,155.31255523377436,1100,1783.0037421750021
