,p1,p2,p3,p4,p5,p6,p7,p8,Gkr,RMSE,iterations,CPU_time
0,0.00022017504619804802,0.06677707688474219,3.323305838479657e-05,0.05565331261300703,0.08808245817986504,0.009082551645335267,0.004502919251380435,0.03018914408023499,0.1812351643264147,155.2605868496717,635,1393.4856263119873
1,0.00022016426938357042,0.06677863287966165,3.3233600779247096e-05,0.05565312146718197,0.0880802117362183,0.009082646969490864,0.0045028325778885235,0.03018899483302285,0.1812351643264147,155.26058989726081,526,1064.6568071579968
2,0.0002201730676972268,0.06677783678016724,3.3231873280431964e-05,0.055653602278313896,0.08808169291432662,0.009082440228220594,0.004502827038733744,0.030189367036758452,0.1812351643264147,155.26058832328343,501,846.4426000629901
3,0.0002201708903055184,0.06677771793473757,3.3232501556638794e-05,0.05565342164023966,0.08808123605320332,0.009082356860759738,0.0045028495659191255,0.030189533605908356,0.1812351643264147,155.26058690206662,638,989.1419241030089
4,0.0002201721065622086,0.06677832754061408,3.323290380883777e-05,0.055653405274594364,0.08808167069065238,0.00908265561014219,0.00450285800618163,0.03018915586663296,0.1812351643264147,155.26058666567724,732,1207.5536546129879
