,p1,p2,p3,p4,p5,p6,p7,p8,Gkr,RMSE,iterations,CPU_time,score
0,0.0016852019822406184,0.08446287350449627,2.2074048986342617e-05,0.05121169782829171,0.12131751692517771,0.026881254469120208,0.008868640339178578,0.028789598129112574,0.1545944956240599,654.5817714815164,921,1797.137201641,654.5817714815164
1,0.00010071922044746205,0.0004203753415681884,9.647648805809648e-06,0.002269096124603778,0.04953040219411766,1.5531160488278343e-07,6.920031809804624e-05,1.3727171122601258e-06,0.1524,,921,,
