,p1,p2,p3,p4,p5,p6,p7,p8,Gkr,RMSE,iterations,CPU_time,score
0,0.0016844856572174548,0.08446363758005071,2.2114273588090434e-05,0.051194800928591966,0.12153028163869674,0.02687388986595401,0.008877826441149895,0.028798190810750166,0.15465185490142422,652.3532168486995,1158,2229.12693331,652.3532168486995
1,0.0035471301339011388,0.00020202782877193102,0.00047486267110377465,1.022686220129568e-06,0.014241031008797679,0.0009375251930782133,4.825435535246101e-07,0.027129426653260607,0.1524,,1158,,
