,a_a0_a,a_a0_b,b_a1_a,b_a1_b,k_f_a,a_1_a,a_1_b,b_a0_a,b_a0_b,a_a1_a,a_a1_b,k_b_a,b_1_a,b_1_b,g_Kr,RMSE,iterations,CPU_time,score
0,0.02212467144874905,0.011994683358211038,6.887331439757178e-05,0.04178276807071765,0.023765779806954705,0.09074960519956785,0.023396195263485693,0.04617812033692623,0.06285025025823622,0.01364571255190256,0.03827232080833951,0.03664589670336641,0.006488025633108164,0.032692849732181416,0.15237965553166294,202.73990802394786,1564,7486.86092583,202.73990802394786
