,a_1_a,a_1_b,b_a0_a,b_a0_b,k_b_a,a_a0_a,a_a0_b,b_1_a,b_1_b,b_a1_a,b_a1_b,a_a1_a,a_a1_b,k_f_a,g_Kr,RMSE,iterations,CPU_time,score
0,0.09086502792736796,0.023386601642955474,0.047020961270637006,0.06314015342106961,0.036914668702735624,0.02231831822975824,0.011748940894357605,0.0065021424230175895,0.03266756013169656,6.884551038031479e-05,0.041787498733548006,0.013745797129977278,0.03814204000465596,0.023840297033786376,0.15241984094871952,296.8445482809727,1620,11488.347754670998,296.8445482809727
