,b_1_a,b_1_b,k_b_a,b_a0_a,b_a0_b,b_a1_a,b_a1_b,k_f_a,a_a1_a,a_a1_b,a_a0_a,a_a0_b,a_1_a,a_1_b,g_Kr,RMSE,iterations,CPU_time,score
0,0.006496961861082074,0.032670007461107715,0.03926017934368588,0.04457726515799023,0.0636638503814249,6.847286687342953e-05,0.0418332214858624,0.024852682304258966,0.013345880874160559,0.03760928104233659,0.022227704932022897,0.012117709163598703,0.09083750640667328,0.023403112271990243,0.15241364070660324,138.3720714471785,1056,3271.154107323,138.3720714471785
