,b_1_a,b_1_b,k_b_a,b_a0_a,b_a0_b,b_a1_a,b_a1_b,k_f_a,a_a1_a,a_a1_b,a_a0_a,a_a0_b,a_1_a,a_1_b,g_Kr,RMSE,iterations,CPU_time,score
0,0.006510045827645802,0.03267091432650675,0.036250910368996726,0.04765763647009379,0.06298938423415555,6.874692759578517e-05,0.04179221983638457,0.023577200208433378,0.013574233810730297,0.03851617048895455,0.022789897778827325,0.011541370889549426,0.0909519343294823,0.02338935595666339,0.15235945791579028,202.9532445326866,1101,5465.230294861001,202.9532445326866
