,p1,p2,p3,p4,p5,p6,p7,p8,Gkr,RMSE,iterations,CPU_time
0,0.00021209906050315112,0.07558843467522049,3.917819598427096e-05,0.050362760160006494,0.07310916538007771,0.009551134650752274,0.006357613697638177,0.0381110697714237,0.09127977271835509,1514.0995072806957,531,1069.364327465999
1,0.00021212344377629058,0.07558540902248342,3.917675521358108e-05,0.05036297720457924,0.07311182473594452,0.009550318839025046,0.006357790085330558,0.03811272147217855,0.09127977271835509,1514.099489857764,525,903.1026586619992
2,0.0002121477408649694,0.075583387631579,3.9183347514070025e-05,0.05036171633407396,0.07310584639745248,0.00955211324394082,0.0063573204195346115,0.03811146940170178,0.09127977271835509,1514.0995162155875,473,817.7584903560055
3,0.00021214949733864321,0.07558374754620048,3.917458860325335e-05,0.050363617555547746,0.07310832090132936,0.009551499968827915,0.006357312279763066,0.03811179521501208,0.09127977271835509,1514.0995017601056,576,1001.6305704659899
4,0.00021210370658034057,0.07558764195611115,3.917945660857636e-05,0.05036236423737663,0.0731080866301594,0.009551190365282684,0.0063578059434334505,0.038110604209388346,0.09127977271835509,1514.09947659827,753,1305.3496289699979
