,p1,p2,p3,p4,p5,p6,p7,p8,Gkr,RMSE,iterations,CPU_time,score
0,1.2037263694311322e-05,0.0054567654929288415,1.0000114737303899e-07,0.12744847054070635,1.0001856150781328e-07,0.012556899898907405,1.0669608360168281e-07,0.05237453557694247,0.246862053326556,99767.1532471189,976,1952.3502932909996,99767.1532471189
1,0.0005926203696216926,1.5212802208004155e-05,0.0009523435901542522,1.4637406951059666e-06,0.00013569672583106833,3.6991841534981607e-07,2.211773814649147e-07,2.025426736215628e-06,0.1524,,976,,
