,a_a0_a,a_a0_b,b_a1_a,b_a1_b,k_f_a,a_1_a,a_1_b,b_a0_a,b_a0_b,a_a1_a,a_a1_b,k_b_a,b_1_a,b_1_b,g_Kr,RMSE,iterations,CPU_time,score
0,0.022478349102733986,0.012344175422119437,6.890046440437839e-05,0.04177343811117344,0.023874932828918432,0.09075479610149809,0.023377242862893725,0.04641695444652288,0.06310787325013932,0.013541082767978111,0.03771842651237531,0.03702013501698888,0.006496290439343184,0.032699764869822796,0.15232254326399552,138.47994250888715,867,3028.226618847999,138.47994250888715
