,b_1_a,b_1_b,k_b_a,b_a0_a,b_a0_b,b_a1_a,b_a1_b,k_f_a,a_a1_a,a_a1_b,a_a0_a,a_a0_b,a_1_a,a_1_b,g_Kr,RMSE,iterations,CPU_time,score
0,0.006498377470565461,0.03267772887502472,0.036804000010310714,0.04601889997411581,0.06301400932947762,6.885959596597997e-05,0.041782755797187675,0.023692136751473507,0.013779114971418649,0.03830592373416593,0.021934094835675003,0.01201603162987221,0.09082341827464721,0.023397195552251875,0.15237077284831857,203.2338805896553,1224,6207.865653711999,203.2338805896553
