,a_a0_a,a_a0_b,b_a1_a,b_a1_b,k_f_a,a_1_a,a_1_b,b_a0_a,b_a0_b,a_a1_a,a_a1_b,k_b_a,b_1_a,b_1_b,g_Kr,RMSE,iterations,CPU_time,score
0,0.021920842796942817,0.012026447389102106,6.893472316273751e-05,0.04177700143697564,0.02376005360567335,0.09081745894215006,0.023389893334642767,0.04636974953338712,0.06255480625102569,0.013935558790054866,0.03820472212893091,0.03717967020544179,0.006497459069366997,0.032673542529706306,0.15241449070637103,173.5265211424582,1138,5348.707771935,173.5265211424582
