,p1,p2,p3,p4,p5,p6,p7,p8,Gkr,RMSE,iterations,CPU_time,score
0,0.0016142720363458791,0.07288223630155403,1.9048582213514587e-05,0.0522928035109285,0.11016593200754539,0.023163316772084604,0.008885596576764835,0.02940840438533066,0.15302137260174062,2966.0274107151163,1138,5151.025206078,2966.0274107151163
1,0.00025558128670940525,0.1920413629038854,1.717679542508463e-07,4.659220767533147e-07,1.5506878205572328e-07,6.933900214860686e-06,0.21018363320558817,8.098382416469687e-07,0.1524,,1138,,
