,p1,p2,p3,p4,p5,p6,p7,p8,Gkr,RMSE,iterations,CPU_time,score
0,0.001969735612883649,0.054148955543671905,2.9817171888036864e-05,0.048723863855332075,0.09613786112046611,0.02312400927299746,0.006851237111044305,0.03138838504916664,0.15786355963112883,2603.0552623962258,1483,5016.889621588,2603.0552623962258
1,0.07289165586606458,0.004032785173712404,5.1085815723849165e-06,1.399327253721429e-06,0.017252432718269314,0.009467276373126273,0.008612389020413079,0.014159337910412106,0.1524,,1483,,
