,p1,p2,p3,p4,p5,p6,p7,p8,Gkr,RMSE,iterations,CPU_time
0,0.0003448085239304812,0.059556243755153754,3.409172454169042e-05,0.057572081903316426,0.08989765370597944,0.009665833587804568,0.002742549528229867,0.02682864041767331,0.3048,874.1175308191139,499,912.2441327309934
1,0.00034481431863895554,0.05955602386228721,3.4090873652451877e-05,0.057572201419362264,0.08989737704543392,0.009665864483910002,0.002742530310866754,0.02682861646623293,0.3048,874.1175175172759,742,1356.038467064005
2,0.00034478850955639876,0.05955726740603402,3.4090867011981565e-05,0.05757235600887559,0.089898382345718,0.009665598186763486,0.0027426223805213533,0.026828551926373487,0.3048,874.1175391855544,558,1025.3597713659983
3,0.00034477722561992546,0.05955758845690298,3.4089260041684114e-05,0.057572640471588866,0.08989696859811153,0.00966553749525087,0.0027425552595647493,0.026828560363657262,0.3048,874.1175293989794,574,1051.598000717
4,0.00034479116078502885,0.05955709178868049,3.40899503983162e-05,0.057572475639317965,0.08989729728159798,0.009665418084068466,0.002742580967854808,0.026828550974623902,0.3048,874.1175289991472,795,1458.0386646469997
