,p1,p2,p3,p4,p5,p6,p7,p8,Gkr,RMSE,iterations,CPU_time,score
0,572.9873854655665,0.0009178978116473711,1.0581484724926235e-07,0.0025339047776861325,0.05473757135406284,0.02699367708308761,0.010888805289466334,0.05395730396923797,0.05255848443160747,65180.32429394496,1744,4861.500545237001,65180.32429394496
1,1.7382415083319616,2.505005960316481e-07,0.0002649567354517504,0.0026791690830263717,1.6571643990840849e-06,3.0095316767243806e-05,1.3051321682281575e-05,6.841038958770004e-05,0.1524,,1744,,
