,p1,p2,p3,p4,p5,p6,p7,p8,Gkr,RMSE,iterations,CPU_time,score
0,0.025249809068454178,5.626638236782874e-07,1.4804113057748556,0.013748005675003257,1.6106770771671786,0.00021534471220793625,0.1076405957203803,0.06607402247065655,8.22648414036423,182915.15509473588,4239,20381.267620431,182915.15509473588
1,0.06705168553448247,3.251536053268435e-05,2.801671023033043,3.927453421735007e-05,7.671558964552766,2.4785372914752864e-05,5.504086299618617e-07,0.03728913636933514,0.1524,,4239,,
