,a_a0_a,a_a0_b,b_a1_a,b_a1_b,k_f_a,a_1_a,a_1_b,b_a0_a,b_a0_b,a_a1_a,a_a1_b,k_b_a,b_1_a,b_1_b,g_Kr,RMSE,iterations,CPU_time,score
0,0.023202104672661695,0.010128308847790608,6.949316036984767e-05,0.04170976680874524,0.022838414558969018,0.09090097510512425,0.02340871386508803,0.05377078722426245,0.06360951897100083,0.01426817026411463,0.03881803310137729,0.03340445541670778,0.006504340918073057,0.032658058396079014,0.1523932502394889,138.53619408800577,1055,3137.2596670460007,138.53619408800577
