,p1,p2,p3,p4,p5,p6,p7,p8,Gkr,RMSE,iterations,CPU_time,score
0,0.0019686822385000732,0.05413528270310576,2.9763594458839477e-05,0.0487394422057959,0.09612454041874864,0.023111991028226413,0.006855486077642242,0.03137474450357916,0.15788234107109445,2608.3642119008564,969,3491.0557893120003,2608.3642119008564
1,5.704679449581681e-06,0.13833905539292404,4.8704119734620515e-06,0.0915026674548409,0.0016400136834246342,0.004010940419424189,0.13989347525172002,0.000536398007870442,0.1524,,969,,
