,a_1_a,a_1_b,b_a0_a,b_a0_b,k_b_a,a_a0_a,a_a0_b,b_1_a,b_1_b,b_a1_a,b_a1_b,a_a1_a,a_a1_b,k_f_a,g_Kr,RMSE,iterations,CPU_time,score
0,0.0909000806407948,0.023408246063249726,0.053546906297320736,0.06352799659491615,0.03345457742427787,0.023095599355823622,0.01021450753824748,0.00650423402861895,0.03265832034477779,6.950208510392818e-05,0.04170875144997176,0.014304335777371785,0.038818195701456386,0.02282998796987946,0.15239388658382716,138.53618176494058,1820,5377.412518764002,138.53618176494058
