,a_1_a,a_1_b,b_a0_a,b_a0_b,k_b_a,a_a0_a,a_a0_b,b_1_a,b_1_b,b_a1_a,b_a1_b,a_a1_a,a_a1_b,k_f_a,g_Kr,RMSE,iterations,CPU_time,score
0,0.0908455929353641,0.02339948379859784,0.04707697844520394,0.0629544980019775,0.036917752307555146,0.02233686051667913,0.011754239303646209,0.006500170059145638,0.03266842421362736,6.889414134064254e-05,0.04178077338681019,0.013791248142750793,0.03825866950457019,0.023752085434851133,0.15239611607173825,138.0162261127553,1838,6173.956719341,138.0162261127553
