,p1,p2,p3,p4,p5,p6,p7,p8,Gkr,RMSE,iterations,CPU_time,score
0,0.0019690468608356756,0.054130753875053984,2.978491292818488e-05,0.04873404342549241,0.0960068746061686,0.02311259947618767,0.006841482944352743,0.031388363084022645,0.1579020689134402,2609.632017535593,1382,4457.972171619001,2609.632017535593
1,1.7192018390763712e-07,3.313109374668152e-05,0.00010509308908810489,0.09612999708414219,0.0006961442612177685,0.039960188683708056,3.973913818479927e-07,0.09185986916307354,0.1524,,1382,,
