,p1,p2,p3,p4,p5,p6,p7,p8,Gkr,RMSE,iterations,CPU_time,score
0,0.001614785355512068,0.07291885506006918,1.9062407637868984e-05,0.05228688832970457,0.1100885779492661,0.02316249522679421,0.008878448822134403,0.029415162432673093,0.15301218887651882,2974.6644540489865,1655,7400.277204247999,2974.6644540489865
1,3.3357921308380476e-06,0.00396784090096269,4.480477803467028e-06,0.013928617196781602,0.6875455253448204,1.3419740268695154e-05,1.0365147242902278e-06,0.05933444776508817,0.1524,,1655,,
