,p1,p2,p3,p4,p5,p6,p7,p8,Gkr,RMSE,iterations,CPU_time,score
0,2.420471751352708,1.00000749354421e-07,0.05646410731579296,1.0000518215633106e-07,1.6797290344904093e-06,1.0000638609594107e-07,7.992959277896802e-07,1.0001043411300925e-07,0.026070037342596355,121325.3348913207,1084,1924.2849610320009,121325.3348913207
1,2.217211581506992,1.3786510635211411e-06,0.0496057239677749,0.00038708995238289533,1.4648359596073633e-06,0.00011727311571651329,8.439546223267255e-07,0.012768007831061391,0.1524,,1084,,
