,p1,p2,p3,p4,p5,p6,p7,p8,Gkr,RMSE,iterations,CPU_time
0,0.00021139482184597975,0.08756858464140328,3.551399668792647e-05,0.05061109698703339,0.08447561489309893,0.011349889922996882,0.010411416502238296,0.03532773251912917,0.0762,669.7965041821751,529,1064.3089442429991
1,0.00021140109792727713,0.08756864427328283,3.551471377801006e-05,0.05061097829991783,0.08447871249059577,0.011349904336144204,0.010411892801444372,0.03532742914117085,0.0762,669.7965076976141,506,1016.3980768319961
2,0.00021139844558739837,0.0875664278380273,3.551224851143129e-05,0.050611576705947944,0.08447473691620114,0.0113493362690421,0.010411344140395119,0.035327971993754696,0.0762,669.7965025915663,742,1487.841444052996
3,0.00021138645571945201,0.08756785417626063,3.551679843830099e-05,0.050610490926335086,0.08446819597905396,0.011349716836792137,0.010410646872326535,0.03532837790593191,0.0762,669.7965082567215,498,995.8861080619972
4,0.0002113922052318476,0.08756666985505705,3.551319541303562e-05,0.050611473898938296,0.08447208336841953,0.011349174339398868,0.010411018566942822,0.03532834885982958,0.0762,669.7965047127684,595,1191.152349308999
