,b_1_a,b_1_b,k_b_a,b_a0_a,b_a0_b,b_a1_a,b_a1_b,k_f_a,a_a1_a,a_a1_b,a_a0_a,a_a0_b,a_1_a,a_1_b,g_Kr,RMSE,iterations,CPU_time,score
0,0.0064932763337125264,0.03268216145325068,0.03669647815200049,0.04626928869760834,0.06301693852020485,6.879121073006386e-05,0.04179295568243991,0.023623601636213885,0.013613073259341813,0.03836747094988261,0.022405467593842085,0.011961551663087192,0.09076546377469684,0.023384689770689526,0.15240872159886323,296.05846832832196,904,6421.39515329,296.05846832832196
