,a_1_a,a_1_b,b_a0_a,b_a0_b,k_b_a,a_a0_a,a_a0_b,b_1_a,b_1_b,b_a1_a,b_a1_b,a_a1_a,a_a1_b,k_f_a,g_Kr,RMSE,iterations,CPU_time,score
0,0.09083810534400462,0.023399917558675647,0.050397527421127755,0.06420049709439105,0.03462204106615588,0.02394538083212971,0.010536072035842007,0.00649768974503111,0.03267942664337355,6.893963968660112e-05,0.04177311787727733,0.013011210478168056,0.03847711402084804,0.023737205419953288,0.1524262260656668,138.68168514624566,1698,4771.445672144,138.68168514624566
