,a_a0_a,a_a0_b,b_a1_a,b_a1_b,k_f_a,a_1_a,a_1_b,b_a0_a,b_a0_b,a_a1_a,a_a1_b,k_b_a,b_1_a,b_1_b,g_Kr,RMSE,iterations,CPU_time,score
0,0.022346488554075793,0.011729758137532891,6.887230228835396e-05,0.04178483872862024,0.023828998750108514,0.09082656189010689,0.023392516431734612,0.04687346686648971,0.06318100101606293,0.013913009090485732,0.038134130073647056,0.03756816730041414,0.006497956796562555,0.03267077760433238,0.1524262281268294,296.483062798775,1051,6777.675444165005,296.483062798775
