,a_1_a,a_1_b,b_a0_a,b_a0_b,k_b_a,a_a0_a,a_a0_b,b_1_a,b_1_b,b_a1_a,b_a1_b,a_a1_a,a_a1_b,k_f_a,g_Kr,RMSE,iterations,CPU_time,score
0,0.09103517588982267,0.023411981970952015,0.048983253795399195,0.06214640796848541,0.03518020833274688,0.021149603804670087,0.011775630822924193,0.006509535714162658,0.03264858437246987,6.95145002928037e-05,0.04171180438136675,0.014781894788890401,0.03862767103201982,0.023169442324526755,0.15247090038700328,139.0764474457924,1303,3757.383959679002,139.0764474457924
