,p1,p2,p3,p4,p5,p6,p7,p8,Gkr,RMSE,iterations,CPU_time
0,0.00022688108242067633,0.06717646036143102,2.9750644155216002e-05,0.059324758667910635,0.09083279430566518,0.010417305368827689,0.002235577298086613,0.026489708294319125,0.3624703286528294,1089.5546098025493,744,1799.1391114470025
1,0.00022687583094417328,0.06717668839005837,2.975021471689393e-05,0.05932484312343231,0.09083440631959092,0.010417207547384432,0.002235624571854071,0.02648966098205247,0.3624703286528294,1089.5546163519373,716,1731.3820572550176
2,0.00022685945569611216,0.0671782887894306,2.97509261781168e-05,0.05932454362823554,0.09083526225576222,0.010416906050043884,0.00223566451567312,0.026489532215590028,0.3624703286528294,1089.5546072477498,705,1705.5312394009961
3,0.00022686882923101886,0.06717739043547655,2.974960467848372e-05,0.059324919798386826,0.09083346340794568,0.010417098164922842,0.002235606653052038,0.026489514919097824,0.3624703286528294,1089.5546129797776,597,1429.594309933018
4,0.00022689775587418713,0.06717531995811311,2.9750330677857097e-05,0.059324915082976624,0.09083605758020952,0.0104170589831804,0.0022356342900312987,0.02648982391708704,0.3624703286528294,1089.5546040447443,1109,2651.718197854003
