,p1,p2,p3,p4,p5,p6,p7,p8,Gkr,RMSE,iterations,CPU_time
0,5.96225962383532e-05,0.09969215325669722,2.1455264155202886e-05,0.05359961995298673,0.07087975279346843,0.010490018046057394,0.009538396601053368,0.04021505743374545,0.06407630684233305,4881.8273162354735,829,2585.445890379997
1,5.9639375484423674e-05,0.09968623753361584,2.1450592173993167e-05,0.05360132571649401,0.07089088504447398,0.010487009437322654,0.009540124318107104,0.04021665731112222,0.06407630684233305,4881.827254671684,1085,3619.078975589
2,5.96171375924342e-05,0.09969280408529603,2.1455907256511624e-05,0.053599299100344604,0.07088500992376084,0.010487114505154703,0.009538904816071737,0.040217789505159494,0.06407630684233305,4881.827191082925,606,1278.9584385890048
3,5.962361503014872e-05,0.09969020093846868,2.1448622503029693e-05,0.05360260877384816,0.07088685711781384,0.010486914109331386,0.00953908844545271,0.04021808642897311,0.06407630684233305,4881.8272624233105,731,1860.6752421629935
4,5.961162309149223e-05,0.09969605251880306,2.145600867681632e-05,0.05359923481994309,0.07087964029027187,0.010490014087868378,0.009538248122747386,0.040215059284360644,0.06407630684233305,4881.827295619621,927,2543.91918087301
