,p1,p2,p3,p4,p5,p6,p7,p8,Gkr,RMSE,iterations,CPU_time,score
0,1.8642765944123694e-06,0.007095410484849728,2.0831626443713014,0.000928166339101217,1.0160180332171052e-07,0.36638054805072157,0.012326591136986406,0.04766557131240928,0.9770834885165165,137564.15584832607,358,256.1393667010002,137564.15584832607
1,1.6559401914932458e-06,2.2515804336098623e-07,1.9866453190317976,3.301421924022204e-05,1.0427033011865599e-07,2.3902586720510136e-06,0.01221099673173097,2.8337184630025532e-05,0.1524,,358,,
