,a_a0_a,a_a0_b,b_a1_a,b_a1_b,k_f_a,a_1_a,a_1_b,b_a0_a,b_a0_b,a_a1_a,a_a1_b,k_b_a,b_1_a,b_1_b,g_Kr,RMSE,iterations,CPU_time,score
0,0.02212590539272018,0.011993753325434082,6.887051787348163e-05,0.04178307498741293,0.02376578771367914,0.09074920700337566,0.02339621024786683,0.04616577736826864,0.06285122666518028,0.013642555752137474,0.03827570502786777,0.03664587723256918,0.006488026807756407,0.03269282184915682,0.15237939579247678,202.7399086712546,1268,5918.960160480001,202.7399086712546
