,a_a0_a,a_a0_b,b_a1_a,b_a1_b,k_f_a,a_1_a,a_1_b,b_a0_a,b_a0_b,a_a1_a,a_a1_b,k_b_a,b_1_a,b_1_b,g_Kr,RMSE,iterations,CPU_time,score
0,0.022209915157925832,0.011787045351239941,6.869567830937677e-05,0.04180830000240667,0.02431229908380828,0.09076565098404527,0.02338339754309864,0.04670907858449497,0.06311201778911715,0.013306525598487487,0.03809086666123137,0.03651713879831673,0.006493715024231434,0.03268806716114236,0.15239559423480256,139.04221217643394,943,3108.1843924620007,139.04221217643394
