,p1,p2,p3,p4,p5,p6,p7,p8,Gkr,RMSE,iterations,CPU_time,score
0,0.0019700022767120563,0.05415472891556476,2.9800706355495263e-05,0.048728852724354156,0.09614413664248361,0.02311188041823093,0.006854024217295112,0.03138536951701838,0.15789186046899334,2603.9765782885165,1045,3679.5244702749987,2603.9765782885165
1,0.004211301008116589,0.01608438071412959,7.132804206762876e-05,4.979623798597799e-06,2.887432431078514e-05,0.0029605943163409872,0.0010620921607211225,8.152954950405303e-06,0.1524,,1045,,
