,a_a0_a,a_a0_b,b_a1_a,b_a1_b,k_f_a,a_1_a,a_1_b,b_a0_a,b_a0_b,a_a1_a,a_a1_b,k_b_a,b_1_a,b_1_b,g_Kr,RMSE,iterations,CPU_time,score
0,0.02323304432893954,0.010389402782648272,6.952405837860785e-05,0.04170769743809175,0.02318060943258054,0.09092694910197803,0.02341262069650033,0.05390937836897435,0.0638687674763475,0.014185582623924164,0.03817756432654207,0.03384257164923774,0.006507739335687615,0.03264694495927905,0.152381779305002,138.52856390489202,1269,4375.844657913,138.52856390489202
