,b_1_a,b_1_b,k_b_a,b_a0_a,b_a0_b,b_a1_a,b_a1_b,k_f_a,a_a1_a,a_a1_b,a_a0_a,a_a0_b,a_1_a,a_1_b,g_Kr,RMSE,iterations,CPU_time,score
0,0.006495605343797205,0.0326761331562782,0.03673127254719779,0.04704350598308577,0.06314069998175155,6.898031855013823e-05,0.041767281267750984,0.02365550744166818,0.013638008249338031,0.03844378406197223,0.022560789580674617,0.011624849743625171,0.09080761352402264,0.023398602622109906,0.15241614072756082,173.76842855351583,1672,7359.841298464002,173.76842855351583
