,b_1_a,b_1_b,k_b_a,b_a0_a,b_a0_b,b_a1_a,b_a1_b,k_f_a,a_a1_a,a_a1_b,a_a0_a,a_a0_b,a_1_a,a_1_b,g_Kr,RMSE,iterations,CPU_time,score
0,0.006497965327299332,0.03267082047490144,0.037565382700268844,0.04689024947859588,0.06318836433349283,6.887054636130865e-05,0.04178504946606879,0.023830948049360264,0.013909118126083345,0.03813397444363306,0.022356605831439714,0.01172149141145353,0.09082657991081843,0.023392425250529394,0.15242632436471584,296.48306144019176,1250,8817.563291870996,296.48306144019176
