,p1,p2,p3,p4,p5,p6,p7,p8,Gkr,RMSE,iterations,CPU_time
0,0.0002266457120077928,0.06798727272235058,3.098214229545047e-05,0.057938402834252035,0.08931009741642874,0.009890950424376255,0.0031278866356517126,0.027884681929257065,0.2563052273693322,752.4051403290412,820,2033.0242208870186
1,0.00022665863840638594,0.06798599466933537,3.0981754138521176e-05,0.057938630043618676,0.08931009806574129,0.009891223684654045,0.0031278351348247558,0.027884870309573314,0.2563052273693322,752.4051352873566,933,2310.251231131988
2,0.00022664439886462554,0.06798721645999375,3.0982022533267044e-05,0.05793845176443921,0.08931013194838869,0.009891129119416631,0.0031278695813756227,0.027884714090436198,0.2563052273693322,752.405146040976,624,1538.3005660400086
3,0.0002266548539210206,0.06798625845349977,3.098193828719785e-05,0.057938553566971224,0.08930951162835357,0.009891005278640123,0.0031278076663434564,0.027884970846809295,0.2563052273693322,752.4051513120608,624,1534.665247870027
4,0.00022665068111019226,0.0679871752880504,3.098327861680322e-05,0.05793821233244665,0.08931160992992176,0.009891479270956146,0.003127867973246785,0.027884756335921586,0.2563052273693322,752.4051405016525,593,1452.0414540939964
