,p1,p2,p3,p4,p5,p6,p7,p8,Gkr,RMSE,iterations,CPU_time
0,0.00022657324564060363,0.0680274511380329,3.093736621511345e-05,0.0579568524121034,0.08919483631118413,0.009919792125576922,0.0031207763906447297,0.027881326530408708,0.2563052273693322,753.2560619831243,574,2572.185346960003
1,0.00022657651078493486,0.0680261498572079,3.093951169097155e-05,0.057956257405116604,0.08918799034453233,0.009919266792558055,0.0031205601103494246,0.027881931809899795,0.2563052273693322,753.2560485065644,675,3026.360406591004
2,0.00022658379077893532,0.06802649853467446,3.0939492536754156e-05,0.05795624185590822,0.08918708286799189,0.009919635611812602,0.0031205022666231535,0.027881759381418438,0.2563052273693322,753.2560599049683,515,2268.389834314992
3,0.00022658021040228993,0.06802492741115085,3.093773494671235e-05,0.057956699442588126,0.08919281433506202,0.009919224604972578,0.003120733028691366,0.0278816562343453,0.2563052273693322,753.25605290729,798,3611.0211830949993
4,0.0002265846529163886,0.06802567469602969,3.093898090051657e-05,0.05795622653405166,0.08918708325031521,0.00991919631588669,0.003120534405590697,0.027881861835699503,0.2563052273693322,753.2560667841885,447,1809.1240065570018
