,p1,p2,p3,p4,p5,p6,p7,p8,Gkr,RMSE,iterations,CPU_time
0,0.00024530076747050425,0.0970314199486767,1.9197944613132017e-05,0.05187285474286599,0.05504049715561952,0.010240673245540068,0.012963743146470558,0.04583662745201418,0.0381,2964.2068131641586,660,855.5048579040013
1,0.0002452999668882176,0.09703477315841474,1.9198091903549022e-05,0.05187228916710677,0.05504695306369041,0.010238591458246711,0.012965136565039965,0.0458386628791658,0.0381,2964.206784579171,901,1167.5176829010015
2,0.0002453159383262745,0.09703181292043865,1.919575225086017e-05,0.051873481471681124,0.05504510335424987,0.01023886671819637,0.01296467536365207,0.04583758573370551,0.0381,2964.206818384482,522,674.4436573109997
3,0.00024533149898460423,0.09702690554559691,1.919960102179593e-05,0.05187148065598411,0.055042123095964436,0.010238085027795914,0.012964191330502516,0.04583912002380237,0.0381,2964.206800463441,746,964.7301960119948
4,0.00024529800451000345,0.09703570187134875,1.919573857731157e-05,0.05187346014343871,0.055045108038196094,0.01023937389826527,0.012964569480356236,0.04583748182737398,0.0381,2964.2068232367524,817,1055.532962733996
