,p1,p2,p3,p4,p5,p6,p7,p8,Gkr,RMSE,iterations,CPU_time,score
0,0.035393225764537094,1.0000174596607706e-07,0.010264390069329873,1.0000416526961962e-07,3.356739390950112e-06,1.0000806262429569e-07,1.633795793782132e-07,1.0005370825910227e-07,0.20672910640925357,458424.31418880116,1453,5260.462067587001,458424.31418880116
1,0.03717535250140822,7.897699193632463e-06,0.010783247160361555,0.002750539584802584,3.627537244684446e-06,0.015944046081330272,1.5762971659141547e-07,0.026099210153394243,0.1524,,1453,,
