,p1,p2,p3,p4,p5,p6,p7,p8,Gkr,RMSE,iterations,CPU_time,score
0,0.0016890058785220428,0.0366493332649948,4.284811027053672e-05,0.04595462410311962,0.09319594256718584,0.02180664345255538,0.007352873403690228,0.029606839535178453,0.16389663017162842,1708.2253001629774,1113,2336.983178677001,1708.2253001629774
1,5.839641391908409e-07,0.0383214264109321,0.0006823748376058937,1.5149422458490631e-05,3.467684051909971e-07,0.0036450234953986894,1.5851148222506968,4.330106279714194e-07,0.1524,,1113,,
