,a_a0_a,a_a0_b,b_a1_a,b_a1_b,k_f_a,a_1_a,a_1_b,b_a0_a,b_a0_b,a_a1_a,a_a1_b,k_b_a,b_1_a,b_1_b,g_Kr,RMSE,iterations,CPU_time,score
0,0.02213598185088613,0.01198721393328931,6.887154639610907e-05,0.04178297201991162,0.02376668501715298,0.0907494867162291,0.023396147047573642,0.04619215523458275,0.06285808512662484,0.01364068772471837,0.038273025622334575,0.03664026297318585,0.0064880380749424114,0.03269284347545958,0.1523797154016284,202.73991042516192,848,3937.4176346230015,202.73991042516192
