,p1,p2,p3,p4,p5,p6,p7,p8,Gkr,RMSE,iterations,CPU_time,score
0,0.001969010293037614,0.0541312753909038,2.9782263460442302e-05,0.04873481392258755,0.09600685963902639,0.02311247057933507,0.006841430430208564,0.031388445643960816,0.15790229651842697,2609.6320302408835,1282,4167.70867045,2609.6320302408835
1,0.13009738911219232,5.968077440444428e-06,0.16977378793613393,3.312340338756347e-05,0.0010901057804252583,0.0021697276477351196,0.5338409530614263,7.231324175611389e-06,0.1524,,1282,,
