,a_a0_a,a_a0_b,b_a1_a,b_a1_b,k_f_a,a_1_a,a_1_b,b_a0_a,b_a0_b,a_a1_a,a_a1_b,k_b_a,b_1_a,b_1_b,g_Kr,RMSE,iterations,CPU_time,score
0,0.02225547636730309,0.011785358193431171,6.889435959542084e-05,0.04178251174939431,0.023687272841145572,0.09093569748596379,0.023393595376469574,0.046722749775085164,0.06300364474403139,0.013813931626481516,0.03829299819796723,0.03687585832708562,0.006505053069639385,0.0326686749070577,0.15241701744624064,295.4551838819613,859,6067.552433546,295.4551838819613
