,p1,p2,p3,p4,p5,p6,p7,p8,Gkr,RMSE,iterations,CPU_time
0,0.00022410976285220125,0.06570989488951079,3.26066716494381e-05,0.05573565027076239,0.08968617129272802,0.008778678846766004,0.00445369978732961,0.030381070982538002,0.1812351643264147,152.74759356420464,636,754.3140351719921
1,0.00022410597891456323,0.06570959473822376,3.260692546602489e-05,0.05573558182287551,0.08968078623895566,0.00877805491975779,0.004453458091934372,0.03038169163285741,0.1812351643264147,152.7475938109764,594,792.9928541410045
2,0.00022410823926433959,0.06570963632491546,3.2606321433579114e-05,0.055735731630968864,0.08968336533664538,0.008778204712914479,0.004453579093747145,0.0303815377135064,0.1812351643264147,152.74759274426194,696,1027.091137736992
3,0.00022410378196645255,0.06571033512369227,3.260684729944476e-05,0.055735638174187155,0.08967960856075316,0.008778246090154573,0.004453375544984049,0.030381629375169323,0.1812351643264147,152.74759333468484,661,815.6466331709962
4,0.00022410823650285532,0.06570945980584172,3.260711340068697e-05,0.05573550166892523,0.08967785113094283,0.008778106092479294,0.004453298793226276,0.030381662805369858,0.1812351643264147,152.74759289696343,602,712.9232781430037
