,p1,p2,p3,p4,p5,p6,p7,p8,Gkr,RMSE,iterations,CPU_time
0,0.0003747796723231779,0.05731976660997732,3.340230966734117e-05,0.05889037806821928,0.09407843300988519,0.010186349169585626,0.0017026603238769098,0.025164910597855847,0.5126104547386644,1322.3734241757259,495,1148.303867583003
1,0.0003748100780268333,0.057316617774771525,3.340902014093953e-05,0.058888670745904606,0.09407895872433694,0.010186434612957597,0.0017027264558763535,0.025164634137051962,0.5126104547386644,1322.3734277674982,850,2364.6253082640033
2,0.0003747453121821016,0.057321665704285714,3.339966138229574e-05,0.05889100307929814,0.09408014544039955,0.010186384554441274,0.0017026792371716713,0.02516472876928018,0.5126104547386644,1322.373459451651,812,2333.988174261991
3,0.0003747604462036311,0.057321118666414594,3.3402729217586946e-05,0.05889032430083476,0.09407844985401227,0.010186483851537455,0.001702675034034605,0.025164834438385148,0.5126104547386644,1322.373414018891,868,2403.1717956810025
4,0.00037478332881538,0.057320437710352015,3.340567009049603e-05,0.058889624262510876,0.09407986577310787,0.010186799212932428,0.0017026583557495803,0.02516490716581,0.5126104547386644,1322.3734403140697,538,1498.5085743529926
