,p1,p2,p3,p4,p5,p6,p7,p8,Gkr,RMSE,iterations,CPU_time
0,0.00037360309530942915,0.05740142223963998,3.338458241660226e-05,0.05889000391115505,0.09399745777758921,0.010192016929443033,0.001701137511080471,0.025162329484776612,0.5126104547386644,1315.7141108391297,537,926.7958567820024
1,0.00037365781783371595,0.057399546039309184,3.338633783219928e-05,0.058889744306909936,0.09399100373611245,0.010191671532232128,0.0017009665412810607,0.025163315986668197,0.5126104547386644,1315.7141263883832,650,1136.9594645100005
2,0.0003736622388837762,0.057398996295677816,3.339174663797835e-05,0.05888804713153356,0.0939864799712254,0.010191706118117573,0.0017009702718340024,0.025162790722136286,0.5126104547386644,1315.7141101782854,514,898.0361071499938
3,0.0003736158470599764,0.057401458481406716,3.33847624408294e-05,0.0588900751161212,0.0939916164523517,0.010191531668395367,0.0017009819993503874,0.02516326724029487,0.5126104547386644,1315.714090945949,848,1475.946284205973
4,0.00037359718733789035,0.057401789989887694,3.338602295525973e-05,0.05888953139909726,0.0939959243855934,0.010191815768541801,0.0017011406972136346,0.025162252986609554,0.5126104547386644,1315.7141181600368,618,1075.820288634015
