,p1,p2,p3,p4,p5,p6,p7,p8,Gkr,RMSE,iterations,CPU_time,score
0,0.37619773525814476,1.0000017151367365e-07,2.7909861608309225,1.0000007098286515e-07,2.894313556705391e-07,1.0024123652345921e-07,1.0510147317009141e-05,1.0001721611130653e-07,0.07106546616319,121365.35722737125,1576,2926.691433866,121365.35722737125
1,0.3553329121158463,0.011040125118601004,3.06534625680469,0.04636875142080817,2.807253514743026e-07,0.002887652655352135,1.0347220753710546e-05,9.982224366641653e-06,0.1524,,1576,,
