,p1,p2,p3,p4,p5,p6,p7,p8,Gkr,RMSE,iterations,CPU_time
0,0.00023666947371809658,0.07728260779854046,3.597665691992027e-05,0.05248529024088902,0.08343422731955125,0.008752013308821735,0.006603312464258383,0.03462186230530584,0.10776307345282986,256.869055866941,555,1098.2378218169906
1,0.00023668354984155552,0.0772789298862711,3.597564653590942e-05,0.05248536213515162,0.08343569276145478,0.008750995854304455,0.006603462135246597,0.03462286701935067,0.10776307345282986,256.86905516789034,462,942.9305243900017
2,0.00023667975302575596,0.07727944941620052,3.597724314537682e-05,0.05248500120993875,0.08343207622480266,0.008751549218726356,0.0066032239280352095,0.03462221499139914,0.10776307345282986,256.8690612479495,545,1040.0336777880002
3,0.00023667521400544758,0.0772813083647918,3.5973951656954936e-05,0.052485834639830975,0.08343325677522828,0.008751977643029223,0.006603205207429345,0.03462175525768363,0.10776307345282986,256.8690553885155,500,1037.7154244269914
4,0.0002366748452462038,0.07728228027778436,3.597578160951546e-05,0.05248537634719854,0.08343679882200809,0.008751985627521925,0.006603519553743689,0.034621519479982744,0.10776307345282986,256.8690534871117,762,1717.0982913009939
