,p1,p2,p3,p4,p5,p6,p7,p8,Gkr,RMSE,iterations,CPU_time
0,0.0002277777900603838,0.06630803799890794,2.900371844813433e-05,0.06025922781483497,0.09258140447379665,0.01070118442906879,0.0016034237632340314,0.025663460716924498,0.5126104547386644,1335.3961666037935,689,1730.1758100180014
1,0.00022779209750390503,0.06630644837629888,2.9005181120543494e-05,0.060258880565152974,0.09258415350578866,0.010701565790447932,0.0016034716222514968,0.02566345141124175,0.5126104547386644,1335.3961748468973,440,1104.3621518360014
2,0.00022778804815830821,0.0663071071779489,2.9003994446049118e-05,0.06025912944922528,0.09258496779064425,0.010701104500707609,0.0016034783180150925,0.025663373390579804,0.5126104547386644,1335.3961466390722,627,1570.780869959999
3,0.0002277857278730512,0.06630674142617315,2.9004880250595944e-05,0.06025888797246923,0.09258340417702254,0.010701346595962611,0.0016034377688091015,0.02566356033976886,0.5126104547386644,1335.3961565347036,622,1559.3481825950003
4,0.00022778176195487914,0.06630711801679202,2.9005294000712546e-05,0.060258611620410484,0.09258261353554811,0.010701568665904108,0.0016034498790440858,0.025663311485375553,0.5126104547386644,1335.3961302927014,819,2118.43415648902
