,a_a0_a,a_a0_b,b_a1_a,b_a1_b,k_f_a,a_1_a,a_1_b,b_a0_a,b_a0_b,a_a1_a,a_a1_b,k_b_a,b_1_a,b_1_b,g_Kr,RMSE,iterations,CPU_time,score
0,0.022161033538343013,0.012575409080185668,6.891677805882924e-05,0.04177154746469803,0.023894487170567705,0.09075383476972324,0.023377214770012627,0.04585304972472767,0.06289002936074135,0.013655602220184792,0.03769485047373223,0.037302240331164443,0.00649622124446705,0.032699892502124094,0.1523211606631949,138.47986692237717,984,3450.469800151,138.47986692237717
