,a_1_a,a_1_b,b_a0_a,b_a0_b,k_b_a,a_a0_a,a_a0_b,b_1_a,b_1_b,b_a1_a,b_a1_b,a_a1_a,a_a1_b,k_f_a,g_Kr,RMSE,iterations,CPU_time,score
0,0.09103692296477138,0.02341233377731495,0.04910690652521846,0.06216711432531824,0.035088977538379314,0.021212100636327703,0.011699047892552003,0.006509651373938728,0.03264831416130749,6.950317520723724e-05,0.041712978065325576,0.014759679130923095,0.03869056003839479,0.023142284196886888,0.1524710802042537,139.0764576033016,1819,5619.254563768001,139.0764576033016
