,p1,p2,p3,p4,p5,p6,p7,p8,Gkr,RMSE,iterations,CPU_time
0,0.00022722815002658537,0.06674231492728443,2.93340845030973e-05,0.05983554808213272,0.09161071309946006,0.010577871878591681,0.0018906371805769945,0.026035956415905254,0.43105229381131943,1223.0715956431668,505,1506.1102818219952
1,0.0002272108977589682,0.06674375412281827,2.9332294482886345e-05,0.059836095502123085,0.09161888928202265,0.010577943564200951,0.0018908245358994712,0.02603551906739002,0.43105229381131943,1223.07160817237,550,1469.8745025550015
2,0.00022722042814086145,0.06674307538491939,2.933359776459605e-05,0.059835709461484456,0.09161635661923222,0.010578251389532908,0.0018907763964715353,0.026035550203316264,0.43105229381131943,1223.0716044037333,746,2512.254562554008
3,0.00022721592478618457,0.06674360278108489,2.9336039045889113e-05,0.05983506882040197,0.0916119897844128,0.010577658411993407,0.0018906998086499543,0.02603619206680467,0.43105229381131943,1223.0715926808095,785,2727.804568392996
4,0.00022722483622197268,0.06674324853856758,2.9332433061954078e-05,0.059836128812691555,0.09161387625160464,0.010577677223941661,0.0018906864451059564,0.02603609998446292,0.43105229381131943,1223.0716013068734,530,1776.922422173986
