,p1,p2,p3,p4,p5,p6,p7,p8,Gkr,RMSE,iterations,CPU_time,score
0,0.001683411175425544,0.08439562754372201,2.207994652667228e-05,0.05121391339760054,0.12134316688720549,0.02686121606413283,0.00886381755405631,0.02880398517647796,0.15468869968707954,653.28858987902,1072,1974.6007680429993,653.28858987902
1,5.216997759121112,0.0010422136389376486,3.666293920277829e-07,2.407038327792233e-07,2.028720145131832e-05,0.0010369242992451613,2.63256513280465,0.024620926394987776,0.1524,,1072,,
