,a_a0_a,a_a0_b,b_a1_a,b_a1_b,k_f_a,a_1_a,a_1_b,b_a0_a,b_a0_b,a_a1_a,a_a1_b,k_b_a,b_1_a,b_1_b,g_Kr,RMSE,iterations,CPU_time,score
0,0.022283960107965583,0.011747877764876472,6.882142133829806e-05,0.041791955140962234,0.023760430686752695,0.09084683331373736,0.02337668655845111,0.04718035843264803,0.06330606869775451,0.013795677511948299,0.03814170777296591,0.03682083471501005,0.006500802032973528,0.03268591182992675,0.1524072154107685,202.52917578828163,1304,6103.561131715001,202.52917578828163
