,p1,p2,p3,p4,p5,p6,p7,p8,Gkr,RMSE,iterations,CPU_time,score
0,0.0016913276167654903,0.036650013510081486,4.299105237602214e-05,0.045923126366250004,0.09318182251337125,0.02180711099293087,0.007356744330416986,0.029600980986383557,0.16386026369793627,1714.7122010137275,2448,7166.18725245,1714.7122010137275
1,0.3553329121158463,0.011040125118601004,3.06534625680469,0.04636875142080817,2.807253514743026e-07,0.002887652655352135,1.0347220753710546e-05,9.982224366641653e-06,0.1524,,2448,,
