,p1,p2,p3,p4,p5,p6,p7,p8,Gkr,RMSE,iterations,CPU_time,score
0,0.0016884514196497523,0.036666307395430676,4.2886419407260646e-05,0.04594018040503204,0.0931758266543824,0.021808217187924323,0.007353801378484167,0.029607933163289562,0.16385671286270376,1711.7413595537987,851,2517.7240740609996,1711.7413595537987
1,0.01634789311598526,0.001841602041444576,8.694589107797934e-07,0.023963549501519646,0.17467209643061352,0.0002747991274211145,2.0433942342087744e-06,2.3261547642098512e-05,0.1524,,851,,
