,a_a0_a,a_a0_b,b_a1_a,b_a1_b,k_f_a,a_1_a,a_1_b,b_a0_a,b_a0_b,a_a1_a,a_a1_b,k_b_a,b_1_a,b_1_b,g_Kr,RMSE,iterations,CPU_time,score
0,0.023262393536193547,0.010383260701754209,6.952255771812825e-05,0.041707960301494644,0.023198900891778795,0.09092457775556827,0.02341228770134313,0.05394924029976274,0.06390036424024438,0.014169558695739472,0.038146351713864976,0.033858696868612134,0.006507606887889989,0.0326471731383906,0.15238207262359774,138.52856466594753,1334,4458.907516546002,138.52856466594753
