,p1,p2,p3,p4,p5,p6,p7,p8,Gkr,RMSE,iterations,CPU_time
0,0.0002365739459628672,0.07703872600170603,3.6034757743475646e-05,0.05251640123719403,0.08356603371166176,0.008752355527064678,0.0065661274710673975,0.03454932285854144,0.10870874072059561,250.70463737590055,556,762.4153465560084
1,0.00023656451771101453,0.07704190410625261,3.603450501280241e-05,0.05251652639787463,0.08356526693820059,0.008751940892251807,0.006565904524338497,0.03454973823136052,0.10870874072059561,250.70463374034034,619,845.4696562089957
2,0.00023657962403634603,0.07703925772893441,3.6034105869623006e-05,0.05251680222233215,0.0835677200790186,0.008752055685256279,0.00656618318766697,0.03454970836916992,0.10870874072059561,250.70463713870322,496,1141.422421544994
3,0.00023657033039205559,0.07703923291499276,3.603557715629042e-05,0.05251627835597038,0.08356281250117124,0.008752253358501898,0.0065658572166129095,0.03454939460698849,0.10870874072059561,250.7046256097645,715,1644.851690630996
4,0.0002365661520644462,0.07704046002806166,3.6033965055000673e-05,0.05251675124575699,0.08356851806862817,0.00875222305963816,0.006566268693740887,0.0345493239456895,0.10870874072059561,250.70463317943697,623,1432.684226020996
