,p1,p2,p3,p4,p5,p6,p7,p8,Gkr,RMSE,iterations,CPU_time,score
0,0.001688236126576216,0.0366536624642127,4.2909745446858164e-05,0.04594205611175395,0.09317703448399689,0.021813387268821562,0.007353455583033794,0.029592385760416454,0.16392134001923692,1710.008826958598,1145,3448.673317589999,1710.008826958598
1,6.60489860485288,2.7774643702496674e-06,0.011168426774046563,0.0016232332225842249,0.004015985401379928,0.0027375666755808594,5.9632645055263525e-05,1.4350706837155125e-05,0.1524,,1145,,
