,p1,p2,p3,p4,p5,p6,p7,p8,Gkr,RMSE,iterations,CPU_time
0,0.00017588135733912828,0.0841143730574102,3.104009178245346e-05,0.050119188678393246,0.0634981848773811,0.009867572872578034,0.007378204937648392,0.04252900138265433,0.06407630684233305,4562.902566149612,474,1004.0033424370049
1,0.00017582008599398126,0.08412158468238211,3.105056499505658e-05,0.05011608758025927,0.06349393909205861,0.009867542741092094,0.007377927242616408,0.0425294179089529,0.06407630684233305,4562.902562236657,534,1333.711977518993
2,0.0001757675052600861,0.08412395252720459,3.1038903573917216e-05,0.050119277682530806,0.06349808341632507,0.009867067400501955,0.007377987147230741,0.04253023519960703,0.06407630684233305,4562.9025697237685,951,2950.0383824539895
3,0.00017586008494843028,0.08411654766602776,3.1042202533663836e-05,0.050118523028519844,0.06349647560184922,0.00986638253647188,0.007378184112175468,0.0425289264407392,0.06407630684233305,4562.9025032535355,722,2084.475520543012
4,0.0001759279253463718,0.08410841549763519,3.104987982998104e-05,0.05011600553953122,0.06349530615649568,0.0098674244776908,0.007378026725758863,0.042529444968113714,0.06407630684233305,4562.90255584386,554,1651.9024150920013
