,a_1_a,a_1_b,b_a0_a,b_a0_b,k_b_a,a_a0_a,a_a0_b,b_1_a,b_1_b,b_a1_a,b_a1_b,a_a1_a,a_a1_b,k_f_a,g_Kr,RMSE,iterations,CPU_time,score
0,0.09074982184179323,0.0233962155207905,0.04617038492707409,0.06284687093557356,0.036645517296734265,0.022122556763832322,0.011993819663941573,0.00648806523758539,0.03269278124193662,6.887234486134674e-05,0.041782862983448375,0.013645056606932528,0.03827612440601946,0.023765554551160094,0.15237959845498622,202.73990858779635,2019,9391.070223656,202.73990858779635
