,a_1_a,a_1_b,b_a0_a,b_a0_b,k_b_a,a_a0_a,a_a0_b,b_1_a,b_1_b,b_a1_a,b_a1_b,a_a1_a,a_a1_b,k_f_a,g_Kr,RMSE,iterations,CPU_time,score
0,0.09079074602845201,0.023396067524226894,0.04687039592950283,0.06347690570662859,0.03669800797234255,0.022293129944229387,0.0116825953202634,0.006495937998075395,0.0326794262833685,6.892456287588047e-05,0.041773785091966026,0.013654633935900728,0.03838464535124405,0.02381813774435933,0.15237831577067268,173.71916928131677,1599,7259.572061158,173.71916928131677
