,p1,p2,p3,p4,p5,p6,p7,p8,Gkr,RMSE,iterations,CPU_time
0,0.0003446453329547592,0.05952496124127899,3.4116987226252465e-05,0.05756682488872091,0.08993774474187172,0.009669079847984149,0.002745658404384258,0.026822398345003343,0.3048,872.2570963503886,527,1017.7694554579939
1,0.0003446865777994922,0.059521637726667305,3.4117465447546376e-05,0.057566696470328575,0.08993864403619044,0.009668569842250231,0.00274570795455544,0.02682260493325346,0.3048,872.2571014199019,659,1292.214818117005
2,0.0003446666289871645,0.05952331540462541,3.411486482264122e-05,0.0575672777578142,0.0899364587958868,0.009668390884686703,0.002745639539167292,0.026822568607154915,0.3048,872.2571074902742,781,1503.987171522007
3,0.00034466255516746726,0.05952432031627782,3.4117096437374015e-05,0.05756674390921833,0.08993826356790303,0.009669100132639032,0.0027456268996322616,0.026822498479608218,0.3048,872.2571072860826,620,1197.039303616999
4,0.0003446868502694976,0.05952228807618061,3.41173070403347e-05,0.057566623020342524,0.08994178829481062,0.009668292968605635,0.0027458191953354007,0.026822512947863444,0.3048,872.2571174683653,517,999.6778377019946
