,p1,p2,p3,p4,p5,p6,p7,p8,Gkr,RMSE,iterations,CPU_time,score
0,0.0016860498867191814,0.08448392106581837,2.211979050345477e-05,0.051194439976151404,0.12147353253357142,0.026888309945257132,0.008874695219584562,0.028785913320133864,0.1546663444100694,656.7723974683278,1591,3505.4142747289998,656.7723974683278
1,4.283089149788111e-05,0.00015529589810564891,0.0008678218851472654,1.7982073320607982e-07,0.005571483620272344,1.017918300909553e-06,0.0005530373053115671,3.903685772540561e-07,0.1524,,1591,,
