,a_1_a,a_1_b,b_a0_a,b_a0_b,k_b_a,a_a0_a,a_a0_b,b_1_a,b_1_b,b_a1_a,b_a1_b,a_a1_a,a_a1_b,k_f_a,g_Kr,RMSE,iterations,CPU_time,score
0,0.09095215340333027,0.02338938078975446,0.047661420064586076,0.06298870658600254,0.03624793921197495,0.022792926672477263,0.011539474478971912,0.0065100475669195475,0.03267092299134016,6.874763102487716e-05,0.041792154033311,0.013572980404586025,0.0385169956321655,0.02357693509226582,0.15235951565998168,202.95324452759996,1639,8335.839731305,202.95324452759996
