,p1,p2,p3,p4,p5,p6,p7,p8,Gkr,RMSE,iterations,CPU_time,score
0,0.001969667158140362,0.05414078236908821,2.980419863138833e-05,0.048728669880352224,0.09611853626696842,0.02310218940025463,0.006852438987978179,0.03139190014117357,0.15789581021779378,2609.928572749364,1474,4796.1984186829995,2609.928572749364
1,0.34727240896437206,8.577485072378327e-07,5.907689209504521e-07,1.6236433842217293e-05,0.0007818178711383528,0.000184048820907376,1.1124758860664092,0.0008604285773902306,0.1524,,1474,,
