,a_a0_a,a_a0_b,b_a1_a,b_a1_b,k_f_a,a_1_a,a_1_b,b_a0_a,b_a0_b,a_a1_a,a_a1_b,k_b_a,b_1_a,b_1_b,g_Kr,RMSE,iterations,CPU_time,score
0,0.022448181212938248,0.011928289145944043,6.878253438002355e-05,0.041793950189094924,0.023627603232047607,0.09076492181806088,0.023384653039775088,0.046324789983989964,0.06304784970479216,0.013600869901134759,0.0383714046234589,0.03669710095500549,0.006493268829763298,0.032682186200526826,0.15240849558123387,296.0584461439328,1018,6614.388979986998,296.0584461439328
