,p1,p2,p3,p4,p5,p6,p7,p8,Gkr,RMSE,iterations,CPU_time,score
0,0.0016134736700699596,0.07286016209268227,1.9078698029329636e-05,0.05227847283713046,0.11006408904568395,0.023166474528555654,0.008879509212455493,0.02941642521962276,0.152971548716385,2972.3813266750794,1400,7371.225330602003,2972.3813266750794
1,8.409221215143898e-07,1.691949364603478e-05,0.0004689344258269134,0.005296807651866717,8.346330381348665e-06,0.0009161963179634018,0.0932275546727805,0.02214884857273335,0.1524,,1400,,
