,p1,p2,p3,p4,p5,p6,p7,p8,Gkr,RMSE,iterations,CPU_time,score
0,0.00169082374102794,0.03664152699097571,4.291882784382363e-05,0.045940384433346595,0.09316460273321764,0.021811278602448792,0.007352426446375614,0.02959910254276384,0.16389843524020062,1709.9749000206145,1037,1883.1645660119993,1709.9749000206145
1,4.878173057983337e-05,1.6806322715524603e-05,0.000349004696451214,0.003604416389579809,0.013039822713163934,0.005966870619294655,4.2445586579051934e-07,0.004000615643977511,0.1524,,1037,,
