,a_a0_a,a_a0_b,b_a1_a,b_a1_b,k_f_a,a_1_a,a_1_b,b_a0_a,b_a0_b,a_a1_a,a_a1_b,k_b_a,b_1_a,b_1_b,g_Kr,RMSE,iterations,CPU_time,score
0,0.022255606109703202,0.011625543866099625,6.863754025873857e-05,0.04181432241017154,0.02415960478606343,0.09077572537888953,0.023386111770711142,0.04661507860894643,0.0630223364450234,0.013306109518970223,0.03840070176365909,0.03634944182202003,0.006494581000954777,0.032685897648664246,0.15239133894169604,139.0420791549074,1059,3696.7303306800004,139.0420791549074
