,p1,p2,p3,p4,p5,p6,p7,p8,Gkr,RMSE,iterations,CPU_time,score
0,0.0016154492067895568,0.07287720076923981,1.904639971671515e-05,0.052291759799856126,0.11012282134944398,0.02315726395682942,0.008882002839308286,0.029426494762512856,0.1529764526514926,2969.596197825394,4907,22330.988226073998,2969.596197825394
1,5.558252161045973,1.3228283449373773e-07,0.7377117335845221,2.3224272346550615e-05,4.098611921057996e-07,1.965633005509441e-06,0.001317690098154098,2.3891180186570897e-05,0.1524,,4907,,
