,a_1_a,a_1_b,b_a0_a,b_a0_b,k_b_a,a_a0_a,a_a0_b,b_1_a,b_1_b,b_a1_a,b_a1_b,a_a1_a,a_a1_b,k_f_a,g_Kr,RMSE,iterations,CPU_time,score
0,0.09074945113852745,0.023396139590848047,0.04618603926920505,0.06285161959936351,0.03664330980928165,0.02212877384424856,0.011992549521172782,0.006488026389664746,0.032692853603028905,6.887375408342667e-05,0.04178271799694561,0.013644296402448764,0.03827074780547537,0.02376630748109111,0.1523798015922696,202.73990791187026,1585,7598.918404113001,202.73990791187026
