,p1,p2,p3,p4,p5,p6,p7,p8,Gkr,RMSE,iterations,CPU_time,score
0,6.686432163771322e-06,9.658254002725707e-07,8.960702843478517,8.697239230694565e-07,1.593474365311615,2.1299377196704497e-07,4.0213242012335786e-07,0.0007471452947221322,0.1524000530397725,137623.60233367534,201,412.56808106300014,137623.60233367534
1,6.686432024187e-06,9.706800876949373e-07,8.960704791842433,8.38300809980822e-07,1.5934747288856395,1.9138247333930018e-07,4.0213248728278167e-07,0.00074705779027434,0.1524,,201,,
