,a_a0_a,a_a0_b,b_a1_a,b_a1_b,k_f_a,a_1_a,a_1_b,b_a0_a,b_a0_b,a_a1_a,a_a1_b,k_b_a,b_1_a,b_1_b,g_Kr,RMSE,iterations,CPU_time,score
0,0.021820737984512225,0.011393999592054817,6.939460907120209e-05,0.041725175053617336,0.02302200816465268,0.0909621420141526,0.02341000190692361,0.04964758507707155,0.06246455131797604,0.014404238173499602,0.038803623631193385,0.03455238612197673,0.006504205399470033,0.03265082877280068,0.15246604443621228,139.07721820205163,1260,4370.628168017,139.07721820205163
