,p1,p2,p3,p4,p5,p6,p7,p8,Gkr,RMSE,iterations,CPU_time,score
0,0.0016860337973183949,0.08445422672733328,2.2103879904883962e-05,0.05119362194975702,0.12137084366818028,0.026881382352075486,0.008873464468748305,0.028797158558069674,0.15454288446045467,654.9818306156747,1100,2325.100089256,654.9818306156747
1,0.00010450809543716839,0.07312255646825026,1.1755251833424903e-06,0.0009760605112913766,0.0057393655176410955,2.1684238234473946e-07,1.938742029667656e-07,1.0660558630468772e-05,0.1524,,1100,,
