,p1,p2,p3,p4,p5,p6,p7,p8,Gkr,RMSE,iterations,CPU_time
0,0.00021078742059500065,0.062152317005081684,3.109106245248534e-05,0.057418228264976716,0.08900626568220368,0.009462116819064547,0.0033889798856453763,0.027927197792660455,0.2563052273693322,235.06181272282873,493,984.4998255899991
1,0.0002107790070379036,0.062152802950269904,3.109043827547e-05,0.05741815770521494,0.08900619845472205,0.009461507763915038,0.003389034805686211,0.02792732975306434,0.2563052273693322,235.0618072163803,592,1384.6266845719947
2,0.00021078245043191476,0.06214937297147511,3.1093396956058636e-05,0.0574172751956734,0.08900699721415412,0.009462017070984046,0.003389128871066145,0.027927295929815157,0.2563052273693322,235.06180758427755,532,1122.8642441779957
3,0.00021077586357860876,0.06215530597493236,3.1089195867525534e-05,0.05741873734406672,0.08900847391141878,0.009462032257557672,0.003389048817618297,0.027926894345632253,0.2563052273693322,235.06178080038842,758,1775.5509539869963
4,0.00021079209898640415,0.06214914011992269,3.109210227576153e-05,0.05741757154663992,0.08900653314986916,0.009461658906967398,0.003389100909098974,0.02792738856739756,0.2563052273693322,235.06181641416234,579,1347.5855914190033
