,p1,p2,p3,p4,p5,p6,p7,p8,Gkr,RMSE,iterations,CPU_time
0,0.00021121715342323417,0.06200776173036111,3.114622119580212e-05,0.05739707346038465,0.0890004763308281,0.009465303961874701,0.0033911296470800576,0.027934315027271336,0.2563052273693322,236.44162658134496,707,1147.2480988700045
1,0.0002112244080148683,0.06201011108117493,3.1143565518593254e-05,0.05739820604820688,0.08900382898974936,0.009465442154637274,0.0033911195323814303,0.027933996435888443,0.2563052273693322,236.4416357612099,797,1216.5347031290003
2,0.00021123136872610893,0.06200807581179849,3.114281436390065e-05,0.05739811900164108,0.08900254870927328,0.009465721529066183,0.003391008166049525,0.02793389037902137,0.2563052273693322,236.44163060412896,486,871.0311133249998
3,0.00021122636183700528,0.062005679501842076,3.1142957965333904e-05,0.05739809192394361,0.0890019863935389,0.00946584183503547,0.003391155129731017,0.02793382828766992,0.2563052273693322,236.44162663620799,811,1747.3385792820045
4,0.0002112256214569649,0.06201032344881121,3.1142741307139515e-05,0.05739813088354418,0.08900444143979956,0.009465648875531888,0.0033911214901726494,0.027933572155054077,0.2563052273693322,236.44159917604864,1082,1954.912440305001
