,p1,p2,p3,p4,p5,p6,p7,p8,Gkr,RMSE,iterations,CPU_time,score
0,0.0016151549767708785,0.0728635244258523,1.907125802810264e-05,0.05228371584404475,0.110118771825384,0.023163471952030883,0.00887854408131646,0.029416167188113514,0.15303475182940704,2966.552267194251,1166,5437.066872725001,2966.552267194251
1,0.010052144540836123,3.2709368031230243e-07,2.0750327040071228e-06,0.011253152163954028,0.006977872160351619,0.012572739833423763,3.943385446627114e-06,5.538931737480909e-05,0.1524,,1166,,
