,p1,p2,p3,p4,p5,p6,p7,p8,Gkr,RMSE,iterations,CPU_time
0,0.00021105912624108149,0.07575922011660247,3.911061884511583e-05,0.050327348673261336,0.07291663895938937,0.009545336240444551,0.00637716082045498,0.03821151143697079,0.09061758216320735,1557.8583749815136,949,2373.011007619003
1,0.00021107037829165286,0.07575876061012557,3.9106544721198115e-05,0.050328446069003885,0.0729174854477065,0.009545733303168125,0.006377208261593722,0.0382113247808606,0.09061758216320735,1557.858384225877,846,2301.4506268230034
2,0.0002111045475511743,0.07575365400094197,3.911294245425464e-05,0.05032682525886745,0.07291432060714984,0.009545704355029558,0.006376798276905996,0.03821212167075473,0.09061758216320735,1557.8584534681727,512,1625.9339110909932
3,0.00021105332182735242,0.07575988372951815,3.9115010244631994e-05,0.05032654871237142,0.07291357145683601,0.009546280385190016,0.006376854007390298,0.038211732243837136,0.09061758216320735,1557.8583917721387,965,2698.3462091830006
4,0.00021106159460222728,0.07575978341501517,3.9107812099729495e-05,0.050327882463762,0.07291784017713186,0.00954554750679399,0.006376899488147287,0.038211958413684376,0.09061758216320735,1557.8584026888961,573,1594.896819761998
