,p1,p2,p3,p4,p5,p6,p7,p8,Gkr,RMSE,iterations,CPU_time,score
0,1.1463003126309605,1.0000272845249606e-07,0.26036799095661556,1.0001437195951832e-07,0.0009281539856023768,1.0000088783430008e-07,2.5019813555998372e-05,1.0000150496149515e-07,0.38404669343256087,121365.05819487403,1134,1991.5774879199998,121365.05819487403
1,1.181375596520492,8.355987479153201e-05,0.3027146152624887,5.303605263531651e-07,0.000971747754551859,2.3508055695726614e-06,2.3604608196102933e-05,2.2150999814442735e-06,0.1524,,1134,,
