,p1,p2,p3,p4,p5,p6,p7,p8,Gkr,RMSE,iterations,CPU_time
0,0.00024865365039731217,0.08458435321960164,3.4371792646046706e-05,0.05093365807049526,0.07554407298136596,0.008982051972792641,0.008189191076088839,0.03771960311371452,0.07664514235271616,711.8648742279859,691,1066.9072586429975
1,0.0002486603834633067,0.08458719070585684,3.437131085600757e-05,0.05093415919949373,0.07554466568149781,0.008980313191285432,0.008189224365701384,0.0377203797115965,0.07664514235271616,711.8648799971645,576,1335.9958871739946
2,0.0002486311445156861,0.08459253176947265,3.437016011170831e-05,0.050934124172570185,0.07554889387450371,0.008978516802852969,0.00818961525192346,0.03772190910251233,0.07664514235271616,711.8648681465874,753,1743.867077392002
3,0.0002486708615227014,0.08458246686411831,3.436986438545163e-05,0.050933980074482486,0.07554843643938632,0.008980418920757354,0.008189836839764077,0.037719459574844905,0.07664514235271616,711.8648722599655,563,1311.4205164489977
4,0.0002486671960418413,0.08458588786939668,3.436772821095917e-05,0.05093451893626702,0.07554904951762897,0.008978539040290388,0.008189635134369171,0.037721718277393054,0.07664514235271616,711.8648754671495,528,1232.7179737270053
