,p1,p2,p3,p4,p5,p6,p7,p8,Gkr,RMSE,iterations,CPU_time,score
0,0.0019686334505284145,0.05413629268154951,2.976461332770825e-05,0.04873910115074436,0.09612414746836376,0.02311226478477257,0.006855350653143822,0.0313754174182101,0.15788103580891516,2608.364201346882,1569,5115.945307270001,2608.364201346882
1,0.03930929656712954,0.00018397565028470633,1.3978372975472243e-05,0.008584838285706338,1.5902269500631997e-05,0.007354050949256735,0.08297177547375222,1.4842844857549171e-05,0.1524,,1569,,
