,p1,p2,p3,p4,p5,p6,p7,p8,Gkr,RMSE,iterations,CPU_time,score
0,0.001567879025824622,0.07933643687871396,2.220882805022615e-05,0.05118159820196067,0.09598893995777952,0.02394225965935415,0.007054322941238425,0.03131538608425034,0.15483699389588002,723.5634780796515,1873,4112.304209058,723.5634780796515
1,0.13294853885519037,0.0050272853052534625,0.0003662577537345765,0.001298386704965832,0.00018515669543040043,0.00012952497689579345,3.9585783756398127,1.861426901781182e-05,0.1524,,1873,,
