,p1,p2,p3,p4,p5,p6,p7,p8,Gkr,RMSE,iterations,CPU_time,score
0,0.0019697904029671704,0.05414286915878183,2.980258447838108e-05,0.048729301911905255,0.0961169381141674,0.02310327835504472,0.006852215731574212,0.03139052450413591,0.1578980245992031,2609.9285930491083,1679,5272.085709833001,2609.9285930491083
1,2.9479880090438746e-07,1.644764885599272e-06,0.12162311537516467,0.00011825701190265057,0.028574995424317275,1.6277389349074482e-07,2.6917700330988,0.00019395017076578693,0.1524,,1679,,
