,p1,p2,p3,p4,p5,p6,p7,p8,Gkr,RMSE,iterations,CPU_time,score
0,0.0019688728347821197,0.05415275095302405,2.9816458432841368e-05,0.04872322315412168,0.096008494868517,0.023113749350925198,0.006843042827346738,0.03139664533525213,0.15785945249104744,2602.461556775833,957,3193.950936858,2602.461556775833
1,0.65602370550112,0.0025507357667319728,1.4879676523666735e-06,0.01425933061977264,0.00616617300040588,4.1405948591276644e-07,0.008685834544880724,1.6817363511479695e-05,0.1524,,957,,
