,p1,p2,p3,p4,p5,p6,p7,p8,Gkr,RMSE,iterations,CPU_time,score
0,5.140099747581547e-07,1.0221370936995464e-07,4.42915642837779e-05,0.04510913021964537,0.0005805684579057792,0.007450437121522392,1.0000001967452664e-07,0.07014560283083789,152.39157167145456,316112.933998437,2835,8280.973522115,316112.933998437
1,0.003918718642346194,8.91486278503449e-07,8.881198228954575e-05,7.046285856714745e-07,0.0031506810030624364,1.51004857957533e-07,1.8181325717977432e-07,0.04051013426926044,0.1524,,2835,,
