,p1,p2,p3,p4,p5,p6,p7,p8,Gkr,RMSE,iterations,CPU_time
0,0.00022084091083839294,0.06667115584552989,3.331353351889651e-05,0.05563604730413273,0.08811775346438627,0.00911083232601468,0.004506328441353413,0.030173781139946978,0.1812351643264147,155.45344846681178,645,884.1696406219999
1,0.00022086379858846496,0.06666768722158667,3.33125146841072e-05,0.05563612139542014,0.08812214258315294,0.009110692983497376,0.00450651581413527,0.030173620507405984,0.1812351643264147,155.453448962904,595,833.5374242979997
2,0.00022085225968104872,0.06666930932719321,3.3314490040253696e-05,0.05563564074632479,0.08812007505004257,0.009110763914634426,0.004506434971294017,0.03017375354558194,0.1812351643264147,155.45344367370853,892,1297.0892252279955
3,0.00022084858141814832,0.06666905562889659,3.331460325757545e-05,0.05563562229388734,0.08811736265586308,0.009110955950039383,0.004506336995247182,0.030173574467467223,0.1812351643264147,155.45344637777217,477,683.9446849180022
4,0.00022085418609272658,0.06666866819646809,3.331326140166693e-05,0.055635972326703885,0.08811885348515583,0.009110731649636673,0.004506340824320797,0.030173712116574627,0.1812351643264147,155.45344811778276,701,1533.088639099995
