,a_1_a,a_1_b,b_a0_a,b_a0_b,k_b_a,a_a0_a,a_a0_b,b_1_a,b_1_b,b_a1_a,b_a1_b,a_a1_a,a_a1_b,k_f_a,g_Kr,RMSE,iterations,CPU_time,score
0,0.09093750152931931,0.02339390875755648,0.04685446023053224,0.06303194204800104,0.03676531219821874,0.02230218314164217,0.011766486485534014,0.006505160038889487,0.03266833053313628,6.89045568345043e-05,0.041781383852228814,0.013787260174062982,0.038281712370423895,0.023681853424931464,0.15241762876613565,295.45528328043815,1419,10166.286890683004,295.45528328043815
