,b_1_a,b_1_b,k_b_a,b_a0_a,b_a0_b,b_a1_a,b_a1_b,k_f_a,a_a1_a,a_a1_b,a_a0_a,a_a0_b,a_1_a,a_1_b,g_Kr,RMSE,iterations,CPU_time,score
0,0.0065019579294162255,0.03267800531773065,0.0369569247551787,0.046528659849623615,0.06275137857830775,6.89779389898217e-05,0.04177029253407395,0.023752544966263528,0.01388253688475603,0.03821130458554926,0.022015168712138683,0.011958835528448106,0.09088363051334658,0.023391363853450697,0.15240139695804167,203.16613017131644,1162,5886.072094051997,203.16613017131644
