,a_a0_a,a_a0_b,b_a1_a,b_a1_b,k_f_a,a_1_a,a_1_b,b_a0_a,b_a0_b,a_a1_a,a_a1_b,k_b_a,b_1_a,b_1_b,g_Kr,RMSE,iterations,CPU_time,score
0,0.0227928514137473,0.011540384274465854,6.874700992261882e-05,0.04179222416326217,0.02357655236543934,0.0909519380824979,0.02338928668483304,0.04765862342875605,0.06298921800690807,0.013572570471394346,0.03851698336479211,0.036248017245602136,0.00651003894128952,0.032670949530353724,0.15235972348134358,202.95324494965956,1316,6635.396692613998,202.95324494965956
