,b_1_a,b_1_b,k_b_a,b_a0_a,b_a0_b,b_a1_a,b_a1_b,k_f_a,a_a1_a,a_a1_b,a_a0_a,a_a0_b,a_1_a,a_1_b,g_Kr,RMSE,iterations,CPU_time,score
0,0.006497489699652006,0.03267392132967391,0.037115642892879816,0.04669830260386704,0.06253335062808775,6.876252710987463e-05,0.041800595860936166,0.023896353633581537,0.013697635583762354,0.03851871214385424,0.022266087290233834,0.011483977524227163,0.09082869525546534,0.023385345819286835,0.15242646773219987,173.92106147829475,1307,5984.563239290001,173.92106147829475
