,p1,p2,p3,p4,p5,p6,p7,p8,Gkr,RMSE,iterations,CPU_time,score
0,0.0016844359248792476,0.0844640376567009,2.211334258000632e-05,0.05119521549028592,0.12154151750106058,0.026875146183162526,0.008878825772472626,0.028796806332162507,0.1546498751416836,652.3532006130366,1214,2194.648840054,652.3532006130366
1,1.3076810785666142e-06,0.003947703772916826,1.775637229688861e-05,1.2686424656291356e-05,0.0017920723453607047,0.17525788031235387,9.639382880309165e-06,0.00023892523410790824,0.1524,,1214,,
