,p1,p2,p3,p4,p5,p6,p7,p8,Gkr,RMSE,iterations,CPU_time,score
0,0.001615176790315227,0.07286555902302713,1.9070975690447766e-05,0.05228380239345899,0.1101130584714588,0.02316458163423776,0.008878096000335274,0.02941618806861554,0.15303129886873118,2966.5521976418318,1253,5936.715532513001,2966.5521976418318
1,0.0029225633923126095,8.240507182309658e-06,4.9378442538673276e-05,0.000908415982129055,0.07229347122875111,5.0535410389863995e-06,6.828542997471321e-06,0.03857701630119342,0.1524,,1253,,
