,p1,p2,p3,p4,p5,p6,p7,p8,Gkr,RMSE,iterations,CPU_time
0,0.0002103195450653787,0.05626798814535578,2.687942969444772e-05,0.05956801859005252,0.09666773723704394,0.008600357227017777,0.002047414444900415,0.026831349358554413,0.43105229381131943,303.5976552837105,700,1043.5018572320114
1,0.00021032506319298793,0.05627047110728261,2.6879801892029153e-05,0.05956826591954961,0.09667747146347913,0.008601058584997637,0.002047570833685089,0.02683091346681746,0.43105229381131943,303.59766240253253,837,1449.729602642008
2,0.00021031419737837164,0.05627005700661686,2.6879177132148292e-05,0.05956805795462932,0.09667555468535219,0.008600689684024495,0.0020475672842598454,0.02683076373826593,0.43105229381131943,303.59765944575355,579,766.9499966449948
3,0.0002103163759994443,0.05627096246618799,2.687882607215966e-05,0.0595683107555767,0.09666901587825132,0.008599972932887907,0.002047440097820094,0.026831355273250448,0.43105229381131943,303.5976604139777,610,1259.1810159400047
4,0.00021032033489909734,0.05627015956359591,2.687715489295058e-05,0.05956870389753522,0.09667187101859936,0.008600935151664924,0.0020474649538780305,0.026830694162591453,0.43105229381131943,303.59766193361673,574,1196.4394309810014
