,p1,p2,p3,p4,p5,p6,p7,p8,Gkr,RMSE,iterations,CPU_time
0,0.00021016966909666532,0.05622147694941879,2.688795832952497e-05,0.05955648645233222,0.09715138730351523,0.008620701908146523,0.0020579843657724914,0.026809781921896435,0.43105229381131943,304.66645732985705,561,790.3362608129974
1,0.0002101758010381135,0.0562220480453399,2.6889123667539333e-05,0.05955622024792454,0.09715754219135189,0.008622579042809246,0.0020580551347280547,0.026808709741466853,0.43105229381131943,304.6664540876374,679,1224.7738325579994
2,0.00021015007394814281,0.056224056087776,2.6886768665146544e-05,0.059556917556321164,0.09716051412294827,0.008621410835017832,0.002058156136478406,0.026809044443093337,0.43105229381131943,304.6664514470099,681,1088.9839916669953
3,0.00021015784645089493,0.05622392129292218,2.6888960247170608e-05,0.05955635912352182,0.09715434646538539,0.008622986442406666,0.0020580125628941516,0.026808635630888596,0.43105229381131943,304.66645659071787,783,1084.7908688749958
4,0.0002101534152828281,0.0562242399962295,2.688858405594938e-05,0.05955643087540566,0.09715565817906616,0.008622810007828408,0.002058042501767268,0.026808548455828574,0.43105229381131943,304.6664576996828,547,835.2132551179966
