,a_1_a,a_1_b,b_a0_a,b_a0_b,k_b_a,a_a0_a,a_a0_b,b_1_a,b_1_b,b_a1_a,b_a1_b,a_a1_a,a_a1_b,k_f_a,g_Kr,RMSE,iterations,CPU_time,score
0,0.09087140365955029,0.023404880671821584,0.04723035082358727,0.06270714841062223,0.03682550097780633,0.022002936752987357,0.011616935597342838,0.0065018155625803644,0.03266357683816867,6.896666833698667e-05,0.041771560305949126,0.01409720083141608,0.03855741848799285,0.023585536672990973,0.15239357805836393,138.01562494981394,1516,5035.270545556003,138.01562494981394
