,p1,p2,p3,p4,p5,p6,p7,p8,Gkr,RMSE,iterations,CPU_time
0,0.00017497802464326814,0.07599814873364792,3.314759398465682e-05,0.05401308562028927,0.08631475128823213,0.009018491388964666,0.005845318762861561,0.033142874738109354,0.1294655974387777,315.2804719408051,911,1780.3614377420017
1,0.00017497352027051456,0.07599911476907578,3.314715549983019e-05,0.054013139676080395,0.0863117205767733,0.0090188414316241,0.005845083315482375,0.0331424684350295,0.1294655974387777,315.28047644481563,669,1303.9079117369984
2,0.000174981277156285,0.07599763632192834,3.314770024782153e-05,0.05401301403150612,0.08631587653268044,0.009018222007569169,0.005845466157295715,0.03314276929899057,0.1294655974387777,315.28047418362354,692,1397.1293119929906
3,0.0001749761455815016,0.07599842071151301,3.314754397119503e-05,0.054013052501289203,0.08631280894022607,0.009019172311031462,0.005845182897365698,0.03314223302920949,0.1294655974387777,315.2804759590507,778,1459.5742627569998
4,0.00017497361539407937,0.07599867376608124,3.3147520003150775e-05,0.05401303884750481,0.08631557109514253,0.00901830094152238,0.0058454257781539775,0.03314283147211495,0.1294655974387777,315.280475384206,900,1693.0484035010159
