,p1,p2,p3,p4,p5,p6,p7,p8,Gkr,RMSE,iterations,CPU_time,score
0,0.0017666238002206213,0.08978672182227337,1.2794061611188487e-05,0.0550480611667896,122.0041893135176,0.020200492283765845,10.351918910637748,0.03313072028009547,0.1405811092163591,10561.395998141943,1121,2689.2263839350003,10561.395998141943
1,6.026640750123744e-07,1.1215551179639878e-06,0.0010579921697438284,9.452994836277252e-05,0.01101299393696834,0.0001927208765304783,1.3410191054529925,2.789322674314961e-06,0.1524,,1121,,
