,p1,p2,p3,p4,p5,p6,p7,p8,Gkr,RMSE,iterations,CPU_time,score
0,0.001568002810612144,0.07935427693026323,2.220675249109996e-05,0.05118078463860704,0.09595974271461435,0.023951477669635464,0.0070528949063564305,0.03131220055910448,0.15476954465039408,718.7755087153456,1077,2227.329517162001,718.7755087153456
1,1.6493080367838025e-07,0.09519361962849418,0.015236144043975532,5.623851376035048e-06,0.8570060514830906,7.464885269755309e-05,3.120086879740546e-05,3.598676070207618e-06,0.1524,,1077,,
