,a_a0_a,a_a0_b,b_a1_a,b_a1_b,k_f_a,a_1_a,a_1_b,b_a0_a,b_a0_b,a_a1_a,a_a1_b,k_b_a,b_1_a,b_1_b,g_Kr,RMSE,iterations,CPU_time,score
0,0.022505265898290983,0.011694245416641621,6.900531688488494e-05,0.0417687879812731,0.02381572241637593,0.09083913264921166,0.023380276158817295,0.04759931905800681,0.06328634230275208,0.013755336808100297,0.037979399076138676,0.036778937140277905,0.0064991193870819275,0.03268464550653155,0.1524171584235582,202.98015688430084,1610,7969.4114426259985,202.98015688430084
