,p1,p2,p3,p4,p5,p6,p7,p8,Gkr,RMSE,iterations,CPU_time
0,0.00022502958633930807,0.06961316628948334,3.094357271493843e-05,0.056399890179545255,0.09060133072340333,0.008838707295309032,0.004613086589375395,0.029604070480542602,0.1812351643264147,251.51541974142924,610,1789.2969366200014
1,0.00022498272971228442,0.06961624153184308,3.094373430115095e-05,0.05639988838041113,0.09059980430946643,0.008838293478650752,0.004613016508416455,0.029604594121114845,0.1812351643264147,251.51540470037082,675,2017.7479979410018
2,0.00022500425092275006,0.06961509581603126,3.094059272430224e-05,0.056400774894302494,0.09060109423875568,0.008838333632801832,0.0046130503293507555,0.02960431829497841,0.1812351643264147,251.51541280960882,551,1660.1540666410037
3,0.00022500257664570636,0.0696144252782704,3.09449739745391e-05,0.05639953477738351,0.0906007497731424,0.008838431985832966,0.004613055884471633,0.029604674315980475,0.1812351643264147,251.51540950131303,895,2379.8339932309973
4,0.00022501157459383346,0.06961343008632444,3.09432941018632e-05,0.05640004395947599,0.09060003744637929,0.008838423153316108,0.004613019634989974,0.029604614083820768,0.1812351643264147,251.51541733216573,536,1124.617911770998
