,b_1_a,b_1_b,k_b_a,b_a0_a,b_a0_b,b_a1_a,b_a1_b,k_f_a,a_a1_a,a_a1_b,a_a0_a,a_a0_b,a_1_a,a_1_b,g_Kr,RMSE,iterations,CPU_time,score
0,0.0064908175750351075,0.03267676617273647,0.037880803902235534,0.047656606345181665,0.06321420208426307,6.936387103075634e-05,0.04172645816523024,0.023669500898005423,0.01471879210875912,0.03738183216447057,0.021651194397377116,0.012127576895928787,0.09074270075224158,0.023387042349033795,0.15237719055128848,138.75326257211418,1212,3719.4125802260005,138.75326257211418
