,p1,p2,p3,p4,p5,p6,p7,p8,Gkr,RMSE,iterations,CPU_time,score
0,0.0016847275557805457,0.08444565080170756,2.211511530960283e-05,0.051198354301611584,0.12141493747452921,0.026899623028543054,0.008869606646911634,0.028776956500565925,0.1546600176851493,653.2881247322584,1480,3272.490583007,653.2881247322584
1,0.3630328273596926,0.0006727664109425873,0.026427784736471144,0.0012964750998172038,3.0996963718802535,3.607775257180187e-07,0.853405804437175,0.024549857457193208,0.1524,,1480,,
