,p1,p2,p3,p4,p5,p6,p7,p8,Gkr,RMSE,iterations,CPU_time
0,0.0002254927565356472,0.07080603059754396,3.7600493012593145e-05,0.052914283634712615,0.08318068640117685,0.00907508257926505,0.005575830802552644,0.03363928279071197,0.1294655974387777,277.9182494243863,497,1485.787102375005
1,0.00022546059984569308,0.07080866714719136,3.76023572694164e-05,0.05291380405587882,0.08318051801203437,0.00907526669423989,0.005575820010316093,0.0336391562331058,0.1294655974387777,277.91824807060067,528,1393.8604754929984
2,0.00022548713773723722,0.07080690988023414,3.760543902911553e-05,0.052913030937803966,0.083179567069262,0.009075609152407531,0.005575775365098797,0.033638982018397885,0.1294655974387777,277.9182450175761,663,1432.1118782289996
3,0.00022548076271940526,0.0708085730061804,3.7603034044131405e-05,0.05291358383282861,0.0831814414823428,0.00907534067241826,0.005575974606131226,0.033638457011267685,0.1294655974387777,277.918240300689,695,1579.924320525999
4,0.00022550911068485303,0.07080553853713097,3.760113133282334e-05,0.05291412337120463,0.0831803249441906,0.009075410767544518,0.005575818215152243,0.033638784348009564,0.1294655974387777,277.91824327570833,561,1701.3162532319984
