,b_1_a,b_1_b,k_b_a,b_a0_a,b_a0_b,b_a1_a,b_a1_b,k_f_a,a_a1_a,a_a1_b,a_a0_a,a_a0_b,a_1_a,a_1_b,g_Kr,RMSE,iterations,CPU_time,score
0,0.0064965549415158304,0.03268361405297182,0.03647586669441311,0.04730005116425922,0.0633324743655317,6.890678642412453e-05,0.04177507419551341,0.023799764098959512,0.01358504027384688,0.0380688547667466,0.02254809618082099,0.01171608474846331,0.09081906447755375,0.023386363281290637,0.15239665407621744,174.58113509114605,1356,6254.0563795690005,174.58113509114605
