,a_a0_a,a_a0_b,b_a1_a,b_a1_b,k_f_a,a_1_a,a_1_b,b_a0_a,b_a0_b,a_a1_a,a_a1_b,k_b_a,b_1_a,b_1_b,g_Kr,RMSE,iterations,CPU_time,score
0,0.022791466549592448,0.011540484706970982,6.874714860516443e-05,0.041792208412373716,0.02357701116395483,0.09095206406217152,0.02338938488339144,0.047656819388933944,0.06298998559902458,0.013573536851838566,0.03851685812991158,0.036250592203109,0.006510024575066323,0.03267092992195498,0.15235964732788237,202.95324438933517,1264,6206.347454917999,202.95324438933517
