,a_a0_a,a_a0_b,b_a1_a,b_a1_b,k_f_a,a_1_a,a_1_b,b_a0_a,b_a0_b,a_a1_a,a_a1_b,k_b_a,b_1_a,b_1_b,g_Kr,RMSE,iterations,CPU_time,score
0,0.023121147731159957,0.011239107758482268,6.885872932049263e-05,0.0417863920526689,0.023927926619752616,0.09085133436479527,0.02338225287594095,0.04883922609312579,0.06391336531998476,0.01357061891945408,0.03785387807560798,0.036601980325506364,0.006500685307426963,0.03268381927355263,0.15238448499055024,296.41575149611145,1161,8102.459449221002,296.41575149611145
