,p1,p2,p3,p4,p5,p6,p7,p8,Gkr,RMSE,iterations,CPU_time
0,0.00017484059486799988,0.07598356498447291,3.307057263148873e-05,0.05402841802399707,0.08639336448370746,0.008992682385574659,0.005859226872551764,0.0331297165138029,0.1294655974387777,313.1283669286442,991,1886.8693627489993
1,0.0001748256703833608,0.07598501098331199,3.307018194946529e-05,0.054028517010938665,0.08639458830047349,0.008992382147115724,0.005859396054972232,0.03312967937985859,0.1294655974387777,313.1283678075529,771,1471.7277984949906
2,0.0001748316408193373,0.07598490871715334,3.307085672005564e-05,0.05402839655551143,0.08639171685615603,0.008992532189690667,0.005859141781163359,0.03312977954124003,0.1294655974387777,313.12836894687814,1037,1969.7327359089977
3,0.00017483565496744454,0.07598435649956763,3.307035328437706e-05,0.05402850334750061,0.08639389904046756,0.00899284375322515,0.00585924577322589,0.03312960671846683,0.1294655974387777,313.12836902395287,964,1849.3747863129975
4,0.00017482809602436327,0.07598545926844624,3.307024395297358e-05,0.054028530820179624,0.08639334366169373,0.008992439085930034,0.0058592623581860325,0.033129696760787565,0.1294655974387777,313.1283683096879,709,1382.1662383640069
