,p1,p2,p3,p4,p5,p6,p7,p8,Gkr,RMSE,iterations,CPU_time,score
0,0.00168608993145845,0.08445334301536694,2.2103393024243015e-05,0.05119392761420014,0.1213770354447974,0.026881386637334623,0.008873882259432895,0.028796565812428676,0.15454539086206187,654.9818130886179,1290,2500.9993908019987,654.9818130886179
1,0.0002291916500952683,8.333998360351325e-07,2.241134507284309e-05,0.0011708317006671935,9.247481380743011e-07,2.1825214694549924e-05,0.00020208177022731292,1.8941826362307732e-06,0.1524,,1290,,
