,a_a0_a,a_a0_b,b_a1_a,b_a1_b,k_f_a,a_1_a,a_1_b,b_a0_a,b_a0_b,a_a1_a,a_a1_b,k_b_a,b_1_a,b_1_b,g_Kr,RMSE,iterations,CPU_time,score
0,0.022532453034210913,0.011462300856685278,6.890312671722044e-05,0.0417768194540126,0.023802238775968057,0.09081185005204927,0.023400905946407154,0.04752069509888785,0.06304430578531188,0.013816473247963793,0.0383112733007841,0.03701626398589959,0.006495669729652237,0.03268056860340795,0.15237414013676684,172.81759474335234,990,4714.848266801,172.81759474335234
