,p1,p2,p3,p4,p5,p6,p7,p8,Gkr,RMSE,iterations,CPU_time
0,0.00022173007256803633,0.07412850845064411,3.6759375280135104e-05,0.05096156321425184,0.08006605530234978,0.008962657787871005,0.008028559465588907,0.03568096780545788,0.09127977271835509,1639.007182744409,927,2313.649528702983
1,0.00022173322541392616,0.07412845885354168,3.6759216196118596e-05,0.05096161400536577,0.08006765800725295,0.008962938483422805,0.008028653717224256,0.03568090022323595,0.09127977271835509,1639.0071839577645,925,2293.097716335993
2,0.00022172959825519768,0.07412923201318247,3.6758988946986866e-05,0.05096155537876362,0.08006706639644234,0.008962818272198879,0.008028633935307809,0.035680760851587674,0.09127977271835509,1639.007187603413,683,2678.0384645050217
3,0.00022173116388277356,0.07412881501634887,3.6759734034423615e-05,0.0509614645788594,0.08006754522068195,0.0089627867834411,0.008028783637284376,0.03568049230168718,0.09127977271835509,1639.0071885595212,661,3059.385154125979
4,0.00022173311899975542,0.07412783275655126,3.675877320937524e-05,0.050961677854867285,0.08006713240435089,0.00896280348357398,0.008028608003997758,0.035680900522720826,0.09127977271835509,1639.0071821714953,1054,4885.044844606018
