,b_1_a,b_1_b,k_b_a,b_a0_a,b_a0_b,b_a1_a,b_a1_b,k_f_a,a_a1_a,a_a1_b,a_a0_a,a_a0_b,a_1_a,a_1_b,g_Kr,RMSE,iterations,CPU_time,score
0,0.006497745236226347,0.032679397228979654,0.03460123720923111,0.05043375871303109,0.06420719775147066,6.89401223018502e-05,0.04177308442981619,0.023732325574640313,0.013008015800711125,0.03848019690618312,0.02395979135481501,0.010525233850505607,0.09083886219431613,0.023399753799240707,0.15242654985078996,138.68168509941344,1310,4122.487858533,138.68168509941344
