,p1,p2,p3,p4,p5,p6,p7,p8,Gkr,RMSE,iterations,CPU_time,score
0,0.0019689241746509707,0.05413179329895803,2.978216429136397e-05,0.048734766681842366,0.09600633106904435,0.02311236096348933,0.006841641014182342,0.0313881524015377,0.15790074206979685,2609.632018602888,2095,6722.969747685001,2609.632018602888
1,7.510054893343296e-07,4.578370958568682e-05,0.39035597243451403,0.05431283667499223,0.09565990314708835,0.00022111856606601884,0.07329090051735858,2.5315751087222162e-05,0.1524,,2095,,
