,b_1_a,b_1_b,k_b_a,b_a0_a,b_a0_b,b_a1_a,b_a1_b,k_f_a,a_a1_a,a_a1_b,a_a0_a,a_a0_b,a_1_a,a_1_b,g_Kr,RMSE,iterations,CPU_time,score
0,0.006505054380990824,0.03266869241314556,0.03687905638875091,0.04672504655177437,0.06300562053365817,6.889325240002984e-05,0.041782622845932295,0.02368826230775198,0.013813702243043083,0.03829375650652543,0.022257442153092746,0.011782417463677928,0.0909353723456754,0.02339356221401715,0.15241664185390513,295.4551838427382,1390,9715.628318229996,295.4551838427382
