,a_a0_a,a_a0_b,b_a1_a,b_a1_b,k_f_a,a_1_a,a_1_b,b_a0_a,b_a0_b,a_a1_a,a_a1_b,k_b_a,b_1_a,b_1_b,g_Kr,RMSE,iterations,CPU_time,score
0,0.021903276302759157,0.012064738996025108,6.885291081623378e-05,0.041786436459659,0.023811677946661967,0.09086543274847211,0.023386697586307917,0.04612361590032927,0.06280940975035677,0.013875079416195337,0.038183090490423635,0.03720452852337554,0.006502167385181659,0.03266755065425308,0.15241829082267644,296.84357466026773,1079,6970.620401841,296.84357466026773
