,a_a0_a,a_a0_b,b_a1_a,b_a1_b,k_f_a,a_1_a,a_1_b,b_a0_a,b_a0_b,a_a1_a,a_a1_b,k_b_a,b_1_a,b_1_b,g_Kr,RMSE,iterations,CPU_time,score
0,0.023062167280294962,0.010237606788116565,6.949802945752338e-05,0.041709177600862055,0.02283081797192969,0.09089976273095093,0.02340826341402441,0.053455365346702,0.06350253172557511,0.01431617455919337,0.03882321982092451,0.03349174532378245,0.006504273649941552,0.032658339150000174,0.15239271079292416,138.5361829011075,1150,2371.325205863999,138.5361829011075
