,p1,p2,p3,p4,p5,p6,p7,p8,Gkr,RMSE,iterations,CPU_time
0,0.00022840834922244958,0.06592753629781935,2.8740137240123264e-05,0.06060583958946777,0.09364162754704401,0.010773857553022142,0.0013618865347953771,0.025362430955101285,0.6096,1431.8508493509805,823,1949.936148326
1,0.00022843014032489695,0.06592385711450453,2.8743612183405706e-05,0.06060493418983853,0.09363834911677536,0.010773635255474937,0.0013618641674314187,0.02536278933360209,0.6096,1431.8508467499605,561,1315.5837799829897
2,0.00022842188501458075,0.06592376416833064,2.8744091790823648e-05,0.06060463982425909,0.09363663449743667,0.010773401547772784,0.0013618492963882456,0.025362803669569764,0.6096,1431.8508022826743,817,1912.6970555389998
3,0.00022839763313269826,0.06592962538693979,2.8741733664373402e-05,0.06060520072656082,0.09364313840165617,0.010774053084276014,0.0013619288252130538,0.02536180542017641,0.6096,1431.85080422827,663,1551.2570124990016
4,0.00022843445306275026,0.06592257623291657,2.8746280484602167e-05,0.060604174126649625,0.09363655856033783,0.0107741964540815,0.0013618585544157913,0.025362544604850344,0.6096,1431.8508880917414,506,1143.179203243024
