,a_a0_a,a_a0_b,b_a1_a,b_a1_b,k_f_a,a_1_a,a_1_b,b_a0_a,b_a0_b,a_a1_a,a_a1_b,k_b_a,b_1_a,b_1_b,g_Kr,RMSE,iterations,CPU_time,score
0,0.02244984181413653,0.011926249804957144,6.878270042390446e-05,0.04179395086542578,0.02362852021076426,0.09076508373975678,0.023384682491150825,0.04633117784355163,0.06305012180008578,0.013600824345172811,0.03837035718309909,0.03669680479372131,0.006493247967895056,0.032682188208032155,0.15240870230222864,296.0584457028746,1460,9888.092743542999,296.0584457028746
