,b_1_a,b_1_b,k_b_a,b_a0_a,b_a0_b,b_a1_a,b_a1_b,k_f_a,a_a1_a,a_a1_b,a_a0_a,a_a0_b,a_1_a,a_1_b,g_Kr,RMSE,iterations,CPU_time,score
0,0.006498952357855063,0.032673214610905284,0.03716929479001264,0.04850008512169708,0.06352389622448157,6.905123960692585e-05,0.04175880044806038,0.02372053357131248,0.014190100793028794,0.03814277890779379,0.022431141573192967,0.011182730319385256,0.09082872925151857,0.023405609756292807,0.15233749786760128,138.7578586523637,1493,5221.281982349999,138.7578586523637
