,a_a0_a,a_a0_b,b_a1_a,b_a1_b,k_f_a,a_1_a,a_1_b,b_a0_a,b_a0_b,a_a1_a,a_a1_b,k_b_a,b_1_a,b_1_b,g_Kr,RMSE,iterations,CPU_time,score
0,0.02358488311969148,0.010810001769662838,6.892610010065319e-05,0.041774430798948214,0.02382667547796386,0.09084432711634273,0.02339478103716021,0.04981411438579985,0.06402834328567457,0.013136825715695738,0.03833712957584702,0.03501941379340661,0.006498874668060472,0.0326808317340967,0.15240725364956087,138.68323227725287,1053,2193.5022952539985,138.68323227725287
