,p1,p2,p3,p4,p5,p6,p7,p8,Gkr,RMSE,iterations,CPU_time
0,0.00023175003384114128,0.0733562437045926,3.5506872752941025e-05,0.05351374317779244,0.08588922728206444,0.008772100431323088,0.0058561276849596194,0.033099917077714425,0.1281526136846661,164.15777940310866,487,984.593768560997
1,0.00023175364867993812,0.07335474636575247,3.550739707432681e-05,0.05351352545096317,0.08588878927584497,0.008771809206287865,0.005856132120091397,0.033100016365175754,0.1281526136846661,164.15778204185753,590,1262.126283178004
2,0.00023174770569409968,0.07335809587972114,3.55070158768441e-05,0.05351367000883359,0.08588793833346267,0.008771881723675578,0.005856023327651074,0.03309985643659795,0.1281526136846661,164.1577820867415,620,1191.4800116039987
3,0.00023174201124182413,0.07335658744643599,3.550595165655441e-05,0.05351381228912509,0.08588917462170112,0.008772103903411682,0.0058561438804442,0.03309994632008574,0.1281526136846661,164.1577844002546,587,1015.6210165669909
4,0.00023174965424513033,0.07335844209522259,3.5507838521330466e-05,0.05351342386176466,0.08588708041416804,0.008771925145434427,0.005855873484593929,0.03310004847195187,0.1281526136846661,164.15778512919198,814,1642.5887859530048
