,a_a0_a,a_a0_b,b_a1_a,b_a1_b,k_f_a,a_1_a,a_1_b,b_a0_a,b_a0_b,a_a1_a,a_a1_b,k_b_a,b_1_a,b_1_b,g_Kr,RMSE,iterations,CPU_time,score
0,0.02258284428077282,0.011772636169492043,6.879774495510684e-05,0.04179244737922733,0.023600945957069887,0.09081209424003628,0.023395795091014353,0.046456849796137234,0.06330046277735414,0.013634716345938365,0.03841932644704811,0.03695322552361967,0.006497630700325849,0.032666552523461366,0.15242669109126267,173.65713784968858,1305,5763.474254032,173.65713784968858
