,a_a0_a,a_a0_b,b_a1_a,b_a1_b,k_f_a,a_1_a,a_1_b,b_a0_a,b_a0_b,a_a1_a,a_a1_b,k_b_a,b_1_a,b_1_b,g_Kr,RMSE,iterations,CPU_time,score
0,0.02250448744858455,0.011694914197462514,6.900668383780426e-05,0.04176861559624284,0.0238152463445975,0.09083917889768893,0.023380326142802256,0.047598585832745136,0.06328255386602016,0.013755652365893418,0.037979933519240845,0.03677829734866632,0.0064991166436552264,0.0326846121508826,0.15241739822946254,202.9801574114714,1268,5477.955077644001,202.9801574114714
