,a_a0_a,a_a0_b,b_a1_a,b_a1_b,k_f_a,a_1_a,a_1_b,b_a0_a,b_a0_b,a_a1_a,a_a1_b,k_b_a,b_1_a,b_1_b,g_Kr,RMSE,iterations,CPU_time,score
0,0.021708541917122473,0.012334969628537567,6.900962925780452e-05,0.04176763174981364,0.023697080017797013,0.09077643274382834,0.023393123094299178,0.04572707223589576,0.06255823399272797,0.014034444589842517,0.03811125097952171,0.03745519844328825,0.006495127846794857,0.032677382627053934,0.15239387098910195,295.8990648228638,1127,8007.390247244999,295.8990648228638
