,p1,p2,p3,p4,p5,p6,p7,p8,Gkr,RMSE,iterations,CPU_time,score
0,0.0008446751901691372,1.004002832716366e-07,0.013205957120933497,1.0076521353947152e-07,3.46980795055202e-07,0.020172464925485935,1.592048610645077e-07,0.009646056115276492,0.16421988318286526,121426.68340940031,1125,2140.473559127,121426.68340940031
1,0.0008289716699085552,6.880587944114743e-05,0.013313090878241705,8.857974176869274e-05,3.4344458831030695e-07,1.2826385918301883e-06,1.5863019608659065e-07,0.0008709409990423415,0.1524,,1125,,
