,p1,p2,p3,p4,p5,p6,p7,p8,Gkr,RMSE,iterations,CPU_time
0,0.0003663876576541129,0.05796619965194433,3.356382750297362e-05,0.058539034513628664,0.09243685843933776,0.010055409488779322,0.0019900081064835517,0.02561760969285945,0.43105229381131943,1187.4906190792476,656,1134.262367599993
1,0.0003663559653364513,0.057968832721377477,3.3561024763305047e-05,0.0585397456448847,0.09243627654451524,0.010055023134745454,0.0019900135475148777,0.025617561122799667,0.43105229381131943,1187.4906413651045,477,825.7148907709925
2,0.00036637966522431206,0.05796718814427878,3.356292375418008e-05,0.05853939466693268,0.09243623813983161,0.010055276930571757,0.0019899822956440036,0.025617892588135512,0.43105229381131943,1187.4905908989188,984,1711.9957041399903
3,0.0003663248460685516,0.057970834674172474,3.355952969868277e-05,0.05854032581180494,0.09243628712740502,0.010055698958422591,0.0019899550923152464,0.02561772380710406,0.43105229381131943,1187.4906581449427,592,1032.1854812379752
4,0.0003663664650114188,0.05796803917490688,3.356541911036974e-05,0.0585387549683856,0.09243454797843793,0.010055614409780953,0.001989939380342949,0.02561783125398304,0.43105229381131943,1187.4906363348605,588,1021.4319980530126
