,p1,p2,p3,p4,p5,p6,p7,p8,Gkr,RMSE,iterations,CPU_time,score
0,0.0016835391843321274,0.08439922060298373,2.2081478810248575e-05,0.05121302972968564,0.12133184152480574,0.026859185848684585,0.008863143927556142,0.028805972532422938,0.15468694293373977,653.288606892133,769,1705.3165353489994,653.288606892133
1,0.018854005427989897,0.0001514631936448205,1.9426233866317418e-05,2.2045723103234739e-07,0.17231197017876426,0.03853205543289639,0.0499090023058684,6.583367746768056e-06,0.1524,,769,,
