,a_a0_a,a_a0_b,b_a1_a,b_a1_b,k_f_a,a_1_a,a_1_b,b_a0_a,b_a0_b,a_a1_a,a_a1_b,k_b_a,b_1_a,b_1_b,g_Kr,RMSE,iterations,CPU_time,score
0,0.021853248975984042,0.012088659735497527,6.880163983531117e-05,0.04178844782607041,0.023691872255676205,0.090816457973673,0.02338806628011769,0.04582599430094492,0.06269412122003878,0.013790157736635378,0.03839213458297001,0.03680193453246904,0.00649924349385487,0.03268004331373065,0.1523485594940189,294.90675228086553,1316,9238.618027850996,294.90675228086553
