,p1,p2,p3,p4,p5,p6,p7,p8,Gkr,RMSE,iterations,CPU_time,score
0,0.0019689990766549865,0.054129533870474915,2.978487515553626e-05,0.04873408216382798,0.09600558893047627,0.023112957139032893,0.006841253307888688,0.03138856182431353,0.15790291384067,2609.632019005028,1405,4546.352831393001,2609.632019005028
1,0.05414574668665643,0.03504228528168796,4.917693733331216e-06,0.0001187435507516334,9.537081006958005e-07,2.2293304771114969e-07,0.010163038602594415,0.007371437846092578,0.1524,,1405,,
