,a_a0_a,a_a0_b,b_a1_a,b_a1_b,k_f_a,a_1_a,a_1_b,b_a0_a,b_a0_b,a_a1_a,a_a1_b,k_b_a,b_1_a,b_1_b,g_Kr,RMSE,iterations,CPU_time,score
0,0.023964714469454258,0.01052144322577384,6.893670180604934e-05,0.04177341049532655,0.023728891516706162,0.09083838751993169,0.023399790828663686,0.050422613332698714,0.06420640690779439,0.013004726918079784,0.038489570678248854,0.0345980218995446,0.00649773571024421,0.032679438139912885,0.15242608455359744,138.681685074215,1090,3383.9490798140005,138.681685074215
