,a_1_a,a_1_b,b_a0_a,b_a0_b,k_b_a,a_a0_a,a_a0_b,b_1_a,b_1_b,b_a1_a,b_a1_b,a_a1_a,a_a1_b,k_f_a,g_Kr,RMSE,iterations,CPU_time,score
0,0.09077965981258236,0.023378170052900438,0.04683121087701296,0.06325186906399678,0.036440423137476925,0.02241067516194305,0.011737902064502119,0.006494748727139445,0.032690718850332326,6.864924795237922e-05,0.04181424370644184,0.013162455946125442,0.038032800312788426,0.02438372471136107,0.1524011751050502,139.04312410898692,974,2879.851653048,139.04312410898692
