,a_a0_a,a_a0_b,b_a1_a,b_a1_b,k_f_a,a_1_a,a_1_b,b_a0_a,b_a0_b,a_a1_a,a_a1_b,k_b_a,b_1_a,b_1_b,g_Kr,RMSE,iterations,CPU_time,score
0,0.022552240306425643,0.011714309573227917,6.890734829734974e-05,0.0417749713521812,0.023799324429122286,0.09081869983254737,0.023386505710725536,0.047299492519614815,0.06333355439686474,0.013581864589387756,0.038070080301797864,0.03647133146534384,0.0064964955384784915,0.032683643935820086,0.1523967659306535,174.58113532499098,982,4623.859958883,174.58113532499098
