,a_a0_a,a_a0_b,b_a1_a,b_a1_b,k_f_a,a_1_a,a_1_b,b_a0_a,b_a0_b,a_a1_a,a_a1_b,k_b_a,b_1_a,b_1_b,g_Kr,RMSE,iterations,CPU_time,score
0,0.022792472911701774,0.01153977355873905,6.874584221264559e-05,0.041792366758609055,0.02357700708109966,0.09095204427533223,0.023389401371885662,0.047653698150006994,0.06299004879987007,0.013572453828982528,0.038518362777612454,0.036250781732128805,0.006510021488462892,0.03267091644362549,0.15235967246156634,202.95324460005085,1335,6717.0000773400025,202.95324460005085
