,p1,p2,p3,p4,p5,p6,p7,p8,Gkr,RMSE,iterations,CPU_time,score
0,0.001691361651677913,0.03664975944216235,4.2994624812727614e-05,0.045922343466626714,0.09318247805293926,0.021807025329646932,0.007356835745099027,0.029601170819289053,0.16386062249414626,1714.7121882563672,1305,3823.2437550749983,1714.7121882563672
1,1.6685658545808736e-07,0.2618886384269128,0.03284547638044098,1.2614852698739862e-05,0.18341856878774224,1.4287657414618082e-07,0.013029070995603333,3.3045860006088756e-05,0.1524,,1305,,
