,p1,p2,p3,p4,p5,p6,p7,p8,Gkr,RMSE,iterations,CPU_time
0,0.0001750110365233848,0.07595361128211219,3.311175496232368e-05,0.05401822419079176,0.08648005784655412,0.009017048570580001,0.0058644725527364615,0.03311356857089338,0.1294655974387777,315.6717339563157,1083,2096.4076459830103
1,0.0001750116088817658,0.07595342597308398,3.311169358684633e-05,0.05401821091935768,0.08647964951446828,0.00901696595505983,0.0058644133385369205,0.033113664116524714,0.1294655974387777,315.67173661172126,916,1755.2360225160082
2,0.00017501186675330458,0.07595373017158108,3.311168936153823e-05,0.054018182795425945,0.08647964173293361,0.009016717411015398,0.005864398786363687,0.03311392413143516,0.1294655974387777,315.67174019133955,583,1118.1309851159895
3,0.00017501171313745134,0.07595352646641838,3.311237560569961e-05,0.054017997189686466,0.08648106799416351,0.009016829479306371,0.005864530368612389,0.03311371016701575,0.1294655974387777,315.6717370918974,848,1635.4880428820034
4,0.00017501758312429974,0.07595284451954232,3.311128751022503e-05,0.05401833007092978,0.08648067019172428,0.009016957080716054,0.005864494922681448,0.033113667816930724,0.1294655974387777,315.67173959850754,582,1113.7634365220001
