,a_a0_a,a_a0_b,b_a1_a,b_a1_b,k_f_a,a_1_a,a_1_b,b_a0_a,b_a0_b,a_a1_a,a_a1_b,k_b_a,b_1_a,b_1_b,g_Kr,RMSE,iterations,CPU_time,score
0,0.022297868365982285,0.011740872384346167,6.882550808895831e-05,0.041791511553993486,0.0237640323571563,0.0908461087207214,0.023376574339140928,0.047223651062123694,0.06331768057872335,0.013793219401414283,0.03813045187891395,0.03681364437620688,0.006500772400213398,0.03268590395489622,0.15240761066508335,202.52918354676675,1007,5025.830299328,202.52918354676675
