,p1,p2,p3,p4,p5,p6,p7,p8,Gkr,RMSE,iterations,CPU_time
0,0.0002262857576753362,0.06806741177235323,3.091513891168567e-05,0.05795797952464013,0.08928795993555934,0.009896757999105497,0.003124825925516631,0.02789026191274996,0.2563052273693322,750.6020652651172,551,2571.6648776810034
1,0.00022630121413781933,0.06806603494399381,3.0915679763977994e-05,0.05795796825998353,0.0892875621946803,0.009896896580775114,0.003124786324978837,0.02789052598853831,0.2563052273693322,750.6020691372298,634,2953.7460807379975
2,0.0002262962808272588,0.06806708176697476,3.0915909967791674e-05,0.057957861876498366,0.08928695107939563,0.009896690084686632,0.003124763552927069,0.02789063577026134,0.2563052273693322,750.6020618556203,822,3791.600617789998
3,0.00022628912414979034,0.068067594814984,3.091607996834458e-05,0.05795791313076226,0.08928956453125365,0.00989720826224336,0.0031248888049446558,0.02789009513478004,0.2563052273693322,750.602072157679,476,1394.871815994993
4,0.00022629773509401976,0.0680666807001059,3.091605225787858e-05,0.057957852192648186,0.08928828449926908,0.009896987098310894,0.0031248304018655793,0.027890329876884865,0.2563052273693322,750.6020613299503,1076,3148.083596896002
