,p1,p2,p3,p4,p5,p6,p7,p8,Gkr,RMSE,iterations,CPU_time
0,0.00022656390915268268,0.0680381998516466,3.098606583733811e-05,0.05794016075224413,0.0892456143150409,0.009899931482780377,0.0031254934310603103,0.027879818077765777,0.2563052273693322,754.5031099728913,533,1295.1177511319984
1,0.0002265662868609096,0.06803785948995252,3.098383525923147e-05,0.05794073030153541,0.08925950465896615,0.009899335396217611,0.003126082186194468,0.027879014467378085,0.2563052273693322,754.5031418782263,650,1591.5187550020055
2,0.0002265668872019867,0.0680381180836331,3.0984199007677755e-05,0.0579406350921002,0.08924694420521176,0.009899961640824177,0.003125515519519429,0.027879651607284908,0.2563052273693322,754.5030979794499,731,1798.4018479829829
3,0.00022656991838287147,0.06803683658423028,3.0985908983199375e-05,0.05794024786368845,0.08924381976796143,0.009899752853769265,0.003125402843322607,0.027880159272608382,0.2563052273693322,754.5031176849852,554,1363.3155093990208
4,0.00022656601712262405,0.06803760473623971,3.098432132131231e-05,0.057940619483829885,0.08925862624066465,0.009899259849495572,0.003126011661788122,0.027879420262123852,0.2563052273693322,754.5031347576039,1026,2523.6937934289745
