,a_a0_a,a_a0_b,b_a1_a,b_a1_b,k_f_a,a_1_a,a_1_b,b_a0_a,b_a0_b,a_a1_a,a_a1_b,k_b_a,b_1_a,b_1_b,g_Kr,RMSE,iterations,CPU_time,score
0,0.02204996064265598,0.011940272033243176,6.897095180246483e-05,0.04177110171012072,0.023752627182334028,0.09088427846803737,0.023391452676100998,0.04656817388474864,0.06277810934145688,0.013862241804202853,0.038215278566500636,0.03692470242594469,0.006502079988101229,0.03267773356881088,0.1524013054987838,203.16610924396196,1095,5138.462364065,203.16610924396196
