,p1,p2,p3,p4,p5,p6,p7,p8,Gkr,RMSE,iterations,CPU_time,score
0,4.116302725877527,1.0087266921458322e-07,0.04220982510449267,1.0152892629283471e-07,1.4951557612959675e-06,1.0000160375263878e-07,1.4564388068232814e-06,1.0000019619035116e-07,0.016823048226113545,121359.37114608285,1237,2365.7122787339995,121359.37114608285
1,3.9413535439564167,0.0023376774560085545,0.042497888363544706,1.0499250600500751e-05,1.4530867295673174e-06,0.00015911995662884774,1.5954377648556022e-06,0.004666594545423301,0.1524,,1237,,
