,a_1_a,a_1_b,b_a0_a,b_a0_b,k_b_a,a_a0_a,a_a0_b,b_1_a,b_1_b,b_a1_a,b_a1_b,a_a1_a,a_a1_b,k_f_a,g_Kr,RMSE,iterations,CPU_time,score
0,0.09086136665430507,0.023389286439823926,0.046995342501732235,0.06291537130205029,0.03676411491011113,0.022348428724782373,0.011760682286991286,0.006497624449592536,0.032678623559831504,6.884147600197387e-05,0.04178943835798184,0.013784079614614222,0.03819783823849013,0.0237201975119525,0.15241926071857964,173.37984029075227,847,3706.279285396,173.37984029075227
