,a_a0_a,a_a0_b,b_a1_a,b_a1_b,k_f_a,a_1_a,a_1_b,b_a0_a,b_a0_b,a_a1_a,a_a1_b,k_b_a,b_1_a,b_1_b,g_Kr,RMSE,iterations,CPU_time,score
0,0.022409368294308517,0.011810874093147737,6.894648933723211e-05,0.0417763202404512,0.023714599251916955,0.09082628979921284,0.02339271754253435,0.04698053311237326,0.0630309031802425,0.01372150707988564,0.038172802317655546,0.03671952569047378,0.006495440342644225,0.032674939119203376,0.1524387297093487,295.41405206642895,831,5436.800116085999,295.41405206642895
