,b_1_a,b_1_b,k_b_a,b_a0_a,b_a0_b,b_a1_a,b_a1_b,k_f_a,a_a1_a,a_a1_b,a_a0_a,a_a0_b,a_1_a,a_1_b,g_Kr,RMSE,iterations,CPU_time,score
0,0.006495875774826925,0.03267948873884965,0.036660659952401746,0.0470306449571906,0.06351295138904448,6.892254049114869e-05,0.04177406961519331,0.02382656715683505,0.013632943812117057,0.03837887264772598,0.02236275969310084,0.011631053450542448,0.09079006977757387,0.02339595923159651,0.1523789660649467,173.7191371915089,939,4139.686742479002,173.7191371915089
