,p1,p2,p3,p4,p5,p6,p7,p8,Gkr,RMSE,iterations,CPU_time
0,0.00022565454444457164,0.06993667495124761,3.449691594065902e-05,0.0545974557667491,0.08740708032207926,0.008905331008578342,0.005158847489918544,0.03157823181842776,0.1524,294.55337733339655,782,1923.414434456994
1,0.00022565480098122288,0.06993662229123798,3.449704813290205e-05,0.05459742716339818,0.08740714491298081,0.00890528505462959,0.005158852818750118,0.03157826570403279,0.1524,294.55337705412813,1233,3032.9649608839827
2,0.00022565426468512583,0.06993665602896,3.449695794792988e-05,0.054597459020211944,0.08740695978962218,0.008905345468729713,0.0051588309429853015,0.03157826723838094,0.1524,294.55337754603534,479,1184.5894627560047
3,0.00022565538483227006,0.06993671901401378,3.449711326034513e-05,0.05459741873292629,0.08740762512832699,0.008905329774079188,0.005158879634384368,0.03157824828630405,0.1524,294.5533771578038,980,2433.3778491220146
4,0.0002256555517618804,0.06993657580692676,3.4497245639052784e-05,0.05459738904099566,0.08740703777220878,0.008905373738930153,0.005158839771587182,0.031578285152303084,0.1524,294.5533775392852,434,1071.7297487980104
