,p1,p2,p3,p4,p5,p6,p7,p8,Gkr,RMSE,iterations,CPU_time
0,0.0002270621292464781,0.069787090695722,2.490764932058149e-05,0.060060493410272614,0.09495598252374744,0.009006438439585474,0.002943687828793703,0.025786910961002416,0.3048,813.9439913756294,546,1388.528820129999
1,0.0002270427889203242,0.06978852898957154,2.490349610393477e-05,0.06006171275645231,0.09496282952915515,0.009005368162628513,0.002943916648916849,0.02578724149674963,0.3048,813.9439842392743,534,943.0889996690021
2,0.000227081472750023,0.06978443974202564,2.490529183709621e-05,0.06006123819430187,0.09496153126129481,0.009005114688339103,0.002943855991720962,0.025787620581603953,0.3048,813.9439740670072,676,1795.9194717680002
3,0.00022703525511562825,0.0697868800662896,2.489744212013094e-05,0.060064136873713404,0.09496417955388063,0.009004638191468586,0.002944003671378109,0.025787733671927385,0.3048,813.9440114842744,515,1458.0499947520002
4,0.00022707766208414804,0.06978531784243314,2.4908098741865297e-05,0.060059999525637134,0.09496274895295209,0.009004731598720839,0.0029439222778930734,0.02578767348999036,0.3048,813.9440004998455,681,1243.9434855250074
