,p1,p2,p3,p4,p5,p6,p7,p8,Gkr,RMSE,iterations,CPU_time
0,0.00015226227481748543,0.08917217763578025,2.472346481795613e-05,0.0510329099875468,0.05910586221318522,0.010005986524707945,0.008016563096997132,0.044842898446149644,0.05403868913693675,6659.49038700849,629,1086.4812491149933
1,0.00015239240459734727,0.08915753694969003,2.4731557326380468e-05,0.05103000331754517,0.05910155722735737,0.0100079926907323,0.008015673001471317,0.04484210125404738,0.05403868913693675,6659.490437147749,571,982.4368477049866
2,0.00015239864923866396,0.0891564938871247,2.4723416418512574e-05,0.05103317589277083,0.05910564990290971,0.010007908576500224,0.00801649255553555,0.044840437419237496,0.05403868913693675,6659.490490386211,539,939.8953634200152
3,0.0001523542691182017,0.0891612120428376,2.4731381965835315e-05,0.05103031354193956,0.05910254401988455,0.010007166579585806,0.008016450431797937,0.044841738948077935,0.05403868913693675,6659.490362891623,656,1143.8971073269786
4,0.00015236710798381613,0.08916109287335751,2.4739073099383258e-05,0.05102751390138928,0.05909869665128089,0.01000834767264062,0.008015328849502616,0.04484189216716108,0.05403868913693675,6659.4904448065345,772,1341.779220875993
