,p1,p2,p3,p4,p5,p6,p7,p8,Gkr,RMSE,iterations,CPU_time,score
0,0.001690906090018801,0.03664170230169212,4.292057506461664e-05,0.045940181018242175,0.09316692857786134,0.0218112451920991,0.007352591610117389,0.02959905052102047,0.1638994180763759,1709.974899472833,1273,3022.3126940950006,1709.974899472833
1,7.800015064098482e-06,0.000166459214891605,1.7766764374276515e-06,5.280117348097283e-06,1.1202954146950009e-07,3.5118176828876206e-06,0.47693421647401024,3.1750366590130227e-05,0.1524,,1273,,
