,b_1_a,b_1_b,k_b_a,b_a0_a,b_a0_b,b_a1_a,b_a1_b,k_f_a,a_a1_a,a_a1_b,a_a0_a,a_a0_b,a_1_a,a_1_b,g_Kr,RMSE,iterations,CPU_time,score
0,0.006493297542376928,0.032682088014959455,0.03669674565349766,0.046325735738606134,0.0630472866845252,6.878245407175956e-05,0.041793976295666856,0.023626621375186018,0.013602222492915124,0.0383727459185373,0.02244713407086954,0.011927107852743745,0.09076548308986299,0.023384739451639294,0.15240858121812528,296.0584447974361,1400,9866.651197847,296.0584447974361
