,p1,p2,p3,p4,p5,p6,p7,p8,Gkr,RMSE,iterations,CPU_time,score
0,0.0016882206512348014,0.03665233966805448,4.291036456084626e-05,0.04594175744027991,0.09317532420007642,0.021813867725752504,0.007353442070064486,0.02959241576678896,0.16391858057994937,1710.0088084766846,1232,3675.4294632420024,1710.0088084766846
1,1.983931844074517e-07,0.031241831102433153,0.5182044606130181,0.011496708137873441,1.4811252362750555,0.01884648792298181,0.861098062011839,2.919299213520265e-07,0.1524,,1232,,
