,p1,p2,p3,p4,p5,p6,p7,p8,Gkr,RMSE,iterations,CPU_time,score
0,0.0016907386834616861,0.03664152471509116,4.291641812910975e-05,0.045941052968714195,0.09316568787123913,0.02181152491797737,0.007352493923529278,0.029598777560193967,0.16389985297767742,1709.9748924791045,1441,4531.122311391999,1709.9748924791045
1,0.08994882463702121,2.6633730061373684e-05,0.2676401071801136,2.6240121777313e-07,0.03980235152968377,1.2075307114187716e-05,2.0393362290369205e-07,2.101103184434782e-05,0.1524,,1441,,
