,a_a0_a,a_a0_b,b_a1_a,b_a1_b,k_f_a,a_1_a,a_1_b,b_a0_a,b_a0_b,a_a1_a,a_a1_b,k_b_a,b_1_a,b_1_b,g_Kr,RMSE,iterations,CPU_time,score
0,0.023948102750472898,0.01053586171891234,6.89381805985941e-05,0.0417732605081209,0.023732473723864868,0.090837922202575,0.02339969441464766,0.05039265699484235,0.06419669052476924,0.013009087923030143,0.03848346170256182,0.03461336468522136,0.006497680741446413,0.03267958503182244,0.15242617125884975,138.68168489886725,1233,3848.155187996,138.68168489886725
