,p1,p2,p3,p4,p5,p6,p7,p8,Gkr,RMSE,iterations,CPU_time,score
0,0.00161411367242789,0.0728688194622015,1.9094308333822196e-05,0.052270165685488215,0.11009631871433312,0.02316564402730811,0.00887976551658068,0.02942846200041036,0.1529768598931102,2962.148209884099,1018,4451.24273385,2962.148209884099
1,0.007170844845695208,0.013293116641809521,1.098439670129499e-06,1.7119805688962497e-05,3.7980929652003007e-06,5.301919851214501e-06,0.014360833941838532,0.0006553687185929902,0.1524,,1018,,
