,a_a0_a,a_a0_b,b_a1_a,b_a1_b,k_f_a,a_1_a,a_1_b,b_a0_a,b_a0_b,a_a1_a,a_a1_b,k_b_a,b_1_a,b_1_b,g_Kr,RMSE,iterations,CPU_time,score
0,0.021917682578187953,0.01202882582385423,6.893589675340209e-05,0.04177683805095816,0.02376007212184397,0.09081750427070287,0.02338989956768192,0.04636052397046955,0.06255653335719573,0.013935351737985269,0.03820474297330936,0.0371782902503564,0.006497454332858127,0.032673598563568364,0.15241438433225904,173.52652025220132,1318,5674.530677865,173.52652025220132
