,p1,p2,p3,p4,p5,p6,p7,p8,Gkr,RMSE,iterations,CPU_time
0,0.00012118761219901185,0.08436139831481126,3.065443759304291e-05,0.053572934421638796,0.08451294025035462,0.009255462257382552,0.006706960447193382,0.03491906067973491,0.10776307345282986,793.403354479572,1378,2781.06663544802
1,0.00012119918407686053,0.08435939796533039,3.0656886484827317e-05,0.053572254917078635,0.08451196622875366,0.009255376139930837,0.0067069743320956636,0.03491912929940823,0.10776307345282986,793.4033566310462,1070,2150.4977570699994
2,0.00012119888548897139,0.0843592292892742,3.065547125244507e-05,0.05357262129499754,0.08451398940916778,0.009255349574835115,0.006707195736125498,0.0349188204023962,0.10776307345282986,793.4033524034197,1325,2665.266048299003
3,0.00012120026584793814,0.08435945040490932,3.0655223490102344e-05,0.05357265975728921,0.08451591054791868,0.009254860354551414,0.0067071684931581345,0.03491971057967058,0.10776307345282986,793.4033569841348,947,1896.677017813985
4,0.00012119677042237852,0.08435971025625809,3.065597827147951e-05,0.05357250597153409,0.08451239945144734,0.009255231649510594,0.006707070730701401,0.03491901494819921,0.10776307345282986,793.403363796328,549,1111.3222204609774
