,p1,p2,p3,p4,p5,p6,p7,p8,Gkr,RMSE,iterations,CPU_time,score
0,0.0016143184655337056,0.07288360971093341,1.9049202706206977e-05,0.05229249979027819,0.11017200880128708,0.02316397244007661,0.008885907073605506,0.029408064396037742,0.15302207453589187,2966.027390558053,1060,4842.329749719,2966.027390558053
1,0.05006881651443408,3.344019659753625e-05,5.438449223422135e-06,0.0011001778529862488,0.04147098907171075,8.983545769898257e-05,2.0835350225946416,9.03357785855577e-06,0.1524,,1060,,
