,p1,p2,p3,p4,p5,p6,p7,p8,Gkr,RMSE,iterations,CPU_time,score
0,0.01104695212532467,1.1054859840535273e-07,2.206532955595797e-05,3.173115212309781e-07,0.00011330279546930419,0.002224393680243114,1.0000009249651222e-07,0.06708718487799219,0.021150779281149553,336821.0822298456,1064,3248.3176955240006,336821.0822298456
1,0.010574094647651418,0.07853493704422727,2.6461850544737884e-05,0.0002534606471636887,0.0006513652366698383,0.0558246450192798,1.3654533666726067e-07,0.0038759998720998834,0.1524,,1064,,
