,p1,p2,p3,p4,p5,p6,p7,p8,Gkr,RMSE,iterations,CPU_time
0,0.00037521335252531834,0.057329270663989775,3.340667812950325e-05,0.058890686814343354,0.09404033516348738,0.010178191328468053,0.0017007535743612343,0.025180251195931827,0.5126104547386644,1316.5722526237018,733,1381.3101613939943
1,0.00037521554201086813,0.05732833183174899,3.340531775955327e-05,0.05889082329499472,0.09404126553523612,0.010177771816611409,0.0017008115266865542,0.02518001480758489,0.5126104547386644,1316.572223446761,792,2359.2730178470083
2,0.00037522821870352406,0.057329020230012594,3.340537554198868e-05,0.05889092421182804,0.09404590461533553,0.010177765660466949,0.0017008612405413558,0.025180089614885416,0.5126104547386644,1316.5722108255,843,2671.1162096059998
3,0.00037521472066668357,0.05732877378605172,3.340508283177049e-05,0.058891062349966425,0.09404034296466388,0.010178269681119588,0.001700740686213988,0.025180343466513537,0.5126104547386644,1316.572249653333,661,2142.8874402540096
4,0.0003752305028052288,0.057328772069833445,3.3403294649395464e-05,0.05889142819327795,0.09404136901692557,0.010177683505352907,0.0017007878398266464,0.025180229862903043,0.5126104547386644,1316.5722626286215,687,2231.11754185101
