,a_1_a,a_1_b,b_a0_a,b_a0_b,k_b_a,a_a0_a,a_a0_b,b_1_a,b_1_b,b_a1_a,b_a1_b,a_a1_a,a_a1_b,k_f_a,g_Kr,RMSE,iterations,CPU_time,score
0,0.09077630824462934,0.023393173140187358,0.04571530911751322,0.06255402219162458,0.03746098250594948,0.02170371208525046,0.01233881633779369,0.006495105784190609,0.032677418233354176,6.901011133876712e-05,0.04176755988142661,0.014036747758009564,0.03811196474656298,0.023696326072500457,0.15239386896406815,295.89906431486065,1759,11274.247889247003,295.89906431486065
