,p1,p2,p3,p4,p5,p6,p7,p8,Gkr,RMSE,iterations,CPU_time,score
0,1.000011785791812e-07,0.18983017897779564,1.0000658073511058e-07,0.0892260586500016,1.0009681206639634e-07,0.35285537764212715,6.726872872728527e-05,0.13762140063377212,0.35863653169071086,49925.659939870384,1793,3364.8260219660006,49925.659939870384
1,3.714424374840937e-06,4.99167511141565e-07,9.358579123537322e-05,3.7741208299192394e-07,3.351186192515324e-07,1.2559484898281587e-05,0.002768678699500056,1.6109626450212035e-05,0.1524,,1793,,
