,a_a0_a,a_a0_b,b_a1_a,b_a1_b,k_f_a,a_1_a,a_1_b,b_a0_a,b_a0_b,a_a1_a,a_a1_b,k_b_a,b_1_a,b_1_b,g_Kr,RMSE,iterations,CPU_time,score
0,0.0231016401423685,0.010552242110447621,6.957308380801147e-05,0.04170256327029151,0.02323039340396518,0.09092249153966933,0.02341141277098903,0.05375562602703756,0.06383678863888903,0.014234610597298664,0.03801745558679521,0.033967463341504585,0.006507322534156412,0.03264757256377043,0.15238461576019424,138.52859936507272,1421,5086.387870521001,138.52859936507272
