,p1,p2,p3,p4,p5,p6,p7,p8,Gkr,RMSE,iterations,CPU_time,score
0,0.001968990950262156,0.05412147986892273,2.9785731097540563e-05,0.04873383272096395,0.09600155305386418,0.023112299345823213,0.006841057884819212,0.03138897843305661,0.1579024263330994,2609.6319645134986,1664,5774.115381228003,2609.6319645134986
1,0.16650154955912777,4.4516655041047475e-07,8.975380305263157e-07,2.312246100782014e-05,0.00028162024605673445,0.04863799473918088,2.5249699387696044e-05,0.024273332265198844,0.1524,,1664,,
