,p1,p2,p3,p4,p5,p6,p7,p8,Gkr,RMSE,iterations,CPU_time,score
0,0.0019700046001144725,0.05415441975848051,2.980068220011107e-05,0.048728937765483066,0.0961448161583187,0.023112018218021908,0.006853936374656812,0.031385591839326696,0.1578934535447918,2603.9765579384557,1503,4947.919995118,2603.9765579384557
1,3.277437714600405e-06,0.040319140415884025,0.07791489127407183,1.78959096449223e-07,0.0033279973096948566,0.005369667775790393,0.006677159476480954,0.00019189371330652336,0.1524,,1503,,
