,a_1_a,a_1_b,b_a0_a,b_a0_b,k_b_a,a_a0_a,a_a0_b,b_1_a,b_1_b,b_a1_a,b_a1_b,a_a1_a,a_a1_b,k_f_a,g_Kr,RMSE,iterations,CPU_time,score
0,0.09085164118128367,0.023382294954619725,0.048841158052347455,0.06391301900538432,0.036598959383937715,0.023121166032878115,0.011240127571024038,0.00650070602977837,0.03268382538921952,6.88593165044366e-05,0.04178632702647018,0.013570809454335225,0.037853282113731,0.02392668142209101,0.15238443263759532,296.41575121627295,1659,11137.423018678,296.41575121627295
