,p1,p2,p3,p4,p5,p6,p7,p8,Gkr,RMSE,iterations,CPU_time
0,0.0002274969932803648,0.06973370857391525,2.4961615141271407e-05,0.060044208856076114,0.09482036777817156,0.009020852141952347,0.002939313146766712,0.025785879933443064,0.3048,812.1002503198681,961,1709.427257399977
1,0.0002275239612783085,0.0697299982914059,2.4960672957110117e-05,0.060044624680789686,0.09481907908324431,0.009020583959973497,0.0029392445430804653,0.025786570363613058,0.3048,812.1002567219443,706,1233.0579473850084
2,0.00022752531790102624,0.06973084088651352,2.4964572863402216e-05,0.06004305206380731,0.09481967223144536,0.009021277617411984,0.0029392581043731496,0.02578596305493528,0.3048,812.1002494947321,738,1289.7911556480103
3,0.0002275382641874626,0.06972857207312401,2.4958700608807372e-05,0.06004531934593726,0.09482030837762759,0.009021223542206558,0.0029392687205035233,0.025785874501558833,0.3048,812.1002594279382,627,1096.8677729470073
4,0.00022751759140231096,0.06973200645070574,2.4960322343165186e-05,0.060044667973279314,0.094818577603871,0.009021417694620589,0.0029392448771935606,0.025785567755635314,0.3048,812.1002609927602,538,936.4789692540071
