,a_1_a,a_1_b,b_a0_a,b_a0_b,k_b_a,a_a0_a,a_a0_b,b_1_a,b_1_b,b_a1_a,b_a1_b,a_a1_a,a_a1_b,k_f_a,g_Kr,RMSE,iterations,CPU_time,score
0,0.09081747794774636,0.023389932562251855,0.046356334222883565,0.06255755014961727,0.0371793373761563,0.02191921189353576,0.012027728428549687,0.006497477898603239,0.032673446210892194,6.893441042065428e-05,0.04177701325410739,0.013934062694305768,0.03820608947155441,0.023760228511861214,0.15241439980887098,173.52652157385265,1374,6099.759704687,173.52652157385265
