,p1,p2,p3,p4,p5,p6,p7,p8,Gkr,RMSE,iterations,CPU_time
0,0.0002484946369427156,0.08461757830696845,3.437027804605194e-05,0.05094451457130985,0.07554304705668356,0.009032040116079401,0.008188509144486739,0.037677780454663565,0.07664514235271616,714.4853908509053,664,899.9911741410033
1,0.00024852295371346903,0.08461592401237553,3.437413977095991e-05,0.05094339861829779,0.07554109941637427,0.009032892600697,0.008188537610793052,0.037676958356339406,0.07664514235271616,714.4853748853958,971,1517.4864021549874
2,0.0002484955314317046,0.08461942972513635,3.437289276893786e-05,0.05094406509348783,0.0755431508744291,0.009033203963443578,0.008188768073446472,0.03767639309343801,0.07664514235271616,714.4853726198636,686,1589.5898119210033
3,0.0002484794624161027,0.08462211980213162,3.437436828975101e-05,0.050943438383895846,0.07554418386963857,0.009033919367649444,0.00818886342728913,0.03767621521153742,0.07664514235271616,714.4853754448794,1087,2521.3298862279917
4,0.0002484981189002484,0.08461651530532872,3.437438007721851e-05,0.05094343094465669,0.0755382909539459,0.009032927095950405,0.008188241992693586,0.03767736572598563,0.07664514235271616,714.4854122274667,445,866.965643485004
