,p1,p2,p3,p4,p5,p6,p7,p8,Gkr,RMSE,iterations,CPU_time,score
0,0.0016916367153420933,0.03668074874890754,4.297827381353913e-05,0.04592609414617143,0.09314844529975892,0.021813495838867818,0.007352601301891169,0.029600207232855478,0.1638632453177142,1714.3365765420253,1016,3114.8454418740002,1714.3365765420253
1,1.1111948789026556,0.013884167665395247,0.0001440980413418127,0.02304457142123721,0.1099008779480182,0.0059230006757420815,7.554807052561638e-05,0.0054974415301068105,0.1524,,1016,,
