,a_a0_a,a_a0_b,b_a1_a,b_a1_b,k_f_a,a_1_a,a_1_b,b_a0_a,b_a0_b,a_a1_a,a_a1_b,k_b_a,b_1_a,b_1_b,g_Kr,RMSE,iterations,CPU_time,score
0,0.022470677981028014,0.011610090728531855,6.888430576019102e-05,0.04178132409751075,0.023801041995091986,0.09080112635337184,0.023377684416333595,0.04752763322749603,0.06325443636199782,0.013754625914903899,0.038094075447972046,0.03672007733942218,0.006496134826187325,0.0326917284157907,0.1523886272665895,295.7206497330141,1382,8935.022509415998,295.7206497330141
