,p1,p2,p3,p4,p5,p6,p7,p8,Gkr,RMSE,iterations,CPU_time,score
0,0.0019686946742040277,0.05415771620906033,2.977938315107753e-05,0.04873703117375103,0.0961195064156567,0.02310360116020354,0.006851746826205641,0.03139436993751193,0.15788992395369303,2613.046574577328,1808,5884.917669466999,2613.046574577328
1,0.09980379951605212,0.0005194762581740027,0.00016014884130934428,4.1837866790130844e-07,3.5624595891513026e-06,2.1749072393912112e-07,0.0247183926316966,0.05448693561597704,0.1524,,1808,,
