,p1,p2,p3,p4,p5,p6,p7,p8,Gkr,RMSE,iterations,CPU_time
0,0.00027129170602598697,0.06544903049945638,3.498939849386083e-05,0.055369313426272875,0.08777995253500474,0.008960024184077502,0.004437993214348502,0.030067593609717974,0.1812351643264147,287.8684729806144,801,1498.752090924012
1,0.00027129180026332604,0.06544957503984145,3.498932193893468e-05,0.05536937675325715,0.08778027112349734,0.008960452990470913,0.004437947972644712,0.03006743896355367,0.1812351643264147,287.8684703238779,953,1771.1626795819902
2,0.00027129398958499466,0.06544929691698284,3.4990030134177064e-05,0.055369159578387124,0.08778085449655308,0.008960234857648987,0.004438036024987551,0.030067454513969534,0.1812351643264147,287.8684695341325,777,1442.4974179009732
3,0.00027129016829477404,0.06544968019395286,3.49886838242697e-05,0.05536952056858465,0.08778094913049651,0.008960270750497344,0.00443799159251779,0.030067459696778175,0.1812351643264147,287.86846938538156,774,1427.8424849539879
4,0.0002712911010358173,0.0654496316323892,3.498975231623123e-05,0.055369276808898846,0.08778056286089335,0.008960372968668404,0.0044379714784275465,0.030067492988192,0.1812351643264147,287.86846978037704,753,1387.4507817139965
