,p1,p2,p3,p4,p5,p6,p7,p8,Gkr,RMSE,iterations,CPU_time
0,0.00022625085211017208,0.06982087300325697,3.4512280964327295e-05,0.05458916545416854,0.08714135909488739,0.008887057750818071,0.0051447456239050405,0.03159148417967467,0.1524,138.79195493801438,950,1813.8654279900074
1,0.0002262467508555202,0.06982119183797007,3.451219308993899e-05,0.05458919681215196,0.08714058935573295,0.008887100812011283,0.005144711636963192,0.03159146381264442,0.1524,138.79195465541474,575,1280.0524483339977
2,0.00022624940064587318,0.06982124717551716,3.451189407861574e-05,0.054589257229105,0.08714042915253241,0.008886955282767296,0.005144672972312384,0.03159149638091476,0.1524,138.79195473805376,689,1545.2031987170049
3,0.00022625186946761782,0.06982077820630858,3.451279782163086e-05,0.054589078490725654,0.0871412056899067,0.008887240876373975,0.005144747632426738,0.03159140533267553,0.1524,138.79195464425803,763,1701.4167701570113
4,0.00022625227795802482,0.0698207935898999,3.451257818079475e-05,0.05458911512026839,0.08714077083812678,0.008887165849233805,0.005144702414172963,0.031591503194558904,0.1524,138.7919543800732,873,1704.76762801499
