,p1,p2,p3,p4,p5,p6,p7,p8,Gkr,RMSE,iterations,CPU_time,score
0,0.001613393086681774,0.0728599998893642,1.9079424319649873e-05,0.05227834129090076,0.11006017162448666,0.02316605863486471,0.00887897985432151,0.029416940452460887,0.15297411919159856,2972.381369581511,1481,6483.533545631,2972.381369581511
1,7.13954005969751,2.141278074088121e-06,0.013181645014703878,0.000750824736871489,1.4310970695325555e-07,0.020356712081419533,0.00041661839707536873,2.1314837638555112e-06,0.1524,,1481,,
