,p1,p2,p3,p4,p5,p6,p7,p8,Gkr,RMSE,iterations,CPU_time,score
0,0.0016153980119432915,0.07287362823296899,1.9049172238022818e-05,0.05229073527191653,0.11011317216534751,0.02315726852918101,0.008881002424336223,0.029427408069689055,0.15297812994856055,2969.596234681341,1696,7644.995131987,2969.596234681341
1,0.20366907874937715,0.00011342535273824315,1.95080751798108e-07,0.0001836645662214405,0.00013608349609117251,4.133955193806269e-07,9.33077165379771,8.620869158076983e-06,0.1524,,1696,,
