,p1,p2,p3,p4,p5,p6,p7,p8,Gkr,RMSE,iterations,CPU_time,score
0,0.0016921362908304718,0.036630607949034784,4.296421624132684e-05,0.04592865826224127,0.09315486218901763,0.021819776211568276,0.007350611006161969,0.02960584554523944,0.16385998658432235,1709.812140336288,905,2631.919019843,1709.812140336288
1,1.5655896084058307,0.010161089192136501,0.0001114814273079942,2.8149350890188177e-06,0.08800093687810635,0.0015609869987308859,9.756057177505726,0.010766605892627063,0.1524,,905,,
