,p1,p2,p3,p4,p5,p6,p7,p8,Gkr,RMSE,iterations,CPU_time,score
0,0.0015675816845884631,0.07930204912284951,2.2201051027990437e-05,0.051178785341347885,0.09594133453572685,0.023934881794762164,0.007054743056062821,0.031328854124410256,0.15473554450897137,721.3703828321685,1590,3300.078230289,721.3703828321685
1,0.006261460067178138,7.697066881161956e-05,2.9810943992229855,6.823395721778916e-07,5.84130748209055e-05,1.138501185258864e-06,0.0005623870248783407,1.7425328332742037e-05,0.1524,,1590,,
