,p1,p2,p3,p4,p5,p6,p7,p8,Gkr,RMSE,iterations,CPU_time,score
0,150.64585245978756,0.0295046138529688,2.4783339653761075e-07,0.004460097986275428,0.1282114993384441,0.01919119963739298,0.026183294154372743,0.08658807212169646,0.036631768693323366,196569.0434125318,1247,5299.407801038,196569.0434125318
1,0.20883146450882673,0.006366505755666889,0.005411931543191034,0.008691162567192887,0.015173333022031013,0.0027643693886280265,1.5529601027126736e-07,9.897593765603697e-07,0.1524,,1247,,
