,p1,p2,p3,p4,p5,p6,p7,p8,Gkr,RMSE,iterations,CPU_time,score
0,1.6880038241536452,1.0011331830200275e-07,0.0017930599553173448,1.0002010844603257e-07,2.0909251660835198e-07,0.013376410031442187,2.9778191195970316,0.016115584225967556,0.006730062284205459,101851.86863675268,845,1383.123254307,101851.86863675268
1,1.653847273610474,0.0005591298360725219,0.0017940313298002069,6.998469924814485e-06,2.1185700364898738e-07,0.00010225467830673721,3.0448019141292098,0.00018314448334417487,0.1524,,845,,
