,p1,p2,p3,p4,p5,p6,p7,p8,Gkr,RMSE,iterations,CPU_time,score
0,0.001567529744726765,0.07933589387767821,2.2159746709001932e-05,0.05119948014184666,0.09597111622941543,0.023947938298370008,0.007058228982476326,0.031303565358706056,0.15476050364512722,720.6057261038037,1388,3012.282225381001,720.6057261038037
1,3.5864570232475706e-07,0.03941775904414182,0.0029497684365229343,2.1267755863880487e-05,0.00022276167244796746,0.014824854805907003,3.0160980808465516,0.037133303599170296,0.1524,,1388,,
