,a_a0_a,a_a0_b,b_a1_a,b_a1_b,k_f_a,a_1_a,a_1_b,b_a0_a,b_a0_b,a_a1_a,a_a1_b,k_b_a,b_1_a,b_1_b,g_Kr,RMSE,iterations,CPU_time,score
0,0.022284599858610993,0.011746931659073083,6.88221117480888e-05,0.04179187041184774,0.023760950764063368,0.09084607333143914,0.02337667958913637,0.04718018945077146,0.06330689177385188,0.013794889278993201,0.03814199045093709,0.03682006309172295,0.006500749398584875,0.032685907535480174,0.15240727039689142,202.52917639614523,944,4451.244752670998,202.52917639614523
