,p1,p2,p3,p4,p5,p6,p7,p8,Gkr,RMSE,iterations,CPU_time
0,0.0001228812308796228,0.08402778734106964,3.0802262790477314e-05,0.05358305743132617,0.08464611051359362,0.009252814904695228,0.006667038919318944,0.034818581492624644,0.10870874072059561,761.5510159655609,861,1644.805894004996
1,0.00012287735010831807,0.0840280765650647,3.0802038530787584e-05,0.053583200732662886,0.08464643043916062,0.009252633133446125,0.006667125295092112,0.034818507980738975,0.10870874072059561,761.5510131743902,1121,2135.0381553100015
2,0.00012287923216782918,0.08402806013030775,3.080060702068147e-05,0.05358350752977564,0.08464739999942897,0.009252414774973895,0.006667240302455522,0.03481836801482892,0.10870874072059561,761.5510134627153,779,1615.819314478009
3,0.00012288490950476295,0.08402734557559172,3.0804286371573e-05,0.05358250012057784,0.0846459577156408,0.009252706675131795,0.006667075814254125,0.03481853307468185,0.10870874072059561,761.5510122732986,941,1798.0506673650234
4,0.00012287948498749174,0.08402801921175013,3.080138361495125e-05,0.05358339052807276,0.08464770125524756,0.009252242774060322,0.006667357206639265,0.03481833649286963,0.10870874072059561,761.5510124693848,768,1471.5896771989937
