,a_1_a,a_1_b,b_a0_a,b_a0_b,k_b_a,a_a0_a,a_a0_b,b_1_a,b_1_b,b_a1_a,b_a1_b,a_a1_a,a_a1_b,k_f_a,g_Kr,RMSE,iterations,CPU_time,score
0,0.09084568779661707,0.02337676085905104,0.04707186102512512,0.06328208568719788,0.036832242900634506,0.022244948741950276,0.011778860329011542,0.006500672349838526,0.032685991261406575,6.882275841154214e-05,0.041791764826063775,0.01379982616664569,0.03814773070747187,0.023756180831930894,0.15240734822759217,202.5292039232692,1287,5841.859112757,202.5292039232692
