,b_1_a,b_1_b,k_b_a,b_a0_a,b_a0_b,b_a1_a,b_a1_b,k_f_a,a_a1_a,a_a1_b,a_a0_a,a_a0_b,a_1_a,a_1_b,g_Kr,RMSE,iterations,CPU_time,score
0,0.006500578565635344,0.032660281359375064,0.03755303104865155,0.04778587723047288,0.06355838843873371,6.883854653211639e-05,0.041788256011130405,0.024356488027116784,0.013571432227264958,0.037949984511612786,0.02268150699690691,0.011330743280430947,0.09086387565499535,0.02342066489366944,0.15240106710877804,138.01349584548396,1616,4813.754094804999,138.01349584548396
