,p1,p2,p3,p4,p5,p6,p7,p8,Gkr,RMSE,iterations,CPU_time,score
0,4.902421208300737e-05,1.000000070386288e-07,0.010809804017230043,1.0000031054005911e-07,2.7395525286486855e-06,1.0000909797996656e-07,3.1837472362118933e-06,1.0001749977281023e-07,3.3847798179234427,121387.14979325091,1408,2144.753915496,121387.14979325091
1,0.00021020636633362855,3.777760387108651e-05,0.7537409024385948,1.9258791405852775e-05,8.493353404325253e-07,7.694293489362716e-05,7.962895866676886e-07,5.65799953234181e-07,0.1524,,1408,,
