,a_a0_a,a_a0_b,b_a1_a,b_a1_b,k_f_a,a_1_a,a_1_b,b_a0_a,b_a0_b,a_a1_a,a_a1_b,k_b_a,b_1_a,b_1_b,g_Kr,RMSE,iterations,CPU_time,score
0,0.021939801006075618,0.011976654228406982,6.88352278226282e-05,0.04178980320984833,0.023683058102951123,0.09086908692353071,0.02339028054256116,0.04627888186358121,0.06259960883571952,0.013978697219748624,0.03829232963605922,0.037127350804622455,0.006498501238589832,0.03267743516946182,0.15241298881417364,173.3777069031735,963,4452.381442856001,173.3777069031735
