,p1,p2,p3,p4,p5,p6,p7,p8,Gkr,RMSE,iterations,CPU_time
0,5.986099354886651e-05,0.09965446107297533,2.155983874558884e-05,0.05358735483726393,0.07100399418852248,0.010456502983544317,0.009486944215146106,0.04020842975065596,0.06435684129488249,4826.951797832193,703,2476.734641288989
1,5.9864526460558885e-05,0.09965185480774358,2.1551385840657168e-05,0.05359107463986903,0.07100549593790052,0.0104548628047255,0.00948773242642909,0.04020820942388343,0.06435684129488249,4826.951776678873,893,3132.223143170995
2,5.986057961464001e-05,0.09965507852286301,2.1552324061107684e-05,0.05359076360232845,0.07100838002112562,0.010455110543227815,0.009487956910182406,0.04020801118597012,0.06435684129488249,4826.951749813586,875,3074.668141017988
3,5.987220447772071e-05,0.09965245851827226,2.1567286620608776e-05,0.05358474766478701,0.07099288259973155,0.010457928648637399,0.009485594846549863,0.04020758034400669,0.06435684129488249,4826.951872266953,760,2665.013633364986
4,5.986973046285911e-05,0.09965038124260092,2.1551827154464132e-05,0.053590849692541694,0.07100709442612009,0.010454702342290206,0.009488032311931367,0.040207891321042175,0.06435684129488249,4826.9517567233725,711,2497.0135834420216
