,a_1_a,a_1_b,b_a0_a,b_a0_b,k_b_a,a_a0_a,a_a0_b,b_1_a,b_1_b,b_a1_a,b_a1_b,a_a1_a,a_a1_b,k_f_a,g_Kr,RMSE,iterations,CPU_time,score
0,0.09083864089364602,0.023393496003804817,0.04769882250342035,0.06262646532666805,0.03629450674011147,0.022237768307629566,0.01180807700647854,0.0064969536308198675,0.032681483502189225,6.898333785172797e-05,0.041769292602067395,0.013734959079045978,0.038149933896323276,0.02378535146168417,0.1523899321212759,202.0138444345747,1416,6473.710919111996,202.0138444345747
