,a_a0_a,a_a0_b,b_a1_a,b_a1_b,k_f_a,a_1_a,a_1_b,b_a0_a,b_a0_b,a_a1_a,a_a1_b,k_b_a,b_1_a,b_1_b,g_Kr,RMSE,iterations,CPU_time,score
0,0.0219240455916332,0.012023499622182006,6.8934583257113e-05,0.041776986612176076,0.02376068274589245,0.09081762122677398,0.023389873371078288,0.04637539974002166,0.06255665927104812,0.013932865443309414,0.038205763483072794,0.03717377639558773,0.006497484091017062,0.03267344450498354,0.15241449905010065,173.52652155605702,1127,4965.827242638999,173.52652155605702
