,p1,p2,p3,p4,p5,p6,p7,p8,Gkr,RMSE,iterations,CPU_time,score
0,0.0015669193085284707,0.0793068351910138,2.2189255844860323e-05,0.051191354357482656,0.09598794889838044,0.023949588844835758,0.0070541948307538535,0.03130226866251715,0.15483479218640428,719.8350761192639,1856,4054.747821819001,719.8350761192639
1,1.838355129766793e-05,5.907821428512475e-06,2.9339062677322016,0.020213790579204444,0.032908532527796026,1.8450325741077342e-05,0.003142800089242166,1.325411628942758e-06,0.1524,,1856,,
