,p1,p2,p3,p4,p5,p6,p7,p8,Gkr,RMSE,iterations,CPU_time,score
0,0.0015675549519026063,0.079301600293624,2.2202203080427978e-05,0.05117836470559826,0.09593957782894312,0.023935026983595505,0.0070546030499983306,0.031328794570708224,0.15473588743080316,721.3703737669002,975,1914.693816181003,721.3703737669002
1,0.014851686863208122,0.03887344004503655,0.0008471182943390139,0.0003696417899083956,0.769468149398987,0.002975696897121987,5.136315875247943e-06,0.00805087486489114,0.1524,,975,,
