,p1,p2,p3,p4,p5,p6,p7,p8,Gkr,RMSE,iterations,CPU_time
0,0.00020291711707774016,0.09162488379224437,2.8380596397343694e-05,0.050487992655452785,0.08146281081357061,0.013556956146582772,0.015090928344296334,0.03633726811631371,0.05388153672641493,1469.32054622922,543,1161.5350951899964
1,0.00020291783201891809,0.09162668266459975,2.8382317006070913e-05,0.050487549463767566,0.08146731887444858,0.013557884477828332,0.015091914661998386,0.036336817471536116,0.05388153672641493,1469.3205455057416,746,1572.5301436350055
2,0.00020292834827737697,0.0916231447969059,2.83819813541338e-05,0.0504875033575701,0.08145475632451889,0.013556747595164866,0.015089462541933822,0.03633802121542587,0.05388153672641493,1469.3205464362998,519,1106.899974244996
3,0.00020292586200304754,0.09162358893528724,2.8382373289415306e-05,0.05048754385397366,0.08146090514132076,0.013558506745378701,0.015090636968133389,0.03633603749513536,0.05388153672641493,1469.3205442696797,516,1099.4035509239984
4,0.00020291356423904122,0.09162535907066095,2.8381183164284268e-05,0.05048783466645692,0.08146637119740434,0.013557873234541265,0.015091607569450946,0.036336920235602865,0.05388153672641493,1469.32054425758,822,1448.0566017860037
