,p1,p2,p3,p4,p5,p6,p7,p8,Gkr,RMSE,iterations,CPU_time
0,0.00022654481704683282,0.06802253740213103,3.098057479816244e-05,0.057939570933746264,0.08915247165511604,0.009899467872251051,0.003121806928226361,0.027887498431510293,0.2563052273693322,751.6892370070634,701,2803.240662475
1,0.0002265531693080731,0.06802161207265939,3.098148711269285e-05,0.05793933307308002,0.08914940394961968,0.009899464333837772,0.00312170762762396,0.02788769975444888,0.2563052273693322,751.6892273134591,715,1973.0412443759997
2,0.00022656057519355893,0.06801990942034608,3.0981398671403284e-05,0.057939459698149474,0.08914864441986545,0.009899269823480317,0.0031216685344349275,0.027888052884326213,0.2563052273693322,751.6892381434728,566,1437.3245615869964
3,0.00022656408786187276,0.06802047797190998,3.098217236173512e-05,0.05793914766102377,0.08915191059478658,0.009899312056541631,0.0031218251096405227,0.027887563244446037,0.2563052273693322,751.6892376877354,733,2705.9693122669996
4,0.00022655155041654277,0.06802118802137454,3.0981866418038016e-05,0.05793917644217466,0.08914790433277199,0.009899263415562933,0.0031216444963427276,0.027887983066798155,0.2563052273693322,751.6892435885328,466,1765.2594115550019
