,p1,p2,p3,p4,p5,p6,p7,p8,Gkr,RMSE,iterations,CPU_time,score
0,6.619113892128027,6.627320024758623e-07,0.00033667247608514477,1.0712644682194733e-06,0.00011348126777231096,0.002238323851183313,1.0000005929658375e-07,0.06706468626406548,0.021158120795957955,336820.5887365177,1358,3783.1820315660007,336820.5887365177
1,0.14978004042606852,1.1129846136060832e-06,6.915283443712491e-07,0.1324294384693244,3.0689058410814904e-06,0.0006288074995842079,1.0926188683802869e-05,0.0015919906613217792,0.1524,,1358,,
