,p1,p2,p3,p4,p5,p6,p7,p8,Gkr,RMSE,iterations,CPU_time,score
0,0.0016151923413473765,0.07289646265420273,1.9056103358530327e-05,0.05229018212107707,0.11025414351406172,0.02316925162358349,0.00889073268540247,0.029411976754022698,0.15300111270571765,2966.618799316322,1746,8458.753508468002,2966.618799316322
1,2.240594057934977e-07,1.877066419183037e-05,3.776503971516742e-05,0.0262031684718809,2.267167348843314e-06,0.12986623277567022,3.6104616426185268,0.0010884381144585398,0.1524,,1746,,
