,p1,p2,p3,p4,p5,p6,p7,p8,Gkr,RMSE,iterations,CPU_time
0,0.00022161013097848981,0.0797323335665597,3.7135246842963295e-05,0.05231079717425479,0.0852330640728934,0.009734367541438797,0.00711745685643591,0.03376267560991552,0.10870874072059561,235.02472376912297,708,1480.6327958699985
1,0.00022160803040443752,0.07973232833725064,3.7134098207088255e-05,0.05231109633727563,0.08523516789606554,0.00973382731493648,0.007117612610040174,0.03376307463841493,0.10870874072059561,235.02472396595923,640,1343.054652309991
2,0.0002216027408545448,0.0797336856307537,3.713369461236506e-05,0.05231122726320443,0.08523509796164304,0.009734586256996821,0.007117569899587033,0.03376258248736041,0.10870874072059561,235.02472297120877,891,1866.713840974
3,0.00022159922407826222,0.07973422464862466,3.7135921081416856e-05,0.0523105717628827,0.08523408794298137,0.009734696889275744,0.007117560025712847,0.033762273756279354,0.10870874072059561,235.02472338081,819,1718.6259881330043
4,0.0002216051712613859,0.07973277035721048,3.713452159513006e-05,0.05231098789981576,0.08523318753108379,0.009734453809507401,0.0071174892119564934,0.03376245515337109,0.10870874072059561,235.02472351129524,792,1169.8048942640016
