,a_1_a,a_1_b,b_a0_a,b_a0_b,k_b_a,a_a0_a,a_a0_b,b_1_a,b_1_b,b_a1_a,b_a1_b,a_a1_a,a_a1_b,k_f_a,g_Kr,RMSE,iterations,CPU_time,score
0,0.09095219300688616,0.02338928612362689,0.04765824922825465,0.06298921879573176,0.036251275012231014,0.0227907486499587,0.011540706115131402,0.00651004731307844,0.03267095333723491,6.874718396085917e-05,0.04179220667788779,0.013574129842269012,0.03851592702712927,0.023577390724240765,0.15235968932254218,202.9532444195852,1441,7316.651526832,202.9532444195852
