,p1,p2,p3,p4,p5,p6,p7,p8,Gkr,RMSE,iterations,CPU_time
0,0.0002040801006252222,0.05926042510782826,2.9572442267144203e-05,0.05870750497945767,0.09002167177077168,0.009655267418242726,0.0025134372551215253,0.026440777411422752,0.3624703286528294,318.71730834916406,463,967.8333556510042
1,0.00020408595912738546,0.05926209164673398,2.95726426237548e-05,0.05870724162522567,0.09001387914591123,0.009654857181892745,0.002513107383184506,0.02644086508716099,0.3624703286528294,318.71731902065363,503,1154.8254286869997
2,0.00020408996371198862,0.05926157566071787,2.95675950885624e-05,0.05870887680920795,0.09001759259650263,0.009654171778130475,0.0025131522526371263,0.026441754930812543,0.3624703286528294,318.7173213295594,566,1275.1889688999945
3,0.00020407402045212003,0.05926500638189559,2.9568430358817578e-05,0.058708542082713,0.09001462807483505,0.009655149974039169,0.002513077947665202,0.026440354094153903,0.3624703286528294,318.71731450466183,522,1145.6419321649955
4,0.00020408008747602833,0.05926284495751911,2.9571910045760316e-05,0.05870727688369935,0.09001875593589422,0.009654449760386142,0.002513277574027144,0.026440716873189274,0.3624703286528294,318.7173129928599,481,1060.5857200149985
