,a_1_a,a_1_b,b_a0_a,b_a0_b,k_b_a,a_a0_a,a_a0_b,b_1_a,b_1_b,b_a1_a,b_a1_b,a_a1_a,a_a1_b,k_f_a,g_Kr,RMSE,iterations,CPU_time,score
0,0.09082321380146015,0.02339711333909937,0.0460516077903739,0.06302796447757414,0.03679977324354511,0.02194630670412831,0.012008132303295546,0.006498395111982561,0.032677758785359765,6.885876040733918e-05,0.04178284861154858,0.013777025633006746,0.03830100820161327,0.023693824956377698,0.15237055579704314,203.2338806355245,1426,6927.686141571005,203.2338806355245
