,p1,p2,p3,p4,p5,p6,p7,p8,Gkr,RMSE,iterations,CPU_time,score
0,0.001969283040597909,0.05412259533648972,2.980088724052337e-05,0.04872368470753256,0.09609035550853096,0.02310058506556615,0.006851048122025062,0.03139743845029417,0.1578384260201773,2605.4067927554643,2029,6527.275223221,2605.4067927554643
1,0.20366907874937715,0.00011342535273824315,1.95080751798108e-07,0.0001836645662214405,0.00013608349609117251,4.133955193806269e-07,9.33077165379771,8.620869158076983e-06,0.1524,,2029,,
