,a_a0_a,a_a0_b,b_a1_a,b_a1_b,k_f_a,a_1_a,a_1_b,b_a0_a,b_a0_b,a_a1_a,a_a1_b,k_b_a,b_1_a,b_1_b,g_Kr,RMSE,iterations,CPU_time,score
0,0.02212581963705187,0.011993966388030217,6.887254618485342e-05,0.04178286139617192,0.023766916519776964,0.09074927978427078,0.023396152951007308,0.04617969388650356,0.06285220320685085,0.013644729021903279,0.03827084475321357,0.0366459519007587,0.006488015596267722,0.032692856157327504,0.1523796111573353,202.73990781853394,1496,7156.575239234,202.73990781853394
