,b_1_a,b_1_b,k_b_a,b_a0_a,b_a0_b,b_a1_a,b_a1_b,k_f_a,a_a1_a,a_a1_b,a_a0_a,a_a0_b,a_1_a,a_1_b,g_Kr,RMSE,iterations,CPU_time,score
0,0.006498448817256418,0.03267749435698412,0.03712522210147923,0.046275358293619104,0.06259854075871646,6.883486303639652e-05,0.04178987557342862,0.023682105607021074,0.013977432900369366,0.03829238063383526,0.021941867061727127,0.011977128133708529,0.09086883977803688,0.0233903433540409,0.1524131912329267,173.37770638135862,1205,5417.841724149001,173.37770638135862
