,a_1_a,a_1_b,b_a0_a,b_a0_b,k_b_a,a_a0_a,a_a0_b,b_1_a,b_1_b,b_a1_a,b_a1_b,a_a1_a,a_a1_b,k_f_a,g_Kr,RMSE,iterations,CPU_time,score
0,0.09085651363235812,0.023419018410204745,0.047533237664935224,0.06343092255492802,0.03779746384863922,0.02234753770560045,0.011733191064945183,0.006499709083412907,0.03266098431084712,6.89573113103176e-05,0.04177544822968922,0.013690954992500991,0.03759407223205289,0.02447484221276563,0.15240811610397562,138.01361752854484,1848,5178.886511264001,138.01361752854484
