,b_1_a,b_1_b,k_b_a,b_a0_a,b_a0_b,b_a1_a,b_a1_b,k_f_a,a_a1_a,a_a1_b,a_a0_a,a_a0_b,a_1_a,a_1_b,g_Kr,RMSE,iterations,CPU_time,score
0,0.006502153986781948,0.032667667336492186,0.03715397209098761,0.04627791785922007,0.06287015497241787,6.884854777030157e-05,0.04178695161618544,0.023816667114384085,0.013847497058767064,0.03817534092059965,0.021983870709904138,0.012010214342667979,0.09086503315348371,0.023386604256544846,0.15241829033698218,296.84351658875215,1211,7796.628457694,296.84351658875215
