,p1,p2,p3,p4,p5,p6,p7,p8,Gkr,RMSE,iterations,CPU_time
0,0.00020325135392714738,0.09156758878373118,2.8331116301006315e-05,0.050503451347620416,0.08098758608356123,0.013486911394702896,0.014999654620024705,0.036390978990167584,0.05388153672641493,1468.5233874648693,690,909.399628240004
1,0.00020324425665627975,0.09156633371083528,2.8327860877754288e-05,0.05050450214321653,0.08100261816215996,0.013481470454302466,0.015002528008394113,0.03639490877310538,0.05388153672641493,1468.5233695234454,662,1079.465817893004
2,0.00020325370591741673,0.09156656198438635,2.832683010915653e-05,0.050504906326656836,0.08099223434224603,0.01347989874469576,0.015000490587423419,0.03639637622391142,0.05388153672641493,1468.5233694819342,634,1221.9672335829964
3,0.00020325668796342423,0.09156480994600978,2.832901955756839e-05,0.05050416119914201,0.08098346337709521,0.013485160547158464,0.01499893365299908,0.036391509072463434,0.05388153672641493,1468.5233818684806,813,1138.577378377995
4,0.00020326395302450864,0.09156348827369307,2.833017703099413e-05,0.05050391853037207,0.0810007782099907,0.013481491128387441,0.015002193137260362,0.036395439037851925,0.05388153672641493,1468.5233765101934,692,1125.4030812420024
