,p1,p2,p3,p4,p5,p6,p7,p8,Gkr,RMSE,iterations,CPU_time
0,0.00019451783773639692,0.09357008684246555,1.68881939319761e-05,0.05293928676174947,0.07916895355800037,0.01750414701600546,0.022887254004475954,0.03620745174666018,0.0381,2598.580375324666,449,515.9874781669932
1,0.00019451711351859536,0.09357354702374279,1.688854219040486e-05,0.0529388922060432,0.07916016033915163,0.017504700532611144,0.022884407876915595,0.03620751122514635,0.0381,2598.580384256445,740,858.132686582001
2,0.000194524316344271,0.09357110615689931,1.689018020687649e-05,0.05293765623096688,0.07919990299347439,0.01750874158413429,0.022896355562042784,0.03620288068126504,0.0381,2598.5803766755853,1204,1442.5745310580096
3,0.0001945354229379369,0.0935714650750465,1.6890076514138625e-05,0.05293810507067703,0.07917744687517156,0.017494166529206965,0.022888895436890027,0.03621810807963601,0.0381,2598.580335869517,688,810.56298397301
4,0.00019452386588902988,0.09357085808901884,1.6889179542150014e-05,0.052938476157968595,0.07919587351479852,0.017506771222361654,0.022894989602096988,0.036203670171227866,0.0381,2598.580384906871,685,800.9809076389938
