,p1,p2,p3,p4,p5,p6,p7,p8,Gkr,RMSE,iterations,CPU_time
0,0.00022781687073037765,0.06631758812364462,2.900955279548795e-05,0.06025779842371336,0.09263684945370644,0.010690704405439212,0.0016046931338230853,0.025663937662038266,0.5126104547386644,1338.5085082720445,932,2239.75317139001
1,0.0002278208883048095,0.06631650360566417,2.9009977502939625e-05,0.06025765092451091,0.09263311635867028,0.010690713239406046,0.00160464759030959,0.025663776154534437,0.5126104547386644,1338.5084727838127,1035,2491.5715205069864
2,0.00022782281977163935,0.06631676200110816,2.9009809555863372e-05,0.060257779014788036,0.09263448235249938,0.010690825648887651,0.0016046622912249937,0.025663874754657704,0.5126104547386644,1338.508506000613,637,1533.827798815997
3,0.00022780926786690836,0.06631717688184482,2.9011889332852712e-05,0.06025702467322561,0.09263155927468764,0.01069108815505033,0.0016046424937825208,0.025663556021388846,0.5126104547386644,1338.5085553004226,755,1814.5826066020236
4,0.0002278129704243107,0.06631705425583821,2.900938849467733e-05,0.06025772124871543,0.09263313639793294,0.010690573735385681,0.001604652336910953,0.025663810224773802,0.5126104547386644,1338.5084895331624,768,1847.5171144600026
