,p1,p2,p3,p4,p5,p6,p7,p8,Gkr,RMSE,iterations,CPU_time,score
0,0.001969999547916155,0.05415482567936543,2.980157767598927e-05,0.04872863044543947,0.09614409797206364,0.023112008872889975,0.006853950798726096,0.03138556323759063,0.15789230171562801,2603.9765699054083,1480,4679.278466439002,2603.9765699054083
1,0.00019143500421201222,0.0010389474150757335,0.002657284488872697,3.3985373751815745e-05,0.1369232485119924,9.827007880578606e-06,1.6579322619675703e-07,0.004757252577278571,0.1524,,1480,,
