,p1,p2,p3,p4,p5,p6,p7,p8,Gkr,RMSE,iterations,CPU_time,score
0,0.001690034058609106,0.03663181854311281,4.303295273415782e-05,0.04591563485507819,0.0931575854574423,0.021814916477576583,0.007351011832056232,0.029600524281709333,0.16391572710011412,1708.9874777622595,1066,3380.7760303249997,1708.9874777622595
1,2.0848933337608972,6.604786141702958e-07,3.176262221041321e-06,1.251885361776434e-05,0.8621680581533558,0.00023194340827438422,0.4148693115262789,0.013936510196721546,0.1524,,1066,,
