,p1,p2,p3,p4,p5,p6,p7,p8,Gkr,RMSE,iterations,CPU_time,score
0,0.0016862990520055748,0.08444473157988609,2.2063927306811696e-05,0.05122087829545184,0.1213659003294147,0.026862123921245245,0.008866721996699727,0.028801484150535746,0.1546547380378906,655.6513342848701,1076,2113.064673332,655.6513342848701
1,0.0008313544680113996,0.0002316146661381908,8.674237502940039e-07,3.4188461131241803e-07,0.0005414687469839034,4.245426689948807e-06,0.6309839175277862,1.1284404078261e-07,0.1524,,1076,,
