,a_a0_a,a_a0_b,b_a1_a,b_a1_b,k_f_a,a_1_a,a_1_b,b_a0_a,b_a0_b,a_a1_a,a_a1_b,k_b_a,b_1_a,b_1_b,g_Kr,RMSE,iterations,CPU_time,score
0,0.02258337976755015,0.011771814262622362,6.879690102229193e-05,0.041792560170253075,0.023601503958515225,0.09081244229809801,0.023395673511509563,0.04645812889584557,0.0633007770191616,0.013635136846270981,0.038418476125085574,0.036955475920355974,0.006497675764086387,0.03266652779539529,0.15242676811657346,173.65713838981085,1132,4937.029169997,173.65713838981085
