,p1,p2,p3,p4,p5,p6,p7,p8,Gkr,RMSE,iterations,CPU_time,score
0,0.3456408781926085,1.000000681670647e-07,3.0597282076755743,1.0000016451419772e-07,2.9693465694592087e-07,1.0153701832023543e-07,1.0179052367732367e-05,1.000172696826726e-07,0.06499005818980584,341595.9854565329,1568,3947.134082626,341595.9854565329
1,0.3553329121158463,0.011040125118601004,3.06534625680469,0.04636875142080817,2.807253514743026e-07,0.002887652655352135,1.0347220753710546e-05,9.982224366641653e-06,0.1524,,1568,,
