,p1,p2,p3,p4,p5,p6,p7,p8,Gkr,RMSE,iterations,CPU_time,score
0,0.0016152345394910938,0.07286898751447779,1.9067775698654946e-05,0.05228499455639465,0.11013181593330208,0.023164705436168245,0.008879935107100835,0.029414659015244732,0.15302961860031994,2966.5522659341395,2456,10749.748867824,2966.5522659341395
1,0.20774264316608934,1.0750385426764156e-05,0.00787124905281383,0.004836311419812021,8.798177468591314e-05,0.018213482279123908,0.6593886015321829,0.0036069150347869112,0.1524,,2456,,
