,p1,p2,p3,p4,p5,p6,p7,p8,Gkr,RMSE,iterations,CPU_time,score
0,0.0015663240807667269,0.07928617506632145,2.2168781574535192e-05,0.05120136948608057,0.09598619051882465,0.023935069662584955,0.0070519438214808414,0.03131441491550478,0.15487023711517678,719.5676444985487,1320,2897.6914438659996,719.5676444985487
1,7.978062218519475,5.286448107221949e-06,0.0056799440355705146,1.0579609831054532e-05,0.08266937613831879,4.100305682073455e-07,0.002630456592774278,3.760851490368031e-06,0.1524,,1320,,
