,p1,p2,p3,p4,p5,p6,p7,p8,Gkr,RMSE,iterations,CPU_time
0,8.648158453694497e-05,0.09182725965350934,2.7917403404491774e-05,0.05332224480227252,0.0812218253911451,0.009574117179105297,0.007552668134553462,0.03662688059196618,0.09061758216320735,1689.2018848729656,877,2572.109138636006
1,8.648533315689256e-05,0.09182689875749014,2.791633357935455e-05,0.053322612774222206,0.08122199957947147,0.009574236727163517,0.007552607865725077,0.03662692970511996,0.09061758216320735,1689.2018847961288,1086,2811.5739952359872
2,8.648078080676454e-05,0.09182799340936802,2.791680553855898e-05,0.05332247696266612,0.08122319097840998,0.009574566497047559,0.007552699986828308,0.03662684142894685,0.09061758216320735,1689.2018810768866,1236,3410.177696468003
3,8.648688563023912e-05,0.09182631117851862,2.791623479151944e-05,0.05332264090337016,0.08122203147769874,0.00957417322124223,0.0075526714760621215,0.03662688503569567,0.09061758216320735,1689.2018873330912,711,1813.3781476120057
4,8.648901010600779e-05,0.09182589528390155,2.7918812148618606e-05,0.053321863792233755,0.08122358749696294,0.00957427397295077,0.007553027356965875,0.03662670290158337,0.09061758216320735,1689.2018954779858,1135,3192.8457248439954
