,a_1_a,a_1_b,b_a0_a,b_a0_b,k_b_a,a_a0_a,a_a0_b,b_1_a,b_1_b,b_a1_a,b_a1_b,a_a1_a,a_a1_b,k_f_a,g_Kr,RMSE,iterations,CPU_time,score
0,0.09082388087036153,0.023397120107890117,0.046058763653145644,0.06302476572092454,0.036795428059229085,0.02194510447483205,0.012009881217878658,0.006498440330974635,0.03267770800671263,6.886041555235093e-05,0.04178266504560464,0.013777836375902748,0.038298693606498596,0.023693626181231456,0.15237066138356894,203.23388139429954,1550,7320.203623323,203.23388139429954
