,p1,p2,p3,p4,p5,p6,p7,p8,Gkr,RMSE,iterations,CPU_time
0,0.00022519883101647682,0.07083270142077176,3.76568371078679e-05,0.05290646918810742,0.08314042032472291,0.009081481338775411,0.005572637487016931,0.033648061424817154,0.1294655974387777,276.6545996861313,589,1015.357400562003
1,0.00022521683046797367,0.07083070035997338,3.765935402141792e-05,0.052905919595612624,0.0831366718288831,0.009081535224867762,0.005572411790842855,0.03364821487987224,0.1294655974387777,276.6546095587886,472,1155.1113011459965
2,0.0002251878788089017,0.07083257437819715,3.765654855085302e-05,0.0529065163935535,0.08313807144402673,0.009081341924260853,0.0055724930818672564,0.033648164888150665,0.1294655974387777,276.65460202000173,546,1560.247765193999
3,0.00022520441599576513,0.07083139154526304,3.7657948293968716e-05,0.05290612274941191,0.0831383957304413,0.009081708790181286,0.005572445713350008,0.03364814970620813,0.1294655974387777,276.6546084619176,584,1584.6468045390066
4,0.00022517281501446373,0.07083473087871986,3.7656287218250214e-05,0.052906678647437456,0.08313905523221161,0.009081278059185129,0.005572488739202241,0.03364831317787107,0.1294655974387777,276.654601150483,571,1509.3824249720055
