,p1,p2,p3,p4,p5,p6,p7,p8,Gkr,RMSE,iterations,CPU_time,score
0,0.0019697541594341722,0.05414171139843362,2.9802817150110232e-05,0.04872903687758345,0.0961206828738113,0.02310224443127059,0.006852570148736864,0.03139176212119841,0.1578950860193441,2609.9285845077907,1320,4483.903236196,2609.9285845077907
1,0.29431576542839055,0.0011230126994895247,0.00016024872410732576,0.00011923104347429205,0.025829428724499216,7.351664729821928e-05,0.00011441182633985025,3.421539565603857e-06,0.1524,,1320,,
