,p1,p2,p3,p4,p5,p6,p7,p8,Gkr,RMSE,iterations,CPU_time
0,0.0002516140666777075,0.08830174652420049,3.2075114052997095e-05,0.05050491993623415,0.07051217449423786,0.00924047533802971,0.009115251015312872,0.03941040447732488,0.06435684129488249,1106.9996877154072,748,1750.9162335209985
1,0.0002516032881148284,0.08830501433632175,3.207605840247774e-05,0.050504536406029,0.07051175016158631,0.009238410657227438,0.009115296866864396,0.03941237975947029,0.06435684129488249,1106.999692440863,646,1497.44603717899
2,0.00025161322142887754,0.08829742096721648,3.207663805345692e-05,0.05050464137898783,0.07050402746085302,0.009241685160193445,0.009114244959242975,0.03940976270958652,0.06435684129488249,1106.999678404284,653,1469.2836703229987
3,0.00025159453455723046,0.08830274208013458,3.207888299504557e-05,0.05050345982781086,0.0705091411376931,0.009240724033178634,0.009115035342623312,0.039410323763435805,0.06435684129488249,1106.9996794555016,811,1630.1925371149991
4,0.00025159723868057335,0.08830382467612405,3.207392155787358e-05,0.0505053373951357,0.07051029276124669,0.009238117087620932,0.00911507104963592,0.039412399993796025,0.06435684129488249,1106.9996918120703,525,899.0201907769952
