,p1,p2,p3,p4,p5,p6,p7,p8,Gkr,RMSE,iterations,CPU_time,score
0,0.001968624246439293,0.05413615896911806,2.976415796509424e-05,0.04873929430087031,0.09612282992729018,0.023111824271344096,0.006855171848621997,0.03137537847177331,0.15788322242065683,2608.364215547625,1542,3877.438961022999,2608.364215547625
1,0.2955298413691055,0.030124209151856686,2.1743925066625598e-06,0.15214976102491937,1.3979123980253884e-07,0.0029508835574337216,0.07940181192483406,9.337472806922617e-06,0.1524,,1542,,
