,a_a0_a,a_a0_b,b_a1_a,b_a1_b,k_f_a,a_1_a,a_1_b,b_a0_a,b_a0_b,a_a1_a,a_a1_b,k_b_a,b_1_a,b_1_b,g_Kr,RMSE,iterations,CPU_time,score
0,0.02186350072117636,0.012126677576969778,6.88788570070914e-05,0.04178380186192787,0.023717850620932766,0.09085457362076592,0.023387566049378895,0.0466733156723519,0.06274634215447744,0.013976103791829042,0.038071474716390316,0.0369619546731453,0.006504038348420139,0.03266607197345967,0.15239692788739195,202.70624353698685,1265,5129.30917579,202.70624353698685
