,p1,p2,p3,p4,p5,p6,p7,p8,Gkr,RMSE,iterations,CPU_time,score
0,0.0016146429528857398,0.07288819092620319,1.9054046401463727e-05,0.05228720182337476,0.11005697680835451,0.02316043549792436,0.008877856417396733,0.02942586213933577,0.15294840553339964,2963.75966930392,1226,2879.878376544002,2963.75966930392
1,4.460742847809105e-06,2.7325282578339783e-05,0.00859205460103836,5.689131483027975e-07,3.293660461340734e-05,0.23125021613898744,0.01608062770466729,5.530858983696018e-06,0.1524,,1226,,
