,p1,p2,p3,p4,p5,p6,p7,p8,Gkr,RMSE,iterations,CPU_time
0,0.0002377630554045993,0.07708374928303956,3.604843076166302e-05,0.05246483979781037,0.08322199656959033,0.008726948750901293,0.006590924018274966,0.034642708168250845,0.10776307345282986,255.59973110257346,595,1076.9526800630047
1,0.0002377630613231928,0.0770835880103894,3.604826356135448e-05,0.05246477846717502,0.083221814360569,0.008727190539030427,0.006590890306271211,0.03464244387560456,0.10776307345282986,255.599738110121,515,995.511708744998
2,0.00023776232410467894,0.07708335467821514,3.6048643612458384e-05,0.0524649325959739,0.08321834121174557,0.008727616131300894,0.00659074732495544,0.034641734279343486,0.10776307345282986,255.5997352263404,706,1168.3969283609913
3,0.0002377698854290022,0.07708187880943261,3.6048975989905726e-05,0.05246471622489223,0.08321988143285698,0.008727213423339038,0.006590746279160014,0.03464267749881191,0.10776307345282986,255.59973553262626,654,1271.2181964329939
4,0.00023777146402968527,0.07708164116096225,3.604641847899928e-05,0.05246526962472312,0.08322006723054426,0.008726737443405201,0.006590716450566238,0.03464281671894001,0.10776307345282986,255.59973421750598,683,1536.6269730060012
