,p1,p2,p3,p4,p5,p6,p7,p8,Gkr,RMSE,iterations,CPU_time
0,0.00023776749294890498,0.07705824243597366,3.5979637081021003e-05,0.05248374630848233,0.0834186794282414,0.008741109029548876,0.0066014422358489045,0.03463866881037064,0.10776307345282986,256.99683286593836,817,1231.5001860310003
1,0.00023775548314044993,0.07705823795879871,3.5979455882572065e-05,0.052483846599432935,0.083419862072067,0.008741037044614758,0.006601603089529213,0.034638786829339865,0.10776307345282986,256.99683431684025,587,1039.9660527170054
2,0.0002377475279065097,0.07706141206621311,3.597796045818023e-05,0.05248433749606588,0.08342039081900936,0.008741062618052669,0.006601512326772161,0.03463894769668909,0.10776307345282986,256.99683006521093,582,948.9757719539921
3,0.00023776898869832012,0.07705809153993375,3.597848564350778e-05,0.0524841053592977,0.08342048359890841,0.008741165129116667,0.00660153284708523,0.03463865894884853,0.10776307345282986,256.99682514709895,1404,2531.922233677993
4,0.00023775884836293014,0.07705863360864747,3.597681778241133e-05,0.05248433614685591,0.08341869803629673,0.008740905639675028,0.0066014673914225434,0.03463818247769987,0.10776307345282986,256.9968328949144,673,1468.3900141579943
