,p1,p2,p3,p4,p5,p6,p7,p8,Gkr,RMSE,iterations,CPU_time,score
0,0.0016913674116441155,0.036650078999249436,4.29908522225102e-05,0.0459233415733783,0.09318330326097544,0.021806838877948435,0.0073568682029498105,0.02960085408265804,0.16386181908198333,1714.712235352502,1334,3843.833280938001,1714.712235352502
1,0.008726905046367646,0.01475399547649257,0.04704012509512828,1.6199274455924247e-06,0.06854565170169656,0.0003186135245089873,1.2635089139833115e-05,2.4647086615172964e-06,0.1524,,1334,,
