,a_a0_a,a_a0_b,b_a1_a,b_a1_b,k_f_a,a_1_a,a_1_b,b_a0_a,b_a0_b,a_a1_a,a_a1_b,k_b_a,b_1_a,b_1_b,g_Kr,RMSE,iterations,CPU_time,score
0,0.023791502251635916,0.010271999612875112,6.941612847446287e-05,0.04171576570439327,0.023367942655348313,0.09090358313081913,0.023392847208473618,0.052852326976558874,0.06424624212253711,0.01364000715967849,0.03821435868407399,0.03415993869916545,0.006500743833735491,0.032687688268025435,0.1524188146953315,138.18857524379067,1131,3966.3571119259996,138.18857524379067
