,a_a0_a,a_a0_b,b_a1_a,b_a1_b,k_f_a,a_1_a,a_1_b,b_a0_a,b_a0_b,a_a1_a,a_a1_b,k_b_a,b_1_a,b_1_b,g_Kr,RMSE,iterations,CPU_time,score
0,0.02327342092352285,0.01076958516062285,6.933569772739817e-05,0.041728767373999685,0.024217509187747743,0.0910412483613569,0.0234020521708608,0.05188360886933463,0.06436818762763281,0.013700717693558422,0.03737854248855968,0.0358464600860219,0.0065112527766900226,0.032668697438566145,0.15242853293954903,138.18941020988782,1281,3719.2263442580006,138.18941020988782
