,p1,p2,p3,p4,p5,p6,p7,p8,Gkr,RMSE,iterations,CPU_time
0,0.00020305222724339178,0.0916332988458594,2.8434710464161077e-05,0.050483847376375034,0.08175105595902715,0.013530088528891778,0.015092011156757032,0.036302782592681375,0.05403868913693675,1459.702595459157,530,654.6907119109965
1,0.00020303827578728632,0.09163566209260607,2.843545025820596e-05,0.050483359572316,0.08175181059063918,0.013530533063688654,0.015092168955830198,0.036302481296562515,0.05403868913693675,1459.7025929328706,645,1067.1481628309994
2,0.0002030613840911017,0.09163164007088194,2.8434270336951557e-05,0.050483733097104314,0.08175182974292902,0.013529445425698441,0.015092207356803642,0.03630278798107528,0.05403868913693675,1459.7025939802813,760,925.2476702370041
3,0.00020303320973504477,0.09163823554845751,2.8435659553371155e-05,0.050483333079809845,0.081751009498599,0.013530506549825181,0.015092079088081013,0.03630258139893423,0.05403868913693675,1459.7025926555682,649,1059.78217296199
4,0.000203035600390645,0.09163587066026693,2.8437316800457157e-05,0.05048212049887016,0.08173326078360706,0.01352950019048258,0.015088789956430222,0.036303309874647756,0.05403868913693675,1459.702588920332,446,744.2934414449992
