,a_1_a,a_1_b,b_a0_a,b_a0_b,k_b_a,a_a0_a,a_a0_b,b_1_a,b_1_b,b_a1_a,b_a1_b,a_a1_a,a_a1_b,k_f_a,g_Kr,RMSE,iterations,CPU_time,score
0,0.09088473116217217,0.02339142689165233,0.04656656059435602,0.06277531105939799,0.036925627937604955,0.022046129590171014,0.011942855115381871,0.006502089318938529,0.03267774111031695,6.897302092468327e-05,0.04177086539060961,0.013864130600971728,0.03821376840101151,0.023752803345052025,0.15240152310351193,203.1661091038038,1520,7116.296513406,203.1661091038038
