,a_1_a,a_1_b,b_a0_a,b_a0_b,k_b_a,a_a0_a,a_a0_b,b_1_a,b_1_b,b_a1_a,b_a1_b,a_a1_a,a_a1_b,k_f_a,g_Kr,RMSE,iterations,CPU_time,score
0,0.0908232136326429,0.02340627103658893,0.04699867012504116,0.0631512851598208,0.03676814790404962,0.022341844673619136,0.011758769682791919,0.00649577999437003,0.032674461014331524,6.893857624755936e-05,0.041777790127582,0.013639519799532356,0.038202554758124035,0.023909058661179476,0.15241624184113356,139.29898482910906,1067,3581.919552882,139.29898482910906
