,a_a0_a,a_a0_b,b_a1_a,b_a1_b,k_f_a,a_1_a,a_1_b,b_a0_a,b_a0_b,a_a1_a,a_a1_b,k_b_a,b_1_a,b_1_b,g_Kr,RMSE,iterations,CPU_time,score
0,0.02204557805140668,0.011943466203135487,6.897226623193764e-05,0.04177095618361545,0.023752861471467136,0.0908844554665011,0.02339147048539139,0.04655962858859054,0.06277299838159348,0.013862944302615962,0.038214316843402305,0.03692510235952882,0.006502053145841167,0.0326777862904807,0.15240150295519653,203.16610907457496,1287,5985.019745452999,203.16610907457496
