,p1,p2,p3,p4,p5,p6,p7,p8,Gkr,RMSE,iterations,CPU_time
0,0.0001223571078340486,0.08413266253022808,3.085696821131957e-05,0.05356403971438099,0.08462727330364907,0.009240964757600006,0.00666896629654837,0.0348239201558633,0.10870874072059561,761.6130371681063,768,1476.030924991006
1,0.000122358169305128,0.0841326337251118,3.0857327996014876e-05,0.05356400702318824,0.08462633591042608,0.009241120303057602,0.006668939920619557,0.03482386009290733,0.10870874072059561,761.6130390462054,555,1111.8994033869967
2,0.00012236495533025297,0.08413217611390982,3.085856744687482e-05,0.05356364966528263,0.08462613015512033,0.009241365559424227,0.006668778034905942,0.03482398794143919,0.10870874072059561,761.6130316886382,1231,2287.186691525014
3,0.00012236604650271905,0.08413172107876662,3.08594426921184e-05,0.053563464847582,0.08462645150976414,0.009241261024929162,0.006668959923226703,0.034823803278374324,0.10870874072059561,761.6130356697967,918,1709.3038423310209
4,0.00012236696173123951,0.08413112711947855,3.085651889723325e-05,0.053564221464211324,0.0846323304187307,0.009240474321913595,0.006669368478640751,0.03482429047322347,0.10870874072059561,761.6130351191182,584,1093.0893612880027
