,a_1_a,a_1_b,b_a0_a,b_a0_b,k_b_a,a_a0_a,a_a0_b,b_1_a,b_1_b,b_a1_a,b_a1_b,a_a1_a,a_a1_b,k_f_a,g_Kr,RMSE,iterations,CPU_time,score
0,0.09080988815407472,0.02339868204835504,0.046665683023263044,0.06305443905889388,0.03682235605692724,0.02237391294278096,0.011773137333750601,0.006495797165980735,0.03267600554097698,6.899016488199356e-05,0.041766146087940756,0.01370350817187624,0.03843853108715005,0.023630494251763893,0.15241458291174878,173.76872307413524,1621,6984.6340629020015,173.76872307413524
