,a_a0_a,a_a0_b,b_a1_a,b_a1_b,k_f_a,a_1_a,a_1_b,b_a0_a,b_a0_b,a_a1_a,a_a1_b,k_b_a,b_1_a,b_1_b,g_Kr,RMSE,iterations,CPU_time,score
0,0.02312129025046636,0.011240096380485363,6.8859010394448e-05,0.041786362656939725,0.023927181259169684,0.09085162509272691,0.023382281046764732,0.04884077290029789,0.06391270463572302,0.013570329500500826,0.03785350883579357,0.036598656131594846,0.006500715966450139,0.03268373616638375,0.1523844597787228,296.41575138723476,1197,6517.7647365790035,296.41575138723476
