,p1,p2,p3,p4,p5,p6,p7,p8,Gkr,RMSE,iterations,CPU_time,score
0,1.3049554538572148e-06,0.0023664898886161354,1.016003367840841e-07,1.028994540637479e-07,0.18331377918234026,0.038816576326109076,0.0843273744793205,0.026191159145627238,0.03292388216069758,54501.07237833644,3598,7427.197541417998,54501.07237833644
1,1.4569732882178146e-05,1.0136552353362476e-06,0.012048739254761184,4.126554630088964e-06,5.687775101943232e-07,0.006685096142930886,0.05704458194762699,0.0014686277922554185,0.1524,,3598,,
