,p1,p2,p3,p4,p5,p6,p7,p8,Gkr,RMSE,iterations,CPU_time
0,0.00017778164122916608,0.08386618569037382,3.122986668365134e-05,0.05008604420477825,0.06359473692236242,0.00986984818208104,0.00735669778413387,0.042468854203384004,0.06435684129488249,4513.97061182544,583,1005.0306620400224
1,0.00017789640107350785,0.08385026783725953,3.122861681333873e-05,0.0500861868769752,0.06359711052506414,0.009869119449635177,0.007356487149108788,0.042470884318170886,0.06435684129488249,4513.970659961164,508,880.3685876190139
2,0.00017786680985396188,0.08385509204537657,3.123191439698754e-05,0.05008516450151666,0.06359649342384811,0.009868990446243953,0.007356538344812883,0.04247109324004152,0.06435684129488249,4513.970619144067,687,1182.971552973002
3,0.0001778134554462207,0.08386277596060172,3.123047497750237e-05,0.050085509173996824,0.06359667046286127,0.009869251483480926,0.007357060969585275,0.042468218291011745,0.06435684129488249,4513.970591397455,916,1572.3652949609968
4,0.000177773277529077,0.0838673883009352,3.1236604675479044e-05,0.05008394023537984,0.06359563306313748,0.009869909783763718,0.0073564964512018325,0.042470530977559075,0.06435684129488249,4513.970630993089,702,1210.3262420620013
