,b_1_a,b_1_b,k_b_a,b_a0_a,b_a0_b,b_a1_a,b_a1_b,k_f_a,a_a1_a,a_a1_b,a_a0_a,a_a0_b,a_1_a,a_1_b,g_Kr,RMSE,iterations,CPU_time,score
0,0.006494597702540954,0.032685412739820244,0.03669632832744374,0.04608052387894053,0.06272852368430838,6.872026237387265e-05,0.041804838912342546,0.02415304654544416,0.013550978338931801,0.03831169702230543,0.021781171153947402,0.011946141311593734,0.09077835052655636,0.023386308644416574,0.1523923322315647,139.04233423008918,1377,4841.599550736,139.04233423008918
