,b_1_a,b_1_b,k_b_a,b_a0_a,b_a0_b,b_a1_a,b_a1_b,k_f_a,a_a1_a,a_a1_b,a_a0_a,a_a0_b,a_1_a,a_1_b,g_Kr,RMSE,iterations,CPU_time,score
0,0.0065050689380104125,0.032668682561149985,0.03687397632296535,0.0467277217229546,0.06300414123923474,6.889454545760207e-05,0.04178246872259607,0.02368734698117386,0.013813007062082201,0.03829206803450159,0.022257849213988063,0.011785287924364566,0.09093567351704115,0.023393623613256195,0.152416722603918,295.45518421789404,1032,7332.252412621,295.45518421789404
