,a_a0_a,a_a0_b,b_a1_a,b_a1_b,k_f_a,a_1_a,a_1_b,b_a0_a,b_a0_b,a_a1_a,a_a1_b,k_b_a,b_1_a,b_1_b,g_Kr,RMSE,iterations,CPU_time,score
0,0.02245581247565433,0.011621432222196994,6.888519592305288e-05,0.04178121964025477,0.02380065357239697,0.09080163348526536,0.02337760384454068,0.04749818197109309,0.06324397781812191,0.013758109165939716,0.03809455085909633,0.036726236238353006,0.006496166370780917,0.03269174070225158,0.15238889653648466,295.7206489763112,1367,8867.965158024,295.7206489763112
