,p1,p2,p3,p4,p5,p6,p7,p8,Gkr,RMSE,iterations,CPU_time,score
0,0.0019688463300066893,0.054149589249248876,2.9820514777717258e-05,0.04872209035385256,0.09600561502758836,0.02311385829918278,0.006842946584847636,0.03139640592731205,0.15785974442392864,2602.461578323512,1213,3952.517623278,2602.461578323512
1,0.026427105793311475,4.970325530743195e-06,1.0524340327596542e-07,0.0876306527656243,2.538161986175596,0.011506257976570332,5.53554612759249,2.836751416938071e-05,0.1524,,1213,,
