,p1,p2,p3,p4,p5,p6,p7,p8,Gkr,RMSE,iterations,CPU_time
0,8.695224144743883e-05,0.0917096236117668,2.7885680865481537e-05,0.053331038895122654,0.08122362611442831,0.009562720302810185,0.007556783936992194,0.03663096324180108,0.09061758216320735,1688.370116316098,1024,3501.3114628350013
1,8.694945365085416e-05,0.09170997097162394,2.7884796422466377e-05,0.05333134663481248,0.08122198435990684,0.009563063807252655,0.007556388493322308,0.03663140204917069,0.09061758216320735,1688.3701112628871,879,2227.950785951005
2,8.695141714856346e-05,0.09170925055410717,2.7883093436827734e-05,0.05333181196812997,0.08122212848972737,0.00956315454184156,0.007556556523346357,0.036630911180087156,0.09061758216320735,1688.3701043156905,972,3054.344871394991
3,8.69496271686144e-05,0.09171040602588947,2.788503145894454e-05,0.053331238640259473,0.08122149940066593,0.00956305471442597,0.007556432560125686,0.03663124949089817,0.09061758216320735,1688.370109157743,1138,3640.2706580250087
4,8.695147766404507e-05,0.09170921794871292,2.7885073243032978e-05,0.05333132649508986,0.08122259536308839,0.009562807765088346,0.007556678855367861,0.036631077149005827,0.09061758216320735,1688.3701373171718,581,1658.0363524190034
