,a_a0_a,a_a0_b,b_a1_a,b_a1_b,k_f_a,a_1_a,a_1_b,b_a0_a,b_a0_b,a_a1_a,a_a1_b,k_b_a,b_1_a,b_1_b,g_Kr,RMSE,iterations,CPU_time,score
0,0.022547561867772473,0.011451180174621885,6.890159134687182e-05,0.04177707030834827,0.023803328932525625,0.09081229242092223,0.02340081034001062,0.04756460355863368,0.06304948245208461,0.013813276735600422,0.038310074196869846,0.037008114916436255,0.006495701243260567,0.032680508584004564,0.15237461153959847,172.8175916540041,1180,5207.432114113999,172.8175916540041
