,a_a0_a,a_a0_b,b_a1_a,b_a1_b,k_f_a,a_1_a,a_1_b,b_a0_a,b_a0_b,a_a1_a,a_a1_b,k_b_a,b_1_a,b_1_b,g_Kr,RMSE,iterations,CPU_time,score
0,0.022328376831933158,0.011742902434429594,6.887290599696683e-05,0.041784763065070125,0.02382896080802115,0.09082666748469866,0.023392477554492752,0.04683865626516908,0.0631667122945555,0.01391830011726036,0.038134806283274286,0.03757977638411265,0.006497965569629913,0.032670835739602874,0.15242610234265735,296.4830664480125,1236,8063.437784477001,296.4830664480125
