,a_1_a,a_1_b,b_a0_a,b_a0_b,k_b_a,a_a0_a,a_a0_b,b_1_a,b_1_b,b_a1_a,b_a1_b,a_a1_a,a_a1_b,k_f_a,g_Kr,RMSE,iterations,CPU_time,score
0,0.09079066976549323,0.023385334773241978,0.04702168283642941,0.0629946465881704,0.0368672108230576,0.02237411902577747,0.011796242338183277,0.0064988100130906525,0.03269330410303706,6.89187875285363e-05,0.04176978951768816,0.013877501150843047,0.03828185722988168,0.023585624517888475,0.1523144341888864,138.4813840994147,944,3280.734720901004,138.4813840994147
