,p1,p2,p3,p4,p5,p6,p7,p8,Gkr,RMSE,iterations,CPU_time
0,0.00022425200239406306,0.06568350068317023,3.267858653891249e-05,0.05570280232386649,0.08906323633010914,0.008692814935893155,0.004424542725464436,0.030452628907907266,0.1812351643264147,152.007637422994,617,1089.5908685969916
1,0.00022425924809331722,0.06568320215360295,3.267962768180413e-05,0.05570250884507638,0.08906431135303673,0.008692659249395157,0.0044245951961079215,0.0304527634101118,0.1812351643264147,152.00763712465337,549,1094.2686631550023
2,0.00022425654006664265,0.06568254350680973,3.267851611393022e-05,0.05570280710883859,0.08906556199765354,0.008692613559830725,0.004424672775137573,0.030452748924892057,0.1812351643264147,152.00763712522934,716,1423.1623179019953
3,0.00022425728766250726,0.06568251004570992,3.267872383247154e-05,0.05570270851167599,0.08906628519605003,0.008692829213122193,0.004424705976054361,0.030452537489607235,0.1812351643264147,152.00763655606994,528,1049.99020251201
4,0.00022424964490168797,0.0656834975515852,3.267896591173693e-05,0.05570266532514065,0.08906321106357051,0.008692532668691242,0.004424557361069631,0.030452917365329204,0.1812351643264147,152.00763703569427,736,1455.729082203994
