,p1,p2,p3,p4,p5,p6,p7,p8,Gkr,RMSE,iterations,CPU_time,score
0,0.001968716637356855,0.05415722024215761,2.978115238153664e-05,0.04873656372570151,0.09611885213527084,0.023103546323058246,0.006851687205629906,0.031394411967958835,0.15789157963212047,2613.0465803846982,873,2837.8367033490013,2613.0465803846982
1,0.000981668503661522,0.09761356533790327,4.0988506393822606e-07,0.1446230119039566,0.000670157007810788,3.800644130692071e-05,0.009219682621031403,8.308064467227617e-05,0.1524,,873,,
