,p1,p2,p3,p4,p5,p6,p7,p8,Gkr,RMSE,iterations,CPU_time
0,0.00022662725985802455,0.06720031622841623,2.973988931250496e-05,0.05933592101922779,0.09083913165561293,0.01041217033313536,0.0022359465028729156,0.026502303754005602,0.3624703286528294,1091.0453261906043,595,1445.0183803639957
1,0.0002266131999358162,0.06720160019899644,2.973930046047774e-05,0.05933596340369281,0.09083832542823123,0.010412162027390221,0.0022359362162046228,0.026502020515025915,0.3624703286528294,1091.045325519101,650,1577.2541579850076
2,0.00022662364877115265,0.06719990409268442,2.9739380091067064e-05,0.05933594135316541,0.09083839612676514,0.010411668427975262,0.0022359487566483657,0.02650223335592215,0.3624703286528294,1091.0453392087295,812,1984.76210545699
3,0.00022663399422588124,0.06719928529153771,2.9738626921484034e-05,0.0593361370800803,0.09083624918259693,0.010412371298293695,0.0022358217912622005,0.02650224424148649,0.3624703286528294,1091.0453445086653,660,1612.4044540520117
4,0.000226628332077143,0.06719962848120359,2.9739132535131864e-05,0.05933596006256304,0.09083673014752462,0.010412065644671651,0.0022358723930695316,0.02650225288194252,0.3624703286528294,1091.0453252265252,661,1613.1664688109886
