,p1,p2,p3,p4,p5,p6,p7,p8,Gkr,RMSE,iterations,CPU_time
0,0.00021224385679351792,0.05712752767757192,2.7618510309570034e-05,0.0589881303495524,0.09617447932884525,0.00860009445098279,0.0024192573708303132,0.027268016534400467,0.3624703286528294,277.43262623206175,714,1395.6578453289985
1,0.00021223231768410176,0.057128616478874066,2.7617450315800023e-05,0.058988458244202714,0.09617094392329578,0.008599904305800885,0.002419183263723741,0.027268392565332627,0.3624703286528294,277.4326188003967,672,1339.6180821580056
2,0.00021223327019902457,0.05712383585088716,2.7618448163343695e-05,0.05898779560607204,0.09617838897038085,0.00859995912560884,0.002419416464026124,0.027267891578856042,0.3624703286528294,277.43263803065656,748,1482.5386248830036
3,0.0002122379121202179,0.05712386391958414,2.76190244909766e-05,0.05898746707798589,0.09617857089570253,0.008600593517136372,0.0024194233260921073,0.02726726154740514,0.3624703286528294,277.43263189945003,777,1535.6905072139925
4,0.00021223824207394266,0.05712773090608377,2.7616401163453142e-05,0.05898866929426892,0.09616329299171038,0.008598370083382807,0.002418968921794323,0.02726955883070934,0.3624703286528294,277.43262308040823,891,1402.5641791039961
