,b_1_a,b_1_b,k_b_a,b_a0_a,b_a0_b,b_a1_a,b_a1_b,k_f_a,a_a1_a,a_a1_b,a_a0_a,a_a0_b,a_1_a,a_1_b,g_Kr,RMSE,iterations,CPU_time,score
0,0.006496816931743888,0.03268168969788627,0.03632685344205779,0.04760031239071787,0.0625920965812919,6.899072655755258e-05,0.04176844108916459,0.02378293782791057,0.013755756698847262,0.03814611633226774,0.022181341016526062,0.011846626454712636,0.09083775826998054,0.023393419991275855,0.15239014148735466,202.01384945373692,1286,6168.560509731,202.01384945373692
