,a_a0_a,a_a0_b,b_a1_a,b_a1_b,k_f_a,a_1_a,a_1_b,b_a0_a,b_a0_b,a_a1_a,a_a1_b,k_b_a,b_1_a,b_1_b,g_Kr,RMSE,iterations,CPU_time,score
0,0.023821496311076804,0.010253347043094337,6.940834722301214e-05,0.041716647334176946,0.023373049037140527,0.09090313204737112,0.02339265846925092,0.052885409717182925,0.06426383134699558,0.013624221017092538,0.038217866728595555,0.034148706164287494,0.006500726501629765,0.03268789764518275,0.15241854578439476,138.1885744944305,1531,4954.043454815001,138.1885744944305
