,a_a0_a,a_a0_b,b_a1_a,b_a1_b,k_f_a,a_1_a,a_1_b,b_a0_a,b_a0_b,a_a1_a,a_a1_b,k_b_a,b_1_a,b_1_b,g_Kr,RMSE,iterations,CPU_time,score
0,0.02309025156580787,0.010220918056166857,6.95020170824107e-05,0.04170877057218892,0.022834864759054923,0.09089966479934988,0.023408350383209434,0.05353764509858864,0.06352867716269212,0.014307608074764524,0.03880898395474972,0.033470753545282374,0.006504221735321358,0.0326582745506274,0.15239338978523953,138.53618150636265,1396,3551.9519886729995,138.53618150636265
