,a_a0_a,a_a0_b,b_a1_a,b_a1_b,k_f_a,a_1_a,a_1_b,b_a0_a,b_a0_b,a_a1_a,a_a1_b,k_b_a,b_1_a,b_1_b,g_Kr,RMSE,iterations,CPU_time,score
0,0.02212670399180721,0.011992897965720445,6.887273468849483e-05,0.04178282887541288,0.023766405961054577,0.09074919019346799,0.023396175104426296,0.04617770457335535,0.0628527117287303,0.013644602463663233,0.038272704088196406,0.03664684829777318,0.006488004935426306,0.032692839848204265,0.1523796496945964,202.73990645304752,1432,6775.819442902999,202.73990645304752
