,a_a0_a,a_a0_b,b_a1_a,b_a1_b,k_f_a,a_1_a,a_1_b,b_a0_a,b_a0_b,a_a1_a,a_a1_b,k_b_a,b_1_a,b_1_b,g_Kr,RMSE,iterations,CPU_time,score
0,0.022502225896585886,0.011695212286507344,6.900589813920032e-05,0.0417686928402769,0.023815118979634172,0.09083961707700129,0.023380307639621904,0.04759799211817165,0.06328288543669573,0.01375795462309559,0.03797973108916242,0.03678230569348087,0.006499144826531561,0.03268464450115005,0.1524172717428702,202.9801584095124,1050,5291.292762442001,202.9801584095124
