,p1,p2,p3,p4,p5,p6,p7,p8,Gkr,RMSE,iterations,CPU_time,score
0,117.44014210753595,0.03434112835299986,2.818137003809723,1.3525406368117887e-05,0.11334373817622159,0.02141868399303929,0.020134484699372686,0.028175333841873033,0.061771710698788486,62752.10347015509,2269,6203.631418027002,62752.10347015509
1,0.6514987169532821,9.277155453254454e-07,0.3273693072338218,0.001991474325433903,0.03946962954059428,7.67438309001543e-06,1.244703637990163e-05,0.008726045647678187,0.1524,,2269,,
