,a_a0_a,a_a0_b,b_a1_a,b_a1_b,k_f_a,a_1_a,a_1_b,b_a0_a,b_a0_b,a_a1_a,a_a1_b,k_b_a,b_1_a,b_1_b,g_Kr,RMSE,iterations,CPU_time,score
0,0.022560679965151216,0.011624432953058634,6.898155368209753e-05,0.041767124941912974,0.023656097958059768,0.09080744666600209,0.02339861829569702,0.04704643163239162,0.06313983884718724,0.01363868286026922,0.03844290820442844,0.03673250922495103,0.0064955753285443245,0.0326761469551467,0.1524162502159658,173.76842913265892,1178,4934.825843115999,173.76842913265892
