,p1,p2,p3,p4,p5,p6,p7,p8,Gkr,RMSE,iterations,CPU_time
0,0.0002244474292632258,0.06965846516382349,2.812258651473328e-05,0.05795407022090336,0.09277566459178527,0.008870711112779577,0.004028402091759123,0.02798472087719528,0.21552614690565972,421.3979847122902,535,959.1473225089721
1,0.0002244632464347935,0.06965741484280355,2.8126826593426422e-05,0.057952575879951916,0.09277697718841038,0.008870944246172806,0.004028640231938162,0.027984123688485164,0.21552614690565972,421.39802049255945,710,1285.3914187009796
2,0.0002244384852407161,0.06965938200234988,2.8117682985043506e-05,0.05795546043608624,0.09278118137423132,0.008870680636884624,0.004028723815202669,0.02798403494690638,0.21552614690565972,421.3980257666979,486,883.8704316010117
3,0.0002244194893223913,0.0696613839097705,2.8123401798967536e-05,0.05795395022542223,0.09277564695015518,0.008870722127472905,0.004028497683673213,0.027984399740203655,0.21552614690565972,421.3980380848598,803,1477.2495979289815
4,0.0002244499130345262,0.06965871813423019,2.8123258367794117e-05,0.05795350554000904,0.09277980314335489,0.008870708259724558,0.004028629433960633,0.02798436334507652,0.21552614690565972,421.39799952931514,899,1643.2457786570012
