,p1,p2,p3,p4,p5,p6,p7,p8,Gkr,RMSE,iterations,CPU_time,score
0,0.0019687299260670366,0.054158412611717735,2.9778410999352985e-05,0.048737276883251066,0.09611984324606788,0.02310380899302746,0.006851791128838991,0.03139431126391934,0.1578893426924642,2613.046580479772,1147,3784.118442417,2613.046580479772
1,0.0014819663502640243,4.7465340881679605e-07,1.1053293650104317e-07,2.51326808362582e-07,0.27945908604890507,0.06648368981545563,6.660459624570696,0.00013205534041447637,0.1524,,1147,,
