,p1,p2,p3,p4,p5,p6,p7,p8,Gkr,RMSE,iterations,CPU_time,score
0,0.0015678558736751695,0.07933589834555034,2.220884911185855e-05,0.0511816378867317,0.09598726579427388,0.023942004029903204,0.007054192762348829,0.031315685815955605,0.15483725242863342,723.5634977807805,1080,2366.964708189,723.5634977807805
1,3.9745231269900354,0.0008186256800321891,0.5928465328479221,0.004127125013869177,0.013270659344966343,0.0003305029902858396,0.00011669605948755102,0.0056200193343638296,0.1524,,1080,,
