,p1,p2,p3,p4,p5,p6,p7,p8,Gkr,RMSE,iterations,CPU_time,score
0,2.764120332861307e-06,0.0005321543666168493,0.0003022871724742613,0.028284057091739027,0.08979342561570165,0.020186987057757667,0.007428412996989178,0.031037410215340268,43.073266275917774,15637.218315013586,1430,4075.8292260300004,15637.218315013586
1,3.0603488543620363e-07,0.00012766024418026242,6.750948780653953e-06,1.0254190746492223e-06,0.000580771049118546,3.77009626095473e-06,0.03235646659605745,0.0007952525290068773,0.1524,,1430,,
