,p1,p2,p3,p4,p5,p6,p7,p8,Gkr,RMSE,iterations,CPU_time
0,0.00021582882058682578,0.06404076375771596,3.213715288533472e-05,0.05658001022897063,0.08859685443531891,0.009300785097528349,0.00391811388277438,0.028954247855314297,0.21552614690565972,192.78068083150814,563,1211.3556197069993
1,0.0002158287876076416,0.06403952142682558,3.2138311674981196e-05,0.056579684073080415,0.08859485667913282,0.009300039193092358,0.003918117793800499,0.028954962850900868,0.21552614690565972,192.78068153184535,497,1069.0931096439963
2,0.0002158396861688405,0.06403946400846901,3.213910075759758e-05,0.05657957965344306,0.08859498985279744,0.009300716090246762,0.0039180185382751654,0.02895472572273641,0.21552614690565972,192.78067245837858,645,1396.8779354700018
3,0.00021581031383207167,0.06404186803380327,3.213686159236966e-05,0.05658005276977529,0.0885950593879931,0.0092996067997821,0.003918121919568852,0.028955130365346353,0.21552614690565972,192.78068012686492,618,1333.9022019059994
4,0.00021583139808771992,0.06404005183681744,3.213882597277477e-05,0.05657946675126812,0.08859880879101391,0.009300261378825794,0.00391823391417501,0.028954598393996583,0.21552614690565972,192.78067713512195,634,1359.8103911459984
