,a_a0_a,a_a0_b,b_a1_a,b_a1_b,k_f_a,a_1_a,a_1_b,b_a0_a,b_a0_b,a_a1_a,a_a1_b,k_b_a,b_1_a,b_1_b,g_Kr,RMSE,iterations,CPU_time,score
0,0.023622897989041353,0.010790432686930748,6.892267310475562e-05,0.04177491150363239,0.02384954466517969,0.09084269407777458,0.023394505279829125,0.049867976285141974,0.06406989016246604,0.013119633176880162,0.03831316318952911,0.03503367859850635,0.0064987492689221995,0.03268118344870274,0.15240765271339876,138.68323037806914,1177,2800.9536391750007,138.68323037806914
