,p1,p2,p3,p4,p5,p6,p7,p8,Gkr,RMSE,iterations,CPU_time
0,0.00022665402436914065,0.06802934314154296,3.097157873766497e-05,0.05794383006783174,0.0892999573957878,0.009920577680206755,0.0031257919684054072,0.027870869340863583,0.2563052273693322,751.1176086585666,592,1499.4285639709997
1,0.00022665431453637512,0.06803039693025412,3.0971792103535756e-05,0.05794382334035533,0.08930156567904081,0.009920430156273169,0.0031258716733523232,0.027870860205757325,0.2563052273693322,751.1175953786673,652,2431.643649577003
2,0.0002266507044317972,0.06803077493492583,3.097054565402244e-05,0.05794415594633954,0.08930819416723783,0.009920118115107216,0.0031261242535898424,0.027870667156565346,0.2563052273693322,751.1175587811157,1095,3414.033605486009
3,0.00022664882142162766,0.06803027341841353,3.097211495655415e-05,0.05794375922025371,0.0892997844693942,0.009921127126252474,0.00312575954312064,0.027870748255724352,0.2563052273693322,751.1175977208268,574,1455.1467002479912
4,0.00022664907789667914,0.0680313032713879,3.097008346635965e-05,0.057944251365084715,0.08930706535834045,0.009919858162148312,0.003126050568235202,0.027870918601718482,0.2563052273693322,751.1175628599594,648,2379.8057684239902
