,p1,p2,p3,p4,p5,p6,p7,p8,Gkr,RMSE,iterations,CPU_time,score
0,0.0016147013884315626,0.07288856455862665,1.9054126770417474e-05,0.05228706096613791,0.11006107494804057,0.023161754061479786,0.008878227094218451,0.029424617673286347,0.15294775696847746,2963.759652356839,1189,5776.641645069001,2963.759652356839
1,5.459469421777302,3.2927631097936705e-05,0.0031916766519899725,0.03958895074537921,0.403372617380547,0.0002272512219654295,0.003514104646359856,0.0008261585458531817,0.1524,,1189,,
