,p1,p2,p3,p4,p5,p6,p7,p8,Gkr,RMSE,iterations,CPU_time,score
0,0.28498828651817076,1.0000023129024403e-07,0.0369682242626175,1.000000222160317e-07,6.086320209829328e-07,1.00144052950011e-07,3.8817964198767575e-06,1.0002326064824194e-07,0.008378271743593898,341681.2202636592,1496,3687.7562367910004,341681.2202636592
1,0.2745100813495225,4.3321757367290945e-06,0.03844006196849965,0.00016871368485860092,5.791760985932869e-07,6.747551268068642e-06,3.8352398574157655e-06,1.3116800146066962e-07,0.1524,,1496,,
