,b_1_a,b_1_b,k_b_a,b_a0_a,b_a0_b,b_a1_a,b_a1_b,k_f_a,a_a1_a,a_a1_b,a_a0_a,a_a0_b,a_1_a,a_1_b,g_Kr,RMSE,iterations,CPU_time,score
0,0.006496628244779798,0.03267144845876214,0.03619940901578347,0.048284784268508144,0.06341000945052915,6.900052109111057e-05,0.04177047972018572,0.023730470372996654,0.013635930843829934,0.038307476582105766,0.02276962406922698,0.011343344250538942,0.09083932287672458,0.023408775562412252,0.15242180183503243,139.2989096594004,1310,4317.402740001999,139.2989096594004
