,a_a0_a,a_a0_b,b_a1_a,b_a1_b,k_f_a,a_1_a,a_1_b,b_a0_a,b_a0_b,a_a1_a,a_a1_b,k_b_a,b_1_a,b_1_b,g_Kr,RMSE,iterations,CPU_time,score
0,0.022640742525568473,0.012463268307734237,6.866693376588717e-05,0.04180051735637074,0.024189736701179264,0.09063641047334582,0.02337926723807279,0.04518205873784884,0.06323242847400924,0.013187169847883009,0.03768891018639753,0.03768923510622636,0.00648832298074224,0.032703280100597844,0.15231352341328758,138.47899882711454,1467,4359.425129703999,138.47899882711454
