,a_1_a,a_1_b,b_a0_a,b_a0_b,k_b_a,a_a0_a,a_a0_b,b_1_a,b_1_b,b_a1_a,b_a1_b,a_a1_a,a_a1_b,k_f_a,g_Kr,RMSE,iterations,CPU_time,score
0,0.09081874570903566,0.023389277406614346,0.04699583913517864,0.0633526081718906,0.03663404903762792,0.022324081233465815,0.011727979675631195,0.006498059480411532,0.03267873255705882,6.910501781764284e-05,0.04175371744388812,0.013696800628028827,0.03809534074770826,0.02384266451115892,0.15239374718578494,173.8494595726292,1246,5916.529571038998,173.8494595726292
