,p1,p2,p3,p4,p5,p6,p7,p8,Gkr,RMSE,iterations,CPU_time,score
0,0.0019687153183922342,0.05415442075733637,2.981676175558018e-05,0.04872315841575741,0.09600614222639221,0.023113564376929366,0.006842991743247344,0.03139651612977091,0.15785966338401514,2602.461556411454,1661,5352.261923781003,2602.461556411454
1,1.4525055914624542e-07,5.823306261597486e-06,0.0017692178552646003,1.3838296185203493e-05,0.002168901055138878,0.06619203422297007,0.0026589736249516666,0.0002955323599288901,0.1524,,1661,,
