,p1,p2,p3,p4,p5,p6,p7,p8,Gkr,RMSE,iterations,CPU_time
0,0.00022608221512126757,0.06854061116151271,3.190785252276547e-05,0.0570028357751167,0.08872379766770302,0.009554698621742097,0.003702162204303775,0.02888972773780312,0.21552614690565972,557.5751230862503,576,1419.8616982680105
1,0.00022608425338968154,0.06854049266365368,3.190783335110969e-05,0.05700286434543095,0.08872480327429508,0.009554764014167395,0.0037022072840715383,0.028889643418740906,0.21552614690565972,557.5751193392742,466,1147.2979995770147
2,0.00022608348134861857,0.06854062423121231,3.190763774808951e-05,0.05700295212264271,0.08872414514871438,0.009554865256625689,0.0037021857343804768,0.028889540361280264,0.21552614690565972,557.5751213898758,580,1421.6855047539866
3,0.00022608323952889766,0.06854058909027985,3.1908173138813786e-05,0.05700275956620836,0.08872376046871967,0.009554775993831094,0.0037021651586861023,0.028889607802832756,0.21552614690565972,557.5751245217258,601,1470.3932635580131
4,0.0002260836501759238,0.06854030821346584,3.1908411621836835e-05,0.057002686847552136,0.0887245847647294,0.0095545672224275,0.003702234045071855,0.028889722559327966,0.21552614690565972,557.5751191573539,494,1209.2589891229873
