,p1,p2,p3,p4,p5,p6,p7,p8,Gkr,RMSE,iterations,CPU_time,score
0,0.0016886911438914731,0.03666355472175049,4.289396881062255e-05,0.045938778981791065,0.09317642943212279,0.021808352143694316,0.007353692515110596,0.029608241011828944,0.16385767838333312,1711.7413705289182,2229,6514.284036778998,1711.7413705289182
1,0.001526118875829353,0.017283495656977503,0.034252581660667476,0.005375886059169998,0.0003868380328597892,0.04757364989031994,5.231735529511346,1.2731081126315254e-07,0.1524,,2229,,
