,p1,p2,p3,p4,p5,p6,p7,p8,Gkr,RMSE,iterations,CPU_time
0,0.00021124604844729818,0.062011122997125794,3.102059317290454e-05,0.05743333319392726,0.08887383742450412,0.009432597143282045,0.003384280416669947,0.027964134994750374,0.2563052273693322,236.03121983811445,670,1313.9446049069957
1,0.00021126319822246476,0.06200969762931505,3.101777106433651e-05,0.05743436042079583,0.08887595982707734,0.00943213187681011,0.003384248537016505,0.02796475841876663,0.2563052273693322,236.03121354102743,677,952.7780950409942
2,0.0002112366944949493,0.06201054855382364,3.102078507605294e-05,0.05743360161237515,0.08887382878022883,0.009432736280809803,0.003384366680977459,0.027964433571645613,0.2563052273693322,236.03120275903265,941,1594.2527565619966
3,0.0002112531242004769,0.06201056099136051,3.102025896195851e-05,0.05743384757665777,0.08887005672872966,0.009433277854032158,0.0033840943185384433,0.027964206826208808,0.2563052273693322,236.0312203413726,855,1555.0071339620044
4,0.00021125520534203237,0.06201038161665083,3.102177492076697e-05,0.05743343257033746,0.08887015482603258,0.009432844105003314,0.0033841050084900963,0.0279646541470599,0.2563052273693322,236.03120889371803,653,1370.5656452029943
