,p1,p2,p3,p4,p5,p6,p7,p8,Gkr,RMSE,iterations,CPU_time,score
0,0.001613532301126479,0.07289748322105193,1.9049873237786148e-05,0.0522914548673341,0.11022086979301951,0.023161947381540645,0.008891539861756406,0.029418882451768647,0.15296483195984428,2966.657099713891,2830,12296.735259355999,2966.657099713891
1,0.3553329121158463,0.011040125118601004,3.06534625680469,0.04636875142080817,2.807253514743026e-07,0.002887652655352135,1.0347220753710546e-05,9.982224366641653e-06,0.1524,,2830,,
