,p1,p2,p3,p4,p5,p6,p7,p8,Gkr,RMSE,iterations,CPU_time,score
0,2.5856277787843106e-06,0.1879188755545965,0.00011485703276671572,0.03707192875698846,1.0001121345418568e-07,0.3377588490457535,4.8047736044172e-05,0.06908381688159687,0.16701792858155065,33093.1521287487,1435,2436.9189440200007,33093.1521287487
1,0.0011248680574695955,1.1999378905083573e-07,2.0986918835960383e-05,6.446874607125696e-05,2.048939959897556e-06,3.915255147422123e-06,3.6389626933821394e-07,0.08298884423052269,0.1524,,1435,,
