,a_a0_a,a_a0_b,b_a1_a,b_a1_b,k_f_a,a_1_a,a_1_b,b_a0_a,b_a0_b,a_a1_a,a_a1_b,k_b_a,b_1_a,b_1_b,g_Kr,RMSE,iterations,CPU_time,score
0,0.021856540412126497,0.012084989256603569,6.880162259136276e-05,0.04178844917846582,0.023692259530185215,0.09081629860596463,0.023388056742351362,0.04583536989175784,0.06269725375318626,0.013789313192071016,0.038391924001838,0.03679854492718553,0.006499224460781369,0.032680009549829046,0.15234865689918325,294.9067521331671,1126,7970.047239982,294.9067521331671
