,p1,p2,p3,p4,p5,p6,p7,p8,Gkr,RMSE,iterations,CPU_time,score
0,0.0016912728881210235,0.0366498237993236,4.299230437211409e-05,0.04592297937663739,0.09318120262825703,0.02180706390460292,0.007356608406257391,0.029601295651541442,0.16386275332561398,1714.7121925544316,958,2747.1059583899996,1714.7121925544316
1,5.3930069805573784e-05,0.00022575682987364026,7.159345140291531e-05,4.9932147916883354e-05,0.00046422820835230716,9.075635679738367e-06,2.0428641904112466e-05,0.0028690992478233304,0.1524,,958,,
