,a_1_a,a_1_b,b_a0_a,b_a0_b,k_b_a,a_a0_a,a_a0_b,b_1_a,b_1_b,b_a1_a,b_a1_b,a_a1_a,a_a1_b,k_f_a,g_Kr,RMSE,iterations,CPU_time,score
0,0.09083779261920831,0.02340308263165849,0.04459745899177647,0.06366149291195584,0.039268833050783936,0.022214170638441392,0.012121551752268898,0.006496970433524774,0.03267008643484544,6.84812585575705e-05,0.041832228436675764,0.013360817067645738,0.03759894355848489,0.024851022414609465,0.15241357505876157,138.37207064528562,1687,5331.890605629,138.37207064528562
