,b_1_a,b_1_b,k_b_a,b_a0_a,b_a0_b,b_a1_a,b_a1_b,k_f_a,a_a1_a,a_a1_b,a_a0_a,a_a0_b,a_1_a,a_1_b,g_Kr,RMSE,iterations,CPU_time,score
0,0.006498454840673014,0.03267765074550005,0.0371252318645843,0.046271449660604834,0.06260009236693767,6.883362385924872e-05,0.041789972969418256,0.023681918424664033,0.013976847997488369,0.038295045287627144,0.021941727855145997,0.011975530414205442,0.09086870953455074,0.023390335297991435,0.15241246422947088,173.37770656621984,1055,4002.060068409999,173.37770656621984
