,p1,p2,p3,p4,p5,p6,p7,p8,Gkr,RMSE,iterations,CPU_time
0,0.00019855761967525987,0.05751544340490303,2.865444428908876e-05,0.05960365219621245,0.09094106923907898,0.009702491464803962,0.0018440804958801474,0.025495223873755756,0.5126104547386644,381.84975963509805,1079,1723.559093304997
1,0.00019861066244564226,0.05751211011678737,2.865277339098941e-05,0.059604171409968175,0.09094900784485799,0.009702784932032324,0.0018440410240842748,0.025495093215533587,0.5126104547386644,381.8498342871918,512,820.3690397690079
2,0.00019851234997719675,0.05751432119059331,2.8662321619493862e-05,0.059601746681909554,0.09094150829768717,0.009704968933623664,0.0018443200304316895,0.02549477131828918,0.5126104547386644,381.8498300288497,629,873.5629113800096
3,0.00019858598252270034,0.05751408844961077,2.8656022149023265e-05,0.059603394616536555,0.09094549780548591,0.009703287125506138,0.0018440873314972501,0.02549479213552144,0.5126104547386644,381.84982849931504,634,815.1269723869918
4,0.0001986055786312007,0.05750789824338422,2.8663387230254684e-05,0.05960091174984175,0.0909429415771736,0.009704067649999417,0.00184415402302067,0.025494482833011083,0.5126104547386644,381.84986919334483,563,723.8476784480008
