,a_a0_a,a_a0_b,b_a1_a,b_a1_b,k_f_a,a_1_a,a_1_b,b_a0_a,b_a0_b,a_a1_a,a_a1_b,k_b_a,b_1_a,b_1_b,g_Kr,RMSE,iterations,CPU_time,score
0,0.02198355500626166,0.012010346260495451,6.884744653592331e-05,0.04178707986956984,0.023816648119055723,0.09086507228535186,0.02338674123257391,0.0462722593744945,0.06286909574487495,0.013846741546916353,0.03817700724782526,0.03715523928185509,0.006502137083930113,0.03266760899571857,0.15241843044501965,296.843517222854,1205,7802.335936099997,296.843517222854
