,p1,p2,p3,p4,p5,p6,p7,p8,Gkr,RMSE,iterations,CPU_time,score
0,0.0016834029894731758,0.08439594681092177,2.207992359615449e-05,0.051213613412071535,0.12133976820879523,0.026862277072824167,0.008863662231304671,0.028803218514774888,0.15468635435144554,653.2885922080623,1006,2006.064502362,653.2885922080623
1,4.360554205195215,2.080063531116792e-07,3.4373061381909366e-06,3.94305784673331e-05,0.001538556167360259,0.0343945827401802,0.006745537878978395,0.00043661825677152077,0.1524,,1006,,
