,p1,p2,p3,p4,p5,p6,p7,p8,Gkr,RMSE,iterations,CPU_time,score
0,1.000064245550123e-07,0.3287366384951315,1.0000044547335517e-07,0.08713119337387956,1.0000009479760064e-07,0.38368684840550404,6.379337781185579e-05,0.1380634213113077,0.043178726981794084,38198.19522623165,1977,3401.981617723,38198.19522623165
1,0.20366907874937715,0.00011342535273824315,1.95080751798108e-07,0.0001836645662214405,0.00013608349609117251,4.133955193806269e-07,9.33077165379771,8.620869158076983e-06,0.1524,,1977,,
