,b_1_a,b_1_b,k_b_a,b_a0_a,b_a0_b,b_a1_a,b_a1_b,k_f_a,a_a1_a,a_a1_b,a_a0_a,a_a0_b,a_1_a,a_1_b,g_Kr,RMSE,iterations,CPU_time,score
0,0.006504276410776815,0.032650771472682194,0.03454585703015796,0.04964677428517466,0.0624570510701416,6.939474443638062e-05,0.041725098196834384,0.02301831817992533,0.01440978454691337,0.038811501838506283,0.021812415337675518,0.01139372023469283,0.09096263964766432,0.023410148838228947,0.15246496306329824,139.07721755679015,976,3214.2486321819997,139.07721755679015
