,b_1_a,b_1_b,k_b_a,b_a0_a,b_a0_b,b_a1_a,b_a1_b,k_f_a,a_a1_a,a_a1_b,a_a0_a,a_a0_b,a_1_a,a_1_b,g_Kr,RMSE,iterations,CPU_time,score
0,0.006496964462562751,0.032670116349498124,0.039306178473612716,0.0445563793986736,0.06365169035822826,6.847830850602279e-05,0.0418325462717849,0.024852566588888018,0.013369759586669293,0.03760492728257715,0.02219784102838162,0.012126314679519112,0.0908375907904446,0.023403092282896023,0.15241337410534572,138.37207114555565,1158,3394.5830882770006,138.37207114555565
