,p1,p2,p3,p4,p5,p6,p7,p8,Gkr,RMSE,iterations,CPU_time,score
0,0.03243742491355774,1.0000075147727511e-07,0.0009606858486989869,1.0000001289488437e-07,6.405241607163072e-06,1.0000004900413946e-07,8.539214248893697e-07,1.0000068860709732e-07,0.07191974775592,121359.39078913101,1351,2491.280692622002,121359.39078913101
1,0.029566894284925507,1.7346101882397238e-07,0.0009361747933526327,1.6675017904878684e-06,6.600938867856128e-06,9.201167765876502e-06,8.883244490555534e-07,0.003846933931205709,0.1524,,1351,,
