,p1,p2,p3,p4,p5,p6,p7,p8,Gkr,RMSE,iterations,CPU_time,score
0,0.0016907776672991882,0.036642977256483834,4.2919291461678435e-05,0.04594023352766571,0.0931653277425071,0.021811248975520402,0.007352674964935641,0.029598502946674734,0.1638988533493309,1709.974896980249,1208,4041.53451559,1709.974896980249
1,0.05432139474737529,1.5599571212639167e-07,4.835644714268515e-07,0.11275835585047779,1.411126802624171,0.016973801481979058,0.10110351451608537,4.417576350185983e-06,0.1524,,1208,,
