,p1,p2,p3,p4,p5,p6,p7,p8,Gkr,RMSE,iterations,CPU_time,score
0,0.0016890784977330832,0.036649723035272,4.284738199491014e-05,0.04595497710588872,0.09319914888120784,0.021806262314904134,0.007353168637308425,0.029606543083856008,0.1638975411898716,1708.2253146607586,1176,3340.5813254980003,1708.2253146607586
1,1.0517550878764905,0.003252715701089454,0.0001443243007185985,1.242821879193751e-07,7.751450271046585e-07,4.221313141356891e-05,0.13377927207203763,0.00046694908979431703,0.1524,,1176,,
