,p1,p2,p3,p4,p5,p6,p7,p8,Gkr,RMSE,iterations,CPU_time
0,0.00032748214259801546,0.060798435111869706,3.440966986990955e-05,0.056944934993255925,0.08889525580954342,0.009397690986354462,0.0032269758024467696,0.027677941518953884,0.2563052273693322,679.8654999721405,514,1175.1398093629978
1,0.0003274937365767143,0.06079695124077246,3.4408063642460266e-05,0.05694534178003859,0.08889519181553264,0.009397705985623128,0.0032270010436398246,0.02767789132865259,0.2563052273693322,679.8654836234396,689,1703.5301820729946
2,0.00032746766522571036,0.06079889024918271,3.44079684340136e-05,0.05694533216486942,0.0888932426976523,0.009397477377677464,0.0032269245324373485,0.027678083554004227,0.2563052273693322,679.865491060838,681,2277.413035847014
3,0.000327476037287188,0.060797829587800147,3.440691619236646e-05,0.05694561552512934,0.08889389658051827,0.009397480527435687,0.0032269324680156133,0.027678107938261,0.2563052273693322,679.8654966469352,671,2241.1787095610052
4,0.00032747552919683043,0.06079766379130483,3.440782864933253e-05,0.0569454436607808,0.08889261534307524,0.009397570303262494,0.003226937449178447,0.027678126932901906,0.2563052273693322,679.8654942616882,864,2885.8330276429915
