,p1,p2,p3,p4,p5,p6,p7,p8,Gkr,RMSE,iterations,CPU_time
0,0.0003269900258187667,0.06084507317055854,3.445160460842602e-05,0.05693659150816795,0.08882771182179128,0.009422454382765087,0.003222552083450288,0.02767530351889783,0.2563052273693322,675.7107340226983,903,1642.229092410009
1,0.00032698455792035043,0.06084533145299154,3.445313980254626e-05,0.056936326299327614,0.08882516283588977,0.009422331244925914,0.0032224868786565114,0.027675584882207536,0.2563052273693322,675.7107330351981,721,1305.4794830959872
2,0.0003269998688845183,0.060844270996464604,3.445212801451611e-05,0.05693662137268271,0.08882539269899953,0.009422402486055675,0.003222533356206728,0.027675384488696917,0.2563052273693322,675.7107384555597,548,977.4350423689757
3,0.0003269686759322598,0.060845901741806444,3.445163227595865e-05,0.0569366420411124,0.08882543569988932,0.00942220852263497,0.003222528442190588,0.027675461237509923,0.2563052273693322,675.7107105010815,1380,2390.459404385998
4,0.00032699246595043423,0.06084455829787606,3.445184642221916e-05,0.05693662124277973,0.08882626289182241,0.009421992938629978,0.0032225299140615235,0.027675738005792577,0.2563052273693322,675.710733919705,700,1213.7540306739975
