,a_a0_a,a_a0_b,b_a1_a,b_a1_b,k_f_a,a_1_a,a_1_b,b_a0_a,b_a0_b,a_a1_a,a_a1_b,k_b_a,b_1_a,b_1_b,g_Kr,RMSE,iterations,CPU_time,score
0,0.022595986469327922,0.011555093053938157,6.894771358472326e-05,0.04177654419972437,0.023798069656303458,0.09083227497859549,0.02340767860670256,0.04757430660139318,0.06325646461463139,0.013598417134011649,0.03830042950509521,0.036429321918588047,0.006496349025489549,0.03267274845413881,0.15241842140532347,139.29881225709002,1330,4668.984965727999,139.29881225709002
