,p1,p2,p3,p4,p5,p6,p7,p8,Gkr,RMSE,iterations,CPU_time,score
0,0.0019697321437660504,0.05414085200146907,2.9806147289894778e-05,0.0487283129444405,0.0961151761364025,0.023103052542643516,0.006852109770803084,0.03139081924763644,0.15789855279793494,2609.9285773343126,1457,5362.454297131002,2609.9285773343126
1,0.0025589451474416994,0.0024210990422689773,5.8139854592632236e-05,9.946139822794845e-07,0.0639494059588242,0.04717349946713832,1.0664523809700013e-05,3.429828546384768e-07,0.1524,,1457,,
