,p1,p2,p3,p4,p5,p6,p7,p8,Gkr,RMSE,iterations,CPU_time
0,0.00022583888538164014,0.06992846085174342,3.453554719446669e-05,0.054585190000791206,0.08729081562937557,0.00889241593372005,0.0051533925053298445,0.031595070991323186,0.1524,139.14787759925213,1026,1988.1940029010002
1,0.0002258405898484897,0.06992876222673491,3.453508580930879e-05,0.05458535397597342,0.08729124129450981,0.008892286518519331,0.005153401911384076,0.031594995416695124,0.1524,139.14787757846503,768,1738.4035513690033
2,0.00022584328491305497,0.06992821145918103,3.453577824994455e-05,0.05458514483826558,0.08729079203223208,0.008892447595458049,0.005153367178938838,0.03159498503227287,0.1524,139.14787778558915,793,1547.7758998920035
3,0.0002258421637704684,0.06992822116603144,3.453540420403857e-05,0.05458522818297389,0.08729112173885857,0.00889235691103808,0.005153405423724484,0.03159496378472524,0.1524,139.14787736994165,762,1749.1491207709914
4,0.0002258434068863275,0.06992860728567707,3.453524718840519e-05,0.054585318422934855,0.08729105473690985,0.008892413270801081,0.005153369595793116,0.031594947452316814,0.1524,139.14787765057935,722,1191.744354349008
