,a_a0_a,a_a0_b,b_a1_a,b_a1_b,k_f_a,a_1_a,a_1_b,b_a0_a,b_a0_b,a_a1_a,a_a1_b,k_b_a,b_1_a,b_1_b,g_Kr,RMSE,iterations,CPU_time,score
0,0.022335150244762646,0.011738678242566128,6.887367376670931e-05,0.04178467114487007,0.023827194190089173,0.09082645100884663,0.023392593259100935,0.04685554563492477,0.06317021529437167,0.01391656675216488,0.03813492127381296,0.03756955487338048,0.0064979438658823874,0.032670736785459134,0.15242609210413968,296.4830639094717,1400,9853.896116313,296.4830639094717
