,p1,p2,p3,p4,p5,p6,p7,p8,Gkr,RMSE,iterations,CPU_time,score
0,0.001968744261525621,0.05413365114854807,2.9805919334563246e-05,0.048726064564125544,0.09601636328883903,0.02310452079038637,0.0068433796403153686,0.031398749027939106,0.1578753330425423,2605.936156753114,1308,4260.695149896,2605.936156753114
1,1.9286109971922244e-06,4.612409680119693e-06,0.011786730585225025,1.5405013079545507e-07,0.018843153709680743,5.041795727728908e-06,3.187043643806106e-06,0.0008494394143820208,0.1524,,1308,,
