,a_a0_a,a_a0_b,b_a1_a,b_a1_b,k_f_a,a_1_a,a_1_b,b_a0_a,b_a0_b,a_a1_a,a_a1_b,k_b_a,b_1_a,b_1_b,g_Kr,RMSE,iterations,CPU_time,score
0,0.02252191970872002,0.0114293222531071,6.859908884035125e-05,0.04181868542025362,0.024146953817589394,0.09077551780513193,0.023386322731043633,0.046961175263681924,0.06318894912157115,0.013194794502667025,0.03845963831917943,0.036160626395543766,0.006494629716154766,0.03268591711035888,0.1523907111714372,139.0420820609291,1180,4122.763807441,139.0420820609291
