,p1,p2,p3,p4,p5,p6,p7,p8,Gkr,RMSE,iterations,CPU_time,score
0,0.01960108283341112,4.961968369819404e-07,4.048808305405104e-06,1.380712756382614e-07,0.00013962452822968087,1.0002693171213469e-07,3.1526420799964135e-06,1.0002426382506865e-07,0.2628824058933498,240707.04987246194,1456,3709.558265657999,240707.04987246194
1,0.02058980462395048,1.5092206208154056e-05,4.1986275133757e-06,0.023427919754465232,0.00013919947427566698,0.0014437803634562878,3.0931639241597223e-06,4.060615307165269e-07,0.1524,,1456,,
