,p1,p2,p3,p4,p5,p6,p7,p8,Gkr,RMSE,iterations,CPU_time,score
0,0.05893172073654503,1.4596642752048278e-07,2.0783700636742736e-06,2.9016186826220953e-07,1.4545364362575531e-06,1.0014114425953071e-07,3.9534425309803894e-07,1.0018196290250303e-07,0.03843839470401668,121371.1384912745,1032,1750.5150741629986,121371.1384912745
1,0.057069778019558884,0.0014891472731629477,2.1633338687264825e-06,0.00016120201080956312,1.5466512553252419e-06,0.00014952010962712201,3.998777210013165e-07,9.363413470876337e-06,0.1524,,1032,,
