,p1,p2,p3,p4,p5,p6,p7,p8,Gkr,RMSE,iterations,CPU_time,score
0,0.0016890664455851434,0.03665002704438082,4.284557390007238e-05,0.04595524791632551,0.09319789952610716,0.021806409610466006,0.0073529949910633025,0.029606763953854535,0.16389652179251282,1708.22531471081,1391,3898.959291872001,1708.22531471081
1,6.416474029231647e-07,1.4696116542010852e-07,5.053318150140415e-05,8.549994173637745e-05,1.7355696725248558e-07,0.0008423666059030182,8.832426274177512e-06,9.658595846079755e-07,0.1524,,1391,,
