,p1,p2,p3,p4,p5,p6,p7,p8,Gkr,RMSE,iterations,CPU_time,score
0,0.0016915947407150252,0.036679929558553766,4.2976351913326486e-05,0.045926425044330504,0.09314911992917627,0.021813059718430318,0.007352831439985278,0.029600626821668887,0.16386081508197034,1714.3365582802667,1429,3868.7427117530005,1714.3365582802667
1,0.0007771707480369392,0.0034346757057123,0.01373760700648491,3.2139034227472704e-06,0.000194117957398053,1.026549789418106e-06,1.0553384429196009,5.271401979734175e-06,0.1524,,1429,,
