,p1,p2,p3,p4,p5,p6,p7,p8,Gkr,RMSE,iterations,CPU_time,score
0,3.587385701174743,1.000002695543464e-07,0.0013265018639129033,1.0000074712986458e-07,5.419268300653765e-07,1.9169370125781179e-07,2.717658893478599e-06,1.8644206097633306e-07,0.007691877785266178,341630.56860338495,909,2238.7124978069987,341630.56860338495
1,3.8744101852333275,0.08870167837908854,0.0012484712422840927,4.297532337109738e-06,5.824302074066601e-07,0.0003387413312061184,2.9207408953375922e-06,0.0001467257766662766,0.1524,,909,,
