,p1,p2,p3,p4,p5,p6,p7,p8,Gkr,RMSE,iterations,CPU_time,score
0,0.00196941061243328,0.05417529527792176,2.9784988635690415e-05,0.04873375620492312,0.0960365434070049,0.023116653869959442,0.006843154523674843,0.03139419464035608,0.15787543593947773,2608.3593935823687,1965,5864.77328887,2608.3593935823687
1,0.008939111917920281,0.0011136181726522027,0.9268699497242507,1.572296230488613e-05,5.194084370795367e-05,1.260375680859842e-07,1.0553629282520546e-05,6.818101654070982e-07,0.1524,,1965,,
