,a_a0_a,a_a0_b,b_a1_a,b_a1_b,k_f_a,a_1_a,a_1_b,b_a0_a,b_a0_b,a_a1_a,a_a1_b,k_b_a,b_1_a,b_1_b,g_Kr,RMSE,iterations,CPU_time,score
0,0.021941054000750197,0.011978532874694262,6.883422578689791e-05,0.041789914115222565,0.023680455508709872,0.09086906586489307,0.023390297403045393,0.04627220857897803,0.06260110131412382,0.013977334013198617,0.03829383361304073,0.03712287926304472,0.00649848786628307,0.03267750166962215,0.15241278544019685,173.3777070581121,1065,5035.602795558001,173.3777070581121
