,p1,p2,p3,p4,p5,p6,p7,p8,Gkr,RMSE,iterations,CPU_time,score
0,0.001969333142954231,0.05417431208670034,2.9782783946091095e-05,0.04873436325864824,0.09603242314238779,0.023116459012292152,0.006842906107826108,0.03139431870057128,0.157874075065944,2608.35939696119,1151,3626.256808186001,2608.35939696119
1,0.0003137339666434799,0.09222025141673584,0.00310594554338633,0.005411480220713965,0.0021393284262752094,5.553184699168423e-05,3.518095273840267e-05,9.795797633822072e-07,0.1524,,1151,,
