,p1,p2,p3,p4,p5,p6,p7,p8,Gkr,RMSE,iterations,CPU_time,score
0,0.0019693296713436206,0.0541240902909827,2.980128142785447e-05,0.04872362796982106,0.09609446059525062,0.02310063680907663,0.0068513482198971415,0.03139716232551572,0.15783882513008898,2605.406803542166,1451,4902.571412864,2605.406803542166
1,0.989364035276765,8.989538634613555e-06,1.265489069762612,0.045425231123460155,0.00019594141610511403,2.4685029217834314e-06,0.0001180934583380261,0.06045385075182291,0.1524,,1451,,
