,a_a0_a,a_a0_b,b_a1_a,b_a1_b,k_f_a,a_1_a,a_1_b,b_a0_a,b_a0_b,a_a1_a,a_a1_b,k_b_a,b_1_a,b_1_b,g_Kr,RMSE,iterations,CPU_time,score
0,0.02257915205544721,0.011773866053056286,6.879782255590409e-05,0.04179246016721272,0.023601538032933172,0.0908125137187346,0.023395786546662023,0.04645578515848057,0.06330097995036973,0.013636654576287578,0.038418421199890355,0.03695515949965843,0.006497642642060229,0.03266655937066589,0.15242673182165672,173.65713894524157,1026,2497.1857439699997,173.65713894524157
