,p1,p2,p3,p4,p5,p6,p7,p8,Gkr,RMSE,iterations,CPU_time
0,0.00021160969335764804,0.0757346740101683,3.9171266228300407e-05,0.05031423873918724,0.07293550843464658,0.009558044726231917,0.006375485134539404,0.038210629582016646,0.09061758216320735,1557.6697353694567,1002,2916.7029446939996
1,0.00021156896044113196,0.07573895076991367,3.916421789026097e-05,0.05031586164466308,0.07294172889178852,0.009556705688643365,0.0063762596380183495,0.038210445971819315,0.09061758216320735,1557.6697600793789,472,1513.3235310259915
2,0.00021146215411471019,0.07574777145931555,3.9160816044672555e-05,0.05031654352530791,0.07294468498343858,0.00955583626479152,0.006376526624917457,0.038210802894308005,0.09061758216320735,1557.6698222219322,612,1939.862088391994
3,0.00021165789178332576,0.0757286825824862,3.9170343594142314e-05,0.050314326386892566,0.07293693062848115,0.009557484143247015,0.0063756986959622,0.03821102249202884,0.09061758216320735,1557.6697682522042,924,2931.0499235769967
4,0.00021161363245953595,0.07573404011960244,3.9168261030333384e-05,0.05031461229210143,0.07293851848044976,0.009557803355641614,0.006375578554046189,0.038210967228411025,0.09061758216320735,1557.6697642972877,511,1616.7807130620058
