,p1,p2,p3,p4,p5,p6,p7,p8,Gkr,RMSE,iterations,CPU_time
0,0.00038083413671497623,0.05686238571135162,3.321643750564524e-05,0.059195143568948956,0.09549699593501862,0.010277707720658396,0.0014524170300313423,0.024810159399599182,0.6096,1421.2837086775994,619,1044.0502826420125
1,0.0003808287982358648,0.05686336021107252,3.321623649743274e-05,0.05919544501068013,0.09549313290456818,0.010277969164729629,0.0014522765138151367,0.02481106442998046,0.6096,1421.2836890336932,679,1144.9110547720047
2,0.00038080435491313826,0.05686513806260109,3.3218901695662736e-05,0.05919477729729158,0.09549747592898014,0.010277402941308252,0.0014523903213903451,0.02481099774199315,0.6096,1421.2837287522245,503,848.2317439500184
3,0.0003808126479875828,0.05686421561428776,3.321785755379631e-05,0.05919488631539444,0.09549568990229264,0.010277753850220572,0.001452355911469229,0.024810688940728957,0.6096,1421.2837174146157,580,997.5181096199958
4,0.00038078466825740455,0.05686403420229578,3.321812314831472e-05,0.05919478930411502,0.09550152654154218,0.010277727277352015,0.0014525158098592805,0.024810086364770292,0.6096,1421.28372056595,698,1215.36503262099
