,a_1_a,a_1_b,b_a0_a,b_a0_b,k_b_a,a_a0_a,a_a0_b,b_1_a,b_1_b,b_a1_a,b_a1_b,a_a1_a,a_a1_b,k_f_a,g_Kr,RMSE,iterations,CPU_time,score
0,0.09092525463022177,0.023412229400804608,0.053950808156016335,0.06389885081233297,0.03385548266366054,0.02326357499645131,0.01038246951715599,0.006507650671663506,0.03264718766528895,6.952277329737124e-05,0.041707902232254734,0.014172088564262015,0.038150138422505794,0.023193518796429512,0.15238200364780322,138.52856472306192,1657,5541.953727861999,138.52856472306192
