,p1,p2,p3,p4,p5,p6,p7,p8,Gkr,RMSE,iterations,CPU_time,score
0,6.139610288414372e-07,0.018656061124561404,0.6407970985713658,1.1742632784429756e-05,0.016340103331516267,0.00667755038693387,7.596519057961007e-05,8.783540034732577e-05,0.1524192551823554,137591.99795592966,673,1524.217080972001,137591.99795592966
1,6.139688235879528e-07,0.01865143675234163,0.6407957171503791,1.6796355542870058e-05,0.016340022411506547,0.0066820047604268795,7.596604882845865e-05,8.676160973814718e-05,0.1524,,673,,
