,p1,p2,p3,p4,p5,p6,p7,p8,Gkr,RMSE,iterations,CPU_time,score
0,0.0015675540273253424,0.07930050664764082,2.220332737382062e-05,0.05117772068966102,0.09594054070769062,0.02393465176374209,0.007054667919797255,0.031329841989083146,0.15473445249145631,721.3703687055975,1197,2752.264614934,721.3703687055975
1,0.01837302746846269,1.5075299899762002e-06,1.034326412086157e-05,0.0004855590378189101,0.121644027841661,3.1981306291567214e-05,4.955175421761717e-05,0.01646915616419789,0.1524,,1197,,
