,p1,p2,p3,p4,p5,p6,p7,p8,Gkr,RMSE,iterations,CPU_time,score
0,0.0008203154872869953,0.010431548167408936,0.10679962248810157,1.7628515236586502e-07,0.5992059752526554,4.026849695640303e-07,1.57571514037665e-06,2.6917633435678134e-05,0.15240001101682954,169313.26346521848,240,549.4270567050007,169313.26346521848
1,0.0008203157515054352,0.010431917737213477,0.10679964467913225,3.593958887882947e-07,0.5992059094601863,6.744739180068829e-07,1.575715875792508e-06,2.6857760848980042e-05,0.1524,,240,,
