,p1,p2,p3,p4,p5,p6,p7,p8,Gkr,RMSE,iterations,CPU_time,score
0,1.0000046707623587e-07,0.18964648896381925,1.00000940733345e-07,0.08923151950067107,1.0000210707708675e-07,0.3528918244479969,6.724994625661188e-05,0.13762369171385846,0.3612323251241726,49925.636666407656,3100,6045.635340076,49925.636666407656
1,0.005488394669436449,0.0034425774619978753,3.6463911687568338e-06,1.4948177962402067e-07,0.0002547144734715139,6.497553031000084e-05,0.00011446872574963456,0.00029732945159994227,0.1524,,3100,,
