,a_a0_a,a_a0_b,b_a1_a,b_a1_b,k_f_a,a_1_a,a_1_b,b_a0_a,b_a0_b,a_a1_a,a_a1_b,k_b_a,b_1_a,b_1_b,g_Kr,RMSE,iterations,CPU_time,score
0,0.0224392401052931,0.011931577902261764,6.878215103331981e-05,0.0417940034636788,0.02363300270552265,0.0907641926525037,0.023384546621910043,0.046313235961679064,0.06304709060902594,0.013603196678977995,0.0383667749188765,0.03670899149605984,0.006493199360916549,0.03268237135540753,0.1524082975981744,296.058449854321,1356,8942.108523489002,296.058449854321
