,p1,p2,p3,p4,p5,p6,p7,p8,Gkr,RMSE,iterations,CPU_time,score
0,0.0015679651141545508,0.07935453455586616,2.2205579790005806e-05,0.051181177251869645,0.09595956669659289,0.023951553889467674,0.0070528842199732225,0.03131241189749903,0.1547681627709185,718.7755193227995,3194,7652.905912466002,718.7755193227995
1,0.0008740788649136853,0.0005994611559665864,3.333606593296069,4.203204991245687e-07,0.21523944772473916,5.53355553021537e-07,3.5205506192598786,1.568866788003419e-07,0.1524,,3194,,
