,a_1_a,a_1_b,b_a0_a,b_a0_b,k_b_a,a_a0_a,a_a0_b,b_1_a,b_1_b,b_a1_a,b_a1_b,a_a1_a,a_a1_b,k_f_a,g_Kr,RMSE,iterations,CPU_time,score
0,0.09081203160559634,0.023395905365334417,0.04644648768364614,0.06330159047715556,0.03695589732925237,0.022577719654827764,0.01177488242383941,0.006497597982220355,0.032666602084937636,6.879665398622918e-05,0.04179256518514793,0.013635916188518891,0.03842105185417704,0.023600698218030562,0.15242660329277774,173.65713878851116,1690,7988.718981739999,173.65713878851116
