,p1,p2,p3,p4,p5,p6,p7,p8,Gkr,RMSE,iterations,CPU_time
0,0.00022060374031462586,0.06670125899775092,3.329317818792846e-05,0.055630721505541075,0.08805626855622731,0.009098697353287591,0.004502503444771881,0.03018770244999268,0.1812351643264147,155.25199748923222,486,766.9957654799946
1,0.00022060016685585335,0.06670182283726456,3.329591112077883e-05,0.055630041796971695,0.0880562223844314,0.00909926530044225,0.004502604119034216,0.030187226657930034,0.1812351643264147,155.25199349583542,970,1519.8953479949996
2,0.00022059607376139317,0.06670268270723749,3.329380351775464e-05,0.055630729993104734,0.08805531980279864,0.009098494893608155,0.0045025202745148695,0.030187794220971276,0.1812351643264147,155.2519937605129,843,1795.2760251989966
3,0.00022060764468248692,0.06670404063373132,3.329177401146135e-05,0.05563110587823584,0.0880611095201442,0.00909810040087399,0.0045026778222311,0.030187576971481743,0.1812351643264147,155.25199685386522,862,1647.821815253992
4,0.0002205943930865322,0.06670331132025929,3.329375364138331e-05,0.05563075998540182,0.08805689945666327,0.009099156404713848,0.004502542220023113,0.030187279925180457,0.1812351643264147,155.2519971481009,550,723.3013999130053
