,p1,p2,p3,p4,p5,p6,p7,p8,Gkr,RMSE,iterations,CPU_time
0,0.00015091683443201702,0.08931970942816056,2.4683947600907112e-05,0.05104632259912036,0.05914204834955403,0.0100062319353737,0.008047987005482966,0.04476690362499744,0.05403868913693675,6656.169665823816,503,863.2652522630233
1,0.00015090581605813302,0.08932288496526941,2.4682125059998434e-05,0.05104653537631065,0.059146094423241924,0.010005187778289883,0.008048762418067677,0.044766809851476096,0.05403868913693675,6656.169663243772,677,1160.3986924760102
2,0.0001509315587145319,0.08931850622406845,2.4683815736447704e-05,0.05104565053615324,0.059141736664711723,0.010006575731640153,0.008047752759215585,0.0447667512107028,0.05403868913693675,6656.169601602363,716,1227.190951276978
3,0.00015104278986039304,0.08930583183875716,2.468521235992893e-05,0.05104540127560821,0.059143094734813585,0.010005663613892171,0.008047496893856098,0.044769353135938064,0.05403868913693675,6656.169704816654,477,818.4521752269939
4,0.0001509925812756625,0.08931024617564343,2.4681518180006217e-05,0.05104699813334474,0.059144327572416,0.010006458721457168,0.008048413769408812,0.04476709698217645,0.05403868913693675,6656.169633474134,745,1282.275705623004
