,p1,p2,p3,p4,p5,p6,p7,p8,Gkr,RMSE,iterations,CPU_time,score
0,0.03390685207344863,1.000000240391787e-07,1.8491219491345923,1.0000000859143436e-07,4.34555874915616e-05,1.0003187125140978e-07,0.00013798433901843755,1.0001295367887562e-07,0.5997683296964889,121393.26084742519,1831,3522.7452509779996,121393.26084742519
1,0.0034586957485637335,0.08760753482133782,4.245862907823382,6.360948866556508e-05,0.00101329518312986,0.0006524403167183725,5.10883654610846e-05,1.6146677802214957e-06,0.1524,,1831,,
