,a_1_a,a_1_b,b_a0_a,b_a0_b,k_b_a,a_a0_a,a_a0_b,b_1_a,b_1_b,b_a1_a,b_a1_b,a_a1_a,a_a1_b,k_f_a,g_Kr,RMSE,iterations,CPU_time,score
0,0.09086442260353643,0.02338663572720154,0.0462822168000108,0.06287865210447209,0.037170730434262576,0.021994180322068863,0.011994749475472332,0.006502108653643558,0.032667685917506524,6.884294754961031e-05,0.04178758447106545,0.013846733831909007,0.038182391540592095,0.023818816240052967,0.15241809568133569,296.8435226953962,1570,11258.387176640994,296.8435226953962
