,p1,p2,p3,p4,p5,p6,p7,p8,Gkr,RMSE,iterations,CPU_time
0,0.0002175060624165101,0.07630244768246458,3.6585036073597305e-05,0.049948524989533324,0.07558022906380804,0.009427239243475405,0.009259954116946174,0.03679123521966573,0.07664514235271616,2841.6711266600228,701,3270.5040579930064
1,0.00021750275599427088,0.07630243979190242,3.658372662281095e-05,0.0499489741732743,0.07557940037674596,0.009427353717615657,0.009260078548895243,0.03679022142559591,0.07664514235271616,2841.6711233813835,523,2428.6585803240014
2,0.00021749628816954486,0.07630406770310794,3.658499906023927e-05,0.04994849391484107,0.07558046932737897,0.009427439919223889,0.009260399588717716,0.03678993292158651,0.07664514235271616,2841.6711327871444,889,4157.15159294699
3,0.00021750314319893073,0.07630229536039551,3.658429324042492e-05,0.049948639049814406,0.07557969658627003,0.00942697811971359,0.00926007741297891,0.03679071996546312,0.07664514235271616,2841.671124937015,543,2551.733436243987
4,0.00021748803782474507,0.07630547612871096,3.658502451284714e-05,0.04994854523096103,0.07558187014493868,0.009427544149850841,0.009260210971504833,0.036790950024451374,0.07664514235271616,2841.671147183668,632,2954.346734441002
