,a_a0_a,a_a0_b,b_a1_a,b_a1_b,k_f_a,a_1_a,a_1_b,b_a0_a,b_a0_b,a_a1_a,a_a1_b,k_b_a,b_1_a,b_1_b,g_Kr,RMSE,iterations,CPU_time,score
0,0.02194726087949451,0.012007033445501318,6.885749678076273e-05,0.04178301974610777,0.023693882431820693,0.090823772869069,0.02339707785558899,0.04605371575043618,0.06302723333603537,0.01377677875798849,0.038301857303652785,0.036798943910823216,0.006498434387236277,0.03267770235426483,0.1523706089925633,203.23388042143156,1818,9172.643204231998,203.23388042143156
