,b_1_a,b_1_b,k_b_a,b_a0_a,b_a0_b,b_a1_a,b_a1_b,k_f_a,a_a1_a,a_a1_b,a_a0_a,a_a0_b,a_1_a,a_1_b,g_Kr,RMSE,iterations,CPU_time,score
0,0.00649846861330632,0.0326775177915879,0.03712501490054872,0.04627599113649828,0.06259761132789898,6.883421561369263e-05,0.04178994638677644,0.02368202691231459,0.013978058226474787,0.03829345938915307,0.021939691260459096,0.011977084715212753,0.09086892819966502,0.023390294519558038,0.15241292275378618,173.37770657539025,1147,3297.998896369001,173.37770657539025
