,p1,p2,p3,p4,p5,p6,p7,p8,Gkr,RMSE,iterations,CPU_time,score
0,0.027697821478223222,0.007739441063092456,35.21760593159501,0.00231890427392854,172.93824175288,0.025966823489233747,20.270979936389956,0.029106093428711205,107.58916328902212,53582.49271863304,1737,3056.7855378780005,53582.49271863304
1,4.9501844038284535e-05,4.580090154126096e-05,2.4059602661086785,0.0004110905591588117,3.955962207747656e-06,4.037540583937791e-07,0.3997904525052589,1.0120344562777924e-05,0.1524,,1737,,
