,p1,p2,p3,p4,p5,p6,p7,p8,Gkr,RMSE,iterations,CPU_time
0,0.00023132517269719728,0.07348207336986877,3.559080498780394e-05,0.0534929708672354,0.08580793526038802,0.008765110835298377,0.0058550396414721925,0.03310466656740458,0.1281526136846661,164.61825093498072,661,1145.0575673040003
1,0.00023133723850578839,0.07348018387684493,3.5590381742528325e-05,0.053493001557659695,0.08580741275708767,0.008764749725820956,0.00585498071177495,0.03310482266132318,0.1281526136846661,164.6182519300149,882,1777.0044637880055
2,0.0002313364750681743,0.07347871542929336,3.5590259572187166e-05,0.05349311358414949,0.08580635686279646,0.008765171739444551,0.0058549257666398735,0.03310476071272344,0.1281526136846661,164.6182532975928,560,1028.0813206699968
3,0.00023134507148944695,0.0734762987702856,3.559095666977488e-05,0.053492812954404195,0.08580628561839455,0.008765022725262145,0.005855020080362013,0.03310471633186023,0.1281526136846661,164.6182518500366,1258,2818.8782924349944
4,0.00023134450397077066,0.07347782282488838,3.559070477139382e-05,0.05349284281494527,0.08580826079447701,0.008764663913822558,0.005855134713401453,0.03310465745706306,0.1281526136846661,164.61825286401154,593,1065.480351502003
