,a_a0_a,a_a0_b,b_a1_a,b_a1_b,k_f_a,a_1_a,a_1_b,b_a0_a,b_a0_b,a_a1_a,a_a1_b,k_b_a,b_1_a,b_1_b,g_Kr,RMSE,iterations,CPU_time,score
0,0.02248302580168074,0.011602142543012287,6.888467611019535e-05,0.041781287392666296,0.023801465989711345,0.09080145827158267,0.02337759366180396,0.047553475097098834,0.0632655764101389,0.013751003736895116,0.03809150319614508,0.03671177239864282,0.006496150937205154,0.032691802450811866,0.1523889040948776,295.7206530561271,1033,7273.496890185001,295.7206530561271
