,p1,p2,p3,p4,p5,p6,p7,p8,Gkr,RMSE,iterations,CPU_time
0,0.00038064984271168103,0.056886906018004044,3.320623298736825e-05,0.05919794915189441,0.09548638424858,0.010280838209605668,0.001451224789798041,0.024813857138951022,0.6096,1422.7729108564945,840,1433.7374829720065
1,0.00038065227272393094,0.05688599870833117,3.320629808552539e-05,0.05919771151859059,0.09548668495016532,0.010280822227077123,0.001451281253698255,0.024813115209114858,0.6096,1422.7729056210717,763,1302.0024878830009
2,0.00038060687645116996,0.056888565002985794,3.3206958532967795e-05,0.05919772651754793,0.09548663464979808,0.010280805901595962,0.001451268507408603,0.024813607460950897,0.6096,1422.772899363497,960,1637.6251565580023
3,0.00038062925763337303,0.056887148025084266,3.320791793927819e-05,0.059197583747787566,0.095476440370134,0.010280694527081006,0.0014510621831230516,0.02481440530528169,0.6096,1422.7729632021042,554,942.971984414995
4,0.00038071945502319584,0.05688386990424362,3.3208119008315556e-05,0.0591975357319149,0.09548636871096662,0.010280763385117126,0.0014512359948276982,0.024813626125937387,0.6096,1422.7728865008244,873,1490.5169676000078
