,a_1_a,a_1_b,b_a0_a,b_a0_b,k_b_a,a_a0_a,a_a0_b,b_1_a,b_1_b,b_a1_a,b_a1_b,a_a1_a,a_a1_b,k_f_a,g_Kr,RMSE,iterations,CPU_time,score
0,0.09084515723720835,0.02337666696147635,0.04706826369201898,0.06328634248712982,0.0368491865503416,0.022243943004621465,0.01177320079864795,0.006500618717036997,0.0326861992514944,6.881978948340589e-05,0.041792104296202566,0.013804075308889328,0.03815116014170188,0.023757944919735735,0.1524067678329707,202.52920632698198,1930,8927.922215613995,202.52920632698198
