,p1,p2,p3,p4,p5,p6,p7,p8,Gkr,RMSE,iterations,CPU_time,score
0,0.0019697418007828113,0.05414890893715142,2.9817861709399652e-05,0.048723657305964285,0.0961372656058177,0.0231240797498228,0.00685116392130387,0.03138824788414046,0.15786466026339097,2603.055286230325,897,3045.214415620998,2603.055286230325
1,0.0007643210512270261,4.0674162167630245e-07,0.0009611988943948657,1.6018412570910147e-07,0.024451321201119276,0.0063875215480932186,0.0005106467303382773,1.5652749282263664e-05,0.1524,,897,,
