,p1,p2,p3,p4,p5,p6,p7,p8,Gkr,RMSE,iterations,CPU_time,score
0,0.001567593735640764,0.07930273207759674,2.2202196768922362e-05,0.05117827695220038,0.09594157272034906,0.023935391691054735,0.007054741755182004,0.03132885490798581,0.15473491206468137,721.3703648564946,1379,3011.1077645170008,721.3703648564946
1,0.28502381536004306,4.6457361459678e-05,2.8392589306262033,4.845827280989406e-06,0.006718517834351093,7.801050504319521e-07,0.019353803027758194,0.0037391706740044317,0.1524,,1379,,
