,p1,p2,p3,p4,p5,p6,p7,p8,Gkr,RMSE,iterations,CPU_time,score
0,0.0016884985082840367,0.036677914205293906,4.285703772395597e-05,0.045956523106321326,0.09320297251521198,0.021801775395578406,0.007355336146453537,0.029599066874090006,0.16391025168236842,1710.1925307884173,1149,3186.2657157619997,1710.1925307884173
1,8.630613196616819e-06,1.3777319098211628e-07,0.019561340991583815,5.8064768905180715e-05,0.039818589448172945,3.659570424634048e-07,1.297493544045202,6.322548528907554e-07,0.1524,,1149,,
