,a_a0_a,a_a0_b,b_a1_a,b_a1_b,k_f_a,a_1_a,a_1_b,b_a0_a,b_a0_b,a_a1_a,a_a1_b,k_b_a,b_1_a,b_1_b,g_Kr,RMSE,iterations,CPU_time,score
0,0.023605441349369496,0.010817065944875758,6.892576776327687e-05,0.041774596007557806,0.023856472860522927,0.09084199183827814,0.023394330281143502,0.04983428042758515,0.06406116995446205,0.013121065860045576,0.038294920131508356,0.035046512381493665,0.0064987043847269865,0.03268133463530528,0.15240747300615998,138.68323050626088,1250,3080.6436401679966,138.68323050626088
