,b_1_a,b_1_b,k_b_a,b_a0_a,b_a0_b,b_a1_a,b_a1_b,k_f_a,a_a1_a,a_a1_b,a_a0_a,a_a0_b,a_1_a,a_1_b,g_Kr,RMSE,iterations,CPU_time,score
0,0.006497061183433494,0.03267004729096237,0.038820252731667663,0.04507724042647579,0.06388356730892739,6.842584566746304e-05,0.041838417052228544,0.0248045880329997,0.013166196545519093,0.03772393081600288,0.022614718999341726,0.011839505888417591,0.0908376867272256,0.023403275008941644,0.15241312084165173,138.37219130339014,1342,4006.148235829,138.37219130339014
