,a_a0_a,a_a0_b,b_a1_a,b_a1_b,k_f_a,a_1_a,a_1_b,b_a0_a,b_a0_b,a_a1_a,a_a1_b,k_b_a,b_1_a,b_1_b,g_Kr,RMSE,iterations,CPU_time,score
0,0.02395369600087485,0.01053099622569124,6.89403219426952e-05,0.04177300821101086,0.02373102770222412,0.09083801884125368,0.023399774529099658,0.050413254244595244,0.06420149658202097,0.01300956176086285,0.03848185317752958,0.034607465391653075,0.006497687812920912,0.03267952082691068,0.15242628320346213,138.68168504122497,1061,3149.455233538,138.68168504122497
