,p1,p2,p3,p4,p5,p6,p7,p8,Gkr,RMSE,iterations,CPU_time
0,0.0002007177100033263,0.05835915218517383,2.9137256010583222e-05,0.059174358898897064,0.09032478179985076,0.009668731191566233,0.0021544487419926663,0.025930972463586745,0.43105229381131943,352.28145455590675,615,891.7851826489932
1,0.00020070073452985404,0.05836041874482283,2.9136539289311484e-05,0.05917512763686464,0.0903303215474607,0.009668202893081622,0.00215460939109132,0.025931895714228013,0.43105229381131943,352.2814368819299,523,858.6171559720096
2,0.00020068591080866336,0.058354605017807454,2.913783768715068e-05,0.05917385275267207,0.09032541003792581,0.009669173770114014,0.0021547111321396366,0.02593114724107306,0.43105229381131943,352.28146419678296,572,819.9306307679944
3,0.0002006867894409183,0.058352810117841485,2.913751202159187e-05,0.059173686775781165,0.09032600222295058,0.009668524765722024,0.002154719388023158,0.02593147074926937,0.43105229381131943,352.2814369201025,718,975.601000908995
4,0.00020067230766368242,0.058352293358638806,2.9142007356185807e-05,0.05917290748874534,0.09032457701197752,0.009669470813273833,0.0021547721774188167,0.02593157887844303,0.43105229381131943,352.2814307401972,941,1282.1006329729862
