,b_1_a,b_1_b,k_b_a,b_a0_a,b_a0_b,b_a1_a,b_a1_b,k_f_a,a_a1_a,a_a1_b,a_a0_a,a_a0_b,a_1_a,a_1_b,g_Kr,RMSE,iterations,CPU_time,score
0,0.0064974567017362156,0.032673515896114606,0.03717895785929225,0.04636112733438793,0.06255674467996925,6.893544999443388e-05,0.04177687453289268,0.023759979569114426,0.013934372081866464,0.038205099371436936,0.021920605683349068,0.012027389591093495,0.09081715237612185,0.023389942468334753,0.15241430797742989,173.52652041943855,1435,6406.722680661998,173.52652041943855
