,p1,p2,p3,p4,p5,p6,p7,p8,Gkr,RMSE,iterations,CPU_time,score
0,0.0016855121093016562,0.08445373443686045,2.20786185268044e-05,0.05120862477366436,0.12119117215514628,0.026859750816024226,0.008855558739014358,0.028801788587760998,0.15459752167324167,653.9515150688941,2269,4663.35017163,653.9515150688941
1,0.0006620460589509173,2.4513571000385843e-05,4.385691256258052,0.005264450425159438,0.0008249561086934861,0.0009736202805959633,2.5823932535291196,6.366164259104456e-05,0.1524,,2269,,
