,p1,p2,p3,p4,p5,p6,p7,p8,Gkr,RMSE,iterations,CPU_time,score
0,0.0019697653743910265,0.054148867276643774,2.98174327038948e-05,0.048723896960050604,0.09613913959966712,0.02312387153718174,0.006851276009834101,0.031388250612283286,0.15786510485941863,2603.055284038184,1114,3467.078385839,2603.055284038184
1,6.768842447540348e-07,0.00011300850570333531,0.00014345068430788617,0.02725568278857533,0.8556582046601495,2.330373273144287e-05,5.354306973475892,4.6049107732840214e-07,0.1524,,1114,,
