,p1,p2,p3,p4,p5,p6,p7,p8,Gkr,RMSE,iterations,CPU_time
0,0.00019052508088568667,0.08628652783984504,3.307252405295523e-05,0.047894148561242994,0.05638495650527539,0.01282507591071567,0.013504444385625688,0.041203184068323254,0.045374817422412735,8478.995797838616,523,2598.6831655240094
1,0.00019053853792817257,0.08628500408858097,3.307505050880003e-05,0.0478939678877423,0.05638123273962767,0.012824070400972457,0.013503389637093995,0.04120567880127343,0.045374817422412735,8478.995929360108,489,2422.913992480986
2,0.00019050405619200326,0.08628382315160789,3.30719488878269e-05,0.047894239284608724,0.05638407170498086,0.012825485774377487,0.013503882981964003,0.041203387098842366,0.045374817422412735,8478.995806598925,762,3764.6601070059987
3,0.00019053455492335696,0.08628511315961658,3.307497986207311e-05,0.047893570536311894,0.056382951105842634,0.0128245929808568,0.013504493115323424,0.0412043607681947,0.045374817422412735,8478.995916184118,877,4341.720880131994
4,0.00019053014639553283,0.08628533841055995,3.3075161325781616e-05,0.04789339025638756,0.056386032545307795,0.012824050999617078,0.013505309996967698,0.04120297909058303,0.045374817422412735,8478.995838332146,756,3750.510441508988
