,a_a0_a,a_a0_b,b_a1_a,b_a1_b,k_f_a,a_1_a,a_1_b,b_a0_a,b_a0_b,a_a1_a,a_a1_b,k_b_a,b_1_a,b_1_b,g_Kr,RMSE,iterations,CPU_time,score
0,0.022351571214956543,0.011726905131929689,6.887227475609482e-05,0.04178483593750063,0.023830615826491226,0.090826473339087,0.023392482654233555,0.04688630463441053,0.06318416276356743,0.013910113676693358,0.03813219994516899,0.03756225620720561,0.006497955530314667,0.032670781628096925,0.1524262380140229,296.4830624971424,1171,8284.210732029998,296.4830624971424
