,p1,p2,p3,p4,p5,p6,p7,p8,Gkr,RMSE,iterations,CPU_time
0,5.1186143724834044e-05,0.10222483559225835,1.3982798471246982e-05,0.055503494070969744,0.05718826468382389,0.012172265366479024,0.01140500473156971,0.0468261005363467,0.045308791081603676,9697.422618149934,1281,3901.6570472260064
1,5.119236300246147e-05,0.10222299793159485,1.3982589093194641e-05,0.0555036876778807,0.05718359352258423,0.01217236398473989,0.011402873999997863,0.04682982760385227,0.045308791081603676,9697.422605870806,1173,3689.248587851005
2,5.12223857041077e-05,0.10220859597449149,1.3975299516139512e-05,0.05550784812069969,0.05719351663274192,0.012168990177311963,0.011405979465156008,0.04682861429344576,0.045308791081603676,9697.42266496352,640,1769.6742056750081
3,5.1196634424705935e-05,0.10222256172326728,1.3984142640372858e-05,0.0555024599741318,0.05718838347055088,0.012171195148363897,0.011404371302030123,0.046828468149767065,0.045308791081603676,9697.422619886202,943,2923.7217786890105
4,5.120679052568239e-05,0.10221779271411473,1.3985810970268348e-05,0.05550175962854058,0.05718729123078331,0.012172961328014285,0.011404292943079928,0.046828464370396714,0.045308791081603676,9697.422680792159,767,1799.3495680320048
