,b_1_a,b_1_b,k_b_a,b_a0_a,b_a0_b,b_a1_a,b_a1_b,k_f_a,a_a1_a,a_a1_b,a_a0_a,a_a0_b,a_1_a,a_1_b,g_Kr,RMSE,iterations,CPU_time,score
0,0.006504376995292877,0.0326510090081111,0.03419474132150894,0.050397869760772984,0.06276752932282997,6.93197046907041e-05,0.04173360241929563,0.022995563534213042,0.014176428307082347,0.03890209583948253,0.022316332324124135,0.011025042065454392,0.0909625485921524,0.023410188763794564,0.15246446368597205,139.07739677918883,1068,3528.480794580999,139.07739677918883
