,a_a0_a,a_a0_b,b_a1_a,b_a1_b,k_f_a,a_1_a,a_1_b,b_a0_a,b_a0_b,a_a1_a,a_a1_b,k_b_a,b_1_a,b_1_b,g_Kr,RMSE,iterations,CPU_time,score
0,0.021134208571079467,0.011779054990839567,6.95348893295152e-05,0.041709425685877884,0.023122521316208455,0.09103542284106311,0.02341172251219105,0.04902670386840255,0.062115426861448796,0.014808270657638197,0.038660034591289964,0.0350948021954185,0.006509444319505987,0.03264857044459127,0.15247276728941983,139.07645431131172,1106,3386.7228598049996,139.07645431131172
