,p1,p2,p3,p4,p5,p6,p7,p8,Gkr,RMSE,iterations,CPU_time,score
0,0.0027294728277916635,3.110055367486219e-07,0.22193451470661368,0.015155901160884465,0.19416545265137997,0.021211042785430383,0.008888873069796152,0.0429434208969608,19.46646185527894,53159.77679947408,2074,5429.408246981,53159.77679947408
1,0.026794846825205252,0.0010560775657706563,0.08241220723743736,4.0110561799491226e-05,1.270791844117597e-05,2.226318887941869e-07,4.6831244660584907e-07,0.0002918248686417812,0.1524,,2074,,
