,p1,p2,p3,p4,p5,p6,p7,p8,Gkr,RMSE,iterations,CPU_time
0,0.00022094283041947015,0.06666761928849473,3.327222155381864e-05,0.055633489699533745,0.08793418192926251,0.009089705560679071,0.00449501152496939,0.030190400323441037,0.1812351643264147,154.5835788660502,1050,2189.878329307998
1,0.00022094834691858663,0.06666672795012821,3.327264630128738e-05,0.05563339998733076,0.08793474382957146,0.009089429632511187,0.0044950543021730896,0.030190690121907927,0.1812351643264147,154.58358080082564,1485,3264.6323332730026
2,0.0002209458336282383,0.06666735927559694,3.327395182295716e-05,0.055633010514574685,0.08793062789360451,0.009090233591737188,0.004494865500101275,0.03018999996418207,0.1812351643264147,154.58358953578497,530,953.0036275750026
3,0.00022094292760812067,0.06666698924104002,3.327089649197079e-05,0.05563387240801015,0.08793327067049757,0.009089142333501514,0.004495036328650729,0.030190455006165115,0.1812351643264147,154.5835888969541,819,1130.868354311002
4,0.00022094945138749727,0.06666695466819926,3.327449085162851e-05,0.05563288509539835,0.08793284177119404,0.009090483768788918,0.0044949444718289586,0.030190079505467034,0.1812351643264147,154.58358380637952,1046,2019.614126901004
