,p1,p2,p3,p4,p5,p6,p7,p8,Gkr,RMSE,iterations,CPU_time
0,0.00021142795031289699,0.08756266277601356,3.5574438657611085e-05,0.05059873161911794,0.08406135639813,0.011307469211316193,0.010360161272536528,0.03537638398950943,0.0762,668.7511536885701,665,904.225096770002
1,0.00021143730193891845,0.0875616069324538,3.5574773317601654e-05,0.05059854693885516,0.08405881716623803,0.011307360391416457,0.01035986724128321,0.03537645049949105,0.0762,668.7511568985133,465,777.0748965489984
2,0.00021142862035403013,0.08756287987057076,3.557551114563045e-05,0.05059835633701556,0.08405787111093337,0.011307271374163989,0.01035979124396169,0.03537656572388692,0.0762,668.751152946272,606,1284.1318852219993
3,0.00021143936838677777,0.08756125690535836,3.5575486052899844e-05,0.050598450350532044,0.08406102173524428,0.011307614385940109,0.010360051726499158,0.03537644251593151,0.0762,668.7511504362434,756,1482.2498715529946
4,0.0002114368649643964,0.08756128421723888,3.5575375343275216e-05,0.05059841013360951,0.08405753867772542,0.011307405253594124,0.010359663855733416,0.0353766919756152,0.0762,668.751150400282,697,1086.376044906996
