,b_1_a,b_1_b,k_b_a,b_a0_a,b_a0_b,b_a1_a,b_a1_b,k_f_a,a_a1_a,a_a1_b,a_a0_a,a_a0_b,a_1_a,a_1_b,g_Kr,RMSE,iterations,CPU_time,score
0,0.006495131656259365,0.032677418541974784,0.03746168028207648,0.045715450664352536,0.0625540661733032,6.901080387004034e-05,0.04176748561637628,0.023695988607541033,0.014037833316891481,0.03811082035274489,0.021702757330140408,0.012340718928050859,0.09077664319363733,0.02339315701211265,0.15239386900004354,295.899065201784,1310,8858.839817144999,295.899065201784
