,p1,p2,p3,p4,p5,p6,p7,p8,Gkr,RMSE,iterations,CPU_time,score
0,0.0016915458333558618,0.036681019516664345,4.297893940828452e-05,0.045925841666174465,0.09314840235884993,0.021812839479003834,0.00735284399723825,0.029600018373150804,0.1638627385038485,1714.3365521144603,1394,4032.0015970700006,1714.3365521144603
1,0.000261047882833597,1.1253998195304056e-07,9.39866169216835e-06,0.00016872820931315103,1.117314978512409e-05,0.1390484637298014,9.313934963748383e-07,2.3308471527834116e-06,0.1524,,1394,,
