,a_a0_a,a_a0_b,b_a1_a,b_a1_b,k_f_a,a_1_a,a_1_b,b_a0_a,b_a0_b,a_a1_a,a_a1_b,k_b_a,b_1_a,b_1_b,g_Kr,RMSE,iterations,CPU_time,score
0,0.022458123872170516,0.011619702952178254,6.888473291318522e-05,0.04178127132889052,0.023800326758126506,0.09080198730716259,0.0233775309487489,0.04749895714837182,0.06324533612214664,0.013757762228077257,0.038095372630679726,0.036727672825706895,0.006496194542379967,0.032691776319541725,0.15238898673607124,295.7206497785626,1163,7548.839184149001,295.7206497785626
