,p1,p2,p3,p4,p5,p6,p7,p8,Gkr,RMSE,iterations,CPU_time,score
0,0.0019686632601289226,0.05415812383003775,2.977906777264118e-05,0.04873707170679448,0.09612015084083624,0.023103730782063844,0.006851790266603134,0.03139439736090444,0.1578903101451209,2613.0465459613315,1551,5163.948151806,2613.0465459613315
1,0.0015086614023117795,0.041562742811082826,0.014609532919025638,2.9883807757573285e-07,5.954150903633538,3.792407517184202e-07,0.03482054856444375,3.818708133060231e-06,0.1524,,1551,,
