,a_a0_a,a_a0_b,b_a1_a,b_a1_b,k_f_a,a_1_a,a_1_b,b_a0_a,b_a0_b,a_a1_a,a_a1_b,k_b_a,b_1_a,b_1_b,g_Kr,RMSE,iterations,CPU_time,score
0,0.021843855412390634,0.012136631946155881,6.888259720583944e-05,0.04178335556475879,0.02371656723277158,0.09085492966635048,0.023387823791952134,0.04664589485457333,0.06272497571275995,0.013984082434817753,0.03807478568546387,0.036970671261787,0.006504028541533499,0.032665968002031164,0.15239713767286422,202.7062338606457,1328,6142.017824402999,202.7062338606457
