,a_a0_a,a_a0_b,b_a1_a,b_a1_b,k_f_a,a_1_a,a_1_b,b_a0_a,b_a0_b,a_a1_a,a_a1_b,k_b_a,b_1_a,b_1_b,g_Kr,RMSE,iterations,CPU_time,score
0,0.021862081032068183,0.012080657615642108,6.880170713732762e-05,0.04178842576435819,0.02369148383661747,0.09081642671079254,0.02338815087758721,0.04584722974492893,0.06270112963342096,0.01378922580927676,0.038391832987930585,0.03679758199679973,0.006499233613900207,0.03268003628650355,0.15234845540739994,294.9067525902397,1139,7455.524606548,294.9067525902397
