,p1,p2,p3,p4,p5,p6,p7,p8,Gkr,RMSE,iterations,CPU_time,score
0,0.0016855571831844959,0.0844541784703902,2.207908683940706e-05,0.05120837605636078,0.12119086909438916,0.026859744310296956,0.008855558566309037,0.028801919616762116,0.15459550418260826,653.9515225049443,1399,2967.8093952069994,653.9515225049443
1,4.816364701340567e-06,0.0010471496764322776,0.00847763725995903,4.50852078978674e-07,0.6639786688865148,0.00016198298003641682,0.0018841798931456424,1.8860667609863305e-07,0.1524,,1399,,
