,p1,p2,p3,p4,p5,p6,p7,p8,Gkr,RMSE,iterations,CPU_time
0,0.00027058406815250966,0.06550190698417581,3.500563917742812e-05,0.055365394302843714,0.08779703772869417,0.008976413147959997,0.004439753750755705,0.030053959643458666,0.1812351643264147,287.0287912390735,960,1849.361253754003
1,0.00027059096077531935,0.06550178620263163,3.500678020279271e-05,0.05536508240324996,0.08779616430833477,0.008976114143934675,0.004439701355754623,0.030054195610134643,0.1812351643264147,287.02879238101144,697,1351.2301986260281
2,0.0002705846861516214,0.06550213025080999,3.50070618733766e-05,0.05536501111108562,0.08779571348090766,0.008976094205520667,0.004439708463653122,0.030054212456271986,0.1812351643264147,287.028793676965,817,1579.5286823040224
3,0.00027058274844075117,0.06550228099558433,3.500644273429216e-05,0.05536518268125062,0.08779536030863865,0.008976220599029557,0.004439656400166266,0.030054186068001157,0.1812351643264147,287.02878963674743,978,1895.2754597970052
4,0.0002705949241000432,0.06550136010815151,3.500673901561137e-05,0.05536510783914822,0.08779579979598334,0.008976064156227339,0.004439708718150153,0.030054186359961935,0.1812351643264147,287.0287896763187,1084,2107.0192768069974
