,a_1_a,a_1_b,b_a0_a,b_a0_b,k_b_a,a_a0_a,a_a0_b,b_1_a,b_1_b,b_a1_a,b_a1_b,a_a1_a,a_a1_b,k_f_a,g_Kr,RMSE,iterations,CPU_time,score
0,0.09077654126894188,0.023393094313653683,0.04572705857032892,0.06255800180796679,0.037453393564766554,0.02170706635854312,0.012338241124419115,0.006495121493293616,0.03267747509748355,6.901106261227124e-05,0.041767456175697555,0.014034681551705354,0.03810876343392444,0.023697304219942754,0.15239386319136894,295.8990639954998,2013,12771.060460351999,295.8990639954998
