,a_a0_a,a_a0_b,b_a1_a,b_a1_b,k_f_a,a_1_a,a_1_b,b_a0_a,b_a0_b,a_a1_a,a_a1_b,k_b_a,b_1_a,b_1_b,g_Kr,RMSE,iterations,CPU_time,score
0,0.02324618555291595,0.010391518629581716,6.951835163321681e-05,0.04170838594198673,0.023190907714997624,0.0909251022417594,0.023412299536871965,0.05389169814022878,0.06388183929766982,0.014176114174166806,0.038162650181293514,0.03386936647368824,0.006507651490016853,0.032647176568427715,0.15238174517794165,138.5285646018875,1507,5203.173483633,138.5285646018875
