,p1,p2,p3,p4,p5,p6,p7,p8,Gkr,RMSE,iterations,CPU_time,score
0,19.318074838569956,0.003951507587871092,8.6103670414689e-05,0.00564566364282716,0.061236334698279105,0.025566358546407538,0.0244501150139266,0.04231730722111616,0.03305947919004926,65249.71913971695,1013,2125.5059306820003,65249.71913971695
1,6.785222560205792,0.000337316416127288,0.005438109953099894,0.0003235876621467484,1.5928474238548138e-06,1.2979329522392892e-05,0.008752347506359878,0.00012855514001078262,0.1524,,1013,,
