,p1,p2,p3,p4,p5,p6,p7,p8,Gkr,RMSE,iterations,CPU_time
0,8.630155751196365e-05,0.09184229202043712,2.7892610966993814e-05,0.053323263744345976,0.08122364739434293,0.009585372634554374,0.007562492630155598,0.03659532190691208,0.09061758216320735,1687.0724215741693,1009,3177.2411687139975
1,8.629856906129073e-05,0.09184257771130999,2.7892374805613446e-05,0.05332325024330202,0.08122294630489608,0.009585652227951063,0.007562533303479666,0.03659507723999169,0.09061758216320735,1687.0724220719844,1000,2768.913535483007
2,8.63055787839612e-05,0.09184136414347158,2.7895777317336776e-05,0.05332233204783048,0.08121361692744108,0.00958579752720244,0.007561868188977115,0.03659469563042365,0.09061758216320735,1687.072434032972,1041,2995.1416414100095
3,8.629192861874142e-05,0.09184462094440517,2.7892185645709614e-05,0.05332337473642429,0.08122338385513136,0.009585414418936757,0.007562580068645084,0.03659519529798192,0.09061758216320735,1687.072423940336,831,1746.3980497230077
4,8.630232520636538e-05,0.0918419589311826,2.7890264615476736e-05,0.053324042889494466,0.0812179811166474,0.009585649129304843,0.007562164167915582,0.03659445868630461,0.09061758216320735,1687.0724348750955,660,1407.8257757379906
