,a_a0_a,a_a0_b,b_a1_a,b_a1_b,k_f_a,a_1_a,a_1_b,b_a0_a,b_a0_b,a_a1_a,a_a1_b,k_b_a,b_1_a,b_1_b,g_Kr,RMSE,iterations,CPU_time,score
0,0.022502138259748877,0.011694985284052327,6.900707570534173e-05,0.04176860861596554,0.023815515217435624,0.09083927876295675,0.023380337353101462,0.04759995343892362,0.06328220699245354,0.013757775580221485,0.037979091605608424,0.03678111620572166,0.006499092445648986,0.03268462574139113,0.15241766719572428,202.98015889760356,1025,5146.544904984998,202.98015889760356
