,p1,p2,p3,p4,p5,p6,p7,p8,Gkr,RMSE,iterations,CPU_time,score
0,7.10469532587111e-07,0.11299929701127667,1.3267527810923345,1.8285033416435558e-06,9.11850643162578,0.0004177107643908856,7.028683792323602e-06,0.0063668952650591665,0.1524002351136791,169386.3108999126,202,444.825244486,169386.3108999126
1,7.104690779228928e-07,0.11299990797564186,1.3267534548903324,6.920767920141421e-07,9.11851215747214,0.000418082302331321,7.028672547101848e-06,0.006367042598177861,0.1524,,202,,
