,p1,p2,p3,p4,p5,p6,p7,p8,Gkr,RMSE,iterations,CPU_time,score
0,0.0016897165177997611,0.03664197828448491,4.294092102683425e-05,0.04593290288369271,0.09318814338372756,0.02181150117425716,0.007351352267988359,0.029618265676135656,0.1638655146133182,1711.914099102118,1302,3812.698899862,1711.914099102118
1,1.7383225438982116e-06,0.15695011064087355,0.0006848638181020288,2.196855103535441e-07,0.00013124838395570053,9.557479484865934e-07,0.01205547732658034,3.769057449860405e-05,0.1524,,1302,,
