,p1,p2,p3,p4,p5,p6,p7,p8,Gkr,RMSE,iterations,CPU_time,score
0,0.0004130079803319175,0.02437269095160088,2.2080725023639817e-05,0.05782273569643889,0.10804199872482372,0.02099038943651982,1.9396532312734475e-05,0.01810703391670041,73.3907834438337,6059.809500217645,1953,3607.4233346170004,6059.809500217645
1,1.0477297183536518e-05,0.0054591780385664975,3.493981977819401e-06,3.7231109188149795e-06,0.0001945265072572911,1.1060387048494449e-07,1.7097612426171095e-07,0.08413876752928291,0.1524,,1953,,
