,b_1_a,b_1_b,k_b_a,b_a0_a,b_a0_b,b_a1_a,b_a1_b,k_f_a,a_a1_a,a_a1_b,a_a0_a,a_a0_b,a_1_a,a_1_b,g_Kr,RMSE,iterations,CPU_time,score
0,0.0065076562315313025,0.032647123118891966,0.03389469815167657,0.05386515593748141,0.06386661130350826,6.952808603858838e-05,0.041707322338973764,0.02319485517228201,0.014197939920073151,0.03814698676588715,0.02320816494445388,0.010415621434655548,0.09092534945612436,0.023412327879968133,0.15238175225603817,138.52856309640373,1350,4767.2973428959995,138.52856309640373
