,p1,p2,p3,p4,p5,p6,p7,p8,Gkr,RMSE,iterations,CPU_time,score
0,0.0015675615977513962,0.07930060370033604,2.220177478345967e-05,0.05117853940242696,0.09594121360027455,0.02393498385744467,0.007054745767150424,0.031328724747608144,0.15473605586071312,721.3703794526758,1265,3190.3256853680004,721.3703794526758
1,6.68948858251095e-05,0.00010284519039643241,2.4907042195174235e-06,0.0017464379145716797,6.132857951966637,0.0010780258197828872,0.12581633071225345,0.005409335031982704,0.1524,,1265,,
