,b_1_a,b_1_b,k_b_a,b_a0_a,b_a0_b,b_a1_a,b_a1_b,k_f_a,a_a1_a,a_a1_b,a_a0_a,a_a0_b,a_1_a,a_1_b,g_Kr,RMSE,iterations,CPU_time,score
0,0.006510060035057855,0.0326708950653894,0.03625038098781759,0.047661445122825795,0.06298879358547259,6.87469046067873e-05,0.04179222758790307,0.023577322979634715,0.01357368090911123,0.03851673332380881,0.022792525500397714,0.011539557992138969,0.0909520269002612,0.02338938564066594,0.15235933196552787,202.95324488684895,1108,5564.318773301,202.95324488684895
