,p1,p2,p3,p4,p5,p6,p7,p8,Gkr,RMSE,iterations,CPU_time
0,0.00020342755873768535,0.05926739765799013,2.955649651107611e-05,0.05871125367983351,0.08990052761099492,0.00960452302146102,0.0025145454123610515,0.02647700373939251,0.3624703286528294,317.7663902068992,1271,2200.301167960002
1,0.00020343890349959945,0.059270042740477764,2.9557718654503083e-05,0.05871118548076557,0.08990097182280596,0.009604906269796314,0.002514446738486668,0.026476496872155638,0.3624703286528294,317.7664374565741,538,1099.2776886150023
2,0.00020344759272996387,0.05926902680397501,2.9552292417642923e-05,0.05871247216924126,0.08990510593991693,0.009605228059840806,0.002514523028475935,0.026475586729685866,0.3624703286528294,317.76643403402886,629,1279.0766515099967
3,0.0002034328576065508,0.05926857529544342,2.95578375061745e-05,0.0587110079584707,0.08989829124392992,0.009604946897767126,0.002514476354208785,0.02647656362344755,0.3624703286528294,317.7664401494546,657,995.7346908519976
4,0.00020343910176584423,0.05926832486501752,2.9556311461578625e-05,0.058711271387317826,0.08990157422527788,0.009605282388340967,0.0025145013314770348,0.026476238797684612,0.3624703286528294,317.76643409506386,517,888.9400458539967
