,b_1_a,b_1_b,k_b_a,b_a0_a,b_a0_b,b_a1_a,b_a1_b,k_f_a,a_a1_a,a_a1_b,a_a0_a,a_a0_b,a_1_a,a_1_b,g_Kr,RMSE,iterations,CPU_time,score
0,0.006510013262433323,0.03267098505861876,0.036247960373710794,0.04766565160166862,0.06299514779070413,6.874619092822293e-05,0.041792317557532085,0.023577635771063917,0.013571688221249045,0.03851555277646218,0.022796220764230008,0.011538151070114779,0.09095159498092645,0.023389301777925826,0.1523594512398841,202.9532442950572,1470,7235.211517146001,202.9532442950572
