,p1,p2,p3,p4,p5,p6,p7,p8,Gkr,RMSE,iterations,CPU_time,score
0,0.0016861144209459364,0.08448679847435202,2.2117994194312873e-05,0.051194865180936654,0.12147963803746703,0.026886831381011903,0.00887527797742884,0.028787405065065788,0.15466258520788367,656.7724404037263,1921,3667.916276354,656.7724404037263
1,0.0006465846275565158,9.532289740363352e-06,0.005083596495398586,0.0023160467951374554,2.44353515584194e-07,0.001072902158317233,0.0007420011214658147,1.2996146888220914e-05,0.1524,,1921,,
