,p1,p2,p3,p4,p5,p6,p7,p8,Gkr,RMSE,iterations,CPU_time
0,0.00022680141030657878,0.06754993178494693,3.0275185596236405e-05,0.05870680007128221,0.08996439498113275,0.010179405121813385,0.002641194935867698,0.027109104976461084,0.3048,934.9219648690193,601,1460.121153118991
1,0.00022681566939450082,0.06754943200225949,3.0274865859996835e-05,0.05870695104097568,0.08995991864443427,0.010178564913770132,0.0026410902369303204,0.027109406154850375,0.3048,934.9219484959156,699,1694.0512799320277
2,0.00022682292036868074,0.06754910732722635,3.027491900116503e-05,0.058706976610120275,0.08996136796282411,0.010178693380603081,0.0026411232831863862,0.027109472896059215,0.3048,934.9219478899468,605,1455.3606198419875
3,0.00022681638912302362,0.06754954315959864,3.0274994823694114e-05,0.058706989710440347,0.08996183215100452,0.010178851742729946,0.002641139380241084,0.02710912278512733,0.3048,934.9219491717168,646,1552.7925447260204
4,0.0002268181828097391,0.06754947343721775,3.0274898452207755e-05,0.058707023034859175,0.0899618264635621,0.010179219492216958,0.0026411043856531934,0.027109350538768635,0.3048,934.9219574216293,645,1545.816102443001
