,p1,p2,p3,p4,p5,p6,p7,p8,Gkr,RMSE,iterations,CPU_time
0,0.00022673754381034647,0.06758706435103727,3.0232614463779078e-05,0.05872423573278247,0.08985565666961161,0.010206517617517459,0.0026355012604360956,0.0271064154231247,0.3048,935.609860883632,533,1451.710147402002
1,0.00022674865717071558,0.06758645886346454,3.0232360012693984e-05,0.05872433566955285,0.08985309431642746,0.010205911675012773,0.002635425887596317,0.027107001388466414,0.3048,935.6098597776256,681,2496.3679518130084
2,0.00022675888490412296,0.06758527963129604,3.0232644125228305e-05,0.05872428528356872,0.08985782076660116,0.010206533771628183,0.002635581845133303,0.027106474287128385,0.3048,935.6098620358243,516,1543.8573455820006
3,0.00022674471761688337,0.06758734442813097,3.0232193266148895e-05,0.05872445046501807,0.08985494644372503,0.010206481560111278,0.0026354559873771415,0.027106665871965873,0.3048,935.6098683220662,509,1292.5450933469983
4,0.0002267446453140502,0.06758605629943432,3.0234030335267764e-05,0.058723953177817236,0.08985250745104763,0.01020657549393498,0.0026354177127250328,0.027106733494356765,0.3048,935.6098499610661,932,2452.826965664004
