,p1,p2,p3,p4,p5,p6,p7,p8,Gkr,RMSE,iterations,CPU_time,score
0,3.1879075130979272e-06,0.1062423225370973,1.0000886620755187e-07,1.2892763435843176e-06,0.00013272317492222778,0.021536667456286667,1.0000071762422762e-07,0.05665569611116663,0.054694563668492055,333266.93596945563,1863,5230.897694402,333266.93596945563
1,3.25524555173742e-05,0.0011274309197393162,5.4546670019764245e-06,0.00011079275859389987,2.790214897338104e-06,5.9871283715128834e-05,3.1154644573220585e-07,0.0012881904282701583,0.1524,,1863,,
