,a_1_a,a_1_b,b_a0_a,b_a0_b,k_b_a,a_a0_a,a_a0_b,b_1_a,b_1_b,b_a1_a,b_a1_b,a_a1_a,a_a1_b,k_f_a,g_Kr,RMSE,iterations,CPU_time,score
0,0.09085165512574113,0.023382224489878714,0.048842549316229514,0.06391244410100831,0.0366008606550327,0.023120729801463583,0.01124017511371901,0.006500703607867232,0.03268385929713085,6.885994362342362e-05,0.04178625692699539,0.013571316795101736,0.03785262914982475,0.023927433331007088,0.15238462840143013,296.4157503688205,1959,14057.051545844002,296.4157503688205
