,p1,p2,p3,p4,p5,p6,p7,p8,Gkr,RMSE,iterations,CPU_time,score
0,0.0015663537074783423,0.07928718187162388,2.2167630255275608e-05,0.05120182248193149,0.09598550443445354,0.023935206093179482,0.007051971781288561,0.03131459920013598,0.15486850369305652,719.567641161914,1308,2780.8484039990017,719.567641161914
1,0.3454045424855373,6.409803708196931e-07,1.4271795380580913e-05,2.079025895016067e-05,0.8672489390965177,4.0066400331042424e-05,1.5015589723926989e-06,0.0027852517872584462,0.1524,,1308,,
