,p1,p2,p3,p4,p5,p6,p7,p8,Gkr,RMSE,iterations,CPU_time
0,0.00037435581412348975,0.057353811659301854,3.340682048061134e-05,0.05888883688789392,0.09396271032118457,0.010184717556847217,0.0017001175683676322,0.025174287992394725,0.5126104547386644,1317.2811746205846,769,1406.602941781006
1,0.0003743880485575967,0.05735206798344241,3.34122370348526e-05,0.05888759898462832,0.09396314263038116,0.010184583664919467,0.0017001330912990438,0.025174722643339236,0.5126104547386644,1317.2812029334857,542,1009.1837427779974
2,0.00037446725082189534,0.05734836032382134,3.341219084823849e-05,0.0588875899431682,0.09396339588714384,0.010185109949320457,0.0017000984629136958,0.02517464389837855,0.5126104547386644,1317.2812012382196,881,2194.0087550769967
3,0.00037440000688237314,0.05735191043040352,3.340788462694407e-05,0.05888855934122005,0.09396440775904039,0.010184630010531574,0.0017001641811286484,0.02517411426593282,0.5126104547386644,1317.2811736176452,751,1920.270687858996
4,0.00037439046962965135,0.05735166066077128,3.340997932300539e-05,0.058887856188089505,0.09396375784846635,0.01018467792952288,0.001700166766483672,0.02517401149168988,0.5126104547386644,1317.2811730627318,704,2016.134707343008
