,p1,p2,p3,p4,p5,p6,p7,p8,Gkr,RMSE,iterations,CPU_time
0,0.00037456644195447037,0.05737213940896396,3.335016530166474e-05,0.05890044618238709,0.09406022216384649,0.010183780991383702,0.0017009314506362255,0.02517020671095246,0.5126104547386644,1316.1486281494929,584,1025.1619547760056
1,0.0003745850567265633,0.05737048388149643,3.335363081304397e-05,0.058899644873471865,0.09405842462142192,0.010184263048432817,0.0017009092026628529,0.02517021880031842,0.5126104547386644,1316.1485959007384,649,1123.6788087740133
2,0.00037462079247112517,0.05736830453876706,3.3356090798629375e-05,0.058899065868106795,0.09405667597147371,0.010184229149404561,0.0017008826710018167,0.025170530226957036,0.5126104547386644,1316.148610067525,506,871.5608639409766
3,0.0003745562465262464,0.05737180286160705,3.33531556945478e-05,0.058899698853054586,0.09405877509358254,0.010184101470208847,0.0017009061167664568,0.02517023454103176,0.5126104547386644,1316.1486040597376,870,1497.691693582019
4,0.00037455192878497583,0.0573718636228159,3.3354447094686895e-05,0.05889936033197771,0.09405522975097912,0.01018378871275991,0.001700885509595784,0.025170519524977116,0.5126104547386644,1316.1485938802246,576,993.6488453859929
