,p1,p2,p3,p4,p5,p6,p7,p8,Gkr,RMSE,iterations,CPU_time,score
0,0.0019693009641740624,0.05412268882009679,2.980249307013995e-05,0.04872333224666439,0.09609224434081025,0.023100529292904987,0.006851241773629467,0.031397476377755695,0.15783831611621515,2605.4068209054317,968,3199.6174172679985,2605.4068209054317
1,0.03056329504399356,3.615439555305644e-06,0.035981734468978496,0.0111154271541454,0.03399763587039872,0.08930864386612804,0.0006656412242466273,0.0050867882868832264,0.1524,,968,,
