,a_1_a,a_1_b,b_a0_a,b_a0_b,k_b_a,a_a0_a,a_a0_b,b_1_a,b_1_b,b_a1_a,b_a1_b,a_a1_a,a_a1_b,k_f_a,g_Kr,RMSE,iterations,CPU_time,score
0,0.09082677445566488,0.023392883965882377,0.04699604573494271,0.06302465964064609,0.03677543908574198,0.022350898412199123,0.011759979750404324,0.006495587196036814,0.03267458108109142,6.895798566463145e-05,0.041774874661828575,0.013769387464871677,0.0382005191096791,0.023720454776298184,0.15243727163042042,295.41494652556105,858,4518.349690987998,295.41494652556105
