,p1,p2,p3,p4,p5,p6,p7,p8,Gkr,RMSE,iterations,CPU_time,score
0,0.001686118499259638,0.08448606967883258,2.211984809315623e-05,0.051194335013715994,0.12148190459285131,0.026888910863127384,0.008875180686232742,0.028785273160612003,0.15466710306924175,656.7724187901091,3881,7042.125296411999,656.7724187901091
1,0.19925195348627645,0.00016335909703495843,0.23606407565505086,0.0023086071179594827,1.155029066789003e-06,0.00026261027049082845,0.48275280800874565,4.831220783766385e-07,0.1524,,3881,,
