,a_a0_a,a_a0_b,b_a1_a,b_a1_b,k_f_a,a_1_a,a_1_b,b_a0_a,b_a0_b,a_a1_a,a_a1_b,k_b_a,b_1_a,b_1_b,g_Kr,RMSE,iterations,CPU_time,score
0,0.02310291793791298,0.011175734420461558,6.890854596346596e-05,0.04177663016225923,0.023753244566000524,0.0908709971094117,0.023395220421223932,0.048413895982555445,0.06349208083282248,0.013500551786838736,0.03832022740018161,0.036286911890907526,0.0065021197394367885,0.032679040738592534,0.15238815316895266,295.92589167247166,1115,7978.365185121002,295.92589167247166
