,p1,p2,p3,p4,p5,p6,p7,p8,Gkr,RMSE,iterations,CPU_time
0,0.00022553398640534086,0.07079713702177311,3.764123397711015e-05,0.05290457772543971,0.08319196435554013,0.009086934880254667,0.005579709939344148,0.03362866413187546,0.1294655974387777,277.9683372846554,569,1018.2266473219934
1,0.00022556351851977887,0.07079397048727529,3.7644061221011314e-05,0.05290370815338175,0.08319046451541366,0.009087349617716359,0.005579503653020031,0.03362870126821577,0.1294655974387777,277.96833188481105,1092,2530.3531185890024
2,0.0002255710894460976,0.07079420426790745,3.7645423866820735e-05,0.05290347649246799,0.08319072766394184,0.009087551912295629,0.005579472733278336,0.0336287537366449,0.1294655974387777,277.96833240834934,534,1141.0892524490046
3,0.00022553197469719983,0.07079754933470286,3.764134333948051e-05,0.0529045778403985,0.0831913334989995,0.0090870646262573,0.005579579392817871,0.03362864179066958,0.1294655974387777,277.96833129167015,686,1166.8807587449992
4,0.00022556595535752605,0.07079504118635892,3.7643805517580655e-05,0.05290384129931791,0.0831922993991634,0.009087327338794648,0.005579594255275888,0.03362858396493705,0.1294655974387777,277.9683336821733,606,1031.6496553059987
