,p1,p2,p3,p4,p5,p6,p7,p8,Gkr,RMSE,iterations,CPU_time,score
0,0.0016908964226136178,0.03664203984441372,4.2920703043322597e-05,0.04594003225266002,0.09316729346362199,0.02181146463154817,0.0073526163722631155,0.02959882678547905,0.16389906528156437,1709.974896936815,1435,4338.622337428,1709.974896936815
1,6.938689436912224,1.0004912967865402e-05,1.2778410493366728,0.04038762576382716,0.08975078377568965,5.160056168667293e-06,9.311392787040507e-06,0.00017989237113368497,0.1524,,1435,,
