,p1,p2,p3,p4,p5,p6,p7,p8,Gkr,RMSE,iterations,CPU_time,score
0,56.198118867305816,0.01820687704436137,12.464807990278905,0.004033116414949214,2.6831362479765444,6.114678179491627e-07,0.2704600569100752,0.060815082813472025,0.11247345888182517,183740.15001795677,1909,9153.101572993,183740.15001795677
1,0.04432145515905122,0.007106052152206886,7.094733504590516,0.005584105503524619,0.00022940743675927983,1.6813482651504893e-05,9.136139522584587e-05,4.119419145339898e-06,0.1524,,1909,,
