,a_a0_a,a_a0_b,b_a1_a,b_a1_b,k_f_a,a_1_a,a_1_b,b_a0_a,b_a0_b,a_a1_a,a_a1_b,k_b_a,b_1_a,b_1_b,g_Kr,RMSE,iterations,CPU_time,score
0,0.021089594175022767,0.011839010115734556,6.95178253800642e-05,0.04171153632570684,0.023179651434750988,0.09103442524851742,0.023411814514100154,0.04883038807713778,0.06210723382614863,0.014803876488349167,0.03860487804674299,0.03525997805342579,0.006509451581595759,0.03264868943254662,0.15247158788001813,139.0764433034466,1124,3533.043238948001,139.0764433034466
