,p1,p2,p3,p4,p5,p6,p7,p8,Gkr,RMSE,iterations,CPU_time
0,0.00035867186901085006,0.058549134754889605,3.389245101655824e-05,0.058079138971874465,0.09095094058322865,0.009883619480213416,0.002330293051254654,0.02616970795260425,0.3624703286528294,1046.6461764173853,672,1768.9732383319933
1,0.00035864577518776423,0.0585498305153543,3.388945139051092e-05,0.05807967984979684,0.09095135966629252,0.009883352470730156,0.0023303708179101914,0.026169280274914435,0.3624703286528294,1046.6461660639357,898,2653.4126674639992
2,0.00035866694061095625,0.058549150787916227,3.389278312472293e-05,0.05807911487769843,0.09095055731522357,0.00988324208097897,0.0023303179489155773,0.02616979664621565,0.3624703286528294,1046.6461858193986,737,1420.950153459009
3,0.0003586784376341545,0.05854882847973149,3.389012506446756e-05,0.05807963512209378,0.09094937733091307,0.009883571367812578,0.0023302851264844705,0.02616944936947697,0.3624703286528294,1046.6461751707811,712,1863.9525445030013
4,0.00035862066742608687,0.05855166065296317,3.389130228107797e-05,0.05807935242815041,0.09095547989347402,0.00988379769752041,0.002330458156336073,0.0261690673891849,0.3624703286528294,1046.646161151535,610,1273.66440612101
