,a_a0_a,a_a0_b,b_a1_a,b_a1_b,k_f_a,a_1_a,a_1_b,b_a0_a,b_a0_b,a_a1_a,a_a1_b,k_b_a,b_1_a,b_1_b,g_Kr,RMSE,iterations,CPU_time,score
0,0.02197034537741732,0.012019317942543586,6.884882485417538e-05,0.04178691369861947,0.023815841393180156,0.09086514277198127,0.023386726391624126,0.046248781536944054,0.06286017852089515,0.013851144137191651,0.03817743876578393,0.03716128710448565,0.006502140782740834,0.03266758692705532,0.15241833026563065,296.84351926189464,913,5907.595349990002,296.84351926189464
