,b_1_a,b_1_b,k_b_a,b_a0_a,b_a0_b,b_a1_a,b_a1_b,k_f_a,a_a1_a,a_a1_b,a_a0_a,a_a0_b,a_1_a,a_1_b,g_Kr,RMSE,iterations,CPU_time,score
0,0.006499208906737372,0.03267246359402814,0.03683285816070011,0.048993361369777486,0.0637050027177596,6.901435151587477e-05,0.04176292898200369,0.023680473346536734,0.014041955343989072,0.03822851655354387,0.02275409053839231,0.010946633407749604,0.09083155505063162,0.023406231904813127,0.15233793792934805,138.75799731360425,1209,3973.799688737,138.75799731360425
