,a_1_a,a_1_b,b_a0_a,b_a0_b,k_b_a,a_a0_a,a_a0_b,b_1_a,b_1_b,b_a1_a,b_a1_b,a_a1_a,a_a1_b,k_f_a,g_Kr,RMSE,iterations,CPU_time,score
0,0.09083027772744826,0.023385440838681642,0.04645130924385394,0.06247796238956021,0.03719000142024931,0.022147068573053506,0.011580405829570452,0.006497633551797431,0.032673989042372335,6.876992615901583e-05,0.04179966878737513,0.013746224460356582,0.038514344782228975,0.023878574518630635,0.15242466787275835,173.92109022891904,1504,6619.521094037001,173.92109022891904
