,p1,p2,p3,p4,p5,p6,p7,p8,Gkr,RMSE,iterations,CPU_time,score
0,0.0016885743472676976,0.03667710427544965,4.2860908292296986e-05,0.04595559393316848,0.09320214244033813,0.02180180295489405,0.007355201270617382,0.02959939371371227,0.16390880254309168,1710.1925199438774,1189,3474.5226563640026,1710.1925199438774
1,0.00013419796882804062,0.07479285893925969,1.5511010164201035e-06,0.00046851136165072,1.0236083040304611e-07,0.0006167062403464085,0.13714449589345665,0.006600845218658029,0.1524,,1189,,
