,b_1_a,b_1_b,k_b_a,b_a0_a,b_a0_b,b_a1_a,b_a1_b,k_f_a,a_a1_a,a_a1_b,a_a0_a,a_a0_b,a_1_a,a_1_b,g_Kr,RMSE,iterations,CPU_time,score
0,0.006495462176330504,0.03267484626924068,0.03671972334343963,0.0469834520200266,0.06303242198933534,6.894586587831977e-05,0.04177637916282001,0.023713863965974465,0.013722251051853498,0.03817451308985729,0.022410386624995785,0.01180785453880354,0.09082641684378309,0.02339284780808188,0.15243841077724857,295.41405199081447,1298,8328.963943067,295.41405199081447
