,a_a0_a,a_a0_b,b_a1_a,b_a1_b,k_f_a,a_1_a,a_1_b,b_a0_a,b_a0_b,a_a1_a,a_a1_b,k_b_a,b_1_a,b_1_b,g_Kr,RMSE,iterations,CPU_time,score
0,0.022383350107256172,0.011829329591185862,6.853695485208886e-05,0.0418226238369072,0.02396296655486969,0.09075093665888682,0.023393085373636584,0.04486952535859465,0.06332378750688213,0.01346939396849125,0.03838956591273121,0.03786529293374456,0.006490879181652184,0.03268315785881852,0.15239861236811983,138.37255469404067,1064,3714.2760606889997,138.37255469404067
