,a_a0_a,a_a0_b,b_a1_a,b_a1_b,k_f_a,a_1_a,a_1_b,b_a0_a,b_a0_b,a_a1_a,a_a1_b,k_b_a,b_1_a,b_1_b,g_Kr,RMSE,iterations,CPU_time,score
0,0.02194310366197687,0.011973792155052662,6.883524774101654e-05,0.04178980635839178,0.02368435962993255,0.0908685704344484,0.02339028044381934,0.04627928366908543,0.0626028327166209,0.01397637739846636,0.038291667850290714,0.037125153135774296,0.00649843663009136,0.03267757722667094,0.15241303841420142,173.37770776389837,1007,4723.403505015001,173.37770776389837
