,a_a0_a,a_a0_b,b_a1_a,b_a1_b,k_f_a,a_1_a,a_1_b,b_a0_a,b_a0_b,a_a1_a,a_a1_b,k_b_a,b_1_a,b_1_b,g_Kr,RMSE,iterations,CPU_time,score
0,0.022381059477490355,0.011837045901698212,6.85484634834509e-05,0.041821298597592906,0.023943613131024586,0.0907517316307043,0.02339321574639793,0.04489824833555821,0.06331481125853941,0.013477162290735515,0.038388291898095846,0.037824847478380164,0.006490881539300637,0.03268284461273596,0.15239990453630764,138.3725534549908,1247,4168.876853171001,138.3725534549908
