,a_a0_a,a_a0_b,b_a1_a,b_a1_b,k_f_a,a_1_a,a_1_b,b_a0_a,b_a0_b,a_a1_a,a_a1_b,k_b_a,b_1_a,b_1_b,g_Kr,RMSE,iterations,CPU_time,score
0,0.022291172638374317,0.011872716752468373,6.902649931565275e-05,0.041766621583597466,0.02378661528809492,0.09076229826200477,0.02339517262013156,0.047270942452899416,0.06294184236128743,0.013863204886914785,0.03798479069269083,0.036878368740330056,0.006489194690630875,0.03268047028712197,0.1524183530695616,203.4456707582083,923,4313.70675153,203.4456707582083
