,p1,p2,p3,p4,p5,p6,p7,p8,Gkr,RMSE,iterations,CPU_time,score
0,0.0019693215398409033,0.05412285652772944,2.980277591808028e-05,0.04872307468088261,0.0960903068979721,0.023100569986807505,0.0068510790893957785,0.03139737266793453,0.15783799119985087,2605.4068084407118,1526,4781.250688563,2605.4068084407118
1,2.5265269651723277e-06,2.1864965641457544e-06,0.0009873784554718169,2.017002591806254e-07,3.5505184252412506e-06,9.241774141964653e-07,9.503832554059805e-06,3.7452909303388555e-07,0.1524,,1526,,
