,b_1_a,b_1_b,k_b_a,b_a0_a,b_a0_b,b_a1_a,b_a1_b,k_f_a,a_a1_a,a_a1_b,a_a0_a,a_a0_b,a_1_a,a_1_b,g_Kr,RMSE,iterations,CPU_time,score
0,0.006499152325769077,0.03268456284066146,0.03677688195803389,0.047608993373856205,0.06329112385920674,6.900557769634314e-05,0.04176874964923109,0.023815774152674805,0.013753583795120858,0.03797748641371427,0.022511264694025604,0.011692175591418915,0.09083899746171924,0.02338017544548105,0.15241739966321302,202.98015951053048,1141,5204.752616247995,202.98015951053048
