,a_a0_a,a_a0_b,b_a1_a,b_a1_b,k_f_a,a_1_a,a_1_b,b_a0_a,b_a0_b,a_a1_a,a_a1_b,k_b_a,b_1_a,b_1_b,g_Kr,RMSE,iterations,CPU_time,score
0,0.022650291870963107,0.011659669609096618,6.884532033243925e-05,0.04178273352909695,0.023701017029757684,0.09081180740097898,0.023392063446533887,0.04695029972268601,0.0638538126018986,0.013644464294578312,0.038231536931096675,0.03685335322351462,0.006492944828801858,0.03270281643883243,0.15237809772460492,173.78005970821914,1254,5496.788714839001,173.78005970821914
