,a_1_a,a_1_b,b_a0_a,b_a0_b,k_b_a,a_a0_a,a_a0_b,b_1_a,b_1_b,b_a1_a,b_a1_b,a_a1_a,a_a1_b,k_f_a,g_Kr,RMSE,iterations,CPU_time,score
0,0.09103237724460846,0.023411612303009185,0.0483700816426893,0.0620012124561143,0.03555263389233332,0.020903708799543654,0.012018001429352115,0.006509391814871737,0.032648918401557925,6.951759725047297e-05,0.04171170210709075,0.014870638965557001,0.03852693672670361,0.023238100176666734,0.15247004385977342,139.07647526830482,1766,5075.428474118,139.07647526830482
