,p1,p2,p3,p4,p5,p6,p7,p8,Gkr,RMSE,iterations,CPU_time,score
0,0.0019685624891312512,0.05413664813749062,2.9764336166192063e-05,0.04873920846720755,0.09612204914695999,0.023111877997950746,0.006855258688725842,0.031375184834960816,0.15788229141254503,2608.364220911341,1147,3635.046837068,2608.364220911341
1,0.010578050973813482,0.0012267584419038658,0.06719952646202465,0.0003479911088439854,6.319808626978971,1.335721641892597e-06,0.030715052347982632,0.008599368033697775,0.1524,,1147,,
