,a_a0_a,a_a0_b,b_a1_a,b_a1_b,k_f_a,a_1_a,a_1_b,b_a0_a,b_a0_b,a_a1_a,a_a1_b,k_b_a,b_1_a,b_1_b,g_Kr,RMSE,iterations,CPU_time,score
0,0.02254674866667484,0.011451641506051451,6.890087451970193e-05,0.0417771287409522,0.023802601744584366,0.09081200107879926,0.023400902016342685,0.047556441912205365,0.06305222051378626,0.013811961616207291,0.038312517901025245,0.03700669901518068,0.006495672200618767,0.03268055948593688,0.15237436949619548,172.81759241985438,879,3893.4329625070013,172.81759241985438
