,p1,p2,p3,p4,p5,p6,p7,p8,Gkr,RMSE,iterations,CPU_time,score
0,1.0000019246955396e-07,0.189650251961562,1.0000102241596505e-07,0.08922821233219849,1.000121501746592e-07,0.3528501135397328,6.725506365035828e-05,0.13762309386083502,0.3610583377829513,49944.2356437182,1917,3645.1685528360013,49944.2356437182
1,1.2363654647202315e-06,0.07326474139332105,2.4718968354812967,9.230728035038115e-06,0.00017891832855430987,0.017726156709456882,3.191096073622417e-06,1.8633620758963544e-06,0.1524,,1917,,
