,p1,p2,p3,p4,p5,p6,p7,p8,Gkr,RMSE,iterations,CPU_time,score
0,1.0433924254649544e-07,3.391219476730758e-07,1.420790034847498,0.0003051885920954273,2.4250066811392167e-06,0.0034494309215551905,0.005479598130348285,0.000888640441361029,0.15239992667661226,137591.8862901553,616,1186.644125214,137591.8862901553
1,1.0433921102469207e-07,1.9228600858779617e-07,1.4207888110822882,0.0003054000063571847,2.4250079585960426e-06,0.0034490418090213737,0.005479596004589765,0.0008888558188198311,0.1524,,616,,
