,a_1_a,a_1_b,b_a0_a,b_a0_b,k_b_a,a_a0_a,a_a0_b,b_1_a,b_1_b,b_a1_a,b_a1_b,a_a1_a,a_a1_b,k_f_a,g_Kr,RMSE,iterations,CPU_time,score
0,0.09079413490115795,0.0233951945118311,0.046946249944947234,0.06347162273642873,0.03666249136941967,0.022248564267019242,0.01175586041884793,0.006496163144033952,0.03267961802039099,6.895046303115696e-05,0.04177105248712954,0.013681892864395204,0.03831579657488497,0.023809242867901367,0.15237914922174955,173.71946908186624,1372,6440.944007061,173.71946908186624
