,a_a0_a,a_a0_b,b_a1_a,b_a1_b,k_f_a,a_1_a,a_1_b,b_a0_a,b_a0_b,a_a1_a,a_a1_b,k_b_a,b_1_a,b_1_b,g_Kr,RMSE,iterations,CPU_time,score
0,0.022125581518054983,0.011993910695880019,6.88725051326875e-05,0.041782861803359335,0.023766097607053997,0.090749304443857,0.02339614865405138,0.04617977752653898,0.06285206981976289,0.013645357909393613,0.03827190341113489,0.03664606930253739,0.006488018673498407,0.032692849606006984,0.15237965486777671,202.7399069066153,1428,7242.702136367003,202.7399069066153
