,b_1_a,b_1_b,k_b_a,b_a0_a,b_a0_b,b_a1_a,b_a1_b,k_f_a,a_a1_a,a_a1_b,a_a0_a,a_a0_b,a_1_a,a_1_b,g_Kr,RMSE,iterations,CPU_time,score
0,0.0064950901601897315,0.03267744047201869,0.03745650757815333,0.045726044958409894,0.06255864875224858,6.900971690408603e-05,0.04176762594376626,0.023697714824415978,0.014034336600444623,0.03811079957779023,0.021708353250109218,0.012335069545218357,0.09077631770663457,0.023393170309067637,0.15239401795762436,295.8990643984602,1096,7697.425909302001,295.8990643984602
