,p1,p2,p3,p4,p5,p6,p7,p8,Gkr,RMSE,iterations,CPU_time,score
0,2.594258684529643e-06,0.1878015863209396,0.00011492570006722981,0.03705920943757857,1.0000119452759345e-07,0.33762281667210764,4.810635602271138e-05,0.06908607338974075,0.16689735233803096,33092.91075905246,1515,3105.794726622,33092.91075905246
1,1.092799904435649e-07,2.9804087858467757e-06,0.07363258320684925,0.026456509209043435,9.658731347284599e-05,0.012286246995012105,3.1190728828030165e-06,0.00047825266300551206,0.1524,,1515,,
