,p1,p2,p3,p4,p5,p6,p7,p8,Gkr,RMSE,iterations,CPU_time
0,0.00023062781560926555,0.06985252654353662,2.3413343463352185e-05,0.06128030511657596,0.09607414865658671,0.009077105322574839,0.00210737421299543,0.024501641599875796,0.43105229381131943,1148.5366521735234,569,1698.9539814790041
1,0.0002306289007017416,0.0698507299563968,2.3416673729374716e-05,0.06127938044917945,0.09607188054368711,0.009077171953511787,0.0021073875245850417,0.024501549509019224,0.43105229381131943,1148.5365790535352,842,2514.6436496209935
2,0.0002306424269799155,0.0698526299685447,2.3422354707203676e-05,0.06127716379434862,0.09606955263988523,0.009078285980698401,0.0021072448990353382,0.02450148455076388,0.43105229381131943,1148.5365981017305,930,2780.347013690989
3,0.00023062808183919468,0.06985212925747077,2.341699783836036e-05,0.061279333637590305,0.09606874383686766,0.009078255214369614,0.0021072900740577334,0.02450109982104466,0.43105229381131943,1148.5366003136492,718,2176.268348558995
4,0.00023058270845467387,0.06985413885432766,2.3421591053134463e-05,0.061277360295034236,0.09606992445266925,0.009078001869424663,0.0021073941787650204,0.024501242618461847,0.43105229381131943,1148.5366240189178,826,2242.6963218419987
