,p1,p2,p3,p4,p5,p6,p7,p8,Gkr,RMSE,iterations,CPU_time
0,0.0002299961121534805,0.06991675382628114,2.3447772941415605e-05,0.06127437005663477,0.09598049885877093,0.009085040255432797,0.002104536929201343,0.024509832557411515,0.43105229381131943,1146.1121266369819,898,1489.9894878299965
1,0.00022999415873173294,0.06991727165506317,2.3448714053043212e-05,0.061273892596533396,0.09598053158156584,0.009084826198070018,0.0021045699279939782,0.02450960096734265,0.43105229381131943,1146.112127627695,676,1112.4996289130067
2,0.00022999512646076066,0.06991711492222702,2.344799675082497e-05,0.06127421107738635,0.09597746839375876,0.009085419820479956,0.0021044885913716017,0.024509153818994416,0.43105229381131943,1146.1122170954702,575,947.0876656959881
3,0.0002301077850874885,0.06990857007011392,2.3449044159583923e-05,0.06127417933221935,0.09597799876314501,0.009084865896853036,0.0021045216742747353,0.024509555835807505,0.43105229381131943,1146.1121463004472,608,1018.0912820360099
4,0.00023003135470935752,0.06991354016337491,2.3445737019434296e-05,0.061275048051789176,0.09597716479098102,0.009084901985510218,0.002104450063393773,0.024509764522263302,0.43105229381131943,1146.1121904862534,664,1114.9376352770196
