,p1,p2,p3,p4,p5,p6,p7,p8,Gkr,RMSE,iterations,CPU_time,score
0,0.0016147330314946265,0.07291857435113644,1.9063531695320103e-05,0.052286448140963414,0.11008854476511035,0.02316197636253178,0.008878426267696544,0.029415804740865154,0.1530130119994537,2974.6644684960233,1364,7066.900915234997,2974.6644684960233
1,0.01314928168230574,0.12618616117475967,0.0031819021495747037,0.0010637829777050052,2.593603276594984,0.0036702813849148835,5.993845609721478e-05,0.00038695759853991013,0.1524,,1364,,
