,a_1_a,a_1_b,b_a0_a,b_a0_b,k_b_a,a_a0_a,a_a0_b,b_1_a,b_1_b,b_a1_a,b_a1_b,a_a1_a,a_a1_b,k_f_a,g_Kr,RMSE,iterations,CPU_time,score
0,0.09090372618591662,0.023392684245334142,0.05288948715584063,0.06426168475424544,0.034149149636080706,0.02381590929195042,0.010257041283708735,0.006500775102280642,0.03268782258518031,6.941215113662854e-05,0.041716221256427204,0.01362928904740429,0.03821492699701168,0.023371323988974377,0.1524186213265148,138.1885746320788,1926,6117.370096925999,138.1885746320788
