,a_a0_a,a_a0_b,b_a1_a,b_a1_b,k_f_a,a_1_a,a_1_b,b_a0_a,b_a0_b,a_a1_a,a_a1_b,k_b_a,b_1_a,b_1_b,g_Kr,RMSE,iterations,CPU_time,score
0,0.02375970905052908,0.010276444616207721,6.941060235197624e-05,0.04171629709782131,0.023352213247054467,0.09090528326168926,0.02339321152609681,0.05278367301024413,0.06420964581835495,0.013652308526829785,0.03825190811014704,0.03415734327246431,0.006500863305709897,0.03268738959743368,0.1524181527787275,138.1885785198737,1372,4806.928095921998,138.1885785198737
