,a_a0_a,a_a0_b,b_a1_a,b_a1_b,k_f_a,a_1_a,a_1_b,b_a0_a,b_a0_b,a_a1_a,a_a1_b,k_b_a,b_1_a,b_1_b,g_Kr,RMSE,iterations,CPU_time,score
0,0.021946790715318076,0.012007825625108002,6.885841972016789e-05,0.04178290111127535,0.023693397087479678,0.09082351388181163,0.023397140448691386,0.04604802333048808,0.06302823361598707,0.013776801241250232,0.03830262089712898,0.03680102607429135,0.00649841353657501,0.03267767120986784,0.15237072488869194,203.23388066744744,1198,5541.889440377,203.23388066744744
