,p1,p2,p3,p4,p5,p6,p7,p8,Gkr,RMSE,iterations,CPU_time
0,0.00019950450065670333,0.09269234283069677,2.30524763347692e-05,0.05126580643864804,0.08002999663544841,0.015199424815874362,0.018409794333049376,0.03648488853341353,0.045308791081603676,2001.971045028711,531,750.7452861310012
1,0.0001995078596358183,0.09268510711939945,2.3056267192135656e-05,0.05126468695188603,0.07997935806367816,0.015192402065819214,0.018398254019511066,0.03649227498676724,0.045308791081603676,2001.9710415788809,625,1089.530191654001
2,0.0001995076865783465,0.09269442704288673,2.3054916531596752e-05,0.05126481343818441,0.07999595587619092,0.015185820310792445,0.01840167360084955,0.03649849973282887,0.045308791081603676,2001.9710337501995,1022,1947.6119707280013
3,0.0001995123456247992,0.09269231244327407,2.3054734951588093e-05,0.051265426364253255,0.07999787655104933,0.015183684477343615,0.018402830805928305,0.03649922325692806,0.045308791081603676,2001.971049658436,706,1455.089221309001
4,0.00019951076829225904,0.092697108638676,2.3058562077067912e-05,0.05126429162016872,0.07998304476305781,0.015192864691993426,0.018398838956544674,0.03649313369235048,0.045308791081603676,2001.9710278144998,831,1724.076154587001
