,p1,p2,p3,p4,p5,p6,p7,p8,Gkr,RMSE,iterations,CPU_time,score
0,0.0016897806019004554,0.03664253691730581,4.294262095053613e-05,0.045932622625379,0.09318859073752199,0.02181173100266783,0.0073512217467657705,0.029617678796168254,0.1638674453394312,1711.9140975982348,1071,3154.8818297549988,1711.9140975982348
1,2.9128391641755713,1.5458406246658484e-06,1.5303044919716589e-06,4.826377105783901e-07,0.6730288219094868,0.001401994342231027,2.9377085517034935e-06,0.0015657298003376834,0.1524,,1071,,
