,p1,p2,p3,p4,p5,p6,p7,p8,Gkr,RMSE,iterations,CPU_time,score
0,0.0019697601704095047,0.05414820952994758,2.981625676660541e-05,0.048724244919300136,0.09613854475005365,0.023124105165133118,0.006851201351542187,0.031387896732550095,0.15786539537041808,2603.0552462520977,1577,5121.549179087,2603.0552462520977
1,2.2235482831558546e-07,1.1454851755913853e-07,1.1656613830069478,0.007094044425906698,0.027628519824760632,0.0006646652694753891,0.4783386961151853,0.0013492945087922863,0.1524,,1577,,
