,p1,p2,p3,p4,p5,p6,p7,p8,Gkr,RMSE,iterations,CPU_time
0,0.00022621818357031597,0.06806028566100453,3.095795754426042e-05,0.057948057228599435,0.08925094410817362,0.009900587615591313,0.003124065863470994,0.027887285546679016,0.2563052273693322,754.9033855730289,642,1578.8390319000173
1,0.0002262133813099036,0.06805962376806893,3.0957826695092016e-05,0.05794817639164963,0.08923949337434184,0.00990167872381133,0.0031235636350473543,0.027887583324467738,0.2563052273693322,754.903407682322,727,1787.7185487670067
2,0.0002262134650269549,0.06806039520263592,3.09585109866421e-05,0.05794780384554261,0.08925158822789242,0.00990052146903771,0.0031241762269039624,0.027886838674900286,0.2563052273693322,754.9033874801411,491,1203.2649369880091
3,0.00022622565769812996,0.06805860368059025,3.0960963547254044e-05,0.05794731103032417,0.0892387126415701,0.009901618727463719,0.0031235952766158342,0.027887425384394027,0.2563052273693322,754.9034011991716,742,1834.796119524981
4,0.00022621845783630672,0.06805978471266627,3.095832628763607e-05,0.05794798087927212,0.0892510697115795,0.009900203870626666,0.0031241033537140377,0.027887375281201388,0.2563052273693322,754.9033864553742,689,1685.2461245250015
