,p1,p2,p3,p4,p5,p6,p7,p8,Gkr,RMSE,iterations,CPU_time
0,0.0002264511357185857,0.06801692529794362,3.095004988105669e-05,0.05795037460852675,0.08920326824341465,0.009902257187758121,0.003122484403616892,0.027886746252522132,0.2563052273693322,752.7214659446129,491,1258.4602045640058
1,0.00022644080748942126,0.0680182362320863,3.0949504630022154e-05,0.05795055903042773,0.08920283982131623,0.009902414313037868,0.003122427929676577,0.02788688628355619,0.2563052273693322,752.721463800629,505,2067.4545872320014
2,0.0002264448530405816,0.06801852363176965,3.0950472469648156e-05,0.05795015729846598,0.08921024878813587,0.009902196880356704,0.003122776051501592,0.02788617168077063,0.2563052273693322,752.7214536048903,604,2575.8833964599908
3,0.00022645729394593175,0.06801591886317372,3.095095188770715e-05,0.05795024846578374,0.08920232802220875,0.009902553936761734,0.0031224220415006056,0.0278868787604341,0.2563052273693322,752.7214722899795,455,2066.242279732003
4,0.00022644869062566999,0.06801752412137237,3.0949837022511053e-05,0.057950451059071914,0.08920318949659808,0.009902127014569084,0.003122489286920827,0.027886704935848678,0.2563052273693322,752.7214644498812,566,2568.8038491960033
