,b_1_a,b_1_b,k_b_a,b_a0_a,b_a0_b,b_a1_a,b_a1_b,k_f_a,a_a1_a,a_a1_b,a_a0_a,a_a0_b,a_1_a,a_1_b,g_Kr,RMSE,iterations,CPU_time,score
0,0.0064965159582778065,0.032683604116942815,0.036479241136221904,0.04729830554281175,0.06332849406000829,6.890782463871212e-05,0.041774967593851936,0.023799935606182588,0.0135862469267609,0.03806961681522975,0.022547683532482474,0.011714827563794902,0.09081873924344012,0.02338645154461921,0.15239682614846337,174.58113591829834,1123,4841.0614586619995,174.58113591829834
