,a_a0_a,a_a0_b,b_a1_a,b_a1_b,k_f_a,a_1_a,a_1_b,b_a0_a,b_a0_b,a_a1_a,a_a1_b,k_b_a,b_1_a,b_1_b,g_Kr,RMSE,iterations,CPU_time,score
0,0.023121491758908316,0.011239743182082833,6.885920584591169e-05,0.04178634173379903,0.023927066814657026,0.09085190031135862,0.02338228885785663,0.048841755817981225,0.06391215663482902,0.013570509751068285,0.037854017820441704,0.036599025730892035,0.006500719744970309,0.032683773257271835,0.15238467698059371,296.4157512014632,1082,7680.286680929999,296.4157512014632
