,p1,p2,p3,p4,p5,p6,p7,p8,Gkr,RMSE,iterations,CPU_time,score
0,0.0016145543850686868,0.07289036453071801,1.9054105903881612e-05,0.05228713497503015,0.11006055707300172,0.02316055935368308,0.008877945248190017,0.029425754853814354,0.15295046260081718,2963.759664611278,1205,6067.764063642,2963.759664611278
1,0.08777305907686576,0.0022214099208531417,0.0003651713097752421,0.001399583803326013,0.05574104243264451,2.496485332467783e-05,0.007636303935595062,2.935469554430355e-07,0.1524,,1205,,
