,p1,p2,p3,p4,p5,p6,p7,p8,Gkr,RMSE,iterations,CPU_time
0,0.0002273054391500284,0.066757217927804,2.9346998413392936e-05,0.059836519175594814,0.09163162512376127,0.010571161136223348,0.0018915669262516695,0.026036658496439498,0.43105229381131943,1228.7304244662469,751,1818.944548252999
1,0.00022730882318439867,0.06675697497110737,2.9348339137609296e-05,0.059836085581959894,0.0916339908256132,0.010571218887004016,0.0018916639791427745,0.02603624781522688,0.43105229381131943,1228.730404879873,536,1299.2324807870027
2,0.00022733150631036958,0.06675473327528321,2.9348475455742307e-05,0.05983628201549988,0.09163363633585352,0.010571038772889587,0.0018916102330659914,0.026036868105281934,0.43105229381131943,1228.7304102517164,737,1788.4536196500121
3,0.00022730877732183403,0.0667553380089465,2.9347755058549917e-05,0.059836333321122384,0.09163719308274104,0.010571356987191808,0.0018917294762532692,0.02603606674228167,0.43105229381131943,1228.730431356291,494,1198.8682843929855
4,0.00022734270515133072,0.06675286543977263,2.935017163962638e-05,0.059835784870469144,0.09162660134965753,0.010571545164712643,0.001891469258137962,0.026036947361969497,0.43105229381131943,1228.7304374511248,753,1826.833738635003
