,p1,p2,p3,p4,p5,p6,p7,p8,Gkr,RMSE,iterations,CPU_time,score
0,0.0016860781143326667,0.08445449813283555,2.2101986681346148e-05,0.05119442118156125,0.12137091352035634,0.02688015320331172,0.008873566544208853,0.02879787537059351,0.15454334118426866,654.9818293342944,1775,3366.4757434109997,654.9818293342944
1,0.8669702543213471,0.008595681148056257,0.1264427944921868,7.974993767596072e-05,2.8591013235109797e-05,0.0001463099278317576,1.678466213674362,4.636551301398838e-06,0.1524,,1775,,
