,b_1_a,b_1_b,k_b_a,b_a0_a,b_a0_b,b_a1_a,b_a1_b,k_f_a,a_a1_a,a_a1_b,a_a0_a,a_a0_b,a_1_a,a_1_b,g_Kr,RMSE,iterations,CPU_time,score
0,0.006498458495893836,0.03267754317342937,0.03712261863821699,0.046273668864067266,0.0625981615963978,6.883467197028116e-05,0.041789887320967056,0.023681766144103278,0.013976956587728297,0.03829406067882839,0.021940121099210282,0.01197784777237523,0.09086889241999675,0.02339030564649356,0.1524129500638846,173.37770628403933,1508,4548.8113387779995,173.37770628403933
