,a_1_a,a_1_b,b_a0_a,b_a0_b,k_b_a,a_a0_a,a_a0_b,b_1_a,b_1_b,b_a1_a,b_a1_b,a_a1_a,a_a1_b,k_f_a,g_Kr,RMSE,iterations,CPU_time,score
0,0.09065996770296215,0.023382444695400104,0.04599907170100846,0.06332512322323387,0.03675252643555078,0.02314123531523947,0.011782924662963046,0.006490100542208952,0.032700548261807315,6.859513913828933e-05,0.041807215110957856,0.013121041050151685,0.03837431418813589,0.0237390659699112,0.15230907952771994,138.47987449854529,1235,3894.874696762,138.47987449854529
