,p1,p2,p3,p4,p5,p6,p7,p8,Gkr,RMSE,iterations,CPU_time
0,6.915779384772208e-05,0.09664879912112952,2.473850610065281e-05,0.05334168452973926,0.076728446974227,0.00995034377158922,0.008516503744230516,0.03833356677926232,0.0762,3058.963755086211,534,1481.2732120059954
1,6.915561161862563e-05,0.09664850942740413,2.4737577465563967e-05,0.05334222654753171,0.07672091835394287,0.009950351309735556,0.008515704240800682,0.038333401612267656,0.0762,3058.9637139567635,1176,3736.220356071004
2,6.914506813171485e-05,0.09665177015985592,2.4737094590980685e-05,0.053342291158765265,0.07671870724379082,0.009951092379555711,0.008515145283043328,0.03833380759864964,0.0762,3058.9637168439126,1048,3313.5303843360016
3,6.914257356663555e-05,0.09665330829971376,2.4734387010827964e-05,0.053343180906308865,0.07674434387903502,0.009946961651494309,0.008517701445123904,0.03833761291827789,0.0762,3058.9636350342857,641,1922.2520325359947
4,6.913691216706262e-05,0.09665447917371744,2.4733361910205226e-05,0.05334363679643342,0.0767420253278056,0.009947055176531518,0.008517316185668802,0.03833810717300215,0.0762,3058.9636438300954,925,2573.225020893995
