,p1,p2,p3,p4,p5,p6,p7,p8,Gkr,RMSE,iterations,CPU_time,score
0,0.0016135566309900108,0.07286232004480069,1.9078608503083356e-05,0.0522786754278959,0.11006856533094952,0.023167602062570628,0.00887942522034494,0.029416140403462843,0.1529722654804487,2972.3813751735697,1609,7631.583350788,2972.3813751735697
1,0.00028556089267314913,9.964027472159822e-07,2.808628385134444e-07,8.688743101592764e-06,0.002551730558169906,2.79268341708652e-06,2.3297007172328225e-06,3.062295796950542e-05,0.1524,,1609,,
