,p1,p2,p3,p4,p5,p6,p7,p8,Gkr,RMSE,iterations,CPU_time
0,5.990584153522319e-05,0.09962958346065544,2.14365149810183e-05,0.05361357034504508,0.0708872898406323,0.010456588873531654,0.009517668779875827,0.0402781444787093,0.06407630684233305,4881.96249513847,788,2583.9430475130066
1,5.9915362529073396e-05,0.09962681983121482,2.1437495429376606e-05,0.053612868607591284,0.07089067529448177,0.010456389045937759,0.00951769591155103,0.040278290193824506,0.06407630684233305,4881.962593009197,603,2013.317092230005
2,5.990920010189227e-05,0.09962839162209544,2.143655019807944e-05,0.05361324502961382,0.07088935734926036,0.010456429881295528,0.009517711052715505,0.04027829878332101,0.06407630684233305,4881.962598854357,507,1660.292262515999
3,5.98848033477263e-05,0.09963711974022355,2.1438538201619075e-05,0.05361246044022593,0.07088577079629033,0.01045583555603297,0.009517125806854147,0.040278791975111035,0.06407630684233305,4881.962602158508,751,2442.0427117100044
4,5.9896342192275875e-05,0.09963424553090046,2.1435817003181228e-05,0.05361369987411634,0.07088715051672011,0.010456777141897789,0.009517331577540492,0.040278247117664485,0.06407630684233305,4881.962559170919,907,2956.999986882991
