,p1,p2,p3,p4,p5,p6,p7,p8,Gkr,RMSE,iterations,CPU_time
0,0.00021568626661168353,0.06410107515341978,3.2100951585638704e-05,0.0565819944818713,0.08857235107479053,0.009260819716018075,0.003917097047796747,0.028979313450269748,0.21552614690565972,193.01505543014946,565,1249.3322638690006
1,0.00021566948241341584,0.06410243885288158,3.210173677401657e-05,0.05658179941222338,0.08857173371523341,0.009260996955643605,0.003917106826484986,0.02897958752648355,0.21552614690565972,193.01505058753705,765,1813.4917572699924
2,0.00021567767010581508,0.06410254695015764,3.210216510934688e-05,0.05658187713803493,0.08857048308512469,0.009260832964541702,0.003917025104595862,0.028979653928897002,0.21552614690565972,193.01505092889428,944,1548.1160746759997
3,0.00021568741339659972,0.06410305869652426,3.21003994689772e-05,0.0565822573572732,0.08857344717412806,0.009261113996917631,0.003917030540442056,0.028979215263152787,0.21552614690565972,193.01505037993675,646,1490.8571815979958
4,0.00021568036208387316,0.06410392468796014,3.209897432738598e-05,0.05658281049275166,0.08857099877838595,0.009260713407574213,0.003916912067900324,0.028979390009076025,0.21552614690565972,193.01504075112882,1392,3218.354764004005
