,p1,p2,p3,p4,p5,p6,p7,p8,Gkr,RMSE,iterations,CPU_time,score
0,0.0016844791050578457,0.08446182183030104,2.2112952226676173e-05,0.05119537637968699,0.12153575490173621,0.02687497371461988,0.00887832705776725,0.028797195732212955,0.15464981282121834,652.3532113383847,1588,2909.5174667129995,652.3532113383847
1,2.277242527192959e-06,0.0009545913819690161,0.0647443387611749,0.021713709771001597,5.877253262340318e-07,4.911359313887761e-05,0.0006589401953216508,2.414660979798597e-05,0.1524,,1588,,
