,p1,p2,p3,p4,p5,p6,p7,p8,Gkr,RMSE,iterations,CPU_time
0,0.00019826298089011614,0.05749834693343505,2.8714890803792137e-05,0.05958933544152243,0.09076119548752003,0.009674611647133737,0.001842930262502195,0.02552506518431267,0.5126104547386644,381.9921980637912,594,1335.7866058190048
1,0.00019826409792591363,0.05749598608799142,2.871306658473143e-05,0.059589539826986705,0.090761291206577,0.009674943351262585,0.0018429788070656117,0.02552459399824885,0.5126104547386644,381.99209588199005,888,2011.3755470950055
2,0.00019829233135267287,0.05749396631004399,2.87120189053594e-05,0.05959022041852908,0.09076276228030292,0.009674980637597846,0.0018428692387560787,0.025525533743715186,0.5126104547386644,381.99217484373685,668,1482.561392173986
3,0.0001983045328759647,0.05749138738363292,2.8714273844717207e-05,0.05958948109231693,0.09076440477773436,0.00967551867055673,0.0018429085468499179,0.025525664138804766,0.5126104547386644,381.99220186441073,635,1408.1360361359984
4,0.0001982654805415357,0.05749890837614092,2.8712601025549657e-05,0.05959019691605319,0.09075813336758252,0.009674687444330489,0.0018428414665747018,0.0255255346201867,0.5126104547386644,381.9921550671753,467,1011.4892337600031
