,a_a0_a,a_a0_b,b_a1_a,b_a1_b,k_f_a,a_1_a,a_1_b,b_a0_a,b_a0_b,a_a1_a,a_a1_b,k_b_a,b_1_a,b_1_b,g_Kr,RMSE,iterations,CPU_time,score
0,0.022282711916514916,0.011747550631470765,6.882088075843006e-05,0.04179201506046928,0.023760577423604524,0.09084633074006876,0.023376688259045514,0.047170123245178254,0.0633068024175567,0.013795386462853302,0.03814391928796078,0.03682372467496069,0.0065007491854247226,0.03268596261875536,0.15240716581490063,202.5291762202515,1420,7020.618924581002,202.5291762202515
