,p1,p2,p3,p4,p5,p6,p7,p8,Gkr,RMSE,iterations,CPU_time,score
0,0.00161362895707386,0.07290216148693493,1.904910528428915e-05,0.05229179663915189,0.1102165479265315,0.023162333895188878,0.008890997905816359,0.029419375368648967,0.1529641413358637,2966.6571279740742,1319,6826.348091617001,2966.6571279740742
1,1.3721374644662253e-06,0.19811982887673776,6.14749067647809e-07,0.011475150052891849,0.2652674707380824,1.5632109626461923e-07,0.021180833991713076,0.0005863188549525949,0.1524,,1319,,
