,p1,p2,p3,p4,p5,p6,p7,p8,Gkr,RMSE,iterations,CPU_time,score
0,0.0016152348766961646,0.0728959605943967,1.905738297146262e-05,0.052289583268730726,0.11025480372742266,0.023169092967850264,0.008890629282573658,0.029412054981300426,0.1530031322270713,2966.618808479511,1381,6634.646456429001,2966.618808479511
1,2.70865621960572e-05,1.5209613756692342e-07,0.000517365879444849,1.966447098804763e-06,0.0004967090107786486,0.021386220104534483,5.615454450641946e-05,0.0009332892796871166,0.1524,,1381,,
