,p1,p2,p3,p4,p5,p6,p7,p8,Gkr,RMSE,iterations,CPU_time,score
0,0.001614255854909335,0.07288259918811633,1.9047679842846873e-05,0.052293138705995154,0.11016362297930758,0.02316334995017876,0.008885166989826878,0.02940874135408959,0.15302234074606194,2966.027400661358,1092,5327.4367698589995,2966.027400661358
1,7.78900869762042e-05,0.00047495063467975756,0.001141137791580666,7.760532825008089e-06,0.0020369202290003684,0.00038157168917227804,4.382642832622001e-07,0.027775247627540085,0.1524,,1092,,
