,p1,p2,p3,p4,p5,p6,p7,p8,Gkr,RMSE,iterations,CPU_time
0,0.00022417505829749784,0.06967347922479818,2.8156666126021668e-05,0.057936441659172576,0.09275818285963823,0.008874272020868892,0.004031868339434608,0.02797607794052609,0.21552614690565972,424.34521090632666,562,1095.519010633012
1,0.00022421186353479712,0.06966994388404364,2.8158680474145033e-05,0.05793577862001415,0.09275677495777794,0.008874371700764846,0.004031745973491707,0.02797628229411824,0.21552614690565972,424.34522489876747,659,1371.5965131309931
2,0.00022420228394022957,0.06967104313483576,2.8155779555521268e-05,0.05793658748268296,0.09275805132802109,0.00887423941660757,0.004031851346734362,0.027975976445036087,0.21552614690565972,424.34521968703973,625,1117.5412038440118
3,0.00022419994109524499,0.0696717404609362,2.8157011350374133e-05,0.0579362466734487,0.0927569219047168,0.008873967380776919,0.004031784356050527,0.027976233632141786,0.21552614690565972,424.34522579462,524,931.9120890320046
4,0.00022419729805875832,0.06967083791167297,2.8156260660281045e-05,0.057936499204677326,0.09276070133998224,0.00887430489518586,0.004032001863302922,0.027976189125472634,0.21552614690565972,424.3452219301233,630,1122.9329837139812
