,p1,p2,p3,p4,p5,p6,p7,p8,Gkr,RMSE,iterations,CPU_time,score
0,0.0016154377761923148,0.07287306494491533,1.9049074407413702e-05,0.05229061372096145,0.1101148910336872,0.023157548988931423,0.00888122113666656,0.02942702738986928,0.15297647785714746,2969.5962470759596,1645,7430.665583839,2969.5962470759596
1,9.04450552510297e-06,1.6558036468685099e-06,1.7161120589817242e-07,0.0014494365511535483,0.002935878382787975,7.5082669099653456e-06,7.822600181935815e-06,1.2969788769830085e-05,0.1524,,1645,,
