,a_a0_a,a_a0_b,b_a1_a,b_a1_b,k_f_a,a_1_a,a_1_b,b_a0_a,b_a0_b,a_a1_a,a_a1_b,k_b_a,b_1_a,b_1_b,g_Kr,RMSE,iterations,CPU_time,score
0,0.02258241699585631,0.01177259757715471,6.879759953180746e-05,0.04179245681012093,0.023600650436170222,0.0908122941759641,0.02339584204611659,0.04645970717789523,0.06329978377591047,0.013635357527913916,0.03841920796390529,0.03695257604942308,0.0064976212712129925,0.03266661464669147,0.15242661398360996,173.65713740591772,1542,6190.949201114001,173.65713740591772
