,p1,p2,p3,p4,p5,p6,p7,p8,Gkr,RMSE,iterations,CPU_time
0,0.00022534767294610724,0.07446946293979634,3.613986355333159e-05,0.05345912502096563,0.08630755515237769,0.009250601835116917,0.0060079339962227155,0.03265363376865526,0.1294655974387777,157.97027477525836,698,1309.643389629011
1,0.00022534571281162673,0.07447009723319223,3.614064790820805e-05,0.05345890184640936,0.08630757367816277,0.009250521883233666,0.0060079757067056875,0.03265358841181143,0.1294655974387777,157.9702734769081,1016,1775.132455362007
2,0.0002253484051368531,0.07446892971843783,3.613962170591143e-05,0.05345919094644099,0.08630906552302121,0.009250614250647358,0.006008038771118921,0.032653466679914984,0.1294655974387777,157.970274450838,570,675.4840740570071
3,0.00022534677436239438,0.07446927619956728,3.613933734486637e-05,0.05345925732118215,0.08630711544828251,0.009250452545236614,0.006007916503734085,0.03265361385066189,0.1294655974387777,157.9702749720691,575,1037.0485958310019
4,0.00022534124268412203,0.07447001535019215,3.61403163666756e-05,0.05345901801531712,0.08630710751553196,0.009250475368546661,0.006007909973325384,0.0326537424693955,0.1294655974387777,157.97027410382157,723,1272.720021628993
