,p1,p2,p3,p4,p5,p6,p7,p8,Gkr,RMSE,iterations,CPU_time,score
0,37.56692008007025,0.004568395913986881,0.00044602839801288004,0.0923596721494072,0.6037909329512852,1.985847708764937e-07,0.10003141378120195,0.05894764764305595,0.06089858945651206,181625.50203426063,1321,5763.132567482999,181625.50203426063
1,8.572883981199638,0.00016947237506358107,5.244636621305791e-06,0.0861934916966553,2.1209220206613154e-05,0.0011586255468837836,0.22755722044977197,1.5573211017866067e-07,0.1524,,1321,,
