,a_a0_a,a_a0_b,b_a1_a,b_a1_b,k_f_a,a_1_a,a_1_b,b_a0_a,b_a0_b,a_a1_a,a_a1_b,k_b_a,b_1_a,b_1_b,g_Kr,RMSE,iterations,CPU_time,score
0,0.021938980706394894,0.011978776158302555,6.883498909765188e-05,0.04178980777790728,0.02368120267122743,0.09086917313276321,0.023390339807795795,0.04627354302179629,0.06259749890882589,0.013978056586089336,0.03829376055725839,0.03712370007436463,0.0064984829790482555,0.032677464401895236,0.15241295369841681,173.37770736376717,900,3942.7394841389996,173.37770736376717
