,p1,p2,p3,p4,p5,p6,p7,p8,Gkr,RMSE,iterations,CPU_time,score
0,0.0016915729973056395,0.03668042254299371,4.2978181834152066e-05,0.045926021993280004,0.09314862992928936,0.021813448316235773,0.007352711384544909,0.029599824124818208,0.1638636072868948,1714.336578680109,1431,4060.9658481829993,1714.336578680109
1,6.205362524186839,2.0829702241016814e-07,0.006547389084412484,0.014887262192177645,6.199073785627726e-06,0.00017131793309396067,0.0039670854014832516,0.004813870048777279,0.1524,,1431,,
