,a_a0_a,a_a0_b,b_a1_a,b_a1_b,k_f_a,a_1_a,a_1_b,b_a0_a,b_a0_b,a_a1_a,a_a1_b,k_b_a,b_1_a,b_1_b,g_Kr,RMSE,iterations,CPU_time,score
0,0.023390982328146213,0.010346691998372032,6.952563640033359e-05,0.041707920931746925,0.023240684909131643,0.09091980297626329,0.02341086930849261,0.05417777638838464,0.06402960322575728,0.014119914430671916,0.038042681027956736,0.03386770242123847,0.006507240092570939,0.03264852250370052,0.1523834169851723,138.52859972165368,1287,4191.818039155,138.52859972165368
