,p1,p2,p3,p4,p5,p6,p7,p8,Gkr,RMSE,iterations,CPU_time,score
0,0.0016154416676448272,0.07287294722304653,1.9048502464440753e-05,0.05229090962119676,0.1101138603657929,0.023157020029780033,0.008881082904071474,0.029427430175023455,0.15297709831637615,2969.5962456660773,1383,3365.8550372380014,2969.5962456660773
1,0.00011850542897522573,0.00013395687362357592,6.534281465505491e-06,0.002079807278718906,3.6322779463623812e-06,5.273259330292103e-05,7.484111406228979e-06,0.004277375349420579,0.1524,,1383,,
