,p1,p2,p3,p4,p5,p6,p7,p8,Gkr,RMSE,iterations,CPU_time
0,0.00023356239848881205,0.06990366880075215,2.265747700125363e-05,0.062012451594914524,0.09693643974112082,0.009058035864274543,0.0015008160359015615,0.023735425173894414,0.6096,1403.1719635932982,523,1149.7416973219952
1,0.0002336070612151954,0.06989942341988983,2.2657114284285194e-05,0.06201280682886644,0.09693734057442258,0.009057730731580277,0.001500813801408705,0.023735823116390217,0.6096,1403.1719822946905,776,1609.4068785199925
2,0.0002335644843925522,0.06990169451837727,2.2654084166722183e-05,0.062013716270041125,0.09693722555035454,0.009056523595543604,0.0015008421954528157,0.023736089491245803,0.6096,1403.1720154528346,703,1280.974451136004
3,0.00023356973687472005,0.06990431628637277,2.2659397636103455e-05,0.06201189086675058,0.0969332208568013,0.009057905851771623,0.0015007489051338642,0.02373580281488273,0.6096,1403.1719668419444,673,1227.181945742006
4,0.00023339876508492264,0.06991506410113534,2.2650131867032957e-05,0.06201532631488504,0.09693620188763225,0.009055469375761157,0.0015008536749318354,0.023736293700204008,0.6096,1403.1721735237875,689,1330.0135392780066
