,p1,p2,p3,p4,p5,p6,p7,p8,Gkr,RMSE,iterations,CPU_time
0,6.929076687914647e-05,0.09663177713829757,2.4893167464985096e-05,0.053324529940891256,0.07678658627298894,0.009928819061536292,0.008455355015932389,0.03830520213433632,0.07664514235271616,3000.2263056577694,639,1155.7255854399991
1,6.927610165769187e-05,0.09663685295257977,2.4894931901711085e-05,0.0533238816644082,0.07679611890683961,0.009929398001178853,0.00845658601256117,0.03830376468994986,0.07664514235271616,3000.226279077342,1404,2753.319154655008
2,6.92625141998781e-05,0.09664022388028558,2.489361151528392e-05,0.05332433115013446,0.07679236316719032,0.009929308864544642,0.008456185786740907,0.038304155625737975,0.07664514235271616,3000.226296368293,979,3443.049639364006
3,6.928681119998845e-05,0.09663265712213556,2.4893194519755613e-05,0.05332452708224514,0.07678901065849228,0.00992876414827702,0.008455700627522841,0.03830492148307019,0.07664514235271616,3000.2263011037303,817,2887.72262924799
4,6.926339234350461e-05,0.09663899694644593,2.488696172807351e-05,0.053326750605210665,0.0767921698226744,0.009928444555034364,0.008456006621460451,0.038304815573878555,0.07664514235271616,3000.2262857845894,1164,4110.17588962501
