,a_1_a,a_1_b,b_a0_a,b_a0_b,k_b_a,a_a0_a,a_a0_b,b_1_a,b_1_b,b_a1_a,b_a1_b,a_a1_a,a_a1_b,k_f_a,g_Kr,RMSE,iterations,CPU_time,score
0,0.09086779021234331,0.023404322865245113,0.04728077191074459,0.06280151142092283,0.03697987689813912,0.022073474925088047,0.011516904655103756,0.006501660720893969,0.03266470720843682,6.893375327992913e-05,0.04177534764499263,0.014085260924678933,0.03855835300586254,0.02363482582794346,0.1523911391028073,138.01550370151642,1228,4382.94288323,138.01550370151642
