,p1,p2,p3,p4,p5,p6,p7,p8,Gkr,RMSE,iterations,CPU_time,score
0,0.0016152039884299778,0.07286610027630369,1.907191846937857e-05,0.052283122692005794,0.1101141345015027,0.02316468174819263,0.008878226772511105,0.02941624812123071,0.1530299250220388,2966.552199515023,1286,6137.520249012001,2966.552199515023
1,0.00033408049081340294,0.14613297494453584,6.00761301124634e-05,6.814906438688878e-05,0.22309975376021224,4.902491532592449e-06,3.5007203213306517,0.00048582864974178316,0.1524,,1286,,
