,p1,p2,p3,p4,p5,p6,p7,p8,Gkr,RMSE,iterations,CPU_time,score
0,0.0016145254392977973,0.07291372591433923,1.9064497567250835e-05,0.052285895244470026,0.11018996996931206,0.023173402010971764,0.008886694721561986,0.02940599380275455,0.15301643530073458,2970.0045249092727,1179,5616.976717892001,2970.0045249092727
1,9.464219694410414e-07,0.0072477903813087325,4.208520997759109e-07,3.953407179157177e-05,0.02974784212435802,0.09217918058049378,0.04885611427538046,1.5398538250022095e-05,0.1524,,1179,,
