,p1,p2,p3,p4,p5,p6,p7,p8,Gkr,RMSE,iterations,CPU_time
0,0.00022468450272516936,0.06962409423202935,3.096449712043971e-05,0.05640160813710467,0.09061286482981762,0.008834533431963918,0.004613841220601295,0.02961720885268683,0.1812351643264147,252.02090739491337,914,1948.8670323069964
1,0.00022469116407231976,0.06962449205020639,3.096303635976307e-05,0.0564021181695761,0.09061499669226755,0.008834069986561709,0.004613979848622778,0.029617250580718527,0.1812351643264147,252.02091345056354,488,887.6398976810015
2,0.0002246836251277304,0.06962430837936404,3.095985806108317e-05,0.05640301757881651,0.09061604024279911,0.008834001522534158,0.004614058764232405,0.029617222218033624,0.1812351643264147,252.02090032299188,782,2267.1464906559995
3,0.00022466796191016562,0.06962543017757529,3.095915664300267e-05,0.05640336877334487,0.09061447167402539,0.008834123873675206,0.004613946089415475,0.029617514439715758,0.1812351643264147,252.02090755622257,755,2080.4023151810106
4,0.00022466355320357382,0.06962566308631797,3.0960889886519414e-05,0.056402696445041776,0.09061664498908649,0.008834024075580447,0.00461407732455766,0.029617490716195828,0.1812351643264147,252.0209116036662,690,1397.731665956002
