,p1,p2,p3,p4,p5,p6,p7,p8,Gkr,RMSE,iterations,CPU_time,score
0,0.16559755257497724,2.01434594925025e-07,9.183548588510787e-05,1.0367551845531272e-07,0.0002458542336138034,1.0105491138058323e-07,1.5271341343087008e-06,1.0458707836128553e-07,1.205446028016828,458353.67759526084,1137,4255.754542334,458353.67759526084
1,0.2922145341544165,0.00020673529959603374,0.0004472978596753728,0.0005062595142976983,0.0004775342882179621,2.7617960042869712e-06,7.07355869446693e-07,0.0666314038085234,0.1524,,1137,,
