,a_a0_a,a_a0_b,b_a1_a,b_a1_b,k_f_a,a_1_a,a_1_b,b_a0_a,b_a0_b,a_a1_a,a_a1_b,k_b_a,b_1_a,b_1_b,g_Kr,RMSE,iterations,CPU_time,score
0,0.02184562590247341,0.012135590944902078,6.888162181117423e-05,0.04178348762835736,0.02371650150303839,0.0908548527294796,0.023387890728610715,0.04664477424123303,0.06272815981589708,0.013983188533195487,0.03807549248718651,0.03697107606016942,0.006504009142343427,0.03266596678225028,0.15239715388371602,202.70623340119712,1230,5747.721530131,202.70623340119712
