,a_a0_a,a_a0_b,b_a1_a,b_a1_b,k_f_a,a_1_a,a_1_b,b_a0_a,b_a0_b,a_a1_a,a_a1_b,k_b_a,b_1_a,b_1_b,g_Kr,RMSE,iterations,CPU_time,score
0,0.023041815486074924,0.011066106808734748,6.849689781489842e-05,0.04183016521899019,0.023962630264355664,0.09079177461260744,0.023380412844227524,0.04742364279520333,0.06335120112177202,0.012937031717228108,0.038791992711078006,0.03546875315629796,0.006495907061107398,0.03268938689912336,0.15239423870979704,139.04254292452228,1189,3724.353098181,139.04254292452228
