,a_1_a,a_1_b,b_a0_a,b_a0_b,k_b_a,a_a0_a,a_a0_b,b_1_a,b_1_b,b_a1_a,b_a1_b,a_a1_a,a_a1_b,k_f_a,g_Kr,RMSE,iterations,CPU_time,score
0,0.09081354208151972,0.023392193046023465,0.04663509414652261,0.0638151354758708,0.036884154849309354,0.022515874412656605,0.01178701321959064,0.0064930904205762665,0.03270270068824479,6.885241681205085e-05,0.04178193389293342,0.013678069628756853,0.038224217563759724,0.02367427812409419,0.1523770632695821,173.78025063733074,1177,5092.558685842,173.78025063733074
