,a_1_a,a_1_b,b_a0_a,b_a0_b,k_b_a,a_a0_a,a_a0_b,b_1_a,b_1_b,b_a1_a,b_a1_b,a_a1_a,a_a1_b,k_f_a,g_Kr,RMSE,iterations,CPU_time,score
0,0.09096215176097903,0.023409834272716132,0.049564055687662145,0.06242056281832685,0.03457121761154514,0.021743349930562563,0.01149613591496838,0.0065041316542876005,0.032650635113357404,6.942656967187838e-05,0.0417217023015649,0.01443715235045677,0.03873761195857252,0.023023932353088736,0.1524678290194338,139.0772318728884,1401,4632.587120785,139.0772318728884
