,p1,p2,p3,p4,p5,p6,p7,p8,Gkr,RMSE,iterations,CPU_time
0,0.00022822859847758186,0.06592593857451763,2.876751807889398e-05,0.06059482989870073,0.09366346741724076,0.010766056760636163,0.0013625902260523983,0.025362987247796707,0.6096,1432.8917625752122,796,1909.6951745660044
1,0.0002282076964798646,0.06592889806966898,2.876847451340481e-05,0.06059437718511119,0.09367000271901477,0.010766911199821594,0.0013627051610616626,0.02536197502383183,0.6096,1432.8917637756492,699,1647.4137856710004
2,0.00022820325208682975,0.06592900124830886,2.8767311365853562e-05,0.060594815445565005,0.09366165344117929,0.010766274243850966,0.0013625540284080977,0.025362928853629254,0.6096,1432.8917678195955,707,1671.6470109049988
3,0.00022820964226214405,0.06592898063240561,2.8766740215522773e-05,0.06059499173284747,0.0936663228145323,0.010766847083801951,0.0013626146656625924,0.025362558606327912,0.6096,1432.891748698149,1317,3112.871595024015
4,0.00022822638639084683,0.06592738017859583,2.8767365015344824e-05,0.060594809089956986,0.09366434792552529,0.01076694878986141,0.0013625689549418847,0.025362798559527413,0.6096,1432.891795546696,568,1342.831471559999
