,b_1_a,b_1_b,k_b_a,b_a0_a,b_a0_b,b_a1_a,b_a1_b,k_f_a,a_a1_a,a_a1_b,a_a0_a,a_a0_b,a_1_a,a_1_b,g_Kr,RMSE,iterations,CPU_time,score
0,0.006496117193110328,0.03269177237579579,0.03675404951261011,0.04743743356053854,0.06321917229206907,6.888881601889328e-05,0.04178078613438791,0.02379908585105954,0.013773655894202463,0.03809416096149812,0.02241935001180964,0.011644737694290837,0.09080108459412917,0.023377668315027453,0.15238862894356883,295.72066056603416,950,6114.250866408999,295.72066056603416
