,p1,p2,p3,p4,p5,p6,p7,p8,Gkr,RMSE,iterations,CPU_time,score
0,7.351964154203037,1.0000055730416619e-07,0.2979349103528176,1.0000039317681522e-07,1.0447586363228729e-05,1.0000111518885835e-07,1.4555922891168125e-07,1.0000038647265372e-07,0.43954338069103294,240762.8790728389,1378,2974.88189744,240762.8790728389
1,6.3136852665183545,0.0028605056528913297,0.3203848846216684,0.0397296390601943,1.1439051174121718e-05,7.924787121282623e-07,1.6120726372384246e-07,1.5938196541273728e-06,0.1524,,1378,,
