,a_a0_a,a_a0_b,b_a1_a,b_a1_b,k_f_a,a_1_a,a_1_b,b_a0_a,b_a0_b,a_a1_a,a_a1_b,k_b_a,b_1_a,b_1_b,g_Kr,RMSE,iterations,CPU_time,score
0,0.02233931374759393,0.011752557439184312,6.909999582767928e-05,0.04175440178407871,0.023829362099949614,0.090817391109118,0.023389243814160895,0.04692419463735189,0.06339839858063719,0.013673746899215784,0.03808894617582179,0.036593537884732484,0.006497929720467,0.03267890544715947,0.15239444599322136,173.8494040812816,838,3944.226990649,173.8494040812816
