,a_a0_a,a_a0_b,b_a1_a,b_a1_b,k_f_a,a_1_a,a_1_b,b_a0_a,b_a0_b,a_a1_a,a_a1_b,k_b_a,b_1_a,b_1_b,g_Kr,RMSE,iterations,CPU_time,score
0,0.022543122397471554,0.011417209164016342,6.8591883079851e-05,0.04181953343769814,0.024161113777711445,0.0907743336375668,0.02338604219961923,0.0469654873052371,0.06320913852816028,0.013180757074130578,0.038453694172315964,0.0361755961210072,0.006494574959122759,0.032686280153779904,0.15239022575370653,139.0420877000996,969,3379.5249052209997,139.0420877000996
