,b_1_a,b_1_b,k_b_a,b_a0_a,b_a0_b,b_a1_a,b_a1_b,k_f_a,a_a1_a,a_a1_b,a_a0_a,a_a0_b,a_1_a,a_1_b,g_Kr,RMSE,iterations,CPU_time,score
0,0.006499255646456926,0.03267206107851363,0.03685773707427233,0.04898606540428216,0.06365524202155191,6.904356680480021e-05,0.0417595731787829,0.023665154397309058,0.014109255023936597,0.0382180206517773,0.022663279887834113,0.01098533137654976,0.09083363409835862,0.023406646390790542,0.15233862475941276,138.75794389655718,1128,3716.044112305,138.75794389655718
