,p1,p2,p3,p4,p5,p6,p7,p8,Gkr,RMSE,iterations,CPU_time
0,0.00021737843428501483,0.07628483405448479,3.657012777979419e-05,0.0499481655361915,0.07555861123510464,0.009412802933286224,0.009254591692847413,0.036812972396567396,0.07664514235271616,2844.672316899164,760,3528.7500911410025
1,0.00021739609820747323,0.07628334896472846,3.657244056056448e-05,0.04994736188487856,0.0755603166238293,0.00941257555449247,0.009255219061961448,0.03681211664239395,0.07664514235271616,2844.672311821254,873,4058.9918704550073
2,0.00021739931897166753,0.07628414478238636,3.657287148269841e-05,0.04994770037293803,0.07556405045786604,0.009412650571583291,0.009255541559540482,0.036812408534672394,0.07664514235271616,2844.672340373867,474,2219.792497453018
3,0.00021738695208821057,0.0762850883759751,3.6572227816918116e-05,0.049947679277406974,0.0755609791233065,0.009412640846801452,0.00925526707690986,0.03681236715672618,0.07664514235271616,2844.6722918535384,1005,4741.055143314006
4,0.00021738883852985466,0.0762842881557777,3.657206076428299e-05,0.049947751557995135,0.07556027626427289,0.009412257738198426,0.009255329863932302,0.0368123119346927,0.07664514235271616,2844.6722872499554,1394,7000.490092705993
