,b_1_a,b_1_b,k_b_a,b_a0_a,b_a0_b,b_a1_a,b_a1_b,k_f_a,a_a1_a,a_a1_b,a_a0_a,a_a0_b,a_1_a,a_1_b,g_Kr,RMSE,iterations,CPU_time,score
0,0.006500752523033672,0.032687835117814645,0.03414814357699133,0.0529264582819622,0.06427500539290086,6.941329682508436e-05,0.04171608311434722,0.023374593658520088,0.013628173846891524,0.03821025247856978,0.023828242116185002,0.010245649200459112,0.09090360351012079,0.02339278449480365,0.15241853060613922,138.1885752924887,1415,4974.692117384999,138.1885752924887
