,a_a0_a,a_a0_b,b_a1_a,b_a1_b,k_f_a,a_1_a,a_1_b,b_a0_a,b_a0_b,a_a1_a,a_a1_b,k_b_a,b_1_a,b_1_b,g_Kr,RMSE,iterations,CPU_time,score
0,0.022638945450259414,0.010543310180150863,6.949995172839093e-05,0.0417088504583214,0.02284659605788124,0.09090157352301301,0.023408679274627125,0.05253632532131755,0.06318562068576744,0.014446914944889496,0.03884679451527919,0.03377113179690697,0.006504451525645831,0.0326579634710195,0.1523905268778742,138.53629294530887,1284,3989.492595038,138.53629294530887
