,p1,p2,p3,p4,p5,p6,p7,p8,Gkr,RMSE,iterations,CPU_time,score
0,0.0016880562860921214,0.0845370977794756,2.20682449003553e-05,0.05121651477387551,0.12176551281272383,0.02691543233443684,0.008892412461315773,0.028749217161504134,0.1546761849289835,654.6967547842346,948,1892.5922977030004,654.6967547842346
1,5.1770574821626266e-05,0.0036936613298108505,3.648855497217451e-05,9.733644241523696e-06,0.00044289967854301926,9.669001970329013e-07,0.005455047213667842,3.170576229962345e-06,0.1524,,948,,
