,p1,p2,p3,p4,p5,p6,p7,p8,Gkr,RMSE,iterations,CPU_time
0,0.00020115255296142054,0.05835131828515928,2.9045052009949523e-05,0.059202038058086756,0.09037353203473492,0.009684052913216957,0.0021524427018329863,0.02591398272177404,0.43105229381131943,352.1829481417565,483,1064.6680630769988
1,0.00020116271452679758,0.05834807168999045,2.904582780850089e-05,0.05920137349893719,0.09036826943952453,0.009683402123937408,0.0021522955770244237,0.025914985755997377,0.43105229381131943,352.1829394193194,511,1111.3250984959886
2,0.00020116178049704348,0.058349073967768166,2.9043815439698383e-05,0.05920194047668509,0.0903690845287915,0.009684248760221403,0.0021522559425565125,0.025914161800717296,0.43105229381131943,352.18295378621576,575,1062.4144702480116
3,0.00020114127378391376,0.058349114701536996,2.9045994527074965e-05,0.05920104556059452,0.09037479511762717,0.009684329623069707,0.002152543881930409,0.02591353275137252,0.43105229381131943,352.18294473392905,909,1654.6981744140066
4,0.00020117492340664705,0.05834984907961619,2.9044083098177036e-05,0.05920229507630451,0.09037098887000602,0.009683108096868905,0.0021522792749683706,0.02591504578309263,0.43105229381131943,352.182927057303,573,1064.8868022459937
