,b_1_a,b_1_b,k_b_a,b_a0_a,b_a0_b,b_a1_a,b_a1_b,k_f_a,a_a1_a,a_a1_b,a_a0_a,a_a0_b,a_1_a,a_1_b,g_Kr,RMSE,iterations,CPU_time,score
0,0.0064961741260325485,0.03269162359621091,0.03669799451242954,0.0475403869043287,0.06325240819582718,6.88899271144105e-05,0.041780700199507435,0.023798740520512878,0.013753551464777029,0.0380910808411065,0.022467670983871417,0.011614484695008353,0.0908019899276848,0.023377730879634732,0.15238919410953472,295.72065413937804,1302,6917.8224880279995,295.72065413937804
