,b_1_a,b_1_b,k_b_a,b_a0_a,b_a0_b,b_a1_a,b_a1_b,k_f_a,a_a1_a,a_a1_b,a_a0_a,a_a0_b,a_1_a,a_1_b,g_Kr,RMSE,iterations,CPU_time,score
0,0.006504434609652704,0.032655223775182866,0.03466424485882288,0.05012573799108775,0.06321801067951764,6.923186716807183e-05,0.04174283154120138,0.02320647725850162,0.01389205363007407,0.03871726472168173,0.0227786948579738,0.011005659079288986,0.09094672738609934,0.02341585995975675,0.15242728997696933,139.29896032965578,1402,3935.777551831001,139.29896032965578
