,a_a0_a,a_a0_b,b_a1_a,b_a1_b,k_f_a,a_1_a,a_1_b,b_a0_a,b_a0_b,a_a1_a,a_a1_b,k_b_a,b_1_a,b_1_b,g_Kr,RMSE,iterations,CPU_time,score
0,0.022428002244503004,0.011541290662873144,6.885331175593228e-05,0.04178673469860383,0.024429223817834297,0.09086088852980113,0.023420390745574084,0.04732514760339679,0.06342243089246513,0.013656692728460871,0.03785581061029049,0.0378814056430358,0.006500368645601172,0.03266065065379125,0.15240042477956628,138.0135050157168,1153,3428.427997007002,138.0135050157168
