,a_1_a,a_1_b,b_a0_a,b_a0_b,k_b_a,a_a0_a,a_a0_b,b_1_a,b_1_b,b_a1_a,b_a1_b,a_a1_a,a_a1_b,k_f_a,g_Kr,RMSE,iterations,CPU_time,score
0,0.09081748381130325,0.02338950904894718,0.04679697202252383,0.063373712061057,0.0366264383146373,0.022296556201871612,0.01177666259012301,0.006497946193788528,0.03267876696900782,6.909837783048064e-05,0.04175446523713078,0.013685235778524919,0.038103635149680216,0.023825325878889244,0.15239368050247434,173.84940516555054,1247,5645.719836741,173.84940516555054
