,a_a0_a,a_a0_b,b_a1_a,b_a1_b,k_f_a,a_1_a,a_1_b,b_a0_a,b_a0_b,a_a1_a,a_a1_b,k_b_a,b_1_a,b_1_b,g_Kr,RMSE,iterations,CPU_time,score
0,0.022446629821567195,0.011789475760148485,6.853869362534099e-05,0.041822464895749846,0.02395290555659792,0.09075110539397357,0.023393104036309013,0.04498311043765763,0.06336511794171946,0.0134486875156887,0.03838935628383379,0.03779784162009563,0.006490843951347495,0.03268303055306546,0.1523998351092317,138.37254926976388,1533,5367.002138526001,138.37254926976388
