,p1,p2,p3,p4,p5,p6,p7,p8,Gkr,RMSE,iterations,CPU_time,score
0,0.001614110321749556,0.07286950200906964,1.90942816820792e-05,0.05227015896022188,0.11009436930949494,0.023165904093819814,0.008879559738344527,0.029428627640363806,0.15297604342552407,2962.148198742085,1207,5990.7999835400005,2962.148198742085
1,1.8977158495567832,0.0003894352944710359,2.2453480099746783e-05,0.02429160949018066,0.2557913739667226,3.5146813559136036e-07,2.3970642555628995e-06,3.1705684227493423e-07,0.1524,,1207,,
