,p1,p2,p3,p4,p5,p6,p7,p8,Gkr,RMSE,iterations,CPU_time,score
0,0.03353554647408678,1.8910008246147554e-07,1.1165834918914864e-05,6.317185824185222e-07,0.00011336531072983005,0.002221486621122286,1.000002027115731e-07,0.06708686031655836,0.021114177558653573,336777.95275334205,851,2429.6062945599997,336777.95275334205
1,0.010574094647651418,0.07853493704422727,2.6461850544737884e-05,0.0002534606471636887,0.0006513652366698383,0.0558246450192798,1.3654533666726067e-07,0.0038759998720998834,0.1524,,851,,
