,b_1_a,b_1_b,k_b_a,b_a0_a,b_a0_b,b_a1_a,b_a1_b,k_f_a,a_a1_a,a_a1_b,a_a0_a,a_a0_b,a_1_a,a_1_b,g_Kr,RMSE,iterations,CPU_time,score
0,0.006496064189866146,0.032685696551265984,0.03697492630599403,0.046470509311831824,0.06274229454018512,6.906037441827029e-05,0.04175993728665006,0.023783314486019568,0.013773912095276222,0.03807659696900423,0.022211314856097945,0.011987824334510828,0.09083747078141928,0.023400627781949877,0.15238457457248142,203.25580075117057,1308,6594.571054003001,203.25580075117057
