,p1,p2,p3,p4,p5,p6,p7,p8,Gkr,RMSE,iterations,CPU_time,score
0,0.007377132808812487,1.021427583169455e-07,4.871659523542006,0.018924440534377886,5.083825024551373,0.01764922539076261,0.18644425015139138,0.06364383264340513,152.3996428700666,105756.76876723579,6926,22928.571095309,105756.76876723579
1,5.232469924479036,1.1847027503618978e-05,0.19487143104139687,2.709750252412923e-06,4.038165711366961e-06,2.401624930518451e-06,7.214105263823432,0.03725751120392646,0.1524,,6926,,
