,a_a0_a,a_a0_b,b_a1_a,b_a1_b,k_f_a,a_1_a,a_1_b,b_a0_a,b_a0_b,a_a1_a,a_a1_b,k_b_a,b_1_a,b_1_b,g_Kr,RMSE,iterations,CPU_time,score
0,0.021803089015158518,0.011399171053487138,6.939042485806617e-05,0.04172560936333953,0.023016392865226467,0.09096341408505372,0.023410291159561756,0.049611392120659,0.06244309342253091,0.014409566488653767,0.03882287596339334,0.034549255803044805,0.0065043401242253825,0.03265053046863631,0.1524653108577011,139.07721688979413,1268,4188.827182524999,139.07721688979413
