,b_1_a,b_1_b,k_b_a,b_a0_a,b_a0_b,b_a1_a,b_a1_b,k_f_a,a_a1_a,a_a1_b,a_a0_a,a_a0_b,a_1_a,a_1_b,g_Kr,RMSE,iterations,CPU_time,score
0,0.0064891585032975495,0.032680417995460856,0.036880811683491284,0.047231936446819306,0.06291849764337287,6.902923060314198e-05,0.04176634023919384,0.02378565642693408,0.013869515345233825,0.03798469422120143,0.022265965650784925,0.011889404398547677,0.09076259775130996,0.02339523913566954,0.1524185370444377,203.44567845713783,866,4407.399808929,203.44567845713783
