,p1,p2,p3,p4,p5,p6,p7,p8,Gkr,RMSE,iterations,CPU_time,score
0,0.001614040414330078,0.07286854468371536,1.909463700174854e-05,0.052270121412117294,0.1100970450593931,0.023165188056139985,0.00887972431095849,0.02942860681276671,0.15297942052575217,2962.1482337903485,1098,4807.023170397002,2962.1482337903485
1,0.15541297860489925,2.3367688953790558e-05,6.825198582183631e-06,9.536305181617158e-06,1.5023636284993945e-05,0.0015135669267294287,1.581294538452312,8.752699486801661e-07,0.1524,,1098,,
