,p1,p2,p3,p4,p5,p6,p7,p8,Gkr,RMSE,iterations,CPU_time
0,0.00012261759027507035,0.08408859947401262,3.0833196432450425e-05,0.053574720330287116,0.08451291212768701,0.009256127353749912,0.006653734781013137,0.03483139172830305,0.10870874072059561,758.7827610581196,1012,1878.1136412920023
1,0.0001226249564001203,0.08408744465522792,3.083215230266794e-05,0.05357505748350695,0.0845130572093875,0.009256223508311219,0.006653694468373585,0.034831434703245456,0.10870874072059561,758.7827614758024,1099,2036.3737651109986
2,0.00012261878568464878,0.08408882359049366,3.083063528396314e-05,0.05357547999560101,0.08451300136492283,0.009255590088717605,0.0066537225610225695,0.034831524394114265,0.10870874072059561,758.7827490564136,1292,2413.8838932419894
3,0.0001226236870078199,0.0840877116861695,3.0828292470869555e-05,0.05357619312829993,0.08451497749160797,0.009255821471308245,0.006653822509321591,0.03483148615344218,0.10870874072059561,758.7827606627553,805,1490.3555632820062
4,0.00012261673067822708,0.08408943521596472,3.083255509822711e-05,0.053575009969519215,0.08451151801687783,0.009255965425807113,0.006653577633974546,0.03483141534305998,0.10870874072059561,758.7827635301652,668,1236.6408398950007
