,a_a0_a,a_a0_b,b_a1_a,b_a1_b,k_f_a,a_1_a,a_1_b,b_a0_a,b_a0_b,a_a1_a,a_a1_b,k_b_a,b_1_a,b_1_b,g_Kr,RMSE,iterations,CPU_time,score
0,0.0222697493855523,0.012806042992114706,6.873844252504713e-05,0.041792791475949824,0.024285656661163318,0.09063170905491816,0.023378334647762396,0.04475546368566172,0.06305064719789032,0.013329192694458467,0.03746273175276624,0.03806107874060877,0.006487812278430626,0.03270361752649975,0.15231673671882862,138.47886908099133,1112,3252.1240092379994,138.47886908099133
