,a_a0_a,a_a0_b,b_a1_a,b_a1_b,k_f_a,a_1_a,a_1_b,b_a0_a,b_a0_b,a_a1_a,a_a1_b,k_b_a,b_1_a,b_1_b,g_Kr,RMSE,iterations,CPU_time,score
0,0.023279864965735766,0.010764082474653155,6.932994264252214e-05,0.041729444438640996,0.024224430832042235,0.09104195623562596,0.023402316429439747,0.05188393257866863,0.06437249954992862,0.013693690804503052,0.03738086999165955,0.03584875407787506,0.006511329258349933,0.032668408090897466,0.15242824444694988,138.1894103097949,1491,4632.696617917001,138.1894103097949
