,p1,p2,p3,p4,p5,p6,p7,p8,Gkr,RMSE,iterations,CPU_time
0,0.0002263877821043876,0.0690708886371507,3.313197560905358e-05,0.055869165108637486,0.08818807282765187,0.009200302463679633,0.004380809972363881,0.030132687296806578,0.1812351643264147,378.9423879445885,583,1442.7139796670235
1,0.00022639077547527176,0.06907041321381677,3.313175494356724e-05,0.05586919112486296,0.08818811157874326,0.009200109563259293,0.0043808261858867045,0.030132746004283027,0.1812351643264147,378.9423871003345,614,1510.5128148839867
2,0.0002263835373160352,0.06907142771772644,3.313182420360729e-05,0.05586920736834773,0.08818944716348319,0.009199887833749197,0.004380904460608208,0.030132863772070743,0.1812351643264147,378.94238839953925,627,1555.8363095279783
3,0.00022638683746900788,0.0690708607118624,3.3131943575221604e-05,0.05586918239759395,0.08818794408851441,0.009200220692124634,0.004380819554296185,0.03013275147485422,0.1812351643264147,378.9423879727111,603,1506.895242210012
4,0.00022638986408800494,0.06907048087575457,3.3132250709696595e-05,0.055869100355479505,0.08818775528246302,0.009200142894477806,0.004380792580996364,0.03013281334365278,0.1812351643264147,378.9423880904787,623,1556.2518410009798
