,b_1_a,b_1_b,k_b_a,b_a0_a,b_a0_b,b_a1_a,b_a1_b,k_f_a,a_a1_a,a_a1_b,a_a0_a,a_a0_b,a_1_a,a_1_b,g_Kr,RMSE,iterations,CPU_time,score
0,0.006496506456713254,0.032683589579288325,0.03647409482048029,0.047310678765200335,0.06333705549023269,6.890720461076855e-05,0.041775009341266135,0.023800055212963852,0.013582639535508005,0.03806888204046019,0.022555626737428988,0.011711494447402736,0.09081852969387406,0.023386411700860043,0.15239699536910298,174.58113430046023,1284,5649.97405811,174.58113430046023
