,p1,p2,p3,p4,p5,p6,p7,p8,Gkr,RMSE,iterations,CPU_time,score
0,0.0019688609739650243,0.054153712912549216,2.9817448360282152e-05,0.04872305168270623,0.09600739470371963,0.023113445939233215,0.006843055667320243,0.03139637484715734,0.15785984428047561,2602.4615586760765,1178,3926.5357679080007,2602.4615586760765
1,0.001515182840398934,1.917648382370398e-07,8.924787094657458e-05,4.076140536303388e-06,2.3474523856957634e-06,0.00017235580403750326,0.002813420331080189,0.07074187494029835,0.1524,,1178,,
