,p1,p2,p3,p4,p5,p6,p7,p8,Gkr,RMSE,iterations,CPU_time,score
0,285.0785678412166,0.0015490312102011486,2.9045291636842263e-05,0.13889815366264305,0.10608834338876838,0.021732970495129435,0.014272498835169766,0.03490579939785343,0.08551763715280353,47216.08393731279,2078,6898.036383993,47216.08393731279
1,3.380143173403165e-05,0.00026130174955956,3.254650251789348,0.0011392225893053296,0.00041279630963423177,2.6024702815943532e-05,7.359325264876801e-07,0.00021167975738915415,0.1524,,2078,,
