,p1,p2,p3,p4,p5,p6,p7,p8,Gkr,RMSE,iterations,CPU_time,score
0,0.0016146809537281735,0.07288944073444266,1.9054224284567326e-05,0.05228716165222114,0.11005943011473689,0.02316031418152865,0.008877942164741432,0.02942591850483426,0.15294964315289802,2963.759656620243,872,4276.372033816999,2963.759656620243
1,0.001578148135155733,1.6893107094786638e-07,1.890625490370149e-05,2.3456800188392445e-05,0.010972801803193547,2.7551611897043672e-05,0.004284310631970865,0.0007962447861631749,0.1524,,872,,
