,p1,p2,p3,p4,p5,p6,p7,p8,Gkr,RMSE,iterations,CPU_time,score
0,0.0016151700310968783,0.07289517092864348,1.905663496254334e-05,0.052289865745313066,0.11025168673763638,0.02316856291432259,0.008890582453089447,0.029412966004826045,0.15299932578082084,2966.6188546177655,1193,5405.467398304001,2966.6188546177655
1,6.3973032245943744e-06,0.017463518098050624,0.0003132254634874979,6.933419921066253e-05,0.02782740658020517,0.004735498586504706,3.3020787436036043e-07,0.08728675322002763,0.1524,,1193,,
