,b_1_a,b_1_b,k_b_a,b_a0_a,b_a0_b,b_a1_a,b_a1_b,k_f_a,a_a1_a,a_a1_b,a_a0_a,a_a0_b,a_1_a,a_1_b,g_Kr,RMSE,iterations,CPU_time,score
0,0.006501613098774871,0.03266523425585999,0.03671651708556064,0.04808389169464601,0.06313558422303492,6.890492251391829e-05,0.04177875804137364,0.023649334889633288,0.01393467907295587,0.03856061396120959,0.022505387590365574,0.011173073730490368,0.09086662212152674,0.0234039497641682,0.1523918912361701,138.01536510241462,937,3073.0575922120006,138.01536510241462
