,a_a0_a,a_a0_b,b_a1_a,b_a1_b,k_f_a,a_1_a,a_1_b,b_a0_a,b_a0_b,a_a1_a,a_a1_b,k_b_a,b_1_a,b_1_b,g_Kr,RMSE,iterations,CPU_time,score
0,0.02277854691537072,0.011007834291545818,6.923094391032166e-05,0.041742908118527114,0.023207071227030477,0.09094607885186938,0.023415811978995484,0.05010950190298471,0.06321921365549163,0.013891309452200162,0.03871690487871338,0.034672785625577164,0.0065043908769069235,0.03265532084155463,0.15242728457839538,139.29896067253367,1503,4430.510192424999,139.29896067253367
