,a_a0_a,a_a0_b,b_a1_a,b_a1_b,k_f_a,a_1_a,a_1_b,b_a0_a,b_a0_b,a_a1_a,a_a1_b,k_b_a,b_1_a,b_1_b,g_Kr,RMSE,iterations,CPU_time,score
0,0.021919533623661454,0.012029953783180688,6.893612756740551e-05,0.041776832113954915,0.023759331184907168,0.09081727471477255,0.02338988074524813,0.04635976719204141,0.06255684799684608,0.013933639225946086,0.03820356379923335,0.03717511966649815,0.0064974391542574625,0.03267352826554691,0.15241480742932012,173.5265203066383,1541,7163.437521485001,173.5265203066383
