,a_a0_a,a_a0_b,b_a1_a,b_a1_b,k_f_a,a_1_a,a_1_b,b_a0_a,b_a0_b,a_a1_a,a_a1_b,k_b_a,b_1_a,b_1_b,g_Kr,RMSE,iterations,CPU_time,score
0,0.02261292235496684,0.011401718800115859,6.883289110776158e-05,0.04178901282017204,0.024401967563842865,0.09086164137313568,0.023420478686490484,0.047601087006854795,0.06353105017217199,0.013583197648650668,0.037905403070659476,0.037701868654054144,0.006500447514455339,0.03266063080167612,0.1524004601238432,138.01349011854612,1099,3223.257574346,138.01349011854612
