,a_a0_a,a_a0_b,b_a1_a,b_a1_b,k_f_a,a_1_a,a_1_b,b_a0_a,b_a0_b,a_a1_a,a_a1_b,k_b_a,b_1_a,b_1_b,g_Kr,RMSE,iterations,CPU_time,score
0,0.02108476892258926,0.011842450449342713,6.952141529157614e-05,0.04171111128382088,0.023177025309113246,0.09103471121057435,0.023411760342851147,0.04884112806073944,0.06210391108329337,0.01481168361825994,0.03860230412195217,0.03525977178969591,0.006509474678915037,0.03264869248980673,0.152471328850093,139.076443983276,1106,3461.323031297001,139.076443983276
