,p1,p2,p3,p4,p5,p6,p7,p8,Gkr,RMSE,iterations,CPU_time,score
0,0.001614727186484804,0.07291947816350308,1.906310025195213e-05,0.0522865803742122,0.11008924511518806,0.023162512829921045,0.008878487086160215,0.029415116473801198,0.1530131134251662,2974.6644377802604,1802,9569.47132378,2974.6644377802604
1,0.00021665340778766442,0.0035074318492859732,0.001890011297778666,0.003610347643302122,0.005624210735966416,8.881896378807648e-05,0.0005740865257576151,0.00012796290068591,0.1524,,1802,,
