,p1,p2,p3,p4,p5,p6,p7,p8,Gkr,RMSE,iterations,CPU_time
0,0.00015141136097702792,0.08926186075075934,2.4639414479874876e-05,0.05106635868170149,0.05915909253064702,0.010006277413035487,0.008035417044899271,0.04482007966931646,0.05403868913693675,6651.075593789721,757,1322.2817445630208
1,0.0001515557371093895,0.089243960743689,2.465106139482489e-05,0.05106185096077188,0.05915689061265227,0.010007550308601666,0.008034433257715422,0.04482231731279425,0.05403868913693675,6651.075603962095,644,1121.6098413949949
2,0.0001515011713530546,0.08924568585100072,2.4642951558570697e-05,0.05106473029741257,0.05916058335759272,0.010005127207043519,0.008034966043273499,0.04482342352716143,0.05403868913693675,6651.075629918109,1093,1904.3942274580186
3,0.00015141012158809163,0.08926193725930952,2.4642370567707947e-05,0.05106497256404518,0.05915867814932455,0.010006963440099697,0.00803520940816801,0.04482002900496312,0.05403868913693675,6651.0756021323905,668,1175.918401826988
4,0.00015134012833570046,0.08927098408045396,2.464924378447985e-05,0.051062551593872574,0.05916053935581326,0.01000604397213007,0.00803569826471076,0.04482241077314475,0.05403868913693675,6651.07566029362,585,1030.1791989929916
