,a_a0_a,a_a0_b,b_a1_a,b_a1_b,k_f_a,a_1_a,a_1_b,b_a0_a,b_a0_b,a_a1_a,a_a1_b,k_b_a,b_1_a,b_1_b,g_Kr,RMSE,iterations,CPU_time,score
0,0.022285732460228934,0.011746750536923445,6.882059002641767e-05,0.04179206182119926,0.023760650245807476,0.09084645690131478,0.02337665685760933,0.04718191971014923,0.06330701039976802,0.013794555340911977,0.038141983686626114,0.03681980009552076,0.006500789321202431,0.03268590002596422,0.1524072666921182,202.52917735684437,915,4217.343053654,202.52917735684437
