,p1,p2,p3,p4,p5,p6,p7,p8,Gkr,RMSE,iterations,CPU_time
0,0.00019025726479305613,0.08635168773312175,3.300814952400736e-05,0.04791081102364072,0.05643434649707139,0.012792988602285102,0.013513217147883581,0.041219484210369445,0.045374817422412735,8484.804683291992,857,4060.1704922160134
1,0.00019022103064544638,0.08635737194467924,3.3009834654180584e-05,0.047910317775793576,0.056435596595204564,0.01279338532945984,0.013514469185038147,0.04121863039257303,0.045374817422412735,8484.8047813885,469,2220.8776517499937
2,0.00019026980771514465,0.08635102436318087,3.3008238960492086e-05,0.04791109052335344,0.056434745476795126,0.012793335356943025,0.013513476974819402,0.04121927367065477,0.045374817422412735,8484.804826961119,561,2667.6570973649505
3,0.00019022895094238448,0.08635671938083168,3.301279571606098e-05,0.04790920945401707,0.05643539051139815,0.012795461667961396,0.013513909111271398,0.041219044332627075,0.045374817422412735,8484.804754319603,746,3546.700175977021
4,0.00019022500103596984,0.08636136535425408,3.3009531535396794e-05,0.04791062013435183,0.05643340536842574,0.012793835157343666,0.013513029788849856,0.04121973526054836,0.045374817422412735,8484.804788280819,596,2815.71458590799
