,b_1_a,b_1_b,k_b_a,b_a0_a,b_a0_b,b_a1_a,b_a1_b,k_f_a,a_a1_a,a_a1_b,a_a0_a,a_a0_b,a_1_a,a_1_b,g_Kr,RMSE,iterations,CPU_time,score
0,0.006505149409816964,0.032668430818709716,0.03687241238194204,0.04654124351885536,0.06293012238224674,6.889625121709275e-05,0.041782240202250014,0.023683333731862974,0.013819198820730797,0.03830030692447315,0.022170766477382753,0.011859215960274354,0.09093671223384767,0.023393853927526107,0.15241627716338013,295.45529845147945,1374,8854.179551574001,295.45529845147945
