,p1,p2,p3,p4,p5,p6,p7,p8,Gkr,RMSE,iterations,CPU_time,score
0,2.568927321795805,4.00202240996796e-06,3.667397986766544e-06,4.3666346063350653e-07,1.5280257915720044e-06,1.0012486415069922e-07,8.187962799193961e-05,1.0000258576905238e-07,0.005911970739207571,240714.0357102233,1044,2434.1252816080014,240714.0357102233
1,2.4099154099765943,4.122419444004647e-06,3.4671939911793943e-06,0.013574423139255387,1.4516529256766896e-06,1.7755608491330226e-07,8.704943076450634e-05,0.00018633045435210614,0.1524,,1044,,
