,p1,p2,p3,p4,p5,p6,p7,p8,Gkr,RMSE,iterations,CPU_time,score
0,1.091263901661799e-06,0.0005111690557556347,0.00030433919688850684,0.028231781510810062,0.089653450534661,0.02018985578224652,0.007421819747922112,0.0310627791964349,109.13728944880994,15649.857513424638,1111,2927.339164729001,15649.857513424638
1,0.002991430035654148,0.00011624690381971589,0.5653891992867587,0.007841660217817788,0.002030167979487858,2.3349118819355084e-07,1.4007594916200799e-07,0.10159938342490107,0.1524,,1111,,
