,p1,p2,p3,p4,p5,p6,p7,p8,Gkr,RMSE,iterations,CPU_time,score
0,0.0019694565614127987,0.05417338703294786,2.9785066018566194e-05,0.04873376806368824,0.09603325846341627,0.023116628273201673,0.006842866865709917,0.03139444052899035,0.15787492644594706,2608.3593898952995,1463,4529.960315236,2608.3593898952995
1,7.03403676922801e-07,1.0670782029694324e-06,8.217665626750195,0.007729543420043786,4.9457908755788405e-05,1.2109982384642256e-06,4.095220890830803e-05,0.013668747390822246,0.1524,,1463,,
