,p1,p2,p3,p4,p5,p6,p7,p8,Gkr,RMSE,iterations,CPU_time,score
0,0.001615418800844987,0.07287582839468575,1.9046575422167075e-05,0.05229169077368294,0.11012018619783227,0.02315737545431036,0.008881858248605037,0.029426644851621303,0.15297519851368804,2969.5962574691175,1326,3405.426925276999,2969.5962574691175
1,0.19572954248312327,0.03255350900049289,1.3191477801544276e-06,0.0003673692440793523,0.004927508151625395,2.2841761092810683e-05,0.0047256517792737835,3.1846519712185723e-06,0.1524,,1326,,
