,a_a0_a,a_a0_b,b_a1_a,b_a1_b,k_f_a,a_1_a,a_1_b,b_a0_a,b_a0_b,a_a1_a,a_a1_b,k_b_a,b_1_a,b_1_b,g_Kr,RMSE,iterations,CPU_time,score
0,0.022288605210214044,0.011875659382322802,6.902694364323224e-05,0.04176658692581324,0.023786892530094396,0.09076189228562488,0.0233951280344181,0.04726823086391107,0.06293965417345836,0.013863117575913055,0.03798274705783821,0.03687593389845708,0.006489171735755154,0.03268041652938123,0.1524183539458624,203.44566986192348,1191,5603.078217525999,203.44566986192348
