,a_1_a,a_1_b,b_a0_a,b_a0_b,k_b_a,a_a0_a,a_a0_b,b_1_a,b_1_b,b_a1_a,b_a1_b,a_a1_a,a_a1_b,k_f_a,g_Kr,RMSE,iterations,CPU_time,score
0,0.09096280019234644,0.023410092675721746,0.04958131277159777,0.062427831041334356,0.034559609524974,0.021773046913545067,0.011434863691968554,0.006504235297272384,0.0326505720308722,6.940362666921224e-05,0.04172415877208368,0.014423422012098147,0.038798890795742245,0.023017813014091455,0.1524662895693769,139.07721827891555,1525,5189.904518755,139.07721827891555
