,a_1_a,a_1_b,b_a0_a,b_a0_b,k_b_a,a_a0_a,a_a0_b,b_1_a,b_1_b,b_a1_a,b_a1_b,a_a1_a,a_a1_b,k_f_a,g_Kr,RMSE,iterations,CPU_time,score
0,0.0908554046998327,0.023387851040580748,0.046645834734078635,0.06272656615495628,0.03697049508512713,0.021841284882710994,0.012138953350368497,0.006504034625859962,0.03266588731332582,6.888254556719622e-05,0.04178340808734501,0.013985575293665486,0.03807342426302091,0.023716070430367327,0.15239750328850926,202.70623337481197,1549,7814.847043225,202.70623337481197
