,a_a0_a,a_a0_b,b_a1_a,b_a1_b,k_f_a,a_1_a,a_1_b,b_a0_a,b_a0_b,a_a1_a,a_a1_b,k_b_a,b_1_a,b_1_b,g_Kr,RMSE,iterations,CPU_time,score
0,0.021840374800598406,0.012139416688125146,6.888237008887069e-05,0.04178340988056407,0.02371655605794556,0.09085483141806484,0.02338781454865117,0.04664135547395814,0.0627255511124294,0.013985126311807655,0.03807351471247826,0.036971244864591815,0.006503988229948596,0.032666046151790716,0.15239721858266816,202.7062339674128,1155,5407.046628242,202.7062339674128
