,b_1_a,b_1_b,k_b_a,b_a0_a,b_a0_b,b_a1_a,b_a1_b,k_f_a,a_a1_a,a_a1_b,a_a0_a,a_a0_b,a_1_a,a_1_b,g_Kr,RMSE,iterations,CPU_time,score
0,0.006498412976109733,0.03268270120520103,0.03517151566946624,0.04975433847157289,0.06414302978074184,6.887363127362778e-05,0.0417806245803816,0.023921849049662547,0.013057391664337841,0.03828849106929059,0.023700797511604053,0.010764908101381908,0.09083531034591708,0.02339329919616577,0.15240499886146033,138.68327075514688,1170,4080.517516070002,138.68327075514688
