,a_a0_a,a_a0_b,b_a1_a,b_a1_b,k_f_a,a_1_a,a_1_b,b_a0_a,b_a0_b,a_a1_a,a_a1_b,k_b_a,b_1_a,b_1_b,g_Kr,RMSE,iterations,CPU_time,score
0,0.02230515538439559,0.011864304644660654,6.90271006494456e-05,0.04176659521221359,0.023788400320078524,0.0907620779596092,0.02339511570966074,0.04731185522077712,0.06295404501533101,0.013860403407316963,0.0379781378747729,0.03686894464009857,0.006489196210604807,0.03268036954971985,0.1524185361162341,203.4456750139404,1129,3185.683626084996,203.4456750139404
