,p1,p2,p3,p4,p5,p6,p7,p8,Gkr,RMSE,iterations,CPU_time
0,0.00022771023667619625,0.06635317390625094,2.9029481281017632e-05,0.06025167724809001,0.09261794256541103,0.010689892996177923,0.0016045160273984453,0.025662341497458566,0.5126104547386644,1340.844269432039,484,1173.5174002980057
1,0.00022770371902486496,0.06635447535342992,2.9028058984065056e-05,0.06025220924231888,0.09262068410248407,0.010690607953263606,0.0016045772304838202,0.025661676944653176,0.5126104547386644,1340.8442426218924,534,1279.8060762230016
2,0.00022770595114346025,0.06635420240463415,2.902844072204423e-05,0.06025202973935873,0.09262094335725264,0.010690354947474584,0.0016045859079173205,0.025661849169563315,0.5126104547386644,1340.8442396621838,514,1219.1929466880101
3,0.00022770380441780163,0.06635407978574281,2.9027974208108175e-05,0.06025196364617714,0.09262949340999767,0.010691150078680085,0.0016047420348291872,0.025660753586687877,0.5126104547386644,1340.8442394464055,796,1888.0327298369957
4,0.0002277095788177596,0.0663534041318206,2.903046851657466e-05,0.06025158109122011,0.0926198937916074,0.010690307922893797,0.0016045760943722773,0.025662055442428063,0.5126104547386644,1340.8442344530097,887,2107.9594878350035
