,p1,p2,p3,p4,p5,p6,p7,p8,Gkr,RMSE,iterations,CPU_time
0,0.00022745761741963284,0.06637789384963153,2.89594932883439e-05,0.060272105693663224,0.09267043954653759,0.010684714918834833,0.0016044630909581301,0.02567271139141169,0.5126104547386644,1336.4648546853075,682,1761.708249852003
1,0.00022745622100400967,0.06637830939324253,2.8961618948523778e-05,0.06027153858156045,0.09266496923226614,0.010684188273591284,0.0016044053069497416,0.025673100157189255,0.5126104547386644,1336.4648847012256,488,1230.6293017120042
2,0.00022746989535792116,0.0663777182178054,2.8962102978501043e-05,0.06027149028021336,0.09266760638150816,0.01068466959243197,0.0016044151453369815,0.025672899534650483,0.5126104547386644,1336.4648998985622,611,1545.939532274002
3,0.00022746115780022464,0.06637746720756306,2.8960201156268116e-05,0.06027185811464877,0.0926753517430597,0.010684489075850113,0.0016045949660759753,0.025672321459503135,0.5126104547386644,1336.4649110703497,617,1562.2312766110117
4,0.0002274473263548778,0.06637924749186261,2.896082216368959e-05,0.06027165966729904,0.09267341968066614,0.010685481768201308,0.001604536610441911,0.025671988713972388,0.5126104547386644,1336.4648958283328,523,1322.1218792720174
