,p1,p2,p3,p4,p5,p6,p7,p8,Gkr,RMSE,iterations,CPU_time,score
0,0.0016900881343346896,0.0366323031591372,4.3031010341897256e-05,0.045915944932693256,0.0931557588600229,0.0218148698828083,0.007350920600273202,0.029601105975685656,0.1639125641972233,1708.987509659005,1928,5472.526937772,1708.987509659005
1,1.3714413560673466e-07,1.3933460549854483e-06,0.06979536019873928,0.014180387227315698,0.6177385644933301,2.348264638946331e-07,4.399204590031595e-07,0.049812695672554856,0.1524,,1928,,
