,p1,p2,p3,p4,p5,p6,p7,p8,Gkr,RMSE,iterations,CPU_time,score
0,0.001691969769169436,0.03663089049615013,4.296154721943537e-05,0.045929072468091164,0.09315516180222973,0.021819662149302258,0.007350780745775896,0.029606097462917272,0.16385838569289274,1709.812154385067,1055,3083.8491164120005,1709.812154385067
1,0.004121363377253487,0.002812432960083569,9.776213708213634e-06,1.3263611431499582e-07,2.6843688373188963e-05,0.00028104940904357685,0.0355025170466676,6.985195917292398e-07,0.1524,,1055,,
