,b_1_a,b_1_b,k_b_a,b_a0_a,b_a0_b,b_a1_a,b_a1_b,k_f_a,a_a1_a,a_a1_b,a_a0_a,a_a0_b,a_1_a,a_1_b,g_Kr,RMSE,iterations,CPU_time,score
0,0.0065020173745714005,0.032677845309780074,0.03693766798569163,0.04659004459553681,0.06277685625110056,6.897602359137168e-05,0.041770530673458386,0.023753902821461382,0.013869978913735368,0.038208807655428875,0.02205130011272627,0.01193804029402189,0.09088382906376657,0.023391359371925116,0.15240170439714842,203.166115124717,1086,5275.836503855,203.166115124717
