,p1,p2,p3,p4,p5,p6,p7,p8,Gkr,RMSE,iterations,CPU_time
0,0.00019640621862983406,0.056857160434251215,2.8326496651996635e-05,0.05994428258808419,0.09137549438734219,0.009691121596716555,0.0015747889813022195,0.025162462646309613,0.6096,406.76465569557075,586,746.4137246430037
1,0.00019643499988009338,0.056851786580579454,2.8325955503943346e-05,0.05994389031110593,0.09138285197763572,0.009690686378416859,0.0015749456731777133,0.025161823687051724,0.6096,406.76461896272673,645,821.0845076350088
2,0.0001964365125263079,0.05685230611617136,2.8326216374390264e-05,0.05994382947800666,0.09137563914725783,0.009690709619934207,0.0015748236446283743,0.025161932185974806,0.6096,406.7645876143515,716,957.8908275899885
3,0.00019643499108825893,0.056856604319403745,2.8322738281173095e-05,0.059945343280033495,0.09138783848977447,0.009691789179466614,0.001574875878164408,0.02516157112210598,0.6096,406.7646840079284,548,696.1640238789987
4,0.00019645963025669689,0.056847741854600474,2.832899637792271e-05,0.05994328314243741,0.0913827663616466,0.00969133541676895,0.0015749339468120167,0.025162177167695497,0.6096,406.7646454233509,460,587.8412658489979
