,p1,p2,p3,p4,p5,p6,p7,p8,Gkr,RMSE,iterations,CPU_time
0,0.00020075334585361695,0.058302059630290094,2.9192244899942235e-05,0.05916460800425966,0.0903480609490895,0.009708637411118081,0.002155498509145103,0.025909512258938526,0.43105229381131943,351.835157455801,496,916.5371616090051
1,0.00020074855007569408,0.05830452425704834,2.919452275182368e-05,0.059164106177915766,0.09034712094098928,0.00970930421434614,0.002155478096465178,0.025908966979639715,0.43105229381131943,351.8351813062456,466,615.6254861889902
2,0.00020072139298756743,0.05830570512377477,2.9195270553865438e-05,0.05916318118089508,0.09034776369868291,0.009710150429796225,0.002155537847713298,0.025908333306179965,0.43105229381131943,351.8351697708644,455,604.4256737219985
3,0.00020070623811313464,0.058301884292092,2.9194979963392553e-05,0.05916382207453447,0.09034358483299562,0.00970946453088255,0.002155589487341353,0.025909472911458856,0.43105229381131943,351.83516802951317,590,1299.7589663529943
4,0.0002007313979410364,0.05830433833127896,2.920023693222871e-05,0.05916269105667542,0.09034567160284326,0.009710667892992117,0.002155508555152329,0.025909129845709124,0.43105229381131943,351.8351730610537,448,692.5835683370096
