,p1,p2,p3,p4,p5,p6,p7,p8,Gkr,RMSE,iterations,CPU_time
0,0.00023240713255199882,0.06986979108929003,2.3001632111971658e-05,0.06168395887895813,0.09659654252903457,0.009063035768508334,0.0017798250747765249,0.024082261257092046,0.5126104547386644,1287.050120730666,534,1591.3660988409974
1,0.00023225844748465098,0.06988189688550805,2.2995575964330285e-05,0.061686642073940035,0.09659402249724858,0.009063451770462735,0.0017797497274118974,0.024082669878694535,0.5126104547386644,1287.0501684838416,569,1693.7855130050011
2,0.00023234551319105195,0.06987424790243306,2.2990742736117813e-05,0.06168857801533799,0.09659945801003632,0.009062778086637921,0.0017798208173932354,0.024082729878021247,0.5126104547386644,1287.050023369722,598,1774.6207278360089
3,0.00023241506687669594,0.06986623612611635,2.298975686405964e-05,0.061688650162287015,0.09660028654799385,0.009062691559294159,0.001779841075729456,0.024082663349694663,0.5126104547386644,1287.050138849535,511,1515.6626757969934
4,0.00023238312176688278,0.06987119897499494,2.299429738354297e-05,0.061687176992592865,0.09659687356958888,0.009063126604723262,0.0017797835105335328,0.02408250276895841,0.5126104547386644,1287.0500669568003,903,2676.338644436997
