,p1,p2,p3,p4,p5,p6,p7,p8,Gkr,RMSE,iterations,CPU_time
0,0.00022627898413038114,0.0691061357806594,3.315122787854181e-05,0.0558646746171075,0.08818765088713877,0.00919259274002221,0.004381541605806929,0.030135339875898122,0.1812351643264147,379.8553175644103,566,1385.9088109919976
1,0.00022627695797299366,0.06910630203360438,3.314956568611793e-05,0.055865026094968066,0.0881884136687121,0.009192472157175493,0.004381565897147156,0.030135345712376832,0.1812351643264147,379.85531460990387,697,1702.598113867978
2,0.00022627958716002242,0.06910547801713242,3.315111692093268e-05,0.05586468891496808,0.08818556774642286,0.00919228199978221,0.004381460200218702,0.03013563584774697,0.1812351643264147,379.85531541603075,481,1172.7663265070005
3,0.00022627482697878026,0.06910609266500407,3.315107573871077e-05,0.05586466769375289,0.0881854537122729,0.009192564575466544,0.00438141790572554,0.030135529581161856,0.1812351643264147,379.8553169733775,561,1363.9765066870023
4,0.000226278971684476,0.06910619476769543,3.315051937443428e-05,0.055864823758225476,0.08818925307286736,0.009192321618756612,0.004381602280640432,0.030135569653007236,0.1812351643264147,379.8553176439446,784,1905.9096929759835
