,p1,p2,p3,p4,p5,p6,p7,p8,Gkr,RMSE,iterations,CPU_time
0,0.0002256963486476224,0.06992438969091802,3.452881705812931e-05,0.05459037705125634,0.08739290346148954,0.008928440116344919,0.005156308673070729,0.03157315426148406,0.1524,138.81381634158504,717,1359.7394224599993
1,0.00022569571094277233,0.06992470676469291,3.452897078314703e-05,0.05459032842879218,0.08739131707602303,0.008928384123954983,0.005156218537149249,0.03157324450626053,0.1524,138.81381648549052,540,833.7474271809915
2,0.0002256944581619418,0.06992443477860877,3.452849170642549e-05,0.054590418062607705,0.08739350153843758,0.008928477631856299,0.005156341053020645,0.031573023260211136,0.1524,138.8138163695834,646,807.3086352070095
3,0.00022569328890695962,0.06992458097518324,3.452881047454422e-05,0.05459033245064547,0.08739138661803579,0.008928348331566296,0.005156217709232758,0.03157326443496838,0.1524,138.81381625691415,602,1117.1030533669982
4,0.00022569578938887486,0.06992440764903603,3.452918157654751e-05,0.05459026143133184,0.08739164037153158,0.008928414708962083,0.005156233798405055,0.03157327926552176,0.1524,138.81381646340512,593,1243.8495327519922
