,p1,p2,p3,p4,p5,p6,p7,p8,Gkr,RMSE,iterations,CPU_time
0,0.00021215436338743097,0.05716945466979049,2.760351432780587e-05,0.059004952540899804,0.09638995298578601,0.008655274866085786,0.0024231353355114215,0.027237275792215396,0.3624703286528294,278.4008895837242,594,1067.6374933930056
1,0.00021217048080631064,0.057167622562020855,2.7604454320102137e-05,0.059004907164868954,0.09639725959196183,0.008655850882365444,0.002423306306732179,0.027237141253286037,0.3624703286528294,278.40089663286625,477,740.9321454360033
2,0.00021214304559005517,0.057171174413051556,2.7599469225311514e-05,0.05900646072516497,0.09639564386967882,0.008654929872625835,0.0024232795524597645,0.027237217953409085,0.3624703286528294,278.4008972183993,571,992.7092654270018
3,0.00021216545096669614,0.05716862051759799,2.7603724457538782e-05,0.05900521391089869,0.09639560165566867,0.008656132389676014,0.00242327044031352,0.027236866807580282,0.3624703286528294,278.4008909125246,545,1024.0503634100023
4,0.0002121409061036915,0.05717182581040832,2.7603360003258727e-05,0.059005011963002424,0.09639010968227006,0.008654987115308318,0.002423142894212367,0.027237340465887033,0.3624703286528294,278.4009021725234,583,1141.6177228509987
