,p1,p2,p3,p4,p5,p6,p7,p8,Gkr,RMSE,iterations,CPU_time
0,0.0002122177603437095,0.057214161818543365,2.7583401746644917e-05,0.05901568722079303,0.09608307409920555,0.008633295994327344,0.002416454035079085,0.02723488840365536,0.3624703286528294,278.5438259892119,777,1522.7360837300075
1,0.00021220563116749599,0.057213642288646505,2.7585132658783675e-05,0.0590148709027745,0.09608407124373061,0.00863293271690019,0.0024164897644873883,0.02723554655430806,0.3624703286528294,278.54382559760376,629,1215.4485240140057
2,0.0002122122245419368,0.05721504043800676,2.7583830176224927e-05,0.05901549601509402,0.09607998713355012,0.008633155144852819,0.002416401377542277,0.027234611844671557,0.3624703286528294,278.5438208279608,509,720.4379148949956
3,0.00021220604576944904,0.05721708107852625,2.7583393051345235e-05,0.0590156968837225,0.09609081366712446,0.008634451794648702,0.002416620719611928,0.027234082989038785,0.3624703286528294,278.5438264453682,743,1227.7305484700046
4,0.00021220712650005556,0.05721513092197725,2.7584081857798652e-05,0.059015524347457035,0.09612202308414645,0.008637208255742075,0.0024174152365771893,0.027231576766661762,0.3624703286528294,278.5438300700881,832,1209.4776019800047
