,a_a0_a,a_a0_b,b_a1_a,b_a1_b,k_f_a,a_1_a,a_1_b,b_a0_a,b_a0_b,a_a1_a,a_a1_b,k_b_a,b_1_a,b_1_b,g_Kr,RMSE,iterations,CPU_time,score
0,0.022608863381496928,0.011113305053013375,6.923567681083517e-05,0.041742337894913585,0.023211700598547803,0.09094751038830923,0.02341596906745914,0.04980485346923521,0.06309978510581832,0.013956900655917918,0.038726825144394454,0.03479942558927939,0.006504485322436972,0.03265516936945423,0.15242644726216273,139.298979868588,1507,4697.141886750003,139.298979868588
