,p1,p2,p3,p4,p5,p6,p7,p8,Gkr,RMSE,iterations,CPU_time
0,0.0002316645561328877,0.06992029836320071,2.2947436629893017e-05,0.061699183256094386,0.09654920899164098,0.0090612460866889,0.0017791109838094352,0.02407457818840229,0.5126104547386644,1282.8980811260615,686,1164.6703572270053
1,0.00023156901620785005,0.06993112124456138,2.294486590841337e-05,0.06169984612976359,0.09655335009122154,0.009060473968890601,0.0017791844169638546,0.024074376805832184,0.5126104547386644,1282.898042692845,699,1184.6943842860055
2,0.0002316219539769727,0.06992475518456737,2.2936904409193487e-05,0.06170319878583712,0.09655380011024274,0.009059540531804203,0.0017792061553647295,0.024074475306330483,0.5126104547386644,1282.8981011863175,468,790.0571867269755
3,0.00023169218093950148,0.06991812834000764,2.2944753220559288e-05,0.061700182995099544,0.096549809957775,0.009060699563655145,0.0017790893100826499,0.02407486776765738,0.5126104547386644,1282.8980754114846,924,1549.0436725630134
4,0.00023164136315093688,0.06992133763156856,2.2939107480846907e-05,0.061702201741194576,0.09655590366675804,0.009060135044922132,0.0017792642474159723,0.02407465563209061,0.5126104547386644,1282.8980815359937,600,989.7449199339899
