,p1,p2,p3,p4,p5,p6,p7,p8,Gkr,RMSE,iterations,CPU_time,score
0,0.0016861219053864195,0.08448662919960256,2.2119523154126288e-05,0.051194558746916335,0.12147375860198222,0.02688834565306428,0.008874540735920353,0.028785941735556233,0.1546672213150787,656.7724271539007,1236,2656.240997723,656.7724271539007
1,3.853178660875188e-07,1.3995704106835958e-06,4.125039687017996e-06,0.00016521450230255316,0.05995498096114576,0.004612082966634307,0.015995596896136895,1.1228431583075332e-06,0.1524,,1236,,
