,a_a0_a,a_a0_b,b_a1_a,b_a1_b,k_f_a,a_1_a,a_1_b,b_a0_a,b_a0_b,a_a1_a,a_a1_b,k_b_a,b_1_a,b_1_b,g_Kr,RMSE,iterations,CPU_time,score
0,0.02246587805678948,0.011613920343645227,6.888490580414939e-05,0.041781257438204315,0.023802088731899426,0.09080133770383196,0.023377582641845623,0.0475200330200585,0.0632525942002005,0.013755328697298784,0.038092495560492275,0.03672198475160006,0.006496147373509194,0.03269178504892964,0.15238881318869613,295.720648061323,1437,10207.293391703999,295.720648061323
