,a_1_a,a_1_b,b_a0_a,b_a0_b,k_b_a,a_a0_a,a_a0_b,b_1_a,b_1_b,b_a1_a,b_a1_b,a_a1_a,a_a1_b,k_f_a,g_Kr,RMSE,iterations,CPU_time,score
0,0.09081934812368812,0.023390853414635374,0.04686515146368483,0.06327101483006335,0.03675790692221545,0.022337391013148016,0.011750291342315262,0.006497636162222847,0.032686017121617277,6.886095030251775e-05,0.04178205551162246,0.01351204239309122,0.03816729170858529,0.02409409923367545,0.15239486488244336,138.68500817998353,1107,3496.2931596959997,138.68500817998353
