,p1,p2,p3,p4,p5,p6,p7,p8,Gkr,RMSE,iterations,CPU_time,score
0,0.001968893165590047,0.05415340950281262,2.9817143922654514e-05,0.04872326199917168,0.09600684473863533,0.023113993350533105,0.006843013621810937,0.03139537767553134,0.1578622297048224,2602.4615633941507,1267,3999.738425053,2602.4615633941507
1,6.168603299433819e-06,1.1792670346398483e-07,0.0018291181098767852,2.9592503147716283e-07,0.00028183085687980176,0.03729843570737702,8.795724008740571e-05,7.753834040841844e-05,0.1524,,1267,,
