,b_1_a,b_1_b,k_b_a,b_a0_a,b_a0_b,b_a1_a,b_a1_b,k_f_a,a_a1_a,a_a1_b,a_a0_a,a_a0_b,a_1_a,a_1_b,g_Kr,RMSE,iterations,CPU_time,score
0,0.0064984380406912755,0.03267756040119591,0.03678802011233469,0.0460500285330658,0.06302874497542893,6.885893976816598e-05,0.04178283674545365,0.023693058370458812,0.013772710828597426,0.03830039963573819,0.021947469375938368,0.012010968260279867,0.09082374312533778,0.02339719239927622,0.1523707733123337,203.23388308136145,1474,7114.576983610998,203.23388308136145
