,p1,p2,p3,p4,p5,p6,p7,p8,Gkr,RMSE,iterations,CPU_time
0,0.00020111938630434188,0.05830123624776325,2.906644945620725e-05,0.05919496577017583,0.09048124912422216,0.009694680252721397,0.002155060716747679,0.025912899229588282,0.43105229381131943,352.6516170770396,487,1082.5072302590052
1,0.0002011190354963754,0.058297933066083114,2.9063620712409056e-05,0.059195802926329276,0.09048834743703704,0.009693933685803464,0.0021552605383391922,0.025913936211431697,0.43105229381131943,352.6515840817374,577,1267.9274326919985
2,0.00020109920677929808,0.05830280748006106,2.906587978175521e-05,0.05919546094239757,0.09048020731274167,0.009693962055598438,0.00215505019207867,0.025914596970998457,0.43105229381131943,352.6516205007843,697,1527.9094897379982
3,0.00020112551170959041,0.05830247840637944,2.9062955178508036e-05,0.059195862747886734,0.0904839832849075,0.009694499444825635,0.0021550400586429898,0.025912710881219447,0.43105229381131943,352.6515936410212,931,2041.1950545770014
4,0.00020112091474038533,0.05830201297419306,2.9062615051794577e-05,0.05919608489687923,0.09048253736893819,0.009693972312293676,0.0021550574679097675,0.025913255483028388,0.43105229381131943,352.65158640360426,478,1050.6195733810018
