,p1,p2,p3,p4,p5,p6,p7,p8,Gkr,RMSE,iterations,CPU_time,score
0,0.001969913248396634,0.054153702853289166,2.9800801271165998e-05,0.04872878233769642,0.09614287889578943,0.02311160540772089,0.006854056671436606,0.031385378926155436,0.1578919976545273,2603.976559978672,1664,5806.187858950994,2603.976559978672
1,3.348705182588369e-07,0.002004318945669849,1.769834889576278,1.0534447379590428e-05,0.001618930695494152,0.005896090159113666,0.004574479335935336,0.0003069813000416665,0.1524,,1664,,
