,p1,p2,p3,p4,p5,p6,p7,p8,Gkr,RMSE,iterations,CPU_time,score
0,0.0016146668153215883,0.07288865152006546,1.905375612904931e-05,0.05228751179402722,0.1100582510657747,0.023160662411312267,0.008877570586035909,0.02942554933441,0.15295282959162293,2963.759611983471,2065,5547.194432647,2963.759611983471
1,1.8396713399156602e-06,0.0007942054775237929,1.9274375209264993,4.312556755306014e-07,3.357524126015094e-06,1.2039640764197435e-07,0.010259805554169266,9.165116842788414e-07,0.1524,,2065,,
