,p1,p2,p3,p4,p5,p6,p7,p8,Gkr,RMSE,iterations,CPU_time,score
0,0.3811138536687465,1.0000077416159906e-07,0.4145062576353869,1.0000011635747134e-07,1.4782091102491897e-07,0.02786416757711057,0.03989289112809862,0.00019118380994863693,0.014035050102510268,101941.97830051823,1050,1694.0926052260002,101941.97830051823
1,0.3614325710905386,1.229607035465427e-07,0.4219253676155767,0.0007359438183933616,1.5099880018824638e-07,8.658583495913941e-05,0.03364590934936233,1.7602316774487584e-06,0.1524,,1050,,
