,p1,p2,p3,p4,p5,p6,p7,p8,Gkr,RMSE,iterations,CPU_time,score
0,0.0016884181188878199,0.036667564868575295,4.288641724519214e-05,0.045940465234191194,0.09317542370082961,0.021808385138425625,0.007353683468026035,0.029607591801999986,0.1638585264132403,1711.7413212649537,2321,6781.3069787760005,1711.7413212649537
1,5.151847821394136e-07,1.2186571292708819e-06,0.004905757513515627,0.004406779825377421,2.784566746877279e-07,4.460277181062738e-06,2.1506030030681406e-06,0.054887518253834346,0.1524,,2321,,
