,p1,p2,p3,p4,p5,p6,p7,p8,Gkr,RMSE,iterations,CPU_time,score
0,1.3253957902059055,1.0000750523805186e-07,0.007747067465854461,1.0000126078403732e-07,7.353759427078239e-06,1.0007133730322333e-07,1.0043957811234783e-07,1.0009011358982088e-07,0.478413605161952,341629.82087340625,1306,3342.292997251,341629.82087340625
1,0.5556022833126683,1.179480362471489e-05,0.4676463257076579,0.0006200807432962396,0.0017302622835197487,1.209898401856768e-05,2.6287961173087832e-06,3.4526611504033683e-07,0.1524,,1306,,
