,p1,p2,p3,p4,p5,p6,p7,p8,Gkr,RMSE,iterations,CPU_time,score
0,1.0000020970042083e-07,0.18961812837986386,1.0020177515523438e-07,0.08920991667642604,1.0000295056896159e-07,0.3528709230262956,6.721265118897943e-05,0.13762836497321704,0.3614806160161513,49906.62885360349,1719,3170.9594603780006,49906.62885360349
1,0.033126784933382024,5.284140037298584e-07,1.2468135699126148e-07,0.002406465271200265,5.916026875701516e-07,1.1526183744916937e-06,2.347520334154277e-05,2.122805056868071e-06,0.1524,,1719,,
