,p1,p2,p3,p4,p5,p6,p7,p8,Gkr,RMSE,iterations,CPU_time,score
0,0.0016919743941776423,0.03663089665444065,4.295943127833963e-05,0.045929461880041426,0.09315436419518487,0.021819716210786645,0.0073507271263282,0.029605628412793048,0.16385827138325587,1709.8121444755243,1096,3336.213404643,1709.8121444755243
1,5.557051964697755e-05,7.530156170456206e-07,6.295267568578056e-05,3.150114922033607e-05,1.4261170267738852,0.06019065579095462,5.090081369961085e-05,3.8287677155963725e-07,0.1524,,1096,,
