,p1,p2,p3,p4,p5,p6,p7,p8,Gkr,RMSE,iterations,CPU_time,score
0,0.0015680057445585118,0.0793563005116285,2.2205330967254188e-05,0.05118118383037425,0.0959593379334627,0.023951666795707267,0.007052917013821173,0.031312473293625104,0.15476704961914498,718.7755002120849,1560,3494.326429194,718.7755002120849
1,2.201500531205344e-07,2.966200801062744e-05,6.9885288738469365e-06,4.049699329300047e-05,0.0053874361163895835,4.28851004996795e-05,0.0023395456857697506,0.0001713101883319577,0.1524,,1560,,
