,a_a0_a,a_a0_b,b_a1_a,b_a1_b,k_f_a,a_1_a,a_1_b,b_a0_a,b_a0_b,a_a1_a,a_a1_b,k_b_a,b_1_a,b_1_b,g_Kr,RMSE,iterations,CPU_time,score
0,0.021947030223264906,0.012007728101003928,6.885793288224358e-05,0.04178294793444502,0.023693619591566583,0.09082347410497968,0.023397115138744057,0.046047866179410306,0.0630283714300693,0.013776130030718066,0.03830223529700683,0.03679965048214575,0.006498399318835241,0.032677754366742987,0.15237058292885128,203.23388063227395,1050,4899.219992889,203.23388063227395
