,p1,p2,p3,p4,p5,p6,p7,p8,Gkr,RMSE,iterations,CPU_time
0,0.00021756212025424553,0.06005242345401745,2.9597936140252015e-05,0.05758869792553032,0.0933489890168261,0.008606955903063531,0.0033030617461201335,0.02853811554297995,0.2563052273693322,215.22035618080858,727,1454.9228469629998
1,0.00021757091301344248,0.06005101487520332,2.9599087192083424e-05,0.05758830056412138,0.09334887759462736,0.008607934377839684,0.003303046767454678,0.028537492493361544,0.2563052273693322,215.22035557403092,728,1391.919070146003
2,0.00021756233195888622,0.060051975273808546,2.9598056535154966e-05,0.05758870127491381,0.093346040451528,0.008607308950372556,0.00330297484892004,0.028537861052580864,0.2563052273693322,215.2203596296526,907,1800.3299280200008
3,0.0002175633999277387,0.060053895482849756,2.959820359271557e-05,0.05758872026846308,0.09335201338522604,0.008608414381599634,0.0033031427946353053,0.02853684224746034,0.2563052273693322,215.22035838246632,567,1120.9775818330018
4,0.00021755536035212452,0.06005303024033856,2.9597987882488874e-05,0.05758855275567009,0.09334373821232585,0.008607005397485457,0.0033028576676028738,0.028538193362511916,0.2563052273693322,215.22035462586794,780,1626.269913037002
