,p1,p2,p3,p4,p5,p6,p7,p8,Gkr,RMSE,iterations,CPU_time
0,0.00021781805411239834,0.06002068841198365,2.9499465391200288e-05,0.05762261155716896,0.09351920752911581,0.008590855751573825,0.0033059710746584487,0.028552934846394054,0.2563052273693322,214.93508311235823,534,1116.6872080780013
1,0.00021780428503888078,0.06002211608505619,2.9498950518634797e-05,0.05762273725516291,0.09353164048275268,0.008591104645852823,0.0033063976936374595,0.02855270937267772,0.2563052273693322,214.9350798193393,660,1278.8743380649976
2,0.00021782370771273457,0.06002006218769262,2.950067431921872e-05,0.05762206813791413,0.09353391575941243,0.008592040506029425,0.0033064873132685243,0.028551813563964905,0.2563052273693322,214.93508102806476,577,1156.4107626030018
3,0.00021781119507595758,0.060019846374919666,2.9499841613399536e-05,0.05762220497190843,0.09351765876391253,0.008589955661593157,0.0033059412082824587,0.02855358659363412,0.2563052273693322,214.93508115067354,568,941.9617426529876
4,0.00021781226544796226,0.060020320457271174,2.9500763094944746e-05,0.057621926159148934,0.09352452432588035,0.00859128373639879,0.0033061582294332706,0.028552709048043055,0.2563052273693322,214.93507566254902,993,1604.3477499699948
