,p1,p2,p3,p4,p5,p6,p7,p8,Gkr,RMSE,iterations,CPU_time
0,0.0002116135729441937,0.08747296071594028,3.565014892427027e-05,0.05060384803252981,0.08414219930228702,0.011276858904934595,0.010306619424283495,0.03534857200888496,0.07664514235271616,658.3693713756088,825,1173.6057338829996
1,0.0002116137883352191,0.08747342964212984,3.565042624449008e-05,0.050603774401949936,0.08414378397215934,0.011276919116008186,0.010306824296636579,0.03534838910888712,0.07664514235271616,658.3693683596289,1246,2101.977647394
2,0.0002116266593237781,0.08747087327517984,3.5647672504647496e-05,0.05060457671584575,0.08414785769990257,0.011274670682479154,0.010307199749060247,0.03535068249567372,0.07664514235271616,658.3693902237094,510,1002.7391197110119
3,0.00021165016950933148,0.08746793229255795,3.5649695161748136e-05,0.05060402683629899,0.08415341795085027,0.011277743992838173,0.010307770988659945,0.03534720310337652,0.07664514235271616,658.3693826787251,423,829.285220247999
4,0.00021163012261006702,0.08747027872808645,3.565054145452612e-05,0.050603705624556045,0.08414018715185505,0.011276698448627219,0.010306276356445035,0.03534890228394156,0.07664514235271616,658.3693836893641,503,986.5058766829898
