,b_1_a,b_1_b,k_b_a,b_a0_a,b_a0_b,b_a1_a,b_a1_b,k_f_a,a_a1_a,a_a1_b,a_a0_a,a_a0_b,a_1_a,a_1_b,g_Kr,RMSE,iterations,CPU_time,score
0,0.0064976074378686344,0.03267405282275689,0.037178035634375266,0.04664440092223294,0.0624901247403865,6.87698989720256e-05,0.04179970205845851,0.02389551983972967,0.013736588413651043,0.038510254311204056,0.02220798378066588,0.011516941226161457,0.09083000741661895,0.023385198097875634,0.1524254274211297,173.9210289046335,1076,5075.933691262,173.9210289046335
