,p1,p2,p3,p4,p5,p6,p7,p8,Gkr,RMSE,iterations,CPU_time,score
0,0.0016154028751564754,0.07287268716959022,1.9049140451187e-05,0.05229061137453534,0.11011595893954425,0.02315747596361715,0.008881259199338907,0.029427020850105876,0.15297802847055758,2969.5962095664468,1687,5691.259192972,2969.5962095664468
1,1.992896316125184e-05,0.010758551811201384,6.698765802909761,0.040503683236276934,9.803344181889209e-06,8.023345610076852e-06,0.007220087248929901,0.0001097468558274692,0.1524,,1687,,
