,a_1_a,a_1_b,b_a0_a,b_a0_b,k_b_a,a_a0_a,a_a0_b,b_1_a,b_1_b,b_a1_a,b_a1_b,a_a1_a,a_a1_b,k_f_a,g_Kr,RMSE,iterations,CPU_time,score
0,0.09087173317737103,0.023395257309843855,0.04839689865671433,0.06348607397761145,0.03628756465405626,0.023095927983501272,0.011182502371088837,0.006502149391585184,0.03267898655509333,6.890877730866139e-05,0.041776612746878834,0.013501810461985338,0.038320909636219154,0.023751605024191075,0.15238842688798324,295.92589122899915,1653,11142.206392844,295.92589122899915
