,b_1_a,b_1_b,k_b_a,b_a0_a,b_a0_b,b_a1_a,b_a1_b,k_f_a,a_a1_a,a_a1_b,a_a0_a,a_a0_b,a_1_a,a_1_b,g_Kr,RMSE,iterations,CPU_time,score
0,0.0065095326785891035,0.03264860977263607,0.035304009751700303,0.048782328293199534,0.062093865880740506,6.951629593320797e-05,0.0417116939237616,0.023186841549609816,0.014817845731977116,0.038602260655055835,0.02106542065101634,0.011852318099807364,0.09103526255577171,0.023411880155727555,0.15247117104344976,139.07644503588605,1088,2297.2628856049996,139.07644503588605
