,a_1_a,a_1_b,b_a0_a,b_a0_b,k_b_a,a_a0_a,a_a0_b,b_1_a,b_1_b,b_a1_a,b_a1_b,a_a1_a,a_a1_b,k_f_a,g_Kr,RMSE,iterations,CPU_time,score
0,0.09081182136947243,0.023395687381595216,0.046547850313445716,0.0633123292246197,0.03694454505678185,0.022618241415419776,0.011739826896025783,0.006497631171435649,0.03266656997976565,6.879593130291081e-05,0.04179266088643457,0.013626928987889825,0.03841852463836813,0.02360810907158431,0.15242685500964032,173.65714793420747,1628,7759.566840104,173.65714793420747
