,p1,p2,p3,p4,p5,p6,p7,p8,Gkr,RMSE,iterations,CPU_time,score
0,0.0016151993017135325,0.07289638713083373,1.9056006798258105e-05,0.05229014157973727,0.11025499035841438,0.02316914950556991,0.00889082456231343,0.02941156223997895,0.15300150343105387,2966.618780434527,1236,6290.938112631997,2966.618780434527
1,1.0560608686353652,6.193642277512762e-07,0.020795569380922495,0.012589676120503315,6.361086383717171,0.06224752160171727,2.943746282157212,2.230614999328875e-05,0.1524,,1236,,
