,p1,p2,p3,p4,p5,p6,p7,p8,Gkr,RMSE,iterations,CPU_time,score
0,0.0016881929462519024,0.03665300266143249,4.291037225005479e-05,0.045941825740821694,0.09317635714664728,0.021813570402158197,0.007353445712986931,0.02959262325342132,0.1639202811807656,1710.0087855926115,1697,4782.081912095,1710.0087855926115
1,0.7272464178407584,0.009595129926524355,0.025706583564735416,0.04730240207960921,0.00014074301942793526,4.036588996728951e-05,4.300092979055135,6.202625683868199e-07,0.1524,,1697,,
