,a_a0_a,a_a0_b,b_a1_a,b_a1_b,k_f_a,a_1_a,a_1_b,b_a0_a,b_a0_b,a_a1_a,a_a1_b,k_b_a,b_1_a,b_1_b,g_Kr,RMSE,iterations,CPU_time,score
0,0.021986904216215908,0.012006378428462004,6.884725570998467e-05,0.04178710094865495,0.023816869170755088,0.09086480352266953,0.023386731575440127,0.04627909195470895,0.06287226728872718,0.013845655546878766,0.03817756510680553,0.03715275329625534,0.0065021224894967885,0.03266761777267508,0.1524182847689072,296.84351717541716,1080,7006.577276106,296.84351717541716
