,p1,p2,p3,p4,p5,p6,p7,p8,Gkr,RMSE,iterations,CPU_time,score
0,0.00161348348224049,0.07285971671046859,1.9079533766076787e-05,0.052278193571199845,0.11006509484569428,0.023165994102414607,0.00887945512405934,0.029417097814491946,0.15297388143730387,2972.381365010102,1684,7540.926186340001,2972.381365010102
1,6.696640485477416e-07,0.12350096324518495,0.004531328016353768,0.0012322036431514913,9.143418436718546e-06,2.3231406303346187e-06,0.00023905497541148023,2.8311603386492027e-05,0.1524,,1684,,
