,b_1_a,b_1_b,k_b_a,b_a0_a,b_a0_b,b_a1_a,b_a1_b,k_f_a,a_a1_a,a_a1_b,a_a0_a,a_a0_b,a_1_a,a_1_b,g_Kr,RMSE,iterations,CPU_time,score
0,0.0064979874075932935,0.03267074084581423,0.03755965950619129,0.0468964882044148,0.06318980209013958,6.887180368572586e-05,0.041784909719592984,0.023830381424540893,0.013909099724468138,0.03813216935901795,0.022356827028003998,0.011722087463186556,0.09082679003462354,0.023392490744626356,0.15242622256065963,296.4830623050179,1208,8030.9143548010015,296.4830623050179
