,p1,p2,p3,p4,p5,p6,p7,p8,Gkr,RMSE,iterations,CPU_time
0,0.00019051594255864137,0.08628621067213392,3.3057316263503496e-05,0.04789272491102224,0.056402868747512575,0.012806006625066493,0.013546667418529631,0.04122525926876391,0.045308791081603676,8503.890822913627,823,3883.7916483180015
1,0.0001905370595234015,0.08628535055555114,3.30590021800727e-05,0.04789250200419143,0.056404670082442813,0.012805746094135465,0.013547525373818951,0.04122504596985771,0.045308791081603676,8503.890870404844,1106,4498.705144085994
2,0.00019056926421830682,0.08627812011501235,3.3059483987926345e-05,0.047891952010436604,0.05640845673555326,0.012806175230658553,0.013548748092862283,0.04122373361275486,0.045308791081603676,8503.890914678796,933,4214.59323910001
3,0.00019054484727180245,0.0862837250251485,3.306439794373563e-05,0.04789094117007981,0.05638196850282248,0.012811989107494353,0.013542496184230696,0.04121899047613392,0.045308791081603676,8503.891306356845,1055,4050.703938442006
4,0.0001905703220864422,0.0862797119187801,3.306024225326288e-05,0.047892136211282736,0.056374434442246886,0.012814985554643369,0.013540152125531469,0.0412156848633935,0.045308791081603676,8503.891346812217,968,3706.0894510999933
