,p1,p2,p3,p4,p5,p6,p7,p8,Gkr,RMSE,iterations,CPU_time,score
0,0.0016860974172168304,0.08445495080784339,2.210306643272298e-05,0.05119395884694699,0.12137119799357728,0.026881316312558686,0.008873515336058938,0.02879656752203942,0.15454490647571978,654.9818176623264,1216,2353.3676459290004,654.9818176623264
1,0.2052488176653088,0.06566367740796628,2.3857865290674374e-05,7.288788045651578e-06,2.0653633490991452e-05,2.1759558707518441e-07,0.02233421414212359,1.1896914094690378e-06,0.1524,,1216,,
