,a_a0_a,a_a0_b,b_a1_a,b_a1_b,k_f_a,a_1_a,a_1_b,b_a0_a,b_a0_b,a_a1_a,a_a1_b,k_b_a,b_1_a,b_1_b,g_Kr,RMSE,iterations,CPU_time,score
0,0.022806425083730666,0.010983489227013012,6.923282638261768e-05,0.04174272291474672,0.02320789157686787,0.09094714519926111,0.023415933483197086,0.05019717768572295,0.06323982009253855,0.01388537350810745,0.03871390984829985,0.03464606467493012,0.006504465098612792,0.032655120624366755,0.15242748398255745,139.29896136489063,984,3117.127851574999,139.29896136489063
