,p1,p2,p3,p4,p5,p6,p7,p8,Gkr,RMSE,iterations,CPU_time,score
0,1.00000337579248e-07,0.18984038478063844,1.0000116482826026e-07,0.08922951160393482,1.0000166476535704e-07,0.35288827072899764,6.727269719977544e-05,0.13762091131888304,0.3585406709110734,49929.89129072691,1462,2554.834085798,49929.89129072691
1,0.0024555073880050374,7.104086686512887e-06,0.002054810455359843,2.1815332366459787e-06,3.880300043914845e-06,5.543497186722029e-07,0.01157496220306843,7.921184549889429e-07,0.1524,,1462,,
