,p1,p2,p3,p4,p5,p6,p7,p8,Gkr,RMSE,iterations,CPU_time,score
0,0.0015679313571118434,0.07933905832752365,2.2210377319045036e-05,0.05118088881873626,0.09598754762276697,0.023942236787022727,0.0070541559945347535,0.031315861705204916,0.15483705880431745,723.5634887984463,1431,3626.0373831449997,723.5634887984463
1,3.944326607873526e-05,1.3609579717368056e-05,0.0001290915664755449,0.0005452867655764263,0.8959788872400867,1.8700820767131762e-07,0.48342421992401935,0.010841412251667107,0.1524,,1431,,
