,p1,p2,p3,p4,p5,p6,p7,p8,Gkr,RMSE,iterations,CPU_time,score
0,0.0019694152691642586,0.05417452799146937,2.9783677037596985e-05,0.048734209518725743,0.0960321828654359,0.023116206109732067,0.006842843163529883,0.0313945203250248,0.15787550075233872,2608.359374865038,2225,7486.776624948001,2608.359374865038
1,4.091150104731022e-07,3.0596774491183385e-06,4.116645662057996e-07,0.0011941064970185718,1.6673352081530335e-07,1.1384215616387104e-07,0.00033351816787280023,1.8305274897331781e-06,0.1524,,2225,,
