,b_1_a,b_1_b,k_b_a,b_a0_a,b_a0_b,b_a1_a,b_a1_b,k_f_a,a_a1_a,a_a1_b,a_a0_a,a_a0_b,a_1_a,a_1_b,g_Kr,RMSE,iterations,CPU_time,score
0,0.006504288419683098,0.03265064540575331,0.03455568273108814,0.04960348444656793,0.0624408316873701,6.939524219791082e-05,0.04172505521712963,0.023015903082970614,0.014414661246034232,0.03881333155462011,0.02179607166182222,0.011410088675029897,0.09096317937924757,0.023410221281410837,0.15246552089279908,139.07721746548495,1177,4149.807864169001,139.07721746548495
