,a_a0_a,a_a0_b,b_a1_a,b_a1_b,k_f_a,a_1_a,a_1_b,b_a0_a,b_a0_b,a_a1_a,a_a1_b,k_b_a,b_1_a,b_1_b,g_Kr,RMSE,iterations,CPU_time,score
0,0.022007799048790692,0.011925930948215313,6.882547564166682e-05,0.04179093196253363,0.023688739493300807,0.0908671178098784,0.023390384547530885,0.04638222295389261,0.06263761599978522,0.013949238724191834,0.03830068929506364,0.03709419408921253,0.006498346554187418,0.03267756964217761,0.15241298081772492,173.37775112805664,1024,4785.739478408001,173.37775112805664
