,a_a0_a,a_a0_b,b_a1_a,b_a1_b,k_f_a,a_1_a,a_1_b,b_a0_a,b_a0_b,a_a1_a,a_a1_b,k_b_a,b_1_a,b_1_b,g_Kr,RMSE,iterations,CPU_time,score
0,0.022343106920356137,0.011579550570900236,6.862431732055091e-05,0.04181582515050143,0.024169168561154128,0.09077401658401006,0.02338588952338362,0.04669981307766766,0.06308377436666471,0.013261120061508277,0.03839798443035517,0.0363086317599344,0.006494511723127158,0.032686250632792894,0.15239066529175532,139.04207101314674,1064,3530.883799525,139.04207101314674
