,p1,p2,p3,p4,p5,p6,p7,p8,Gkr,RMSE,iterations,CPU_time,score
0,0.001566352676738429,0.07928806697841333,2.2168446179825845e-05,0.05120155200871049,0.09598656980413907,0.023935085210527687,0.007052011581576713,0.0313148961309134,0.15486974982852938,719.5676331853002,1996,4706.506116274999,719.5676331853002
1,0.0031272616437921646,0.00014224433588452126,0.012221604464010525,1.812027283927443e-07,0.005537205701119131,3.299374986265858e-07,2.7211192177752666,0.021602557160675395,0.1524,,1996,,
