,p1,p2,p3,p4,p5,p6,p7,p8,Gkr,RMSE,iterations,CPU_time,score
0,0.0016147484818703614,0.07289434454522824,1.9055198525665196e-05,0.05228678514936223,0.11006476454078327,0.023160426244820873,0.00887823809022124,0.029425669061254645,0.1529523841251302,2963.7597367440626,1728,7778.443096979998,2963.7597367440626
1,0.0005868875503708092,1.9398139139164904e-05,0.29335924125596885,0.005219999025688324,1.199782098602405,0.005439664675859492,1.6787340966205804e-05,3.5541851034888676e-05,0.1524,,1728,,
