,p1,p2,p3,p4,p5,p6,p7,p8,Gkr,RMSE,iterations,CPU_time,score
0,0.0016890034969693395,0.03664955096465374,4.2844198986622744e-05,0.04595551981278807,0.09319857358513627,0.021806345740634565,0.007353151419017467,0.029606907110101274,0.16389634542638068,1708.2253088086488,931,1617.176400782002,1708.2253088086488
1,1.442967000418048e-05,0.0263066432185146,0.007001618116367858,7.44495888805098e-07,0.0008072771362421475,0.032645580019661675,0.4063497069280916,0.012285677401928282,0.1524,,931,,
