,a_a0_a,a_a0_b,b_a1_a,b_a1_b,k_f_a,a_1_a,a_1_b,b_a0_a,b_a0_b,a_a1_a,a_a1_b,k_b_a,b_1_a,b_1_b,g_Kr,RMSE,iterations,CPU_time,score
0,0.02245832800848994,0.011784886744075974,6.895680995797345e-05,0.04177520723181397,0.023714871910263047,0.09082635085388059,0.023392809883631765,0.047120161921940074,0.06307262761893943,0.013709327120743868,0.03815189299633763,0.03666305252236318,0.006495403428597494,0.032674830320975755,0.1524396635367634,295.4140910291648,817,5483.6949810139995,295.4140910291648
