,p1,p2,p3,p4,p5,p6,p7,p8,Gkr,RMSE,iterations,CPU_time
0,0.0002487442362783167,0.08468425151663116,3.4333750407580446e-05,0.05090808409013438,0.07538478182911987,0.008970125223192422,0.008223741846621281,0.03777515723056776,0.0762,720.5259459357711,733,983.8415226579964
1,0.0002487109543535569,0.08468349114607189,3.433465789982043e-05,0.05090781374316853,0.07538489658706839,0.008970434566071267,0.008224035409035147,0.03777498129143061,0.0762,720.5259448935388,550,1162.5759373499968
2,0.00024873783654923013,0.08468518339020063,3.433438989167823e-05,0.05090801041915073,0.07538687862674608,0.008969907475420256,0.008224172354215593,0.037774786349333254,0.0762,720.5259445165999,712,1608.7233120439996
3,0.00024873908874697715,0.08468142009299086,3.433187337471011e-05,0.05090844918424756,0.07537396093460928,0.008974281184617511,0.008222889442870323,0.03776970220798762,0.0762,720.5259664738587,517,845.1250263929978
4,0.00024873521137203813,0.08468428892939336,3.433678289713456e-05,0.050907412783894095,0.07538215800530412,0.008970357744551226,0.00822369580658578,0.037775290492609505,0.0762,720.5259393859727,824,1859.412466046997
