,p1,p2,p3,p4,p5,p6,p7,p8,Gkr,RMSE,iterations,CPU_time,score
0,0.0015681251394476636,0.07931104003996906,2.217447861743077e-05,0.051200631760866866,0.09593387224700178,0.023936004187017468,0.007049068203841892,0.031318752939373855,0.15484479039152138,721.8140782810473,2419,6085.848081069998,721.8140782810473
1,0.0021483296629119966,7.622351424721822e-07,5.643647303172877,0.00040074087088527705,0.04212691434299873,3.564672559389814e-06,2.310943087596597e-06,0.029863896502885113,0.1524,,2419,,
