,a_1_a,a_1_b,b_a0_a,b_a0_b,k_b_a,a_a0_a,a_a0_b,b_1_a,b_1_b,b_a1_a,b_a1_b,a_a1_a,a_a1_b,k_f_a,g_Kr,RMSE,iterations,CPU_time,score
0,0.0908392964603377,0.023380416504358417,0.04760203862699175,0.06328217479517756,0.036780102438915996,0.02250367572530564,0.011693715446584721,0.006499106889071276,0.03268455929610417,6.900760180216696e-05,0.04176850900798385,0.013757246599451848,0.0379794182271891,0.02381567103417052,0.15241741857212557,202.9801580540148,1467,7336.785460061,202.9801580540148
