,a_a0_a,a_a0_b,b_a1_a,b_a1_b,k_f_a,a_1_a,a_1_b,b_a0_a,b_a0_b,a_a1_a,a_a1_b,k_b_a,b_1_a,b_1_b,g_Kr,RMSE,iterations,CPU_time,score
0,0.022249231276080698,0.011789561629407544,6.889355448811346e-05,0.04178258650153472,0.023686836209213646,0.09093554509677189,0.023393655971628485,0.046706608527194604,0.06299747883809391,0.01381579365703427,0.03829534770931024,0.036882192254611305,0.006505033902842481,0.03266871516166311,0.1524168018479667,295.4551828291182,1272,8942.351217207,295.4551828291182
