,p1,p2,p3,p4,p5,p6,p7,p8,Gkr,RMSE,iterations,CPU_time,score
0,0.0016902018473761047,0.03663016586277158,4.3038554583834934e-05,0.04591434963360637,0.09315602424978066,0.021815366054653222,0.007350783826876335,0.029601422714079863,0.16391385274913922,1708.9874962961496,1235,4163.411348459,1708.9874962961496
1,0.20366907874937715,0.00011342535273824315,1.95080751798108e-07,0.0001836645662214405,0.00013608349609117251,4.133955193806269e-07,9.33077165379771,8.620869158076983e-06,0.1524,,1235,,
