,p1,p2,p3,p4,p5,p6,p7,p8,Gkr,RMSE,iterations,CPU_time,score
0,5.197100432468122,1.0002255344332167e-07,0.00018006965947728838,1.0198040218735276e-07,6.335198583799487e-06,1.0000693194475042e-07,4.2025555185657035e-05,1.0002805804358002e-07,0.00773854694192753,101923.44211065586,1945,3226.188568038001,101923.44211065586
1,5.140624175080764,0.008365257740562982,0.000199588502121204,1.2886623777437753e-07,6.462569199589079e-06,0.00013504136958614307,3.8982852954336414e-05,0.011761969435797255,0.1524,,1945,,
