,p1,p2,p3,p4,p5,p6,p7,p8,Gkr,RMSE,iterations,CPU_time
0,0.0002309296414577159,0.0698158885829091,2.3463217882602662e-05,0.06126015791885776,0.09600108197717765,0.009073564353207188,0.002105199356983053,0.024511993996837914,0.43105229381131943,1145.3471555285316,634,1912.7608149939915
1,0.00023100499677608844,0.06980899627897538,2.3461788198381435e-05,0.06126059880895267,0.09599782624037133,0.009074330651919075,0.0021050310324462703,0.024511819782514217,0.43105229381131943,1145.3471362145272,494,1003.452561462007
2,0.0002310108545339065,0.06980760033758436,2.346259158136679e-05,0.06126020114718684,0.09599744206958215,0.009074316165869225,0.0021051003241444213,0.02451157646718346,0.43105229381131943,1145.3471590682334,587,1573.5029088119918
3,0.00023093343379732261,0.06981296320001731,2.3461654172756534e-05,0.061260535568872024,0.09599743720802946,0.009074095740056928,0.0021051225460429032,0.024512098720593175,0.43105229381131943,1145.3471557623295,530,1610.312323637001
4,0.0002309729219364087,0.06981194595062315,2.3460836545981035e-05,0.061261475241970974,0.09599609525222848,0.009074097344641575,0.002104998735995774,0.02451205815676472,0.43105229381131943,1145.3471965305662,483,1124.5955075319944
