,p1,p2,p3,p4,p5,p6,p7,p8,Gkr,RMSE,iterations,CPU_time,score
0,0.0016861088261912619,0.08448521892728267,2.2119599711107573e-05,0.051194404261838584,0.1214786786046313,0.026888764320840242,0.008875013242159743,0.028785392283652646,0.15466661787251337,656.7724178890933,1828,3698.9517436509996,656.7724178890933
1,0.32740289072643014,0.0001251127931596617,0.00010907155875675121,1.1497871883992548e-05,2.0928643018616056e-06,0.011699124378986443,2.9160911813410846,1.9567554131515522e-05,0.1524,,1828,,
