,p1,p2,p3,p4,p5,p6,p7,p8,Gkr,RMSE,iterations,CPU_time,score
0,71.35682988851289,0.04399779849203081,252.94602634135833,3.324433464040738e-06,352.8028451543219,0.01735530958219277,0.9167092526502315,0.054229686849812685,23.489581501812363,77093.86493107156,2594,8172.258146348,77093.86493107156
1,0.0035441274450771208,9.72161880793906e-06,1.2097603658847464,0.0037940191082502395,5.322670180079021,0.015256355210442081,4.066426166235315,9.628428471982875e-06,0.1524,,2594,,
