,p1,p2,p3,p4,p5,p6,p7,p8,Gkr,RMSE,iterations,CPU_time,score
0,0.0019686518053229967,0.05413458037604427,2.976862561111205e-05,0.04873808357510472,0.0961219737861991,0.02311246533314508,0.00685523062116245,0.031374549307348294,0.1578843266737455,2608.364189383042,1653,5334.477395850001,2608.364189383042
1,0.056533415081859655,0.06940186125862788,2.482730668873984e-06,0.10682364168561863,1.5013726062286935e-06,0.00015286824601504014,0.0017604977009500278,2.9175571526843478e-05,0.1524,,1653,,
