,a_a0_a,a_a0_b,b_a1_a,b_a1_b,k_f_a,a_1_a,a_1_b,b_a0_a,b_a0_b,a_a1_a,a_a1_b,k_b_a,b_1_a,b_1_b,g_Kr,RMSE,iterations,CPU_time,score
0,0.022331634263221024,0.012767655395768568,6.873846110445962e-05,0.04179284061388974,0.02429658273766435,0.09063162868807477,0.023378521161997595,0.04487954546586067,0.0631007170507674,0.013303752149824289,0.0374478595578554,0.03801045120907111,0.006487804193860376,0.03270353186214612,0.1523170889979753,138.4788766670993,1169,3463.367524849,138.4788766670993
