,p1,p2,p3,p4,p5,p6,p7,p8,Gkr,RMSE,iterations,CPU_time,score
0,1.0000247607182353e-07,0.18898403958194201,1.0000127446763265e-07,0.08923419616546205,1.0000732504894068e-07,0.3528676115573903,6.725378800894838e-05,0.13762319656889976,0.3700345877456348,49929.9901924753,1322,2474.7133495060007,49929.9901924753
1,3.413348086270132e-05,2.0082861465718144e-06,0.000256399099340098,0.0006591508318128105,4.9267701819378714e-06,1.835642768067918e-06,0.00016643525940996333,1.5778226016444292e-07,0.1524,,1322,,
