,p1,p2,p3,p4,p5,p6,p7,p8,Gkr,RMSE,iterations,CPU_time
0,8.653026541373961e-05,0.09179778727642128,2.7890280112672707e-05,0.05332910383436292,0.08113830249824845,0.009583258019889828,0.007549706453116391,0.036605586813429576,0.09061758216320735,1688.321697259014,888,2314.9492680920084
1,8.653388886538479e-05,0.09179703981211147,2.7888729561127983e-05,0.05332963261022575,0.08113845144356745,0.009583300122436857,0.007549830013495489,0.03660541392165251,0.09061758216320735,1688.3216809542864,822,2823.655231912009
2,8.655570254363869e-05,0.09179146568450329,2.7889494490492553e-05,0.053329486231654996,0.08113469406746626,0.009582887676212466,0.007549520506562008,0.036605921231958015,0.09061758216320735,1688.3217116651902,567,1447.9197929069924
3,8.654504940859433e-05,0.09179397028469095,2.7889715854518034e-05,0.05332927883464937,0.08113482533694975,0.009583082376925291,0.0075493664256689255,0.03660598824576634,0.09061758216320735,1688.321688845322,1374,3678.208033481991
4,8.653818930755112e-05,0.09179631858206776,2.789044056150791e-05,0.05332917066108596,0.08113982339082747,0.00958314491262873,0.007549762472928695,0.03660612203514866,0.09061758216320735,1688.3216936001252,899,1827.8552769410016
