,b_1_a,b_1_b,k_b_a,b_a0_a,b_a0_b,b_a1_a,b_a1_b,k_f_a,a_a1_a,a_a1_b,a_a0_a,a_a0_b,a_1_a,a_1_b,g_Kr,RMSE,iterations,CPU_time,score
0,0.006497666704621974,0.03266650337151861,0.03695414829955243,0.04646390206363948,0.0632996099993683,6.87976927981363e-05,0.041792445872123836,0.023601653937765834,0.013635362845923902,0.038419149082404354,0.022583505125831987,0.01177080002519358,0.09081238640133761,0.02339577098554585,0.15242659386835117,173.6571385575667,1054,4600.711057579003,173.6571385575667
