,p1,p2,p3,p4,p5,p6,p7,p8,Gkr,RMSE,iterations,CPU_time,score
0,0.00196925547809303,0.05412268789969287,2.9801073588287334e-05,0.048723626765193824,0.09609217218819593,0.023100312115799704,0.00685129435136171,0.03139752723696735,0.15783789462863743,2605.406786732599,1575,5083.842476002999,2605.406786732599
1,0.01639164895685915,0.0013702123906133297,5.364354117383926e-06,2.337941288886249e-05,1.2884829462057638e-07,0.00010526292202134539,0.0002522962222089694,1.4390955008608958e-05,0.1524,,1575,,
