,p1,p2,p3,p4,p5,p6,p7,p8,Gkr,RMSE,iterations,CPU_time,score
0,0.0016884343983025341,0.03666763074950665,4.288464874060872e-05,0.045940676459536145,0.09317772721378231,0.02180811202611372,0.0073539474835846285,0.02960753388195299,0.16385816300465658,1711.7413374812363,2666,8114.949556699,1711.7413374812363
1,0.3553329121158463,0.011040125118601004,3.06534625680469,0.04636875142080817,2.807253514743026e-07,0.002887652655352135,1.0347220753710546e-05,9.982224366641653e-06,0.1524,,2666,,
