,p1,p2,p3,p4,p5,p6,p7,p8,Gkr,RMSE,iterations,CPU_time
0,0.0002074087301052892,0.08980328384061624,3.267689351868398e-05,0.05031829304487533,0.08307095050132277,0.012252368949373064,0.012442242648668165,0.03592434237403,0.06435684129488249,1011.4778923843713,864,1433.9904706840025
1,0.00020740136895671996,0.08980522960597696,3.267753957419499e-05,0.050318068509503204,0.08306971091126747,0.012252328769778652,0.01244212035591197,0.035924208294278656,0.06435684129488249,1011.4778904253632,837,1742.7210090139997
2,0.00020742107208534963,0.0898023439702196,3.267702934472979e-05,0.05031828862748024,0.08307110544097356,0.012252819084555461,0.012442200463250194,0.035924194967028464,0.06435684129488249,1011.4778904501544,621,1101.5939984799916
3,0.00020741310874030746,0.08980234227432297,3.267714892747855e-05,0.050318277360922425,0.08306776514589986,0.012251985808588528,0.012441803677776449,0.035924585192690144,0.06435684129488249,1011.477890694707,682,1258.1712215939915
4,0.0002074161268624356,0.08980119426810854,3.2678140976886294e-05,0.05031793748377314,0.08306737944559893,0.012251981952006353,0.012441704863581952,0.03592504475835962,0.06435684129488249,1011.4778911141279,729,1299.3222701269988
