,p1,p2,p3,p4,p5,p6,p7,p8,Gkr,RMSE,iterations,CPU_time,score
0,0.0016896517990325815,0.03664267964586212,4.293907759195385e-05,0.04593322616881357,0.09318588036756516,0.021811593132325474,0.0073511306603891895,0.029618381815411626,0.16386447082281852,1711.914088049945,1413,3901.4553292679993,1711.914088049945
1,9.134473418758063e-05,0.0002842769620790453,0.0008378343580586876,1.9160665510502192e-05,6.500898668825757e-05,0.002862152608528846,2.0446044577010435e-05,1.3158882519259472e-06,0.1524,,1413,,
