,p1,p2,p3,p4,p5,p6,p7,p8,Gkr,RMSE,iterations,CPU_time,score
0,0.0016151953140777064,0.07286533629139194,1.9071105198218386e-05,0.05228376591995634,0.11012139633269796,0.023164049043641333,0.008878516785100661,0.029415784132346395,0.15303559793528304,2966.5522270681577,1091,3657.6555053819993,2966.5522270681577
1,7.800015064098482e-06,0.000166459214891605,1.7766764374276515e-06,5.280117348097283e-06,1.1202954146950009e-07,3.5118176828876206e-06,0.47693421647401024,3.1750366590130227e-05,0.1524,,1091,,
