,p1,p2,p3,p4,p5,p6,p7,p8,Gkr,RMSE,iterations,CPU_time,score
0,0.0016906873793541882,0.03664238792977446,4.291889292581904e-05,0.045940368607016835,0.09316611213476614,0.021811198450641806,0.00735254643999891,0.029599210949069185,0.16389929331074335,1709.9749086690226,1492,4365.920849970999,1709.9749086690226
1,9.982523433374466e-07,8.001228140794386e-07,0.00015446570191316377,6.466670198945481e-05,4.892691242168395e-07,1.6354743756429676e-07,0.7483885728505386,5.8458339480298285e-05,0.1524,,1492,,
