,p1,p2,p3,p4,p5,p6,p7,p8,Gkr,RMSE,iterations,CPU_time,score
0,0.001568025416003295,0.07930998336168023,2.217474584853317e-05,0.05120041353890519,0.09593166805122255,0.023935482011545477,0.00704889161935336,0.03131907805130451,0.15484580816911347,721.8140872985673,1093,2599.9445417839997,721.8140872985673
1,1.3115808762180232e-05,6.772168290152797e-05,4.365578343695328e-05,5.175698238355525e-06,3.387745236204552e-05,1.8792102451299583e-06,0.06982101073122156,0.00016861799047228023,0.1524,,1093,,
