,p1,p2,p3,p4,p5,p6,p7,p8,Gkr,RMSE,iterations,CPU_time
0,0.00012341250338671132,0.08397122567407612,3.0879562305358845e-05,0.05355971189149472,0.08445213964718014,0.00924775069280114,0.006642951342461334,0.03485162947737697,0.10870874072059561,756.5330088986398,703,1348.4690751739981
1,0.00012343013618795645,0.08396745866491923,3.08806450717913e-05,0.05355933641987757,0.08445196989570791,0.009248189859205239,0.006642860138098027,0.03485178260925967,0.10870874072059561,756.5330050366003,960,1925.093995311996
2,0.00012340830544652222,0.08397233608464874,3.0880221326492536e-05,0.053559487864732726,0.08445355746646185,0.009248043704632758,0.0066430916628478776,0.034851415933599236,0.10870874072059561,756.5330098179621,827,1581.0412180840067
3,0.00012341148389186546,0.08397147308789969,3.087959665852755e-05,0.05355966215496263,0.08445187489878041,0.009247803502490805,0.006642920770230171,0.03485164469643524,0.10870874072059561,756.5330085182222,950,1787.7078233400243
4,0.00012342462696661035,0.08396913295693208,3.087962914263515e-05,0.05355956420134731,0.08445236009353313,0.00924774022868891,0.006642996567781682,0.034851580962283274,0.10870874072059561,756.5330081536742,1045,1974.456541544001
