,a_1_a,a_1_b,b_a0_a,b_a0_b,k_b_a,a_a0_a,a_a0_b,b_1_a,b_1_b,b_a1_a,b_a1_b,a_a1_a,a_a1_b,k_f_a,g_Kr,RMSE,iterations,CPU_time,score
0,0.09093532429962745,0.023393397005628234,0.047014893598008874,0.06308101249073439,0.03679561278590022,0.022330759400116314,0.011757296161953057,0.0065049495260526054,0.03266871609789771,6.892567180131714e-05,0.04177911455235635,0.013806731722189174,0.038217985193699074,0.023699394663883145,0.152418721442854,295.4555129726796,1107,7838.515560677006,295.4555129726796
