,p1,p2,p3,p4,p5,p6,p7,p8,Gkr,RMSE,iterations,CPU_time
0,0.0002267728326337557,0.0675531943546128,3.0255110193132323e-05,0.058712456078664946,0.0899478176303308,0.010192288852322892,0.002639982530477808,0.02710438278319719,0.3048,938.5597539809037,714,3098.1008482720063
1,0.00022678464874154763,0.06755170818872022,3.0254141055125942e-05,0.05871256034711186,0.0899537714866778,0.01019241505838533,0.0026401961237435627,0.027103750186368406,0.3048,938.5597622587235,635,2727.067676574996
2,0.00022676823522177914,0.06755313021585828,3.0254958770616467e-05,0.058712565729713166,0.08994947709466189,0.010192740433695816,0.002640036208009293,0.02710413007162268,0.3048,938.5597639737318,510,2120.130350417996
3,0.0002267845569187796,0.06755179991750347,3.025572973377061e-05,0.05871206780010626,0.08994425116104705,0.010192213621796703,0.0026398814998226474,0.02710432615344611,0.3048,938.5597475156493,860,2786.370066620002
4,0.00022677567239409298,0.06755188320937025,3.0254776232784415e-05,0.05871242947008888,0.08994421618199981,0.010192014910281218,0.002639897994039249,0.027104546910666213,0.3048,938.5597721611435,561,2441.4751964260067
