,p1,p2,p3,p4,p5,p6,p7,p8,Gkr,RMSE,iterations,CPU_time,score
0,0.0015679258687827703,0.07933841214934637,2.2208693255268768e-05,0.05118154855995907,0.09599088255032445,0.023941824581220978,0.007054401090068978,0.03131570763387869,0.15483806944238224,723.5634774461059,1703,3877.811033662998,723.5634774461059
1,1.6746894802198024e-07,0.00927353723509286,6.775292668993828e-06,0.0002227403461944244,2.6392932881293208e-05,0.004191994589679664,1.82116148690621e-05,3.3520578035208455e-05,0.1524,,1703,,
