,p1,p2,p3,p4,p5,p6,p7,p8,Gkr,RMSE,iterations,CPU_time,score
0,0.0016152320330661601,0.07286668831920781,1.907149408927463e-05,0.05228341632777098,0.11011591755608062,0.023164998589520928,0.008878274295402756,0.029415815776905684,0.15303042903435482,2966.552169698773,1420,6052.524965316996,2966.552169698773
1,1.0186519250182352e-06,5.401655507424307e-07,0.024762742332012616,0.08436943071881164,2.031543821743492e-06,0.0027890241452040074,0.3447186961150784,3.488208374931885e-05,0.1524,,1420,,
