,p1,p2,p3,p4,p5,p6,p7,p8,Gkr,RMSE,iterations,CPU_time
0,0.0002293110182909126,0.06995769894982096,2.3416156500636317e-05,0.06127394453258423,0.09609814776322985,0.009060574641660355,0.0021082210885003654,0.024508746997370618,0.43105229381131943,1145.6265625080698,625,1028.6178408749984
1,0.0002293003956443404,0.06995710052405199,2.3417048262241683e-05,0.06127325635338692,0.09610310893332392,0.009060812907198651,0.0021083640553919525,0.024508451657444384,0.43105229381131943,1145.6265519205822,564,925.8815414819983
2,0.0002292262070967177,0.06996353793118218,2.3416546584889143e-05,0.06127329146091108,0.09610150218775058,0.009060650424054788,0.002108303315745466,0.024508241189366533,0.43105229381131943,1145.626490772583,770,1265.0547753499995
3,0.00022921900592346784,0.06996496025614732,2.3415786747030295e-05,0.06127351833831174,0.09610194859639914,0.009060375623580284,0.0021083155995133946,0.024508452520482723,0.43105229381131943,1145.626600806952,524,860.1256407109904
4,0.00022927514556436363,0.06996118043213956,2.34141737163514e-05,0.061274192480356905,0.09610211291013407,0.009060404123608999,0.00210825519665927,0.024508713144650897,0.43105229381131943,1145.6265216824245,551,901.8225500049884
