,a_a0_a,a_a0_b,b_a1_a,b_a1_b,k_f_a,a_1_a,a_1_b,b_a0_a,b_a0_b,a_a1_a,a_a1_b,k_b_a,b_1_a,b_1_b,g_Kr,RMSE,iterations,CPU_time,score
0,0.022456393539496085,0.011620725843027074,6.888427708608655e-05,0.041781327107355146,0.023801562445114728,0.090801002614309,0.02337756392125231,0.047495013359023286,0.06324453799817621,0.013758017522812083,0.0380949415151076,0.036730858005615694,0.006496120264554234,0.032691799194357496,0.15238879398943697,295.72064880509527,1316,8836.587161674,295.72064880509527
