,p1,p2,p3,p4,p5,p6,p7,p8,Gkr,RMSE,iterations,CPU_time,score
0,0.0016914890642415548,0.03668207816681868,4.2974189668852935e-05,0.0459268799827106,0.09315025578924421,0.021813081499550285,0.007352966677724644,0.0295996177586443,0.16386331761255668,1714.3365471771062,1112,3213.3663663139996,1714.3365471771062
1,0.014356694392456359,3.9486016574498695e-06,0.7489603570118679,2.962955189165592e-05,0.4040414120365892,3.125117727795757e-06,0.018512344744526045,5.541795190196621e-07,0.1524,,1112,,
