,p1,p2,p3,p4,p5,p6,p7,p8,Gkr,RMSE,iterations,CPU_time,score
0,0.0016889468849726568,0.03665059199517021,4.284528598179024e-05,0.04595534575042563,0.09319818082745783,0.021806603113745562,0.0073530256367206484,0.02960692873856517,0.1638965783441306,1708.2253057996322,1974,5266.101227692,1708.2253057996322
1,0.3553329121158463,0.011040125118601004,3.06534625680469,0.04636875142080817,2.807253514743026e-07,0.002887652655352135,1.0347220753710546e-05,9.982224366641653e-06,0.1524,,1974,,
