,a_a0_a,a_a0_b,b_a1_a,b_a1_b,k_f_a,a_1_a,a_1_b,b_a0_a,b_a0_b,a_a1_a,a_a1_b,k_b_a,b_1_a,b_1_b,g_Kr,RMSE,iterations,CPU_time,score
0,0.022293116364243682,0.011873044997764436,6.9027354847568e-05,0.04176653969377886,0.023786857657005098,0.09076202049860899,0.02339512900247535,0.04728463094565707,0.06294169370820123,0.013862659870477636,0.0379810691375164,0.03687159093224461,0.006489164711188076,0.03268050378388101,0.1524182399407169,203.4456694183329,1261,6380.669945283,203.4456694183329
