,a_a0_a,a_a0_b,b_a1_a,b_a1_b,k_f_a,a_1_a,a_1_b,b_a0_a,b_a0_b,a_a1_a,a_a1_b,k_b_a,b_1_a,b_1_b,g_Kr,RMSE,iterations,CPU_time,score
0,0.02308966509458476,0.010220977874844247,6.950141157709891e-05,0.04170883453813167,0.022833465421900876,0.09089908830749066,0.023408331837877626,0.05353654718863091,0.06352657879908429,0.014307761982823373,0.03881121920935964,0.03346837104259681,0.0065042074018246505,0.03265827332736954,0.15239300672030245,138.53618119375773,1400,3433.280020489001,138.53618119375773
