,a_a0_a,a_a0_b,b_a1_a,b_a1_b,k_f_a,a_1_a,a_1_b,b_a0_a,b_a0_b,a_a1_a,a_a1_b,k_b_a,b_1_a,b_1_b,g_Kr,RMSE,iterations,CPU_time,score
0,0.023096937836446046,0.010215886237757215,6.949641981186626e-05,0.041709420795302855,0.02283222847673918,0.0908993926637244,0.023408254479623962,0.05352167972336165,0.0635283102564057,0.014302184116230538,0.038818649430580505,0.033470850707296634,0.006504206099809853,0.032658295409614777,0.15239352329604935,138.53618138817495,1463,2546.8951009949997,138.53618138817495
