,b_1_a,b_1_b,k_b_a,b_a0_a,b_a0_b,b_a1_a,b_a1_b,k_f_a,a_a1_a,a_a1_b,a_a0_a,a_a0_b,a_1_a,a_1_b,g_Kr,RMSE,iterations,CPU_time,score
0,0.006498785961802185,0.03268114395517341,0.03503948483715812,0.04982757539587892,0.06404663344169302,6.892667498973802e-05,0.041774412468166856,0.02384576781434241,0.013130241554652053,0.03831333889133394,0.023592675224213242,0.010811962979760632,0.09084299504419385,0.023394522194853568,0.1524072552284494,138.68322936593094,1232,4281.210087817002,138.68322936593094
