,p1,p2,p3,p4,p5,p6,p7,p8,Gkr,RMSE,iterations,CPU_time,score
0,0.3419509391153787,1.0000001380185364e-07,3.1762394242442364,1.000000139340716e-07,2.911230171410019e-07,1.0006894973436509e-07,9.932554758940609e-06,1.0001803883326573e-07,0.07119599388565855,101852.303974532,1274,1998.623955999,101852.303974532
1,0.3553329121158463,0.011040125118601004,3.06534625680469,0.04636875142080817,2.807253514743026e-07,0.002887652655352135,1.0347220753710546e-05,9.982224366641653e-06,0.1524,,1274,,
