,a_a0_a,a_a0_b,b_a1_a,b_a1_b,k_f_a,a_1_a,a_1_b,b_a0_a,b_a0_b,a_a1_a,a_a1_b,k_b_a,b_1_a,b_1_b,g_Kr,RMSE,iterations,CPU_time,score
0,0.02185860598622201,0.012083150426796528,6.879978505654621e-05,0.04178868001127736,0.023690825611562917,0.09081663129348529,0.023388101467568194,0.04583326317063954,0.06269760026097988,0.013789641934820277,0.03839452865472554,0.036801727559687296,0.00649924335964629,0.03268001621943095,0.15234858175170357,294.9067522344473,1517,9843.891590415002,294.9067522344473
