,p1,p2,p3,p4,p5,p6,p7,p8,Gkr,RMSE,iterations,CPU_time
0,0.00012086381164227684,0.08442794773636446,3.0691663583518966e-05,0.0535618838638822,0.08441339882589526,0.009254711002620403,0.00669734201797486,0.034930816360767954,0.10776307345282986,792.742978244878,536,1817.2396807960176
1,0.00012085619412961365,0.08442930176113708,3.069135141233326e-05,0.0535618785134254,0.08441163549445907,0.00925492519851782,0.006697115290118035,0.034930874440917505,0.10776307345282986,792.7429698574077,945,2332.103455372009
2,0.00012086887729824979,0.08442737590247719,3.069313161720554e-05,0.05356144201369689,0.08441234871196034,0.009254816838734237,0.006697149124848655,0.034931112963033986,0.10776307345282986,792.7429727271658,1162,2466.010675889993
3,0.00012088432959670155,0.08442447031839823,3.069196059080326e-05,0.05356178236309495,0.08440989560026721,0.009254465987804616,0.006697105448286414,0.034930990000234315,0.10776307345282986,792.7429716328681,884,1861.975288896996
4,0.00012086562802358319,0.08442816678087002,3.069214187518842e-05,0.05356175069023966,0.08441227534320879,0.009254735874734077,0.006697234820820136,0.03493079710796437,0.10776307345282986,792.7429776271196,700,1398.6374024029938
