,p1,p2,p3,p4,p5,p6,p7,p8,Gkr,RMSE,iterations,CPU_time
0,0.00021774996699175836,0.060199961779716656,2.9535835777857588e-05,0.05762414319412188,0.09349354687671232,0.008640624699676882,0.003305515038990716,0.028498451090463964,0.2563052273693322,215.29664626370507,544,1041.4585094790018
1,0.00021774789958266608,0.060200779853337515,2.953505892925182e-05,0.05762438631362716,0.09349331136172415,0.008640613508877962,0.0033055148066247647,0.02849805189114538,0.2563052273693322,215.29664391102853,928,1172.1249198419973
2,0.00021775211578433425,0.06020007291498778,2.95339741622212e-05,0.0576246092832955,0.09349320897171036,0.008640715106602857,0.003305470118036248,0.028498142811046668,0.2563052273693322,215.29664419856192,671,1224.057646139001
3,0.0002177527096250847,0.06019831639701517,2.9536287410655344e-05,0.057623937720484374,0.09349942638488852,0.008640808151302342,0.0033057258989604185,0.028498257517679256,0.2563052273693322,215.29664243843814,583,1119.311405512999
4,0.00021776262096050343,0.06019827463121691,2.9535568032530925e-05,0.057624185948122006,0.09349792312632826,0.008640583121706121,0.003305655042077401,0.028498289089139938,0.2563052273693322,215.2966473699167,522,1006.7194038919988
