,a_a0_a,a_a0_b,b_a1_a,b_a1_b,k_f_a,a_1_a,a_1_b,b_a0_a,b_a0_b,a_a1_a,a_a1_b,k_b_a,b_1_a,b_1_b,g_Kr,RMSE,iterations,CPU_time,score
0,0.022937599317225242,0.01112143775763986,6.850356992417177e-05,0.04182927084542412,0.023924948258674365,0.09079265593423859,0.02338047411337,0.047256300801025365,0.06325665344108829,0.012981300674196528,0.03883492396782572,0.035486935310649545,0.006495949479948572,0.032689322392824245,0.15239386295447127,139.04253542948229,1607,5056.26116942,139.04253542948229
