,p1,p2,p3,p4,p5,p6,p7,p8,Gkr,RMSE,iterations,CPU_time,score
0,0.0016913029002108742,0.03664970024929631,4.2991814257370875e-05,0.04592309822717665,0.09318272800489152,0.021806812684547955,0.007356683246414528,0.029601628005454503,0.16386206072779974,1714.7121938138234,878,2530.3384127259997,1714.7121938138234
1,6.502981716884728e-06,0.004909175545226888,3.688319362361269e-05,6.800252877269519e-07,4.878069367987047e-07,7.264569582540588e-07,0.0069924888976501745,2.735142077503633e-06,0.1524,,878,,
