,p1,p2,p3,p4,p5,p6,p7,p8,Gkr,RMSE,iterations,CPU_time
0,0.0001991244581056884,0.0927698413268632,2.307398597475014e-05,0.051267464223562764,0.08028965203501642,0.015173665782646152,0.018437310321832146,0.0364838791474279,0.045374817422412735,1990.6676670753452,523,906.5734325780068
1,0.00019908662731921481,0.09278080955705163,2.307352876140124e-05,0.051267815309317746,0.0803057776406728,0.015175335704100703,0.01844153888510597,0.03648097714741808,0.045374817422412735,1990.6676377266845,1099,2224.306576675008
2,0.0001991332963800379,0.0927698826404055,2.3073941739407435e-05,0.051267393513189555,0.08029523740511915,0.015174726363844942,0.01843876384504995,0.03648201763492291,0.045374817422412735,1990.6676519551177,608,1227.8460038139892
3,0.00019911635020182004,0.092771436946532,2.3072497364621986e-05,0.05126799346137642,0.0802961255795911,0.01517321049072226,0.018438887752196327,0.03648297073585923,0.045374817422412735,1990.6676559703324,810,1226.7286184190016
4,0.00019911004103728046,0.09277873060672762,2.3076864984288996e-05,0.051266512998829165,0.08026798703503994,0.015165659934850447,0.01843241201670754,0.036492254705194065,0.045374817422412735,1990.667672971709,545,627.5541612590023
