,p1,p2,p3,p4,p5,p6,p7,p8,Gkr,RMSE,iterations,CPU_time,score
0,0.0015680868839790365,0.07931035934586964,2.2173642252983966e-05,0.05120094841596424,0.0959315958373201,0.023935909757481243,0.007048857305381594,0.0313185799656922,0.15484648353074865,721.8140788481057,1159,2946.8132058600004,721.8140788481057
1,3.21628071306787e-06,0.001474534137160888,2.7558695166954254e-07,0.13443782719467182,0.0006592555835679473,1.919753659075397e-07,0.0011965610285888594,0.00024082400323123502,0.1524,,1159,,
