,p1,p2,p3,p4,p5,p6,p7,p8,Gkr,RMSE,iterations,CPU_time,score
0,0.0016900852501089139,0.03663150113131419,4.3030937725530966e-05,0.04591591586360393,0.09315812792911876,0.021814330343741157,0.007351087677357307,0.0296013171477135,0.16391314356659079,1708.9874976569934,1851,5462.563467085001,1708.9874976569934
1,3.3606081953332714e-05,1.4728724133212296e-07,0.6200767029103242,1.4694219179951852e-06,0.007042920956149468,0.00019722720849570227,0.0982024626796494,0.0005490103509902645,0.1524,,1851,,
