,p1,p2,p3,p4,p5,p6,p7,p8,Gkr,RMSE,iterations,CPU_time,score
0,0.0019686359959007176,0.054132799853244505,2.9804416650940205e-05,0.048726532230477536,0.09601738410353086,0.023104304328626417,0.006843397206791495,0.03139930957028957,0.15787493798162508,2605.936180414874,1645,5190.487784865003,2605.936180414874
1,1.7806848952820656e-05,0.008624391361227278,0.5518094695611625,1.3402014629976012e-07,0.024450466046155743,5.902766886627101e-05,0.0005284053393268802,3.676364860732197e-05,0.1524,,1645,,
