,a_a0_a,a_a0_b,b_a1_a,b_a1_b,k_f_a,a_1_a,a_1_b,b_a0_a,b_a0_b,a_a1_a,a_a1_b,k_b_a,b_1_a,b_1_b,g_Kr,RMSE,iterations,CPU_time,score
0,0.022561189859146274,0.011623883300592512,6.898076225559188e-05,0.041767229790877915,0.023655889813741494,0.09080743507324675,0.023398573110460685,0.04704894854826281,0.06313893072144038,0.013638724060804101,0.03844366159423166,0.036732338772642634,0.00649558900884751,0.03267606619634484,0.1524164002918631,173.76842948172782,1009,3507.2165017650004,173.76842948172782
