,p1,p2,p3,p4,p5,p6,p7,p8,Gkr,RMSE,iterations,CPU_time,score
0,0.001567455616623934,0.07934600492369825,2.2217812916680508e-05,0.05118320138016812,0.09597386697329746,0.023954299419963656,0.007050074815148524,0.03130929501467197,0.15486353063321717,720.6326387445534,1479,3020.51220406,720.6326387445534
1,0.0011965137547827681,0.0023364646806620947,0.0001609766276240575,0.0001800527059466412,1.4824213266818822e-05,1.2478071739594433e-05,5.357008997817458e-05,4.065462109071021e-05,0.1524,,1479,,
