,a_1_a,a_1_b,b_a0_a,b_a0_b,k_b_a,a_a0_a,a_a0_b,b_1_a,b_1_b,b_a1_a,b_a1_b,a_a1_a,a_a1_b,k_f_a,g_Kr,RMSE,iterations,CPU_time,score
0,0.09083810620252329,0.023380261333938317,0.047558749583819455,0.06327083697739845,0.036798060615760235,0.022480945615047807,0.011712949444697182,0.0064990207465090485,0.03268476073799795,6.90107769319414e-05,0.04176813838429966,0.013766141389991588,0.03797369678536689,0.023814912355176937,0.15241731853309434,202.98017062601429,1847,8514.987017981999,202.98017062601429
