,a_a0_a,a_a0_b,b_a1_a,b_a1_b,k_f_a,a_1_a,a_1_b,b_a0_a,b_a0_b,a_a1_a,a_a1_b,k_b_a,b_1_a,b_1_b,g_Kr,RMSE,iterations,CPU_time,score
0,0.022123475271705922,0.011995487265603138,6.887230359361395e-05,0.04178289834011801,0.023765526052825017,0.09074944724311475,0.023396116780417437,0.04616988321053754,0.06284786312836851,0.013644647942755774,0.038273860145417435,0.03664541024908834,0.006488017964116779,0.03269286542222491,0.1523798646680022,202.7399088635988,1169,5872.973204688,202.7399088635988
