,a_a0_a,a_a0_b,b_a1_a,b_a1_b,k_f_a,a_1_a,a_1_b,b_a0_a,b_a0_b,a_a1_a,a_a1_b,k_b_a,b_1_a,b_1_b,g_Kr,RMSE,iterations,CPU_time,score
0,0.02165048967352587,0.012126207513603281,6.936086152633133e-05,0.04172678877367552,0.023673476049939184,0.09074146535546755,0.02338694269615557,0.047644877017325504,0.06321664946914937,0.01471741639994384,0.037381109639517976,0.03789296889606867,0.006490756803084944,0.03267694858670676,0.15237642212649025,138.75326264071523,1197,3667.391607908001,138.75326264071523
