,a_a0_a,a_a0_b,b_a1_a,b_a1_b,k_f_a,a_1_a,a_1_b,b_a0_a,b_a0_b,a_a1_a,a_a1_b,k_b_a,b_1_a,b_1_b,g_Kr,RMSE,iterations,CPU_time,score
0,0.02328282768046959,0.010303764815259188,6.948371036564399e-05,0.0417119537461225,0.023131006410987323,0.0909308574610732,0.02341389843172797,0.05389998929749468,0.06384114327964036,0.014160559021114976,0.03831882625428327,0.03375586087194371,0.006508147707690353,0.03264590670563006,0.1523793804889004,138.5286017496266,1649,5709.328674519,138.5286017496266
