,a_a0_a,a_a0_b,b_a1_a,b_a1_b,k_f_a,a_1_a,a_1_b,b_a0_a,b_a0_b,a_a1_a,a_a1_b,k_b_a,b_1_a,b_1_b,g_Kr,RMSE,iterations,CPU_time,score
0,0.022317083039423636,0.011725331595593644,6.881500156259265e-05,0.04179272139559056,0.02376355211515427,0.09084629393701314,0.023376577181945187,0.047230675185477966,0.06333724200553378,0.0137835600569023,0.03814192786473167,0.036808855808630164,0.0065008118254668195,0.03268588834461675,0.15240693719723292,202.52919520463874,1228,6286.741860300001,202.52919520463874
