,p1,p2,p3,p4,p5,p6,p7,p8,Gkr,RMSE,iterations,CPU_time,score
0,0.001968686878235646,0.054133647364047584,2.9805265451769835e-05,0.04872616210128174,0.09601635203543776,0.02310407520934724,0.006843409279567513,0.03139939954172974,0.15787416952480499,2605.936170311274,1452,5038.034914685,2605.936170311274
1,0.20366907874937715,0.00011342535273824315,1.95080751798108e-07,0.0001836645662214405,0.00013608349609117251,4.133955193806269e-07,9.33077165379771,8.620869158076983e-06,0.1524,,1452,,
