,p1,p2,p3,p4,p5,p6,p7,p8,Gkr,RMSE,iterations,CPU_time,score
0,0.24147304758432953,1.0000011848829725e-07,0.03308450704646126,1.000000116350485e-07,3.196776614915236e-06,1.0000006541925876e-07,1.9197810270798906e-06,1.0000074091189647e-07,0.024890924495773993,121372.16828021398,1598,2901.735756039,121372.16828021398
1,0.23455783821931414,1.8705057748403466e-06,0.032396936237780845,0.0004994950954486286,3.0508365645559278e-06,0.00045150975687440706,1.860894593338911e-06,4.778282720409142e-06,0.1524,,1598,,
