,p1,p2,p3,p4,p5,p6,p7,p8,Gkr,RMSE,iterations,CPU_time
0,0.00024819419528274335,0.08476728760078388,3.4305079571880326e-05,0.05091531218847115,0.07538942479823395,0.009035234230594607,0.00822170162639516,0.03772094959555187,0.0762,724.318247830956,714,957.2107074199957
1,0.00024817200182337295,0.0847721259273897,3.430626859689459e-05,0.05091485907883261,0.075386242542656,0.009034994479911396,0.008221376615802774,0.03772073157189056,0.0762,724.3182131697038,1125,2423.5907135689995
2,0.0002481817246208762,0.08476713263735619,3.4315836628141676e-05,0.05091245961950023,0.07538464028656654,0.00903514983197714,0.008221405061462279,0.03772186204997386,0.0762,724.3182601082892,930,1873.6463393739978
3,0.0002482320222468604,0.08476458675550033,3.430921196628459e-05,0.05091400918685797,0.07538193814660424,0.009034929496939775,0.00822098185331617,0.0377210176217952,0.0762,724.318211741284,1094,1551.89681156
4,0.00024822366638139283,0.08476251602361203,3.4308391173874045e-05,0.05091457872600759,0.07538100750138677,0.009036234902414404,0.008220844438851413,0.037719682435933016,0.0762,724.3182567300547,617,1244.212455216999
