,b_1_a,b_1_b,k_b_a,b_a0_a,b_a0_b,b_a1_a,b_a1_b,k_f_a,a_a1_a,a_a1_b,a_a0_a,a_a0_b,a_1_a,a_1_b,g_Kr,RMSE,iterations,CPU_time,score
0,0.006499201430275255,0.032680060421703655,0.036799979592695126,0.045841762452680464,0.062701429272752,6.88004912757222e-05,0.04178859554455731,0.023692113732234413,0.01378810177999206,0.03839291639254935,0.021862431556084735,0.012080445532682187,0.09081621802458412,0.02338807039207256,0.1523488909064319,294.90675189312634,1464,5943.670857243997,294.90675189312634
