,a_1_a,a_1_b,b_a0_a,b_a0_b,k_b_a,a_a0_a,a_a0_b,b_1_a,b_1_b,b_a1_a,b_a1_b,a_a1_a,a_a1_b,k_f_a,g_Kr,RMSE,iterations,CPU_time,score
0,0.09087161408578733,0.023395219004423862,0.048397810843366466,0.06348422340853296,0.03628655241118612,0.023090923354237233,0.011184830765569934,0.0065021359393227516,0.03267898111597038,6.891096944376199e-05,0.041776374305749875,0.01350391356368449,0.03831882152309072,0.02375194474274481,0.15238855481078972,295.92589153997875,1507,9688.499931001,295.92589153997875
