,a_a0_a,a_a0_b,b_a1_a,b_a1_b,k_f_a,a_1_a,a_1_b,b_a0_a,b_a0_b,a_a1_a,a_a1_b,k_b_a,b_1_a,b_1_b,g_Kr,RMSE,iterations,CPU_time,score
0,0.023259302069453203,0.010787731453206238,6.93278870697019e-05,0.04172966070635884,0.024231225262257915,0.0910409556061112,0.02340203330551278,0.05181006576154338,0.06435876861815627,0.013693441991320218,0.03737443168521269,0.03587624976727904,0.006511284384270203,0.03266871633093721,0.15242781840183925,138.18941156638664,1190,3720.9358858699998,138.18941156638664
