,a_a0_a,a_a0_b,b_a1_a,b_a1_b,k_f_a,a_1_a,a_1_b,b_a0_a,b_a0_b,a_a1_a,a_a1_b,k_b_a,b_1_a,b_1_b,g_Kr,RMSE,iterations,CPU_time,score
0,0.02312359696320346,0.011237271322311398,6.885938465484282e-05,0.041786326648587266,0.023928364474984396,0.09085152055966063,0.023382311490147214,0.04884800550266607,0.0639153778838792,0.01357044437717672,0.03785266656010253,0.03660058369687345,0.006500714465679479,0.032683674797622735,0.15238469430085996,296.4157518870157,1042,7186.390772761999,296.4157518870157
