,p1,p2,p3,p4,p5,p6,p7,p8,Gkr,RMSE,iterations,CPU_time,score
0,0.0016907010328444535,0.03664215241352349,4.291813793974109e-05,0.04594041188941244,0.09316687762391554,0.021810921504673435,0.007352781990515108,0.02959903200053568,0.16389875779081545,1709.9749237242163,970,2823.412334230001,1709.9749237242163
1,2.7001852259705754,3.1659756472045543e-07,0.00018463055504625248,0.061078798608246956,1.0407580989406885e-07,0.00014516182021709204,0.00979092909680147,1.3932621912287302e-05,0.1524,,970,,
