,a_a0_a,a_a0_b,b_a1_a,b_a1_b,k_f_a,a_1_a,a_1_b,b_a0_a,b_a0_b,a_a1_a,a_a1_b,k_b_a,b_1_a,b_1_b,g_Kr,RMSE,iterations,CPU_time,score
0,0.021703334987877763,0.012340270066942697,6.901100642667154e-05,0.04176745836707832,0.023696689205163653,0.09077696479964062,0.02339316386393861,0.04571791276720362,0.06255363004947881,0.014036695753821021,0.038110295176996246,0.037459161331471556,0.0064951567465159074,0.032677383165987554,0.15239395900771252,295.8990656140104,1006,6508.084578754,295.8990656140104
