,a_a0_a,a_a0_b,b_a1_a,b_a1_b,k_f_a,a_1_a,a_1_b,b_a0_a,b_a0_b,a_a1_a,a_a1_b,k_b_a,b_1_a,b_1_b,g_Kr,RMSE,iterations,CPU_time,score
0,0.021859419167328042,0.012081671618761813,6.880060766743748e-05,0.04178856949622296,0.0236914787637195,0.09081666365256029,0.023388087621873388,0.04583748722420886,0.06269850936491739,0.01379062954890687,0.038393770455676594,0.036804691343540155,0.006499247793388996,0.03268003931106108,0.15234862836650914,294.9067518828741,1385,9640.669133368,294.9067518828741
