,p1,p2,p3,p4,p5,p6,p7,p8,Gkr,RMSE,iterations,CPU_time,score
0,1.9297736777443328,0.0015811787649354816,284.04888932440144,0.0032402899741574495,0.09248505488970381,0.029512115893340456,0.01199983283292436,0.0444605868897217,11.603060352986239,58377.34686303443,1561,4736.1179959050005,58377.34686303443
1,0.030474122070929026,4.011545992674235e-07,1.2668908821091356,0.00045917545060160543,0.00036744784075436193,5.155690773307723e-07,1.3829808748980706e-07,4.990905109281785e-06,0.1524,,1561,,
