,a_1_a,a_1_b,b_a0_a,b_a0_b,k_b_a,a_a0_a,a_a0_b,b_1_a,b_1_b,b_a1_a,b_a1_b,a_a1_a,a_a1_b,k_f_a,g_Kr,RMSE,iterations,CPU_time,score
0,0.09095251908092165,0.02338931922105809,0.04765812751584242,0.0629895930967214,0.036247991884680524,0.02279197271860541,0.011539943152131736,0.0065100863289413585,0.032670863611791355,6.874586028477936e-05,0.04179236100910227,0.013572572243033331,0.038517844412451964,0.02357704400011982,0.15235954232042326,202.9532447924955,1579,7972.651523187,202.9532447924955
