,a_1_a,a_1_b,b_a0_a,b_a0_b,k_b_a,a_a0_a,a_a0_b,b_1_a,b_1_b,b_a1_a,b_a1_b,a_a1_a,a_a1_b,k_f_a,g_Kr,RMSE,iterations,CPU_time,score
0,0.09083849189477751,0.02339343142924947,0.04772462939322697,0.06263358974918372,0.036295109867335355,0.022244481797657867,0.011803141532781301,0.006496970763039648,0.03268148173622242,6.898415875674137e-05,0.04176921319574248,0.013735927419347005,0.038145537414185,0.023786801905523684,0.15238985925625356,202.0138517863172,1526,6974.784701590001,202.0138517863172
