,a_a0_a,a_a0_b,b_a1_a,b_a1_b,k_f_a,a_1_a,a_1_b,b_a0_a,b_a0_b,a_a1_a,a_a1_b,k_b_a,b_1_a,b_1_b,g_Kr,RMSE,iterations,CPU_time,score
0,0.02328045104217621,0.010763772384233249,6.932988510226035e-05,0.04172946394131743,0.024217110100482112,0.09104187079595027,0.023402131147856615,0.051877278053321,0.06437003390933568,0.013694528239131353,0.0373864124783966,0.03584170226890404,0.006511285703311667,0.032668556915568144,0.15242877439070895,138.18940988398523,1307,4070.079857113,138.18940988398523
