,p1,p2,p3,p4,p5,p6,p7,p8,Gkr,RMSE,iterations,CPU_time,score
0,1.0000054664137653e-07,0.18949974283186552,1.0000048811972208e-07,0.08922903430879738,1.0000067513534984e-07,0.352892641072022,6.720684510566346e-05,0.13762908003580296,0.3630390793107083,49916.39289373468,1700,3251.6045687950027,49916.39289373468
1,6.805431615120019e-07,1.8435723811644002e-05,1.146392735112261e-06,0.12003143545383521,7.032726044057826e-06,0.19231135802007635,0.00027304133922764523,0.004884523670475796,0.1524,,1700,,
