,p1,p2,p3,p4,p5,p6,p7,p8,Gkr,RMSE,iterations,CPU_time,score
0,0.021787781026329667,1.0000003603963807e-07,0.00028058205831972045,1.0000004211861666e-07,1.0059268487004069e-07,1.0001399416926904e-07,1.099011763691024e-07,1.0001428240820248e-07,0.012434681011851524,341656.18550185877,1685,4017.4293798129984,341656.18550185877
1,0.015270917172221146,0.11672822649164419,0.25455686753195766,0.0003126618353786299,3.443942089080969e-06,6.61383172017507e-06,4.6097147098517064e-07,9.599795968682935e-07,0.1524,,1685,,
