,p1,p2,p3,p4,p5,p6,p7,p8,Gkr,RMSE,iterations,CPU_time
0,0.0003440858767861329,0.059588678357044865,3.409800075408059e-05,0.05757404073358409,0.08977792059241704,0.009671778951550887,0.0027393829737787883,0.02683114169855801,0.3048,870.4451988236342,491,849.6927208289853
1,0.0003440822969315516,0.05958914911499166,3.409652286860206e-05,0.05757438110265853,0.08978115050564595,0.009671498786140723,0.0027395322236374213,0.026830978519421178,0.3048,870.4451916248132,655,1138.0225698699942
2,0.00034404823544032686,0.05959147752549745,3.40956621489133e-05,0.05757471951379371,0.08978147132150441,0.009671587055916739,0.002739545737517034,0.026830855035663646,0.3048,870.4451994218759,668,1158.0276637879724
3,0.000344097767465443,0.059588396298536385,3.409643254187291e-05,0.05757447285423275,0.08978071005071404,0.009671209229838613,0.002739497131701523,0.026831385206471645,0.3048,870.4451909873446,958,1652.8648191940156
4,0.0003440802864037849,0.059589234572277494,3.4097802825707256e-05,0.057574259977405964,0.08978085260972486,0.009671504432525785,0.0027395033764456953,0.02683131652789555,0.3048,870.4451898489527,548,944.4746263689885
