,a_a0_a,a_a0_b,b_a1_a,b_a1_b,k_f_a,a_1_a,a_1_b,b_a0_a,b_a0_b,a_a1_a,a_a1_b,k_b_a,b_1_a,b_1_b,g_Kr,RMSE,iterations,CPU_time,score
0,0.022622609129841167,0.012511102713255586,6.87186793778904e-05,0.04179469999922699,0.024152775227357075,0.09063401357943435,0.023378454772411524,0.045339154121372606,0.06322304216682494,0.013221893166281522,0.03762376675925344,0.037583524310183046,0.006487970392999733,0.03270359656063315,0.15231715077382535,138.4789813163736,1341,4205.026783630001,138.4789813163736
