,p1,p2,p3,p4,p5,p6,p7,p8,Gkr,RMSE,iterations,CPU_time
0,0.00023377116112469293,0.06987442021561036,2.262938516181016e-05,0.06202626229580258,0.09698892207381453,0.009060240823389243,0.0015018895608274769,0.023730932722687597,0.6096,1406.1036101154946,667,1379.7327441539965
1,0.00023376631175483562,0.06987658934060674,2.2626962253456837e-05,0.06202741601663157,0.09698593861098449,0.009059910785622755,0.0015018602401335804,0.023730890201156877,0.6096,1406.1036034003366,505,1263.3911411320005
2,0.00023378547070048057,0.06987225047974208,2.2632412569204758e-05,0.06202557140897832,0.09697969851577552,0.00906084737317407,0.0015017665734308571,0.02373088719467053,0.6096,1406.103608554098,514,1538.530135316003
3,0.00023369803796561916,0.06987980592824813,2.2628959316592507e-05,0.06202677091764546,0.0969840837763133,0.009059858076872894,0.001501851561688596,0.0237311167016458,0.6096,1406.1036334082908,889,2707.5179688189965
4,0.00023372580186064998,0.06987819077421054,2.263032835875334e-05,0.062025724458516576,0.0969894924862525,0.009059119141403319,0.0015020148944834815,0.023730786822050612,0.6096,1406.1035653487374,518,1572.2108176819893
