,p1,p2,p3,p4,p5,p6,p7,p8,Gkr,RMSE,iterations,CPU_time
0,0.00021657147936371475,0.08412080032551349,3.7191447494149704e-05,0.05128521580361544,0.08477926258507246,0.010395950426730733,0.00854314897207342,0.03470567159251148,0.09127977271835509,397.93796674129607,602,1210.065563208991
1,0.00021657769419134451,0.08411695656404895,3.7190664299810535e-05,0.051285230122275566,0.08477923140438227,0.010393503502780892,0.008543196766166411,0.03470770888692112,0.09127977271835509,397.9379611380051,600,822.0107927089994
2,0.00021657440348039553,0.08411978723098829,3.7189813829769545e-05,0.051285653303066385,0.08477762897954394,0.010394969947078248,0.008542989254847871,0.03470631896037139,0.09127977271835509,397.93796626338116,779,1371.108515097003
3,0.00021659999851514355,0.0841150942634894,3.719028214337937e-05,0.051285410960875924,0.08478798616314819,0.010394996628420593,0.008544029943302065,0.034706190855369135,0.09127977271835509,397.93796608071443,894,1745.7619999040035
4,0.00021656682136568194,0.08412180589621059,3.719051620402749e-05,0.05128524889870758,0.08478513474231529,0.010394734459862585,0.008543715946485776,0.034707026228437736,0.09127977271835509,397.9379638440655,867,1688.1331253890094
