,p1,p2,p3,p4,p5,p6,p7,p8,Gkr,RMSE,iterations,CPU_time,score
0,2.640753425565511,0.0002028264809696182,9.979544498115707e-05,0.0005331082805939778,0.054733167844885584,0.02699197609337207,0.010937548807370127,0.05383926454202764,0.052548288511509826,65177.17565973907,1170,3233.337677937001,65177.17565973907
1,0.00017074787645563155,4.471056279093508e-06,0.31941283660898045,4.615824519563243e-07,2.009706755397198e-05,0.0004671440680377645,0.034185401528038936,0.022624980032788754,0.1524,,1170,,
