,p1,p2,p3,p4,p5,p6,p7,p8,Gkr,RMSE,iterations,CPU_time,score
0,0.002830581681771924,2.2792099724236303e-07,2.2629652702821825e-06,2.057076045037386e-07,2.251674033846087e-05,1.0234154969779119e-07,3.886694302521641e-06,1.0516701495445229e-07,0.03945996640929793,240692.56313006763,1036,2360.512203447999,240692.56313006763
1,0.0027009367302993186,0.023408249310664427,2.1844016042624202e-06,3.183188487821407e-06,2.2866626564442383e-05,0.0004133505931670886,4.062241913772095e-06,9.922341190347487e-07,0.1524,,1036,,
