,a_a0_a,a_a0_b,b_a1_a,b_a1_b,k_f_a,a_1_a,a_1_b,b_a0_a,b_a0_b,a_a1_a,a_a1_b,k_b_a,b_1_a,b_1_b,g_Kr,RMSE,iterations,CPU_time,score
0,0.022358034332283314,0.01172020621827063,6.887150312919908e-05,0.04178493652746792,0.023831829219732117,0.0908263801572468,0.023392508829557908,0.046896434720350204,0.06319074513430144,0.01390815661023099,0.03813262930763719,0.0375618889045432,0.0064979495439421425,0.03267075501597097,0.1524263127885411,296.48306307708265,1059,6864.251970744001,296.48306307708265
