,a_1_a,a_1_b,b_a0_a,b_a0_b,k_b_a,a_a0_a,a_a0_b,b_1_a,b_1_b,b_a1_a,b_a1_b,a_a1_a,a_a1_b,k_f_a,g_Kr,RMSE,iterations,CPU_time,score
0,0.09081722935617459,0.023389157226868604,0.04699741983996991,0.06340421624093055,0.03659176416885807,0.02236580073720268,0.011726652160567012,0.0064979428821415625,0.03267892185879473,6.910145743740997e-05,0.04175417553655636,0.01366992394759963,0.03808711236375235,0.023835967462964108,0.15239456092731504,173.84942992976835,1345,6108.497749932001,173.84942992976835
