,p1,p2,p3,p4,p5,p6,p7,p8,Gkr,RMSE,iterations,CPU_time,score
0,0.001566911051810547,0.07930838981781974,2.2189950863517116e-05,0.051191125882131386,0.09598946753195577,0.02394949824300822,0.0070542650111463,0.031302386009292395,0.1548354086110422,719.8350889867629,1398,3370.372517427,719.8350889867629
1,3.476707595875007e-06,2.4116988275710966e-05,0.0002169384338366148,0.00012791847090433409,0.00032077461394636745,0.186127452990884,2.7848956741713844e-07,0.03363920535972449,0.1524,,1398,,
