,p1,p2,p3,p4,p5,p6,p7,p8,Gkr,RMSE,iterations,CPU_time,score
0,0.0016859987679819304,0.08445087970380993,2.2101426570791545e-05,0.051194787623249104,0.12138503465662603,0.02688036844322588,0.00887457106281987,0.028796588398283498,0.1545456429949164,654.9818371825371,1487,2941.9187871940003,654.9818371825371
1,0.00033732321668850676,0.00223534764827435,0.0027297103490574637,0.0023323540798145005,2.7760064595327445,9.501625101128457e-07,0.00035383288267521194,1.5801794266774595e-06,0.1524,,1487,,
