,p1,p2,p3,p4,p5,p6,p7,p8,Gkr,RMSE,iterations,CPU_time,score
0,0.0016890880119931622,0.03665006334560298,4.284684984598452e-05,0.04595495175424623,0.09319786638268912,0.02180663008063774,0.0073529801976822285,0.029607213146110888,0.16389501428228725,1708.2253121894855,1117,3370.0655625639993,1708.2253121894855
1,1.2229686237794597e-07,0.030766093913723175,3.5273472353241935e-05,1.0969058740363275e-06,0.6915862171887888,0.0007820577729989007,0.09765871045914833,0.006858671390902969,0.1524,,1117,,
