,a_a0_a,a_a0_b,b_a1_a,b_a1_b,k_f_a,a_1_a,a_1_b,b_a0_a,b_a0_b,a_a1_a,a_a1_b,k_b_a,b_1_a,b_1_b,g_Kr,RMSE,iterations,CPU_time,score
0,0.022446600553806963,0.011927222268065401,6.878220466446258e-05,0.04179398108859069,0.023627965634128008,0.09076470405421387,0.02338463074675957,0.046320377384051335,0.06304755728936305,0.013602552107993588,0.038372479374632805,0.03670334061529298,0.0064932282098607635,0.03268227451499198,0.15240859178715252,296.05844509995774,1455,9455.598232504002,296.05844509995774
