,p1,p2,p3,p4,p5,p6,p7,p8,Gkr,RMSE,iterations,CPU_time,score
0,0.001688193643943333,0.036652525233033244,4.291184336153532e-05,0.04594147130019019,0.09317562467373511,0.021813698356987397,0.007353518346708969,0.029592541633619827,0.16391871721993348,1710.0087946729652,1104,3246.7915897840003,1710.0087946729652
1,0.5547592221339394,0.047489932563968267,4.3254976657364706e-05,6.763779870079034e-05,0.0005195353828348565,6.837167247728517e-06,0.0012185437588445697,0.00014326247977019816,0.1524,,1104,,
