,p1,p2,p3,p4,p5,p6,p7,p8,Gkr,RMSE,iterations,CPU_time,score
0,0.0016152139338013877,0.0728956387588948,1.90569698852417e-05,0.05228961462216314,0.11025336202429621,0.02316881824170406,0.0088907683149985,0.02941276252728824,0.15299892544439575,2966.6188107018456,1585,7473.934647807,2966.6188107018456
1,2.8486396444896708e-05,1.8051203404986987e-05,5.856156782773676e-06,0.12049313430366426,0.0025373294319808765,1.461023681236892e-07,3.579267263527206e-07,1.0485909406473087e-06,0.1524,,1585,,
