,a_1_a,a_1_b,b_a0_a,b_a0_b,k_b_a,a_a0_a,a_a0_b,b_1_a,b_1_b,b_a1_a,b_a1_b,a_a1_a,a_a1_b,k_f_a,g_Kr,RMSE,iterations,CPU_time,score
0,0.09083259351732412,0.023391957000430546,0.04774651361950057,0.06329301942634472,0.035866072472865544,0.022459150308635815,0.01185603422218317,0.006497837644295208,0.03268264794521245,6.903857164108314e-05,0.04176219105877276,0.01345726473518177,0.03799419608560076,0.023947153048210823,0.15241045854204577,138.6842198529006,2353,7878.94108848,138.6842198529006
