,p1,p2,p3,p4,p5,p6,p7,p8,Gkr,RMSE,iterations,CPU_time,score
0,0.0016885361653462545,0.03667825212240597,4.285873529819433e-05,0.045956106844807665,0.09320134616202107,0.021801606653542062,0.007355135676931525,0.02959939825029711,0.1639093723884108,1710.192519784911,2228,6599.745179588001,1710.192519784911
1,0.3553329121158463,0.011040125118601004,3.06534625680469,0.04636875142080817,2.807253514743026e-07,0.002887652655352135,1.0347220753710546e-05,9.982224366641653e-06,0.1524,,2228,,
