,a_a0_a,a_a0_b,b_a1_a,b_a1_b,k_f_a,a_1_a,a_1_b,b_a0_a,b_a0_b,a_a1_a,a_a1_b,k_b_a,b_1_a,b_1_b,g_Kr,RMSE,iterations,CPU_time,score
0,0.02193068779545931,0.012017601025935258,6.885792267498876e-05,0.0417829508176864,0.02369124455641854,0.09082422183740711,0.02339725231503905,0.046011697288032984,0.06301406515590134,0.01378029985630141,0.038307928039366564,0.03680577473310838,0.006498437829050952,0.03267762585696135,0.15237075116174414,203.23388173635286,1223,6248.334301186995,203.23388173635286
