,p1,p2,p3,p4,p5,p6,p7,p8,Gkr,RMSE,iterations,CPU_time
0,0.00021015374550301035,0.0562225168423037,2.6968803527567488e-05,0.059541750674494354,0.09738609255843093,0.008672507057625201,0.0020630267747090225,0.02677879389907455,0.43105229381131943,302.1960656390428,714,1388.464953007002
1,0.00021015000166138008,0.05622601575372817,2.6968252991184703e-05,0.059542137169033386,0.09740473492436705,0.008672914872743178,0.002063395791923961,0.026778052458144283,0.43105229381131943,302.1960793082753,751,1136.5927903429983
2,0.00021013907489139878,0.056227024617155494,2.6970786284557962e-05,0.05954147203795111,0.09739311885446837,0.008673211358024582,0.002063155987922312,0.02677851203913901,0.43105229381131943,302.1960838711092,548,937.5144825730094
3,0.00021013912110435316,0.05622546646351596,2.6965584901757833e-05,0.05954293034324864,0.09739557576310322,0.008671743212293153,0.0020632083084450707,0.026779210798923894,0.43105229381131943,302.1960834068487,527,1092.370387596995
4,0.00021014896868956314,0.056225884354041425,2.6967903887520754e-05,0.05954211882171021,0.09739901742881338,0.00867258090089014,0.0020632830776880764,0.026778229554820482,0.43105229381131943,302.1960538033967,859,1770.7713237029966
