,p1,p2,p3,p4,p5,p6,p7,p8,Gkr,RMSE,iterations,CPU_time
0,0.00022411495353621643,0.07246260978643371,3.651310425484934e-05,0.052041795365197145,0.08333499046939204,0.008751806545086076,0.006988032625093239,0.034484752805620474,0.10776307345282986,857.9882331388825,972,2660.8741079829924
1,0.00022412348803660612,0.07246201262520188,3.6512388696352535e-05,0.052042031558476795,0.08333664191063332,0.008751793291778307,0.006988147406313618,0.03448465232553764,0.10776307345282986,857.9882363667712,541,1479.156847693026
2,0.00022411395518044842,0.07246265320873094,3.65140289185554e-05,0.052041683927503316,0.08332924211394459,0.00875327359766884,0.006987459218332496,0.034484037331356396,0.10776307345282986,857.9882322940229,967,2667.022619342024
3,0.00022411299478843926,0.0724619320879574,3.65115218832152e-05,0.05204209817774176,0.08334229083206683,0.00875141465322637,0.0069886228706526245,0.03448503086938792,0.10776307345282986,857.9882476580058,668,1813.1810137020075
4,0.00022411100063945348,0.07246310178707023,3.6511920494004075e-05,0.05204216881756246,0.08332997599060266,0.008752954528843393,0.0069874767807749675,0.03448400531798933,0.10776307345282986,857.9882220078871,926,2486.2850831079995
