,p1,p2,p3,p4,p5,p6,p7,p8,Gkr,RMSE,iterations,CPU_time,score
0,0.3681314252512541,1.0000002837831482e-07,2.9934227720794673,1.0000008890191197e-07,2.813666448923203e-07,1.0000417919130593e-07,1.05751726920019e-05,1.0056965718964387e-07,0.07701708349861598,121382.45120230575,1634,3007.5793975690003,121382.45120230575
1,0.3553329121158463,0.011040125118601004,3.06534625680469,0.04636875142080817,2.807253514743026e-07,0.002887652655352135,1.0347220753710546e-05,9.982224366641653e-06,0.1524,,1634,,
