,p1,p2,p3,p4,p5,p6,p7,p8,Gkr,RMSE,iterations,CPU_time
0,0.00024826186909637186,0.0847734621480481,3.433566735392608e-05,0.050910135598131845,0.07547185763572438,0.008969593687396863,0.008234396671072192,0.03778374161043635,0.0762,724.8783317302833,687,1134.701173647998
1,0.00024827134777648566,0.08477191632625933,3.433582593872701e-05,0.05091032149314751,0.07547146921282116,0.008968912084731709,0.008234296864980423,0.03778387297388536,0.0762,724.8783413576284,697,1680.6960114480025
2,0.0002482645245781299,0.08477566410971658,3.43321444014226e-05,0.05091105533674733,0.07547975287534853,0.00896915605832774,0.008235155563558362,0.03778326126491091,0.0762,724.8783457870398,523,1257.0316115530004
3,0.000248243804712321,0.08477680702855936,3.433350504034322e-05,0.050910750190341865,0.07547603911764725,0.008969552447576124,0.0082348366059351,0.03778329224132522,0.0762,724.8783350672082,569,1370.5982928550002
4,0.00024828828816976604,0.08477317261126245,3.43363539106279e-05,0.05091000395103925,0.07547850927339204,0.008969669752040632,0.00823505341227362,0.03778320409154024,0.0762,724.8783283047287,483,1164.0530465089978
