,a_a0_a,a_a0_b,b_a1_a,b_a1_b,k_f_a,a_1_a,a_1_b,b_a0_a,b_a0_b,a_a1_a,a_a1_b,k_b_a,b_1_a,b_1_b,g_Kr,RMSE,iterations,CPU_time,score
0,0.02249471439749899,0.011766237098409878,6.885232757822878e-05,0.041781844599769496,0.023684735111943123,0.09081432590506429,0.02339238398028257,0.04665558332735415,0.06375348196661587,0.013697163678566328,0.038241050974781025,0.036926238645482105,0.00649315949117343,0.03270244336336808,0.15237646322952414,173.7802648424027,1222,5447.6933757080005,173.7802648424027
