,b_1_a,b_1_b,k_b_a,b_a0_a,b_a0_b,b_a1_a,b_a1_b,k_f_a,a_a1_a,a_a1_b,a_a0_a,a_a0_b,a_1_a,a_1_b,g_Kr,RMSE,iterations,CPU_time,score
0,0.006492926761871204,0.03270286368537646,0.036845653862265036,0.04695720612816705,0.06385879692214089,6.884661025261405e-05,0.041782584200764944,0.02370124436651117,0.01364210346707929,0.038228723870634675,0.022653562197116305,0.011659613009947235,0.09081157786954969,0.02339204202638677,0.15237798412685144,173.78005986463072,1155,5099.761567754002,173.78005986463072
