,p1,p2,p3,p4,p5,p6,p7,p8,Gkr,RMSE,iterations,CPU_time
0,0.00021150189109174096,0.08752067994943993,3.549182386527768e-05,0.050649855560173825,0.08385168660993132,0.011200955823110313,0.010268112908652403,0.03539898926240138,0.07664514235271616,656.8558724972926,528,657.0579073030094
1,0.000211517150333958,0.08752218705313702,3.548980832257458e-05,0.050650375998857064,0.08385530566659898,0.01120293012937431,0.010268545844468038,0.035396513898695074,0.07664514235271616,656.8558692186162,818,989.0889968859992
2,0.00021150207978867558,0.08752164953036286,3.548862651178273e-05,0.050650748291653204,0.08385733936292675,0.011200430769857779,0.01026872334561073,0.03539878918040059,0.07664514235271616,656.8558623858668,715,864.7480111760087
3,0.00021150956477057717,0.08752016043152439,3.549099824399137e-05,0.05064997610927622,0.08385303127985513,0.01120107931089879,0.010268234783297223,0.03539884994970427,0.07664514235271616,656.8558687641297,685,917.5299571310024
4,0.00021151695435416636,0.08752229229812424,3.548855607595423e-05,0.05065063828187318,0.08386122388285921,0.011201268405874201,0.01026913913719101,0.0353982543830604,0.07664514235271616,656.8558656335055,877,1372.8701733019989
