,p1,p2,p3,p4,p5,p6,p7,p8,Gkr,RMSE,iterations,CPU_time
0,0.00022633480524897174,0.0698829218613138,3.449651458912213e-05,0.054598660406726195,0.0872589309909105,0.008902723695930703,0.005144894035324346,0.031594429736470094,0.1524,202.97120359826388,767,1416.1791649789957
1,0.00022633533102036334,0.06988286888585941,3.449681822135129e-05,0.05459857597114546,0.08725910559566831,0.008902702948976427,0.0051449047533006585,0.031594459470129795,0.1524,202.97120365978233,643,1184.545251853997
2,0.00022633682765269215,0.06988278789580481,3.4496596603211444e-05,0.0545986391517343,0.08725894859934902,0.00890272250697788,0.005144883636205041,0.03159447606361707,0.1524,202.97120363206218,613,1129.091193868022
3,0.00022633648029038187,0.06988276608068228,3.44968770629099e-05,0.05459856520675871,0.08725892093716152,0.008902740989279557,0.005144893562321438,0.031594438653029105,0.1524,202.9712035971204,672,1234.843883982976
4,0.00022633674715853133,0.06988277638806106,3.449672183471762e-05,0.054598610198678364,0.08725899259912852,0.00890271630690973,0.0051448946175377454,0.03159445913089708,0.1524,202.9712035821777,733,1373.4380774250021
