,p1,p2,p3,p4,p5,p6,p7,p8,Gkr,RMSE,iterations,CPU_time
0,0.00025023649897818004,0.08855573978213784,3.202319341081134e-05,0.050501553040072124,0.07043221076696704,0.009299171889391515,0.009152657596236412,0.039378190196263006,0.06407630684233305,1114.3379315016919,544,1062.6735550410012
1,0.0002502128343195966,0.08855887063420542,3.202184521267217e-05,0.0505016041510131,0.0704333458840137,0.009298577402437103,0.009152995050955464,0.039377515436836145,0.06407630684233305,1114.3379312530417,596,984.8007089719977
2,0.0002502147894355115,0.08855802240422551,3.2019071801780646e-05,0.05050260430233305,0.07043262313422448,0.009297854800725402,0.009152861513309837,0.03937800188873628,0.06407630684233305,1114.3379232973848,849,1578.2422691879983
3,0.0002502044796713192,0.08855898388825129,3.2020129915415694e-05,0.050502064504512625,0.07043295475899258,0.009298411222215724,0.009152841704986136,0.03937763085353488,0.06407630684233305,1114.3379374175902,473,1135.146999937002
4,0.00025021429067236114,0.0885582821922341,3.201961448525236e-05,0.05050279444261436,0.07043433995353983,0.009297522600820087,0.009152969688215704,0.039378268739424016,0.06407630684233305,1114.3379294234994,955,2037.2068549090036
