,b_1_a,b_1_b,k_b_a,b_a0_a,b_a0_b,b_a1_a,b_a1_b,k_f_a,a_a1_a,a_a1_b,a_a0_a,a_a0_b,a_1_a,a_1_b,g_Kr,RMSE,iterations,CPU_time,score
0,0.006495548657445433,0.03267612251590342,0.03673065406136909,0.0470454809462168,0.06313950090592267,6.898110577918108e-05,0.04176721175856389,0.023655790510244783,0.013637955571957704,0.038441753933084036,0.02256072260863302,0.011625952543842777,0.09080702752040869,0.023398630538148512,0.15241636990961302,173.76842855184464,1220,5460.542271089002,173.76842855184464
