,p1,p2,p3,p4,p5,p6,p7,p8,Gkr,RMSE,iterations,CPU_time,score
0,16.538337846668718,3.266577637992413e-05,247.61737144770456,0.010562858529437695,4.423450537864827,3.042947317397107e-05,0.5329366881751697,0.05645988283308976,1.3984812670029088,65875.2730245045,2429,5904.665049978001,65875.2730245045
1,2.9894001320673543e-07,0.00022190878538949055,1.6201296631220399,0.031069120509936085,0.10453414525053566,0.00015310048125171934,0.241930617531953,1.2004804515904145e-06,0.1524,,2429,,
