,p1,p2,p3,p4,p5,p6,p7,p8,Gkr,RMSE,iterations,CPU_time
0,0.00022164935293492128,0.07414210025015704,3.676385460618381e-05,0.050958665394359205,0.08005954018683768,0.008954118868724267,0.008031470778176132,0.03567607394939342,0.09127977271835509,1637.5269715665174,800,3720.6174681800185
1,0.00022164733529092653,0.07414099741422904,3.676212743000691e-05,0.05095898676878286,0.08006034480995873,0.008954653185953027,0.008031363911469951,0.03567588381732307,0.09127977271835509,1637.52695624735,698,3381.3933823840052
2,0.00022164446139251372,0.074142407025604,3.676353751296755e-05,0.050958744426210775,0.08006224510511709,0.008954858527845836,0.008031806036438926,0.03567499921591297,0.09127977271835509,1637.5269662533249,694,3447.7000006359885
3,0.00022164555339470294,0.07414175813809419,3.676321699207573e-05,0.050958717466416024,0.0800616012419835,0.008954558251791866,0.008031663920787037,0.035675517573514885,0.09127977271835509,1637.5269613787677,724,3606.4196479849925
4,0.0002216414777862555,0.0741421890186366,3.676310272938581e-05,0.050958833071570536,0.0800591382823877,0.008955263879990533,0.008031380778340947,0.035674876732487024,0.09127977271835509,1637.5269448161462,1104,5505.955490574997
