,p1,p2,p3,p4,p5,p6,p7,p8,Gkr,RMSE,iterations,CPU_time,score
0,0.0015681052885852564,0.07931149455882586,2.2173337005663572e-05,0.051201026531920074,0.09593515775889921,0.023935813832959132,0.007049183755652679,0.03131907948116723,0.15484373087043193,721.814081168588,829,1845.7839729930001,721.814081168588
1,1.7099549137682016e-05,0.00022204775142157647,0.0019705949205272516,8.473503108991949e-06,1.6372604374508446,2.8336286625275086e-07,0.05621288133484479,0.0003896730040329086,0.1524,,829,,
