,a_1_a,a_1_b,b_a0_a,b_a0_b,k_b_a,a_a0_a,a_a0_b,b_1_a,b_1_b,b_a1_a,b_a1_b,a_a1_a,a_a1_b,k_f_a,g_Kr,RMSE,iterations,CPU_time,score
0,0.09085378039203815,0.023382677477223952,0.04725435654013725,0.06331309876524759,0.03701923891022185,0.02233797804326308,0.011837375791282289,0.006500808868022368,0.03268329117318269,6.890065611386305e-05,0.04178127915578249,0.013798333283436137,0.03789110371192673,0.02386942050533878,0.15238295867517246,296.4206455804918,1634,11547.616902818001,296.4206455804918
