,p1,p2,p3,p4,p5,p6,p7,p8,Gkr,RMSE,iterations,CPU_time,score
0,0.0016881121578139076,0.08453647640871632,2.2065539649667583e-05,0.051217566992604394,0.12176796772142233,0.026914595963423736,0.008892660412485891,0.02874956194075737,0.15467525595886164,654.6967544789501,1015,1942.4796545900008,654.6967544789501
1,0.008119429282702092,0.00012346498578743272,1.5106976490380153e-06,2.1228095609467056e-06,3.50524121323857e-05,0.05554430005065141,0.0050656375999093076,0.00016437138753460937,0.1524,,1015,,
