,p1,p2,p3,p4,p5,p6,p7,p8,Gkr,RMSE,iterations,CPU_time,score
0,0.001614233854155953,0.07287681252531349,1.905023274941351e-05,0.052292065521167115,0.11016050001396077,0.023163355484939918,0.008884751497301722,0.02940915653794241,0.15302399572652078,2966.027411974777,1181,5670.605484326999,2966.027411974777
1,1.2145447504004786e-05,0.01039901507540601,0.11698096364559488,8.512355444739067e-06,0.0006342752073002794,4.159708727318252e-07,3.543630483589686e-05,0.00015251280339047962,0.1524,,1181,,
