,p1,p2,p3,p4,p5,p6,p7,p8,Gkr,RMSE,iterations,CPU_time,score
0,0.0016835876834803956,0.08440290608511361,2.208254082258782e-05,0.05121279394527765,0.12133284554260924,0.026862981639087173,0.008862946921867886,0.02880279585672742,0.1546890111950133,653.2885973922082,1072,2147.6676009879993,653.2885973922082
1,0.0005282981552907109,1.1503410073312277e-05,6.55715760588916e-05,2.9461598544839893e-05,2.5175425605111332,6.124756643002293e-05,0.012093701422634875,6.0843867171884e-07,0.1524,,1072,,
