,a_1_a,a_1_b,b_a0_a,b_a0_b,k_b_a,a_a0_a,a_a0_b,b_1_a,b_1_b,b_a1_a,b_a1_b,a_a1_a,a_a1_b,k_f_a,g_Kr,RMSE,iterations,CPU_time,score
0,0.09081186648361794,0.02339230487239461,0.04673752110715156,0.06383224706515234,0.03687826373060975,0.022569369856623823,0.011733765738279708,0.0064929440639117245,0.032702791646201976,6.884780096384374e-05,0.041782431488082125,0.013663097654670431,0.038232840410918977,0.023685020429631155,0.15237721807614302,173.78012673354525,1350,6369.768446292001,173.78012673354525
