,a_a0_a,a_a0_b,b_a1_a,b_a1_b,k_f_a,a_1_a,a_1_b,b_a0_a,b_a0_b,a_a1_a,a_a1_b,k_b_a,b_1_a,b_1_b,g_Kr,RMSE,iterations,CPU_time,score
0,0.021841381821809475,0.012138586070362065,6.888162948806551e-05,0.041783465721030776,0.02371599733224916,0.09085491459856623,0.023387812067950403,0.046641899534791045,0.06272458362519114,0.013984568073974926,0.038075003362352686,0.0369703004791057,0.006504027946200345,0.032665973274271655,0.1523971161754685,202.7062345280066,969,4358.731489176,202.7062345280066
