,a_a0_a,a_a0_b,b_a1_a,b_a1_b,k_f_a,a_1_a,a_1_b,b_a0_a,b_a0_b,a_a1_a,a_a1_b,k_b_a,b_1_a,b_1_b,g_Kr,RMSE,iterations,CPU_time,score
0,0.021947554286308717,0.012007469196584512,6.885810267808619e-05,0.04178293485639017,0.023693164335636025,0.09082395014114177,0.02339712872951788,0.04604905093401547,0.06302790094172055,0.013775943670652569,0.03830318889056124,0.03679850061812374,0.006498437168451013,0.032677674795741886,0.1523708157607594,203.23388082821498,1156,5824.740986632001,203.23388082821498
