,p1,p2,p3,p4,p5,p6,p7,p8,Gkr,RMSE,iterations,CPU_time,score
0,8.141560432873666e-07,0.013729887497816392,0.00011358600607202448,0.03632098917324979,0.11385601567828477,0.016660515889306084,0.004176788753459666,0.02883055822407227,116.18698073237266,6816.172501144707,2195,4579.533414944999,6816.172501144707
1,1.952478361078286e-05,5.181382285487591e-05,0.8221552617039514,0.020477197702414972,2.9726915948884414e-07,0.006628229792180428,0.00010009917990152657,0.0002606338492203388,0.1524,,2195,,
