,p1,p2,p3,p4,p5,p6,p7,p8,Gkr,RMSE,iterations,CPU_time
0,5.446117677483228e-05,0.101327936214117,1.792717357510872e-05,0.054233750933233606,0.06423815520261089,0.011237520294721286,0.010591419531585568,0.0426836368553149,0.05388153672641493,7111.547348507688,656,2240.8546665179892
1,5.443887949563266e-05,0.10133650962964262,1.792690624299918e-05,0.05423419968873306,0.06423980365277021,0.011238573575912838,0.01059201515498113,0.04268089914032692,0.05388153672641493,7111.547327526647,971,3049.827059428004
2,5.444343988850114e-05,0.10133466862260798,1.792743988375208e-05,0.05423384118276838,0.06423965825277848,0.011238938690548704,0.010591679606213414,0.04268109843101613,0.05388153672641493,7111.547378156812,797,2631.7878071580053
3,5.443155803374774e-05,0.10133886841065343,1.7928338334634582e-05,0.05423317747248858,0.06423677402827443,0.011237119531180385,0.010591713852624841,0.042682637973045764,0.05388153672641493,7111.547318306465,618,1946.9041904810001
4,5.444041571563214e-05,0.10133668902384915,1.792298200312248e-05,0.05423593602871344,0.06423864644850302,0.011236277158638168,0.010590576171191317,0.04268511111747912,0.05388153672641493,7111.547333786907,912,2799.759583750012
