,p1,p2,p3,p4,p5,p6,p7,p8,Gkr,RMSE,iterations,CPU_time,score
0,2.7553300632561564e-07,0.00165434610956268,8.918802629910713,0.00911284741207749,0.0030885317251238323,0.0006460694442082588,0.010191746348628378,4.1263282679337674e-07,0.152398808238624,282775.21983178693,500,1462.3076983680003,282775.21983178693
1,2.7553281846342595e-07,0.0016524159287593391,8.918808195408701,0.0091097772101867,0.00308853631068129,0.0006508612479073046,0.010191734876426781,8.387595035791672e-07,0.1524,,500,,
