,a_a0_a,a_a0_b,b_a1_a,b_a1_b,k_f_a,a_1_a,a_1_b,b_a0_a,b_a0_b,a_a1_a,a_a1_b,k_b_a,b_1_a,b_1_b,g_Kr,RMSE,iterations,CPU_time,score
0,0.02242588805627516,0.011640371964856146,6.888736132382997e-05,0.04178095777518021,0.023798520242234746,0.09080156350458068,0.023377603430987534,0.0474452250829482,0.06322298195283335,0.013770750705036276,0.038096091205329946,0.036749299869895884,0.006496166177808643,0.032691706266600035,0.1523888484000053,295.72065682778435,881,6224.5556322440025,295.72065682778435
