,p1,p2,p3,p4,p5,p6,p7,p8,Gkr,RMSE,iterations,CPU_time
0,5.4675447400751234e-05,0.10126641323554296,1.792404193273778e-05,0.05425406584369009,0.06440237065380837,0.011173276114634445,0.010568176224865795,0.042690795755236155,0.05403868913693675,7065.16616370046,848,2810.261398519011
1,5.4637715982445775e-05,0.1012818572069552,1.7929545267165994e-05,0.054251150478453566,0.06441449461112837,0.011172086800440456,0.010569942998692933,0.042692473397653835,0.05403868913693675,7065.166200008456,763,2519.284584064997
2,5.4673529086326776e-05,0.1012669669079905,1.7923078784451376e-05,0.05425432000045278,0.06440537959208459,0.01117346254784535,0.01056893627693199,0.04268999973772514,0.05403868913693675,7065.166126603155,1052,3482.035570100008
3,5.46721076321863e-05,0.10126871274285525,1.7923491019849035e-05,0.05425419684881629,0.06440344986055897,0.01117354239367422,0.01056787730367256,0.04269083646535565,0.05403868913693675,7065.166142745289,1209,4253.858697925985
4,5.466276460857244e-05,0.10127416559901169,1.7924800665661402e-05,0.054253499396965874,0.06441395405097078,0.011171482213098516,0.010569091184801507,0.04269370048891227,0.05403868913693675,7065.166154427142,1081,3795.352412428998
