,p1,p2,p3,p4,p5,p6,p7,p8,Gkr,RMSE,iterations,CPU_time
0,5.1102144538566215e-05,0.10226132504672997,1.3958817581953352e-05,0.05551157388802052,0.0574340493171417,0.012113795206030275,0.011454060823563393,0.04684485031740863,0.045308791081603676,9694.889282880713,694,2227.629753717003
1,5.1110683844546186e-05,0.10225783614368185,1.3959494925889981e-05,0.05551102396491266,0.05743310423915116,0.012113396179739687,0.011454412418614284,0.04684479441713038,0.045308791081603676,9694.88925874493,1125,3210.749948757999
2,5.1103952121392364e-05,0.10226132013364675,1.3961663964805119e-05,0.05550954221678588,0.05743534969061534,0.012113813377493812,0.011454128154859581,0.046845333744493484,0.045308791081603676,9694.889283943618,588,1345.998475029999
3,5.112587898856245e-05,0.10225217365382477,1.395904183131372e-05,0.055511209137077404,0.05743307818579671,0.012113959830529746,0.011453760304781464,0.0468452720081183,0.045308791081603676,9694.889273444298,940,2845.9919569320045
4,5.110532100857948e-05,0.10226065557957004,1.395544690660368e-05,0.05551350354307972,0.05743491529789896,0.012113553365945851,0.011453151706732115,0.04684582366244031,0.045308791081603676,9694.889300274768,524,1506.3355987199975
