,a_a0_a,a_a0_b,b_a1_a,b_a1_b,k_f_a,a_1_a,a_1_b,b_a0_a,b_a0_b,a_a1_a,a_a1_b,k_b_a,b_1_a,b_1_b,g_Kr,RMSE,iterations,CPU_time,score
0,0.022342351098548336,0.011749386541247929,6.910058343402455e-05,0.041754296711166074,0.023829753271393944,0.09081788765501742,0.02338922677574018,0.04693111835997437,0.0633950821298438,0.01367338627023009,0.038090157670443936,0.03659389190236045,0.006497996004163831,0.032678771318490014,0.1523943894518234,173.8494057764508,1003,4436.654087937,173.8494057764508
