,p1,p2,p3,p4,p5,p6,p7,p8,Gkr,RMSE,iterations,CPU_time
0,0.00022673378423091606,0.06719797729383165,2.968090236744425e-05,0.059349577827219356,0.09075962905354926,0.010403666605772077,0.002232348211335116,0.026516265106805888,0.3624703286528294,1090.8741278470848,499,2334.6525034760125
1,0.00022672883343289717,0.06719901506946058,2.9682008493144303e-05,0.05934925735230446,0.09075815717231123,0.01040373337270265,0.0022323078896545217,0.026516408058122207,0.3624703286528294,1090.8740920524801,730,3395.303612638003
2,0.00022674249449845262,0.06719761109840543,2.967933114806636e-05,0.05935003136298493,0.09075922219235778,0.010403651210670174,0.002232270814306199,0.02651665247415499,0.3624703286528294,1090.874143554921,798,3703.269369471993
3,0.00022673150178675327,0.06719879921379604,2.9680777966467367e-05,0.059349547401013336,0.09076116699880869,0.010403636455169707,0.0022323681915947294,0.026516238551221934,0.3624703286528294,1090.874141679287,635,1841.727865812005
4,0.0002267160638625158,0.06719973819100937,2.9680873319412376e-05,0.05934948734518985,0.09075878192274899,0.010403620262631995,0.0022323227894097573,0.026516380711349045,0.3624703286528294,1090.8741425264361,527,1388.4201831709943
