,p1,p2,p3,p4,p5,p6,p7,p8,Gkr,RMSE,iterations,CPU_time,score
0,0.0016144221877740159,0.07288500640492317,1.9048289069665412e-05,0.052292923058987924,0.1101727545298043,0.023163883511561605,0.008885695133973862,0.029408283140750207,0.15302336816961976,2966.0273717712384,1586,6600.705146313998,2966.0273717712384
1,0.17046691606967185,0.09801121253153817,0.38675151054340723,3.172439461506744e-05,0.000853452078721774,0.0001823820536237652,1.627911383132129,0.05292355391112618,0.1524,,1586,,
