,p1,p2,p3,p4,p5,p6,p7,p8,Gkr,RMSE,iterations,CPU_time
0,5.474606990845627e-05,0.10121730152834432,1.7944262709334606e-05,0.0542460694602446,0.06450113960712046,0.011193964780769068,0.01059506886939522,0.04265348295274834,0.05403868913693675,7073.860108874323,967,3216.224817373004
1,5.472908720713712e-05,0.10122384596566505,1.7941120018921135e-05,0.054247753949578904,0.06449130825212179,0.011193529364861638,0.010593732628569986,0.04265259317679817,0.05403868913693675,7073.860102736156,767,2545.037129925011
2,5.4740984939645164e-05,0.10121803771763127,1.7939192845680003e-05,0.05424854517667664,0.06449789471849557,0.011191789391446934,0.010595209809194445,0.04265343641289363,0.05403868913693675,7073.860076515256,1056,3660.7393788330082
3,5.472558859810848e-05,0.10122367424413502,1.7941667465770723e-05,0.054247344877278184,0.0644954323691505,0.011192549168262558,0.010594732242584148,0.04265377306262244,0.05403868913693675,7073.86010467132,665,2264.454693712003
4,5.4734629276468066e-05,0.10122107697499766,1.7938568436732868e-05,0.05424917483648237,0.0644930503845427,0.011193406735472129,0.01059355929493434,0.042653054583383344,0.05403868913693675,7073.860059128046,1041,3479.1175762320054
