,a_a0_a,a_a0_b,b_a1_a,b_a1_b,k_f_a,a_1_a,a_1_b,b_a0_a,b_a0_b,a_a1_a,a_a1_b,k_b_a,b_1_a,b_1_b,g_Kr,RMSE,iterations,CPU_time,score
0,0.02258996020775372,0.01166390656298004,6.899580328778697e-05,0.0417716315375538,0.023922319215916088,0.09082340417690232,0.023405206340595838,0.047714147332728184,0.06335919128145635,0.013589991514976547,0.03803902254158341,0.03655214806683846,0.006495617276357156,0.03267463369823886,0.1524220284961448,139.2988928110735,1190,4174.235232563,139.2988928110735
