,p1,p2,p3,p4,p5,p6,p7,p8,Gkr,RMSE,iterations,CPU_time,score
0,0.3307242852543486,1.0000003332820337e-07,3.0043463780025417,1.0000004573267922e-07,2.7458966698920137e-07,1.0019740641228741e-07,1.0361224871754435e-05,1.0003740424559945e-07,0.08502020508973913,121387.28337843427,1696,3208.398066391,121387.28337843427
1,0.3553329121158463,0.011040125118601004,3.06534625680469,0.04636875142080817,2.807253514743026e-07,0.002887652655352135,1.0347220753710546e-05,9.982224366641653e-06,0.1524,,1696,,
