,p1,p2,p3,p4,p5,p6,p7,p8,Gkr,RMSE,iterations,CPU_time
0,0.0002454291052126368,0.09694227913345348,1.921706008913152e-05,0.05187225101227137,0.05501550739037538,0.010187421372849602,0.012956799538039267,0.04592786712933831,0.0381,2966.8779752040127,653,864.0532427860016
1,0.00024541220392658403,0.09694471596324089,1.921463067860201e-05,0.0518734366061732,0.05501981754686855,0.01018417592067342,0.01295803403701179,0.045930820319166905,0.0381,2966.8779755166065,955,1261.8139489509922
2,0.00024539983723193676,0.09694535757365512,1.9214150795922325e-05,0.05187379532648571,0.055023011280711305,0.010184304942560294,0.012958909062956327,0.0459300684863303,0.0381,2966.877968372334,751,988.423679080006
3,0.0002453892420547491,0.09694959642956999,1.9213609578215318e-05,0.05187438275141948,0.05502157958323588,0.010184138623546167,0.01295816822925016,0.04593061083885468,0.0381,2966.877967339202,777,1021.4072454859997
4,0.0002454252985571703,0.09694161654486023,1.9216124757678733e-05,0.05187297911269768,0.05501455068228345,0.010186757202085466,0.012956530703648265,0.04592808424897949,0.0381,2966.877975559858,1001,1320.3559132709925
