,a_a0_a,a_a0_b,b_a1_a,b_a1_b,k_f_a,a_1_a,a_1_b,b_a0_a,b_a0_b,a_a1_a,a_a1_b,k_b_a,b_1_a,b_1_b,g_Kr,RMSE,iterations,CPU_time,score
0,0.022748818990122238,0.01042167055399432,6.952450258070448e-05,0.0417059776254786,0.022808591261020278,0.09090341577233386,0.023408700636911358,0.05295262818324528,0.06326936601947873,0.014444116665990178,0.03887187876167143,0.033602610034317484,0.006504484946985234,0.03265772121156105,0.15239235481652558,138.53624480543243,1043,2295.7526111160005,138.53624480543243
