,p1,p2,p3,p4,p5,p6,p7,p8,Gkr,RMSE,iterations,CPU_time
0,0.0002217227289278804,0.07413920247936534,3.677859066351869e-05,0.050957276888073805,0.07995521225776327,0.00895230022078298,0.00802266564433253,0.03567994349070194,0.09127977271835509,1638.5224266640073,762,1911.9831743119867
1,0.000221711595889733,0.07413958523761896,3.67755609826055e-05,0.05095799127652314,0.07996923325219604,0.00895102982721639,0.00802408482332694,0.03568064243069237,0.09127977271835509,1638.522418226369,781,1941.9810695189808
2,0.00022171647443114794,0.07413950636643905,3.6775567470190276e-05,0.050957964903721786,0.07996899803126065,0.008950952802732172,0.008024156960992996,0.03568053090863851,0.09127977271835509,1638.5224134399361,855,2108.4195505160023
3,0.00022170183842716196,0.07414045670862027,3.6776209595351933e-05,0.050957798724267,0.07996263461898809,0.008951700660084291,0.008023366299177435,0.03568021755777134,0.09127977271835509,1638.522441812484,547,2430.416843828978
4,0.0002217193269193367,0.07413942121924498,3.677819120178805e-05,0.050957310443808704,0.07995784231509889,0.00895136713824514,0.008022916027080855,0.03568072343124225,0.09127977271835509,1638.522423804128,1067,5314.002897304017
