,p1,p2,p3,p4,p5,p6,p7,p8,Gkr,RMSE,iterations,CPU_time,score
0,0.0016854878674042726,0.08445298481083302,2.208017891397786e-05,0.05120807555133729,0.12119421777591012,0.026859902614466136,0.008855800700400871,0.028802120690131976,0.15459699462717683,653.9515236440059,1147,2239.610668429,653.9515236440059
1,0.11030860346425612,0.030699290012846145,0.1486862589045899,0.0003589444050564769,0.14189379083161804,4.22130864624801e-06,0.0033532401207591552,4.143164751817211e-05,0.1524,,1147,,
