,p1,p2,p3,p4,p5,p6,p7,p8,Gkr,RMSE,iterations,CPU_time
0,0.00022687454942548355,0.06756717852599763,3.0252755190732734e-05,0.05872041854202379,0.08979350847053057,0.010194157343799528,0.0026339361554139004,0.027121907879299415,0.3048,933.483720300276,915,2219.9906291660154
1,0.00022687696830833907,0.06756592061357886,3.0253805767861146e-05,0.058720035014732296,0.08979162264902327,0.010194026604887689,0.0026338984313521263,0.027122092704869396,0.3048,933.48372755571,619,1500.497537252988
2,0.0002268765227314003,0.06756635743876867,3.0254055753652263e-05,0.05871997348496706,0.08979138458759288,0.01019462359428848,0.0026338419125837287,0.02712199357779164,0.3048,933.4837353247623,1026,2491.0082089789794
3,0.00022686050962423618,0.06756741258884628,3.0252521240816993e-05,0.05872059129930128,0.08979361164147012,0.010194693734696048,0.002633901962840344,0.027122066992480452,0.3048,933.4837514058448,525,1268.9642250499746
4,0.0002268750981180018,0.06756691069707889,3.0252577800238537e-05,0.05872044612502116,0.0897919511184949,0.01019455187932314,0.002633877729027664,0.02712180664740008,0.3048,933.4837195913481,966,2327.178252988
