,p1,p2,p3,p4,p5,p6,p7,p8,Gkr,RMSE,iterations,CPU_time
0,0.000227362505375226,0.06670895448954665,2.9325131820924545e-05,0.059840684766902366,0.09167276862811075,0.010575749661357185,0.0018920102089078734,0.026036326399170598,0.43105229381131943,1230.4764082693825,583,1459.350131551997
1,0.00022735339761585462,0.06670956580026398,2.932347573822803e-05,0.05984108027561239,0.09167372366211698,0.01057615756951074,0.0018920268084664047,0.02603601595237302,0.43105229381131943,1230.476437780331,758,1902.9184023140115
2,0.00022735569569778843,0.06670898437856405,2.9322891552495636e-05,0.05984112245373567,0.0916730937750188,0.010576085133713014,0.0018920194882816226,0.02603592339735438,0.43105229381131943,1230.4764145695078,765,1909.2194717390084
3,0.00022737388299921892,0.06670734803482747,2.932374969403098e-05,0.05984093278841209,0.09167132710682174,0.010576048019721,0.0018919750343880306,0.02603606444852842,0.43105229381131943,1230.4764198362934,748,1873.7677913139923
4,0.00022736221060951474,0.06670857287213083,2.932340163665309e-05,0.05984141127739477,0.09167131050240535,0.010576578253842579,0.0018919420901363961,0.026036446876553883,0.43105229381131943,1230.4764417760082,572,1424.8409160169977
