,b_1_a,b_1_b,k_b_a,b_a0_a,b_a0_b,b_a1_a,b_a1_b,k_f_a,a_a1_a,a_a1_b,a_a0_a,a_a0_b,a_1_a,a_1_b,g_Kr,RMSE,iterations,CPU_time,score
0,0.006496114799913793,0.03268566357796245,0.03697334927291779,0.04647079103487022,0.06274208044931193,6.905968117889888e-05,0.04176003844854264,0.02378270584033658,0.013774081487255816,0.03807655816983715,0.02221052832105892,0.011988505297350537,0.09083816515652175,0.02340053669860942,0.1523848998346593,203.25580142252775,909,4558.368279390999,203.25580142252775
