,p1,p2,p3,p4,p5,p6,p7,p8,Gkr,RMSE,iterations,CPU_time
0,0.00025150897464883707,0.0916803268884914,2.8701924416842456e-05,0.05043473526651455,0.06523004385178482,0.009565872909736907,0.010175736024430157,0.0412363813754767,0.05403868913693675,1614.3634865637307,638,849.5279995289893
1,0.00025155463531964024,0.09167258974370691,2.8700411371233593e-05,0.05043476176625994,0.06522871190067132,0.009566807996189444,0.010175498339096506,0.04123563977823031,0.05403868913693675,1614.3634821511916,807,1070.7359811170027
2,0.00025151436479489773,0.09167570548264614,2.8702443454723664e-05,0.05043441442713934,0.06522805710219366,0.00956555605371815,0.010175436093179372,0.04123771420216277,0.05403868913693675,1614.363489211913,661,874.2093168649881
3,0.00025152227502872387,0.09167909902104496,2.8701401703743886e-05,0.05043462505789953,0.0652300302970456,0.009566944941132157,0.010175786269431898,0.04123571335025177,0.05403868913693675,1614.363504174625,548,722.9522573700087
4,0.00025150438507006123,0.09167931252964018,2.870150914957836e-05,0.05043452614631401,0.0652296953540418,0.009566451670646636,0.010175830638949364,0.04123543863813127,0.05403868913693675,1614.363483492117,1055,1408.5165895489918
