,p1,p2,p3,p4,p5,p6,p7,p8,Gkr,RMSE,iterations,CPU_time,score
0,0.0016854807725991358,0.08445359774744296,2.2078604655429846e-05,0.05120858881066865,0.12118682568803255,0.026859289696082346,0.008855191853230176,0.02880225436802558,0.15459760595852673,653.9515053549686,2366,4506.8376167530005,653.9515053549686
1,0.0009747426125322018,0.010981354393212578,0.21465522734631812,6.656222620752856e-05,2.833649500430434e-05,4.069972475563612e-05,0.3624228699419181,1.2989601861014877e-05,0.1524,,2366,,
