,p1,p2,p3,p4,p5,p6,p7,p8,Gkr,RMSE,iterations,CPU_time,score
0,0.0015679670863652318,0.0793392700219317,2.2209468087373885e-05,0.051181181738236416,0.09598645820297493,0.02394277009896162,0.007054020196038633,0.03131595732007937,0.15483558204484593,723.5635038437308,1915,4139.239760838,723.5635038437308
1,1.982796072788388e-07,0.000392439343205072,1.417944862080621e-06,5.089992507740517e-05,0.00020930814214302094,0.19782132524203372,0.0005088808092020391,0.017397168838122225,0.1524,,1915,,
