,p1,p2,p3,p4,p5,p6,p7,p8,Gkr,RMSE,iterations,CPU_time,score
0,0.0016919885087729224,0.03663215098592375,4.295983852114382e-05,0.04592918346004982,0.09315406402387465,0.021819562153486547,0.007350755065529867,0.02960629564744103,0.163854874314547,1709.8121585993135,1172,3406.165441094,1709.8121585993135
1,4.271110222542285e-07,0.0375979591945239,0.00017940865202354032,5.753162109601827e-07,0.0004991460415650648,9.429443481357885e-05,5.573579284925018e-06,0.009872666876163937,0.1524,,1172,,
