,a_a0_a,a_a0_b,b_a1_a,b_a1_b,k_f_a,a_1_a,a_1_b,b_a0_a,b_a0_b,a_a1_a,a_a1_b,k_b_a,b_1_a,b_1_b,g_Kr,RMSE,iterations,CPU_time,score
0,0.021089941954398304,0.011838328103773076,6.951748872015746e-05,0.04171153231305416,0.02317852348360256,0.09103401886860367,0.023411690589285765,0.04883207269410561,0.062105400976664754,0.014804148156743384,0.03860660417030536,0.03525852865878116,0.006509453929327075,0.03264874026138713,0.15247127611639208,139.07644334977462,1336,4185.314411432999,139.07644334977462
