,a_a0_a,a_a0_b,b_a1_a,b_a1_b,k_f_a,a_1_a,a_1_b,b_a0_a,b_a0_b,a_a1_a,a_a1_b,k_b_a,b_1_a,b_1_b,g_Kr,RMSE,iterations,CPU_time,score
0,0.02382262806116277,0.01025323598304623,6.940712099300078e-05,0.04171678909374614,0.023375062985052087,0.09090318328237432,0.023392684184061284,0.05287759298930243,0.06426586479316869,0.01362339200279721,0.03821653717138272,0.034156805893899196,0.006500740392665864,0.03268790995843528,0.15241851403215453,138.18857485950238,1112,3893.5045716940003,138.18857485950238
