,p1,p2,p3,p4,p5,p6,p7,p8,Gkr,RMSE,iterations,CPU_time,score
0,0.0019693415121935925,0.05412112558157764,2.9801397563117553e-05,0.04872357042107631,0.09608977606945945,0.023100102605806593,0.006851095903504469,0.031397568429161894,0.157838250526497,2605.406784706649,1502,5144.673819108002,2605.406784706649
1,2.4099154099765943,4.122419444004647e-06,3.4671939911793943e-06,0.013574423139255387,1.4516529256766896e-06,1.7755608491330226e-07,8.704943076450634e-05,0.00018633045435210614,0.1524,,1502,,
