,p1,p2,p3,p4,p5,p6,p7,p8,Gkr,RMSE,iterations,CPU_time
0,0.00022579283366772372,0.06989156470465223,2.4823448948148188e-05,0.0600867201056896,0.09500918825572434,0.008993212995211431,0.002946294847594895,0.0257832650684991,0.3048,812.5509603512869,485,846.8871684730111
1,0.00022582640201010182,0.06988907046812032,2.4829906942760248e-05,0.06008438883332616,0.0950085583445666,0.00899358279178413,0.0029463234647039123,0.025782987677725945,0.3048,812.5509320198855,739,1297.9739837310044
2,0.00022582996575716048,0.06988950736999056,2.482435892364031e-05,0.06008647895288921,0.09501203142850996,0.008993030963242377,0.002946383425486415,0.025783004681746175,0.3048,812.5509312447598,553,974.2189551680058
3,0.00022580878892724802,0.06989108655860264,2.482989480714076e-05,0.060084265053892034,0.09500757408337503,0.008993499563265601,0.0029462295990282062,0.025783304652181573,0.3048,812.5509295272605,699,1233.279212451016
4,0.00022580365029659962,0.06989103637599338,2.4832440067271515e-05,0.06008358805629167,0.09500691933281775,0.008993706350755472,0.0029462733477121452,0.02578306025689135,0.3048,812.5509583755704,518,913.1205743360042
