,p1,p2,p3,p4,p5,p6,p7,p8,Gkr,RMSE,iterations,CPU_time
0,0.00022616524010112332,0.06986110793546381,2.4904639825444997e-05,0.060059220190408116,0.09486378237402918,0.00900551956308151,0.0029418745413427928,0.025780040562368718,0.3048,814.5468540856436,549,1592.0392969469976
1,0.0002262229196047548,0.06985506652778192,2.4903499834360918e-05,0.06005980056590116,0.09485977138439534,0.009005855425262147,0.002941793569905308,0.025779625845775655,0.3048,814.5468389197762,717,2108.1613419970017
2,0.0002261640617136217,0.06985971695278037,2.4908259695036684e-05,0.06005835696587251,0.09485697735849158,0.009006358758953918,0.002941769767857643,0.025779708549293474,0.3048,814.5468556864057,848,2448.2693881680025
3,0.00022617154683445085,0.06986018063657069,2.4903658876824253e-05,0.060059552338003606,0.09486268377265596,0.009005713342060457,0.0029418951191979518,0.02577929369094288,0.3048,814.5468620524128,714,2041.921103628003
4,0.00022619825046816625,0.06985566029850741,2.4908438589350814e-05,0.06005796595971305,0.0948584381603104,0.009006104461691021,0.002941754737574253,0.0257801952559082,0.3048,814.5468749356878,776,1734.4112690779948
