,p1,p2,p3,p4,p5,p6,p7,p8,Gkr,RMSE,iterations,CPU_time,score
0,0.001614694809118528,0.07291817935212516,1.9062364929529894e-05,0.05228687667871378,0.11008315449786316,0.0231623733224581,0.008877977266544218,0.029415839201652545,0.1530106955725956,2974.6645339275437,1187,5621.334816539002,2974.6645339275437
1,0.005668059710829857,0.057769037445528804,2.7188481373431193e-07,4.004083664908509e-07,0.00021470298185262516,0.000291670873204016,0.32461635485543167,1.031697729620343e-06,0.1524,,1187,,
