,b_1_a,b_1_b,k_b_a,b_a0_a,b_a0_b,b_a1_a,b_a1_b,k_f_a,a_a1_a,a_a1_b,a_a0_a,a_a0_b,a_1_a,a_1_b,g_Kr,RMSE,iterations,CPU_time,score
0,0.006488017855610234,0.03269283905111519,0.03664647914038602,0.046180167054228005,0.06285182793051344,6.887314391867285e-05,0.04178280486360311,0.023766188236092802,0.01364577716321886,0.038271532015533974,0.022125222223530323,0.011994057217658559,0.09074931146584668,0.023396137114893294,0.1523798325290207,202.73990742505507,1072,5463.099176037002,202.73990742505507
