,a_a0_a,a_a0_b,b_a1_a,b_a1_b,k_f_a,a_1_a,a_1_b,b_a0_a,b_a0_b,a_a1_a,a_a1_b,k_b_a,b_1_a,b_1_b,g_Kr,RMSE,iterations,CPU_time,score
0,0.02327530663368808,0.01076836386237167,6.933379175793541e-05,0.04172900699102454,0.02422164897911367,0.0910422114841637,0.023402094907449756,0.051887012562968404,0.06437153493999116,0.013698832150515813,0.03737611950126561,0.035849574506509725,0.0065113225409315235,0.032668575216834,0.1524286971300055,138.1894098428654,1524,4470.285629272,138.1894098428654
