,a_a0_a,a_a0_b,b_a1_a,b_a1_b,k_f_a,a_1_a,a_1_b,b_a0_a,b_a0_b,a_a1_a,a_a1_b,k_b_a,b_1_a,b_1_b,g_Kr,RMSE,iterations,CPU_time,score
0,0.022580866339078177,0.011771122195417427,6.879682533782029e-05,0.04179252589984479,0.0236016142329876,0.09081254734713773,0.02339581269028232,0.04645412084794184,0.06330165371791605,0.013635903895724662,0.038420965076876534,0.03695721948362954,0.006497645654766209,0.032666609021616194,0.15242672599168006,173.65713826362003,1831,4788.847801378,173.65713826362003
