,p1,p2,p3,p4,p5,p6,p7,p8,Gkr,RMSE,iterations,CPU_time,score
0,0.0016915730145189354,0.036681337102392776,4.2979094516252256e-05,0.0459258416728784,0.09314815047237365,0.021813325816039293,0.007352682911485394,0.02959979593297901,0.16386327289538494,1714.3365689777133,915,2798.591620297001,1714.3365689777133
1,3.784578716156241e-05,0.020246004397972805,0.0022756911002744756,0.03858868237087903,0.001406703234559886,2.2835069602625855e-05,1.470591169944166e-05,0.0285536284774491,0.1524,,915,,
