,p1,p2,p3,p4,p5,p6,p7,p8,Gkr,RMSE,iterations,CPU_time,score
0,5.440858252399931,1.000061321334585e-07,0.015133525360504772,1.0012283238315305e-07,7.041702955408486e-07,1.0004473423496945e-07,2.4522042062036477e-07,1.0011766013216642e-07,0.028872792558065363,458354.6431785163,1225,6356.124045937002,458354.6431785163
1,5.32646233222967,3.3910809623307014e-06,0.015233449132611222,0.000507183825519665,7.42743451115644e-07,0.00013323250879152858,2.4048726235125993e-07,5.8850708406216955e-05,0.1524,,1225,,
