,p1,p2,p3,p4,p5,p6,p7,p8,Gkr,RMSE,iterations,CPU_time,score
0,0.0016141342240283195,0.07286771608195859,1.9095656456580124e-05,0.05226967051245004,0.11009037504987426,0.02316569935659947,0.008879109345546303,0.029428423707225294,0.15297941207895582,2962.148249928402,2295,9881.052605050001,2962.148249928402
1,0.3553329121158463,0.011040125118601004,3.06534625680469,0.04636875142080817,2.807253514743026e-07,0.002887652655352135,1.0347220753710546e-05,9.982224366641653e-06,0.1524,,2295,,
