,p1,p2,p3,p4,p5,p6,p7,p8,Gkr,RMSE,iterations,CPU_time,score
0,0.002254818616835579,0.00020377968279926243,1.1834692340743769e-07,1.6696820644090545e-05,0.061198535156323855,0.02558500220473063,0.024441589391270512,0.042297466287456356,0.033058990372432984,65288.56568891355,1402,2754.3943022019994,65288.56568891355
1,0.010414605676670716,0.06914967523320441,0.0007167264720804855,0.00014563321926319765,1.5433687484953197e-07,0.007733416846449403,0.15162287011794517,4.763616716174732e-07,0.1524,,1402,,
