,b_1_a,b_1_b,k_b_a,b_a0_a,b_a0_b,b_a1_a,b_a1_b,k_f_a,a_a1_a,a_a1_b,a_a0_a,a_a0_b,a_1_a,a_1_b,g_Kr,RMSE,iterations,CPU_time,score
0,0.006504180101570574,0.032650831829611884,0.034759176853659146,0.04927789973729788,0.062327754148708905,6.942109787934326e-05,0.04172223622442335,0.023040123770389553,0.014516365233802933,0.0387589360388466,0.02159302486589458,0.011561798259156951,0.09096201121133636,0.02340980221073649,0.1524657005344676,139.07726109367712,988,3355.3136959050025,139.07726109367712
