,a_a0_a,a_a0_b,b_a1_a,b_a1_b,k_f_a,a_1_a,a_1_b,b_a0_a,b_a0_b,a_a1_a,a_a1_b,k_b_a,b_1_a,b_1_b,g_Kr,RMSE,iterations,CPU_time,score
0,0.02186485788535289,0.012078964032989352,6.880117754221611e-05,0.04178851879607353,0.02369238823242753,0.09081651542780846,0.023388067674770488,0.04584803576397021,0.06270285532220372,0.013788178959769443,0.03839189377442053,0.036800259083477255,0.006499211093983921,0.03268004876343024,0.15234901932935002,294.9067525777241,1156,8115.089727343002,294.9067525777241
