,a_a0_a,a_a0_b,b_a1_a,b_a1_b,k_f_a,a_1_a,a_1_b,b_a0_a,b_a0_b,a_a1_a,a_a1_b,k_b_a,b_1_a,b_1_b,g_Kr,RMSE,iterations,CPU_time,score
0,0.02222113826010668,0.011515348460947825,6.876713127465286e-05,0.04180005263773842,0.023891710868048678,0.0908296412623148,0.023385199831868316,0.046640854190088274,0.06250211887182439,0.013727558133801419,0.03851244896305609,0.037164976501632266,0.006497586202116794,0.032674012143335894,0.15242584348840615,173.9210274111633,990,4349.6882484220005,173.9210274111633
