,a_1_a,a_1_b,b_a0_a,b_a0_b,k_b_a,a_a0_a,a_a0_b,b_1_a,b_1_b,b_a1_a,b_a1_b,a_a1_a,a_a1_b,k_f_a,g_Kr,RMSE,iterations,CPU_time,score
0,0.09083056612288137,0.02338556944727533,0.04634401601745186,0.0624725060459186,0.03719588994617643,0.022110983039924217,0.011617852546654218,0.006497653974546569,0.03267392009639678,6.876978141349671e-05,0.041799657372344715,0.013752757308865295,0.03851739321207823,0.02386784159498091,0.15242427209407602,173.92117196676347,1247,5794.002984104001,173.92117196676347
