,p1,p2,p3,p4,p5,p6,p7,p8,Gkr,RMSE,iterations,CPU_time,score
0,0.0015679787102503354,0.07935337175487643,2.220459202718327e-05,0.0511816035353963,0.09595957748395875,0.023951354362531548,0.007052851806533015,0.03131229546766484,0.15476940021031912,718.7755077435929,1735,3655.869339163,718.7755077435929
1,4.839140855691355e-07,0.001157505617570856,0.257437440125743,8.033315992174501e-05,1.8242002837224627e-06,1.2939227686546064e-05,4.9910894962970637e-05,2.593433598585005e-06,0.1524,,1735,,
