,p1,p2,p3,p4,p5,p6,p7,p8,Gkr,RMSE,iterations,CPU_time
0,0.00022637693153326638,0.06984895844903255,2.4911229494771154e-05,0.06006441410190501,0.09480085822883969,0.009028934006602981,0.0029386150260252634,0.02578086906285941,0.3048,811.3638809340185,1219,2050.8428270010045
1,0.0002263829542244759,0.06984988459765723,2.4913954611903933e-05,0.060063268650824855,0.09480318540131866,0.00902915907610013,0.0029387506951097484,0.025780352944532122,0.3048,811.3638599333258,858,1427.8807548040058
2,0.00022637699832018192,0.06984925986696316,2.491078236488761e-05,0.06006472557722776,0.09480448591826486,0.009028370720656752,0.0029388079251942444,0.025780801520999385,0.3048,811.3638413266788,681,1140.02623073
3,0.00022635953925242682,0.0698500187797022,2.491017723588125e-05,0.06006467906690782,0.0948060718372645,0.009027904453573992,0.0029388686481484016,0.025780768331742466,0.3048,811.3638978036736,560,945.3160168530012
4,0.00022638662092483794,0.06984816663514043,2.491164254441196e-05,0.06006424125974146,0.09480344033746219,0.009028796518870877,0.002938772805887347,0.025780546720041646,0.3048,811.3638746992516,546,926.0271771459957
