,p1,p2,p3,p4,p5,p6,p7,p8,Gkr,RMSE,iterations,CPU_time,score
0,0.001690781919038711,0.03664338837550838,4.292045353130999e-05,0.04593995039827768,0.09316702077668525,0.021811300296471343,0.007352729444431927,0.02959851698361777,0.16389899902140972,1709.9748991402446,1282,3575.2844116660003,1709.9748991402446
1,0.00243235532580834,0.07161566592736501,0.0006027362359312167,1.7492980090437e-07,1.2383657887541967e-07,0.04724430080185873,0.00013033633756367145,0.00027980343772440237,0.1524,,1282,,
