,p1,p2,p3,p4,p5,p6,p7,p8,Gkr,RMSE,iterations,CPU_time,score
0,0.34797532079588894,1.000000167056213e-07,3.0643762142536866,1.0000021100541813e-07,2.895850179090745e-07,1.0006471548168632e-07,1.021599064735423e-05,1.0001786576970419e-07,0.06780318963458185,101948.28673657466,1226,1897.2745263440002,101948.28673657466
1,0.3553329121158463,0.011040125118601004,3.06534625680469,0.04636875142080817,2.807253514743026e-07,0.002887652655352135,1.0347220753710546e-05,9.982224366641653e-06,0.1524,,1226,,
