,p1,p2,p3,p4,p5,p6,p7,p8,Gkr,RMSE,iterations,CPU_time
0,0.00025196957509944316,0.09177344760407324,2.8762492007559748e-05,0.05041595135760298,0.06527672972360835,0.009581395969086326,0.01017608262788666,0.04123400265365585,0.05403868913693675,1614.6488744065364,563,1070.352461892995
1,0.000252012913766157,0.0917561752853032,2.8761282993803902e-05,0.05041568354754047,0.06527300312098,0.009581068368150635,0.010175846933852872,0.04123365281055925,0.05403868913693675,1614.648908924963,676,1268.8031708740018
2,0.00025198928076192824,0.09176789790648399,2.8757849238191335e-05,0.05041728467073707,0.06528387806853518,0.009574688377764791,0.010177170049604,0.04124095863180177,0.05403868913693675,1614.6488841831538,588,1321.8044642179884
3,0.00025197620993100997,0.09177106557769205,2.876199051518339e-05,0.05041578092355362,0.06527343888289514,0.009580990489677891,0.01017573707608224,0.04123419493545869,0.05403868913693675,1614.6488749179655,637,1430.0314039229997
4,0.00025199019768641775,0.09176942401527668,2.876340955342595e-05,0.05041516587906542,0.06527396156227838,0.009580346694592025,0.010175809073997696,0.04123452686954393,0.05403868913693675,1614.6488685302427,811,1087.2629618359933
