,p1,p2,p3,p4,p5,p6,p7,p8,Gkr,RMSE,iterations,CPU_time,score
0,1.0298538508642753e-06,0.0137473391245828,0.00011414718986746907,0.03626992747564917,0.11339485545380763,0.016753806488120276,0.00417163111475857,0.028810941755447007,91.68237201340968,6813.191911766116,4832,9967.678630581999,6813.191911766116
1,2.0764456134601767e-07,0.007006153309376496,0.2786573413748722,1.5983346804777305e-05,1.2752155393922384e-07,0.0013006940827427207,2.478729875246547e-07,1.3820074913651744e-06,0.1524,,4832,,
