,a_1_a,a_1_b,b_a0_a,b_a0_b,k_b_a,a_a0_a,a_a0_b,b_1_a,b_1_b,b_a1_a,b_a1_b,a_a1_a,a_a1_b,k_f_a,g_Kr,RMSE,iterations,CPU_time,score
0,0.09086470190854384,0.023420829431486583,0.0470681272753619,0.0632836446210555,0.03792107362375244,0.022290120881622646,0.011592300538778556,0.00650065870247369,0.032660145074965785,6.885233634459106e-05,0.041786595125989826,0.013729114968448199,0.03795520261180714,0.02436013234654637,0.15239923820594808,138.01355247805336,1269,3761.8800517870004,138.01355247805336
