,a_a0_a,a_a0_b,b_a1_a,b_a1_b,k_f_a,a_1_a,a_1_b,b_a0_a,b_a0_b,a_a1_a,a_a1_b,k_b_a,b_1_a,b_1_b,g_Kr,RMSE,iterations,CPU_time,score
0,0.02272148467949026,0.011416949759952789,6.893167736479129e-05,0.04177812070211758,0.023725421580161977,0.09083723078282302,0.023408728852235296,0.04778221542477918,0.06329770494914287,0.013569284394831849,0.0384175936830874,0.036248709918219185,0.006496731844632274,0.032671726896855505,0.15241805455907406,139.29883718129736,1306,4466.741375445999,139.29883718129736
