,p1,p2,p3,p4,p5,p6,p7,p8,Gkr,RMSE,iterations,CPU_time
0,0.00020670421585385193,0.060563778629410786,3.024610513365991e-05,0.05811810676693072,0.08940729267814056,0.009556105424190954,0.0029216120645894003,0.027122800914530405,0.3048,278.67821495853855,553,1225.0147316410003
1,0.00020669175610494987,0.060559511052527645,3.0248131658873503e-05,0.05811728427263313,0.08940812447723256,0.00955617595573655,0.0029218679673076223,0.02712265237705334,0.3048,278.6782141380297,605,1339.2164411799895
2,0.0002066937790198835,0.060560204662653404,3.0245803496196294e-05,0.05811798210770084,0.08940476121709824,0.009555916688457792,0.002921579060727356,0.027124100857536082,0.3048,278.6782153626445,561,1240.5435059629963
3,0.00020671306516392997,0.06055918715137554,3.0247971158866203e-05,0.05811735258386405,0.08940858762541225,0.00955566858206417,0.002921762127772082,0.027123122909140047,0.3048,278.6781920617993,983,1799.4934384640073
4,0.00020672071266850678,0.060559459162611726,3.024630102381974e-05,0.058117950642545095,0.08940774799534551,0.009555366119701716,0.0029216621130412884,0.027123427217185116,0.3048,278.67817888992096,603,874.6175387690018
