,p1,p2,p3,p4,p5,p6,p7,p8,Gkr,RMSE,iterations,CPU_time,score
0,3.8909559410786203,0.011876873814751327,438.2637275521487,0.006191325218820762,20.2415517301385,0.0049294035562342155,0.8153671970859773,0.05926259135276934,26.48054898006918,183937.43378187704,2592,11355.906682329,183937.43378187704
1,0.0001611544845843497,0.004078082850965973,1.1368327633471524,1.1495437600559314e-05,2.884480560029117e-07,0.013999466627767779,3.8051332353386147e-06,1.5129882322710367e-05,0.1524,,2592,,
