,a_a0_a,a_a0_b,b_a1_a,b_a1_b,k_f_a,a_1_a,a_1_b,b_a0_a,b_a0_b,a_a1_a,a_a1_b,k_b_a,b_1_a,b_1_b,g_Kr,RMSE,iterations,CPU_time,score
0,0.022283076358609658,0.011748410913928201,6.882237059806467e-05,0.041791840368008495,0.02376032309211782,0.0908462348783344,0.02337674734007122,0.04717819633812182,0.06330390521200699,0.013795836096119058,0.03814204165696649,0.03682055918584176,0.006500779410653977,0.03268583020264355,0.15240722243136764,202.52917571274835,1295,6070.314198628001,202.52917571274835
