,p1,p2,p3,p4,p5,p6,p7,p8,Gkr,RMSE,iterations,CPU_time
0,0.00022574401445726747,0.06967608579083769,2.620525875458319e-05,0.059146036766006826,0.09399369204644922,0.008948158514687228,0.003456015278814689,0.02673398361059064,0.2563052273693322,617.8939002151097,964,2508.2039246010027
1,0.0002257825866176342,0.06967300297554264,2.6205959121149314e-05,0.05914599181133168,0.09399573494916892,0.008948055485255579,0.003456121504643189,0.026733935326683854,0.2563052273693322,617.8938821772638,489,1467.493482799
2,0.0002257441652996356,0.06967457520843595,2.619915642109495e-05,0.05914819604337847,0.09399873409551161,0.008946997819468467,0.0034562955495172076,0.026734079201354195,0.2563052273693322,617.8939260441683,649,1958.516713557001
3,0.0002257539541394403,0.0696748704981595,2.6207469760042326e-05,0.059145273465960324,0.09399492331823252,0.008948054854657647,0.0034560883290407573,0.026734188848865366,0.2563052273693322,617.8939036854472,560,1708.4597994029973
4,0.0002257873736343152,0.06967118053718956,2.620504177623167e-05,0.05914609678456722,0.09399728708657579,0.008947920042083184,0.003456221424697595,0.026733692665495905,0.2563052273693322,617.8939016169272,822,2518.931151114004
