,p1,p2,p3,p4,p5,p6,p7,p8,Gkr,RMSE,iterations,CPU_time
0,0.0002249660774659568,0.06975745778515341,2.6130134944113052e-05,0.05917022407670183,0.09406764266244239,0.00893660828585748,0.0034591709783105217,0.02672519457110544,0.2563052273693322,618.5745703299274,857,2097.452831032002
1,0.00022492929991796542,0.06976196000618012,2.6127113864902007e-05,0.059171324349472226,0.0940662994445062,0.008936840921970968,0.0034591282506274464,0.026724776878314406,0.2563052273693322,618.5745857299007,674,1284.09096778401
2,0.0002249271981075087,0.06976028974040539,2.6126338078774357e-05,0.059171381120187584,0.09406629819654695,0.008936562868977663,0.0034590941281645304,0.026725068835474906,0.2563052273693322,618.5745746825394,745,2093.307243932999
3,0.00022496074517954352,0.06975679283503067,2.612498174927102e-05,0.05917173029978575,0.09406755364802896,0.008936061976563566,0.003459138098084972,0.026725291177212333,0.2563052273693322,618.5745752915635,645,1162.322065817978
4,0.00022494749680553763,0.06975961184310454,2.612323192681581e-05,0.05917246332331541,0.09407060851471617,0.00893612186898522,0.003459250288991424,0.026725067127290964,0.2563052273693322,618.5745914482518,529,1118.7687340160192
