,a_1_a,a_1_b,b_a0_a,b_a0_b,k_b_a,a_a0_a,a_a0_b,b_1_a,b_1_b,b_a1_a,b_a1_b,a_a1_a,a_a1_b,k_f_a,g_Kr,RMSE,iterations,CPU_time,score
0,0.09081109027310376,0.023397154045318506,0.046999722100123,0.06311022578023533,0.03675571358834074,0.022436253090679346,0.011778922793507292,0.006495869155658299,0.03267680451759136,6.902141882747855e-05,0.041762816696870875,0.013707689440707571,0.038337857034459,0.023637668497660996,0.15241686057439488,173.7690526625721,942,4009.6518135469996,173.7690526625721
