,p1,p2,p3,p4,p5,p6,p7,p8,Gkr,RMSE,iterations,CPU_time
0,0.00021018250762752324,0.056228894188462775,2.6905305637132615e-05,0.05955845439344224,0.0979560624855288,0.00871542363870397,0.002075001531663461,0.026727221643781385,0.43105229381131943,303.23880796869463,511,999.2770900000032
1,0.00021019401859096907,0.05622516273526548,2.6906662930267284e-05,0.05955803082988005,0.09794465552313096,0.008713629723008163,0.002074763912003673,0.026729361180305247,0.43105229381131943,303.23882157753144,683,1124.887757575998
2,0.00021018063248442822,0.05622748215956956,2.69047385514679e-05,0.059558654041200115,0.09795018962997447,0.008713851750279519,0.0020748912136359355,0.026728556484091982,0.43105229381131943,303.23880888096323,689,963.6227110369946
3,0.00021017244236206436,0.05623031075825303,2.690502755711702e-05,0.059558539264200294,0.09795693379376892,0.00871423592981882,0.0020750250372155005,0.026727928242404175,0.43105229381131943,303.23881866961443,738,1085.3136904769926
4,0.00021018494824830662,0.05622700988013318,2.6906339937150233e-05,0.05955844493696453,0.09795901896129451,0.008714701325403527,0.002075082192737118,0.02672801895678848,0.43105229381131943,303.238823613251,713,1312.1490188250027
