,p1,p2,p3,p4,p5,p6,p7,p8,Gkr,RMSE,iterations,CPU_time,score
0,0.001969992132941606,0.054155422989184146,2.980167356862508e-05,0.048728591855161,0.09614633612765726,0.023111797960073906,0.006854236902271783,0.031385211144985145,0.15789301193597485,2603.9765637423216,1817,6052.350529932002,2603.9765637423216
1,4.655004102516764e-07,0.00024801365797502673,0.03862469480632206,3.721973407406447e-06,0.13371373696976177,0.01091667614527736,4.1243364268745885e-07,4.734267595013244e-06,0.1524,,1817,,
