,p1,p2,p3,p4,p5,p6,p7,p8,Gkr,RMSE,iterations,CPU_time,score
0,0.001567507789032368,0.07934777964388338,2.221699041026418e-05,0.05118351792112654,0.09597406780213821,0.023954269528069425,0.007050186625720588,0.031309515227789964,0.15486154693490395,720.6326235418984,1117,2513.7014122300006,720.6326235418984
1,0.0026273749633689684,0.024863637964035085,3.5795754524225994e-06,1.7931042956621694e-07,0.19054651715736287,0.005916035771449983,7.533671400521397e-07,2.792701946768406e-07,0.1524,,1117,,
