,p1,p2,p3,p4,p5,p6,p7,p8,Gkr,RMSE,iterations,CPU_time,score
0,0.0019697587491410043,0.054148854424590796,2.9817126560436125e-05,0.04872384903605834,0.09613819164161216,0.023124261112135412,0.006851228580582267,0.03138816243626555,0.15786417554858104,2603.055265668544,2062,6526.555933323001,2603.055265668544
1,6.335189422451633e-06,7.82533552321333e-06,0.6414887408033139,0.0026381107848529105,0.02646244194093255,2.5321278303823333e-05,0.00030799428833784695,9.430128966238519e-05,0.1524,,2062,,
