,b_1_a,b_1_b,k_b_a,b_a0_a,b_a0_b,b_a1_a,b_a1_b,k_f_a,a_a1_a,a_a1_b,a_a0_a,a_a0_b,a_1_a,a_1_b,g_Kr,RMSE,iterations,CPU_time,score
0,0.006495702973910363,0.032680456723368,0.03700838749940388,0.04755195415590825,0.06305105719268803,6.890176844233806e-05,0.041777038496338806,0.02380371850207298,0.013812144428306153,0.038310217139301835,0.022546152530893093,0.011452532309219639,0.09081205038270222,0.023400822217182992,0.15237447782296498,172.81759187973262,1283,5619.024480480999,172.81759187973262
