,p1,p2,p3,p4,p5,p6,p7,p8,Gkr,RMSE,iterations,CPU_time,score
0,8.273810343536972e-07,0.012583341965851619,1.336392818274642e-05,0.03653481183228888,3.643592106188232e-06,1.4581995113931818e-05,5.5134294745580276e-05,1.3547489021387887e-07,1.4165252952661964,231216.57822823065,2011,5113.828679686001,231216.57822823065
1,0.0012730506916340757,0.0027475206159326923,8.219871127587534e-06,7.504956818420904e-05,5.082947294517683e-06,6.760914032519681e-07,5.523878788003896e-07,4.675061993581919e-05,0.1524,,2011,,
