,a_1_a,a_1_b,b_a0_a,b_a0_b,k_b_a,a_a0_a,a_a0_b,b_1_a,b_1_b,b_a1_a,b_a1_b,a_a1_a,a_a1_b,k_f_a,g_Kr,RMSE,iterations,CPU_time,score
0,0.09076347627556335,0.023395129055728298,0.04744808606406536,0.0629757593085513,0.03685375645623236,0.02234744664622164,0.011823983693759369,0.006489362752932885,0.03268014036781017,6.902538971285367e-05,0.04176683966865341,0.013857386033945708,0.03797375728929866,0.023794860408348287,0.15241819401771609,203.44574821907614,1312,6695.4254879980035,203.44574821907614
