,p1,p2,p3,p4,p5,p6,p7,p8,Gkr,RMSE,iterations,CPU_time,score
0,0.00196969351176024,0.05414139920244723,2.98023700776661e-05,0.04872927102741027,0.0961220218944403,0.02310234742090033,0.006852729465285615,0.03139136872993433,0.1578957616868074,2609.928570884744,1255,3898.5240150470017,2609.928570884744
1,1.9169090410210194e-06,0.19068393420225374,0.0014878878424165291,0.005826935695943393,0.004488884728884557,0.11153047231140963,2.3522777217461932e-07,3.534620074163512e-05,0.1524,,1255,,
