,a_a0_a,a_a0_b,b_a1_a,b_a1_b,k_f_a,a_1_a,a_1_b,b_a0_a,b_a0_b,a_a1_a,a_a1_b,k_b_a,b_1_a,b_1_b,g_Kr,RMSE,iterations,CPU_time,score
0,0.022541531938191944,0.01167215224555243,6.900024030816736e-05,0.04176939177621727,0.02381656565738638,0.09083987199485091,0.023380242176854967,0.04765891384001157,0.06331626482255498,0.013743033267655863,0.0379791087175335,0.036761291432705664,0.006499217532334199,0.03268445703602816,0.15241746825676458,202.98017649627448,1370,6579.049129238,202.98017649627448
