,a_a0_a,a_a0_b,b_a1_a,b_a1_b,k_f_a,a_1_a,a_1_b,b_a0_a,b_a0_b,a_a1_a,a_a1_b,k_b_a,b_1_a,b_1_b,g_Kr,RMSE,iterations,CPU_time,score
0,0.02228329681705466,0.011898903790337692,6.855978836363619e-05,0.04181996807789702,0.02393606101783495,0.0907524107523339,0.023393428397951308,0.04477588992817534,0.06324352868502987,0.013524783323147481,0.038387534567652724,0.0378922230898252,0.006490917433897484,0.03268263398018603,0.15239965780840592,138.37257019978915,1220,4026.2778969309998,138.37257019978915
