,p1,p2,p3,p4,p5,p6,p7,p8,Gkr,RMSE,iterations,CPU_time
0,0.00035756038774775853,0.058624544506804675,3.384495402466908e-05,0.058096117393622096,0.0910326471125875,0.009878033779034855,0.0023324600442818657,0.02617500848972718,0.3624703286528294,1043.3045366101414,901,2987.2915699709993
1,0.00035756696923546367,0.05862430822633865,3.384388872822624e-05,0.05809623847205605,0.09103466914597821,0.009877704119921052,0.002332523604450867,0.02617480837023731,0.3624703286528294,1043.3045473899365,536,1775.8681259440054
2,0.000357577769912031,0.05862426227035616,3.384475812180648e-05,0.058095982218884776,0.09103590435209208,0.009878059401535756,0.002332554489692146,0.026174484288825368,0.3624703286528294,1043.304551099751,693,2296.4774349090003
3,0.0003575473838400867,0.05862555992086603,3.384229154737404e-05,0.058096731196331367,0.09103172408919352,0.00987818747777883,0.0023324362879369714,0.026174720720399,0.3624703286528294,1043.304533301814,663,2198.9238596119976
4,0.00035755444994829076,0.05862568784886781,3.384406884678661e-05,0.05809624739869575,0.0910356956271878,0.009878084239540156,0.002332543753017,0.02617455476071063,0.3624703286528294,1043.3045585264692,767,2551.1359627010097
