,p1,p2,p3,p4,p5,p6,p7,p8,Gkr,RMSE,iterations,CPU_time,score
0,0.0015679648701475441,0.07933963706491558,2.2210419810707037e-05,0.05118084464581791,0.09598709896321561,0.02394214595154612,0.007054076818470938,0.031315886990154806,0.1548369686128313,723.5635133144857,1831,3838.760478955999,723.5635133144857
1,1.3520478228358728e-06,0.016802963903027185,1.4263364958281937e-07,0.00042157142551456903,1.654450990351792e-05,0.004185686223554257,0.00012849916731559792,1.1476612539386497e-07,0.1524,,1831,,
