,p1,p2,p3,p4,p5,p6,p7,p8,Gkr,RMSE,iterations,CPU_time,score
0,1.5777616292192017e-06,0.027208052898275176,7.816924329459923e-06,0.045477549382709245,1.0000227730464986e-07,0.1619756272933272,1.0000226574880066e-07,0.07136747755903093,2.309029270096388,438612.8813208432,1111,4425.921630845,438612.8813208432
1,4.412889693530339e-07,3.5368225340242355e-07,0.0014762666904179515,0.01709608172041106,8.022574752804424e-06,3.846214571216113e-06,3.5241863231972756e-07,0.09103958007189382,0.1524,,1111,,
