,a_1_a,a_1_b,b_a0_a,b_a0_b,k_b_a,a_a0_a,a_a0_b,b_1_a,b_1_b,b_a1_a,b_a1_b,a_a1_a,a_a1_b,k_f_a,g_Kr,RMSE,iterations,CPU_time,score
0,0.09086178528224872,0.023420430037624264,0.047166902237138,0.06334974660840291,0.03791238371299926,0.022358980282717232,0.011566986590205471,0.006500460909551543,0.03266061942041097,6.884826680605508e-05,0.04178716809299946,0.013690238107005153,0.03791300610722425,0.02439360482602222,0.15239968723883063,138.01352455963135,1177,3294.126418707,138.01352455963135
