,p1,p2,p3,p4,p5,p6,p7,p8,Gkr,RMSE,iterations,CPU_time
0,0.0002487807713376414,0.0846662467654436,3.434217798509552e-05,0.050940975890990885,0.07569177959349549,0.00900339340685376,0.008202072788388791,0.03767967920290704,0.07664514235271616,711.8766725366,814,1697.648380499013
1,0.0002488064635768286,0.08466467498075644,3.4339915982229306e-05,0.05094134036224997,0.07569309453497125,0.009003249016677154,0.008202217545073508,0.037679330969627736,0.07664514235271616,711.8766779703799,720,1597.1107725670008
2,0.00024879157319564736,0.08466341404216365,3.434558837586775e-05,0.050940085843592255,0.07568635569309334,0.009003367384948955,0.008201635825204757,0.03768014407533196,0.07664514235271616,711.8766859833355,540,979.7728642510046
3,0.00024879170482563817,0.08466705442894347,3.434372365449433e-05,0.05094036191422406,0.07569305935717334,0.00900396673486249,0.008202151029768344,0.03767958893998387,0.07664514235271616,711.876679102756,472,638.0966185560101
4,0.0002488090875142886,0.0846652495489951,3.434288347140376e-05,0.050940658131174224,0.07569275597010829,0.009003767879250134,0.008202207408439533,0.03767948861168595,0.07664514235271616,711.8766660636327,1061,1556.9602354179951
