,p1,p2,p3,p4,p5,p6,p7,p8,Gkr,RMSE,iterations,CPU_time
0,0.0002264278702917765,0.06983386394386895,2.484889311052128e-05,0.06007624764784007,0.09490759905654439,0.009004426234386928,0.0029425134913192074,0.02577635291724565,0.3048,811.2921505991518,599,1005.3662419230095
1,0.0002264031747513418,0.06983614191697268,2.4849032116617243e-05,0.06007596971372295,0.09491039601065164,0.009004304436452984,0.002942643683826086,0.025776175641163666,0.3048,811.2921258239642,851,1441.2430091220012
2,0.0002264147712805032,0.06983438182598177,2.48515990521473e-05,0.060075126030615385,0.0949058256371592,0.009004708204353108,0.0029424021957976097,0.025776483776313152,0.3048,811.2921903672135,762,1284.0113410800113
3,0.00022641878876280842,0.06983342462570759,2.4844245697359486e-05,0.06007804022783933,0.09491081717120682,0.009003884734212275,0.0029426282319344817,0.025776748961536013,0.3048,811.29218076972,557,941.5420646760031
4,0.00022639914252763386,0.06983626134429728,2.4849470241843097e-05,0.06007577350132214,0.09491093476842935,0.009004472781045148,0.0029426348018079043,0.02577612596358951,0.3048,811.2921501977723,541,907.8830878340232
