,a_1_a,a_1_b,b_a0_a,b_a0_b,k_b_a,a_a0_a,a_a0_b,b_1_a,b_1_b,b_a1_a,b_a1_b,a_a1_a,a_a1_b,k_f_a,g_Kr,RMSE,iterations,CPU_time,score
0,0.09085157943722036,0.02338229361561679,0.04884135134187483,0.0639127968717852,0.03660038493530011,0.02312182935402329,0.011239569833476256,0.006500700766502161,0.03268379955705631,6.885859856255057e-05,0.04178640534060721,0.013570694961930151,0.037853508387520905,0.023927218896493792,0.15238443340971639,296.41575134422294,1421,10128.113328972002,296.41575134422294
