,a_a0_a,a_a0_b,b_a1_a,b_a1_b,k_f_a,a_1_a,a_1_b,b_a0_a,b_a0_b,a_a1_a,a_a1_b,k_b_a,b_1_a,b_1_b,g_Kr,RMSE,iterations,CPU_time,score
0,0.02222278098696756,0.011513665304786765,6.876734389252627e-05,0.041800042737170355,0.023892509798357706,0.0908293685202906,0.023385257759123833,0.04664380642103492,0.06250337534186486,0.013726479504817401,0.03851187493917107,0.03716333016827067,0.006497559242567201,0.03267400928277852,0.15242588918076744,173.92102581733502,1802,8365.509569896,173.92102581733502
