,a_a0_a,a_a0_b,b_a1_a,b_a1_b,k_f_a,a_1_a,a_1_b,b_a0_a,b_a0_b,a_a1_a,a_a1_b,k_b_a,b_1_a,b_1_b,g_Kr,RMSE,iterations,CPU_time,score
0,0.022546970034275127,0.01145204436080479,6.890087910403154e-05,0.041777119054569475,0.02380254349394833,0.09081179051090589,0.023400872976687557,0.04754994687997879,0.06305268846380566,0.01381169840457839,0.0383124560184555,0.037008122669751564,0.006495684345294061,0.03268057054316098,0.15237414465024554,172.81759155065896,1785,8107.874719234,172.81759155065896
