,p1,p2,p3,p4,p5,p6,p7,p8,Gkr,RMSE,iterations,CPU_time,score
0,0.0016145826355679137,0.07292168695729315,1.9059896605786826e-05,0.05228770448383044,0.11020530201319761,0.02317289919387005,0.008888239100584708,0.02940567073258294,0.15301363115394273,2970.004531470865,1429,6751.623131855,2970.004531470865
1,0.09526669679278292,4.164017262767136e-07,0.029705635888320123,1.5554170129812625e-06,9.738384500459734,0.00012054462901135285,0.0001263402912071839,0.001692668351818583,0.1524,,1429,,
