,p1,p2,p3,p4,p5,p6,p7,p8,Gkr,RMSE,iterations,CPU_time
0,0.0002313325443306547,0.07344923051953413,3.558647774732932e-05,0.053491437709230434,0.08575709542336807,0.008800861842782374,0.005849536428112228,0.03308009905899398,0.1281526136846661,164.2036447577505,806,1380.7050802410085
1,0.00023132225560721845,0.073451179563573,3.5586798473028976e-05,0.053491394854246366,0.08575878745723187,0.008801345906577484,0.005849594059980949,0.03307993336646173,0.1281526136846661,164.20364748632795,494,1088.0798137009988
2,0.00023132214731380778,0.07345217314318482,3.5586639092995946e-05,0.0534914796914272,0.08575763086087994,0.008800575941458149,0.005849579997562032,0.033080176623144865,0.1281526136846661,164.20364926358832,434,808.8284489579964
3,0.00023132948602534994,0.07344980985750381,3.5586749524090404e-05,0.053491458066179574,0.08575758452387898,0.008800790546457892,0.005849563751315325,0.03308018551874456,0.1281526136846661,164.2036445521209,774,1523.067270360989
4,0.00023133185743163,0.0734483826808186,3.5585570326917175e-05,0.05349161606778914,0.08575867089122073,0.008800219477563723,0.005849636304061613,0.0330807596892221,0.1281526136846661,164.2036472357663,510,742.2801971259905
