,p1,p2,p3,p4,p5,p6,p7,p8,Gkr,RMSE,iterations,CPU_time
0,0.00022169186914754776,0.07964634826626321,3.731649569554664e-05,0.052260268152098104,0.08546061432708624,0.00980211205407995,0.0071392524132167165,0.03371868418199221,0.10870874072059561,236.15159156476838,556,1111.2409017109894
1,0.00022169381305702952,0.07964965462514853,3.731931094365768e-05,0.05225949671381405,0.08543488787516154,0.009799712127252709,0.007137134435407956,0.033721305259670424,0.10870874072059561,236.1515834629272,451,911.1750938240002
2,0.0002216960958902473,0.07964635412775417,3.731677206532004e-05,0.052260227688236814,0.08546108529541317,0.009802375937105359,0.007139332614345737,0.03371862512349653,0.10870874072059561,236.15158782463618,784,1526.55377812199
3,0.00022169464149228248,0.07964265018508773,3.731709830158192e-05,0.05226001149529678,0.08547815009385144,0.009799653662616025,0.0071408137167436065,0.03372105431294544,0.10870874072059561,236.15160173587344,1208,1387.8349891380058
4,0.0002216970866237308,0.07964438400076349,3.731667848930389e-05,0.052260247889815536,0.08545833543373205,0.009801375696740755,0.007139162492308005,0.03371939940417825,0.10870874072059561,236.15159003489399,545,660.3404773189977
