,p1,p2,p3,p4,p5,p6,p7,p8,Gkr,RMSE,iterations,CPU_time,score
0,2.5821809904233724e-06,0.18797222823005247,0.00011484211871414777,0.03707111317283029,1.0000191194256165e-07,0.3377481641215996,4.8072412298879394e-05,0.06907339044410982,0.16694982966767122,33100.11817746221,1717,3217.212728941,33100.11817746221
1,0.20366907874937715,0.00011342535273824315,1.95080751798108e-07,0.0001836645662214405,0.00013608349609117251,4.133955193806269e-07,9.33077165379771,8.620869158076983e-06,0.1524,,1717,,
