,p1,p2,p3,p4,p5,p6,p7,p8,Gkr,RMSE,iterations,CPU_time
0,0.00023746061017139967,0.07693031722156142,3.6032616523529836e-05,0.05251558562645215,0.0833831783860544,0.008742318084431943,0.006549102039473025,0.03456521042248858,0.10870874072059561,249.56984980004503,556,949.7781810480083
1,0.00023747371320098997,0.07692837695036454,3.603413872716312e-05,0.05251492481481236,0.08338597237923408,0.008742268430634862,0.006549392844394165,0.03456498501652107,0.10870874072059561,249.56985156202092,646,1496.9753587919986
2,0.00023746466762438715,0.0769277012600657,3.603445525830408e-05,0.05251497612371687,0.08338280048040544,0.00874215561543902,0.00654917394849754,0.03456531223049084,0.10870874072059561,249.56985094149306,582,886.0882197780011
3,0.0002374507142584144,0.07692974441459428,3.603429819498632e-05,0.05251502490788132,0.08338459876619117,0.008742173059418129,0.00654948258147801,0.03456469612077449,0.10870874072059561,249.5698546168129,551,1243.6019693979906
4,0.00023745261458568245,0.0769297243782373,3.6033569305588076e-05,0.05251510095930694,0.08338349503702693,0.0087421281496833,0.0065492949708590344,0.03456508326142474,0.10870874072059561,249.5698514132683,717,978.6996445659897
