,p1,p2,p3,p4,p5,p6,p7,p8,Gkr,RMSE,iterations,CPU_time
0,0.00020732889928066884,0.05484742445930677,2.5798761683044358e-05,0.06043198898122977,0.09894167775801525,0.008581433313855235,0.0014872739739496769,0.0261510105785703,0.6096,343.38989675500994,568,670.0594519389997
1,0.0002073413229718564,0.05485116531064079,2.5797165961532407e-05,0.06043304396927294,0.09889227470471863,0.008576607567087282,0.0014864983450819387,0.026155734415930228,0.6096,343.3899350269506,519,608.731410937995
2,0.00020733452975484334,0.0548484989389728,2.5796219832635448e-05,0.06043285512695045,0.09893441800091471,0.00858061858066393,0.0014871482806304384,0.026151712800741106,0.6096,343.3898891984127,691,809.2247090340024
3,0.00020734466344054424,0.054849130274091246,2.5796518849075227e-05,0.06043300356989884,0.09894133263086732,0.008581813314166391,0.0014872117644331852,0.026151019427339505,0.6096,343.3899014189262,662,779.1590655830005
4,0.00020733812411796262,0.054849220975742775,2.579720495528091e-05,0.06043277281093574,0.09893849024856868,0.008581577449591036,0.0014871834544247732,0.026151261353323536,0.6096,343.3898958277559,615,817.4485963869956
