,p1,p2,p3,p4,p5,p6,p7,p8,Gkr,RMSE,iterations,CPU_time
0,0.00017645905405806115,0.0840543170529857,3.100810847576023e-05,0.0501214575730382,0.06354130133524646,0.009858236645259172,0.007385498955662266,0.042506437650266495,0.06407630684233305,4556.155963810093,782,1773.0831748140045
1,0.00017647371065840513,0.08405570147308514,3.100561905267847e-05,0.05012257223538342,0.06354129081134473,0.009858644395807536,0.0073854675913447645,0.04250504170993019,0.06407630684233305,4556.155934914761,690,1657.5986238549958
2,0.00017640932814214202,0.08406124145207168,3.100452807219626e-05,0.05012232926648657,0.06354581301883988,0.009857551336950985,0.007385886319276823,0.04250590211079439,0.06407630684233305,4556.1559075427185,884,2661.9848081590026
3,0.00017648931550307532,0.08405298922289645,3.100575462676774e-05,0.050122064794044636,0.06354217252173669,0.009858893923457995,0.007384935271176143,0.04250768201141337,0.06407630684233305,4556.155900510252,574,1726.2181966240023
4,0.0001764537342683829,0.0840561724257789,3.100495419245708e-05,0.05012284704856116,0.0635419502976253,0.009857485345263232,0.007385382997294054,0.04250655138009899,0.06407630684233305,4556.155947713499,482,1449.2871812399972
