,p1,p2,p3,p4,p5,p6,p7,p8,Gkr,RMSE,iterations,CPU_time,score
0,0.0016886025326075106,0.036664940161561424,4.289157289269017e-05,0.04593908520948386,0.09317489857114881,0.021808685196795644,0.007353754299579197,0.029607814703406315,0.16385593041705304,1711.7413452343735,929,2734.3793378989994,1711.7413452343735
1,6.78533071739021e-07,0.011524135324439048,0.000361656851189347,0.0031577406950391014,0.0026493816217250774,0.004614920973774186,0.8832635446548858,0.00330998640014566,0.1524,,929,,
