,p1,p2,p3,p4,p5,p6,p7,p8,Gkr,RMSE,iterations,CPU_time,score
0,1.0000698379198765e-07,0.19016784343134133,1.0000213215005655e-07,0.08922460988886234,1.0000141616727159e-07,0.3527764148821539,6.714047450948059e-05,0.13763721649265526,0.35427380015982846,49929.95750382026,2001,3895.149523500999,49929.95750382026
1,4.891249622075256e-05,0.0009110475000743376,1.3805858132059478e-05,2.1203281025408676e-05,3.185406224026545e-05,0.0015405404760282784,0.0002898301918476751,0.00020662292786083686,0.1524,,2001,,
