,p1,p2,p3,p4,p5,p6,p7,p8,Gkr,RMSE,iterations,CPU_time
0,5.4657609272860085e-05,0.10129840001591406,1.801489649055483e-05,0.05421323969005014,0.06430887618826349,0.011223091209529005,0.010538661755841972,0.04268145200995044,0.05403868913693675,7076.684565661599,497,1740.6265519929875
1,5.464965772219337e-05,0.10130152175728219,1.800846442348503e-05,0.0542167798593152,0.06430318780588326,0.011224934872197065,0.01053851095808491,0.04267701936373318,0.05403868913693675,7076.684470967894,830,2910.8908248130174
2,5.4659362291412514e-05,0.10129818354209247,1.8011468659870444e-05,0.0542152904533586,0.06430274028465016,0.011225973495340656,0.010537771443327296,0.04267753565293017,0.05403868913693675,7076.6845108957505,791,2778.833999147988
3,5.4665772660384864e-05,0.10129558571149516,1.8007988532434412e-05,0.054217126488916086,0.06431398093750927,0.01122208006480156,0.010540016072027817,0.04268020106177049,0.05403868913693675,7076.684433015657,995,3499.5816144870187
4,5.465319703979013e-05,0.10130092814496468,1.8007083721023473e-05,0.054217078707429596,0.0643118094180169,0.011221778468016813,0.010538433134062358,0.04268246956391557,0.05403868913693675,7076.684518598189,773,2730.890127154009
