,p1,p2,p3,p4,p5,p6,p7,p8,Gkr,RMSE,iterations,CPU_time
0,0.00022618562014753278,0.0698414232096401,3.44665683369527e-05,0.0546017535581985,0.0875389742815308,0.00893115672376293,0.005160935409417867,0.031571236909968506,0.1524,138.3739522318388,820,1185.6829051029927
1,0.00022619099704738468,0.06984064211251283,3.446677869174251e-05,0.05460169801623879,0.08754033960891787,0.008931287141740091,0.005161014381436042,0.03157113574779951,0.1524,138.37395238232233,764,1516.2005442910013
2,0.00022619023819244843,0.06984065269749667,3.446685222511137e-05,0.054601697047770126,0.08753889359198563,0.008931171099518326,0.005160937120007248,0.03157123383026369,0.1524,138.37395254205336,478,894.4877901349973
3,0.00022619098168290874,0.06984102214250001,3.446675676799987e-05,0.054601744486735375,0.08753905292890216,0.00893124943676223,0.005160932765577079,0.03157124290296207,0.1524,138.37395243763478,538,1026.908691730001
4,0.0002261894119787306,0.06984099701889235,3.446668959539249e-05,0.05460175118898154,0.08754010708574794,0.00893137358492107,0.005160994831401433,0.031571143127810224,0.1524,138.3739522633045,553,1179.1946890589898
