,p1,p2,p3,p4,p5,p6,p7,p8,Gkr,RMSE,iterations,CPU_time,score
0,7.028651188873591,1.5474866677339763e-07,999.8720138028473,1.6297247993765158e-07,8.642533627958336e-07,0.3463321063428692,0.007605495601746982,0.09568060752102274,3.5001247053945668,148731.4160464227,1679,4186.700654233999,148731.4160464227
1,2.226569665676527e-05,0.00011837884738985315,0.07156958784457625,7.22904714949542e-07,5.708054358652919e-07,3.2139799945706394e-05,0.0016506212221246194,3.316563461818986e-05,0.1524,,1679,,
