,p1,p2,p3,p4,p5,p6,p7,p8,Gkr,RMSE,iterations,CPU_time,score
0,0.0016884615167019593,0.036667210376174375,4.288608711171984e-05,0.04594039046684344,0.0931777375733973,0.02180806948662672,0.0073540240346554025,0.02960782015546742,0.1638568098276402,1711.7413375353362,1273,3634.2338191300005,1711.7413375353362
1,0.144484852199389,4.5316801115234064e-05,1.3919717212580285e-05,0.007431237145001684,2.738355388020995e-06,0.001126744308618435,0.0006742613049255683,0.0003968564473568285,0.1524,,1273,,
