,p1,p2,p3,p4,p5,p6,p7,p8,Gkr,RMSE,iterations,CPU_time
0,0.0001907377727715336,0.08628327349828015,3.3040328250748145e-05,0.04790173582386587,0.05624603045356029,0.012831406451297414,0.013491334149924674,0.04125128383155055,0.045308791081603676,8490.031977876873,1046,4533.024600292003
1,0.00019072973239270578,0.08628526703524449,3.303628682900466e-05,0.047902324263859035,0.056257573297121,0.012831357707838385,0.013493387785741572,0.041249984160235675,0.045308791081603676,8490.032140302375,457,1760.432669604008
2,0.00019071039439313276,0.08628874278296132,3.303647394147135e-05,0.04790251858662576,0.05625206079695779,0.012831510471077457,0.013492635315327376,0.04124989994030205,0.045308791081603676,8490.031926217087,753,3426.645747367991
3,0.0001907170719495457,0.08628960190966095,3.303484622216244e-05,0.04790294663869673,0.05626121531165646,0.012827445699481207,0.013494965881224548,0.0412529056906168,0.045308791081603676,8490.03197132787,898,3879.217207256006
4,0.00019073918100402206,0.08628216380037604,3.303363651680408e-05,0.047903341095548876,0.056261001662218486,0.012827626168623006,0.013494704717948749,0.041253091963695705,0.045308791081603676,8490.031997146913,627,2624.2349612679973
