,a_1_a,a_1_b,b_a0_a,b_a0_b,k_b_a,a_a0_a,a_a0_b,b_1_a,b_1_b,b_a1_a,b_a1_b,a_a1_a,a_a1_b,k_f_a,g_Kr,RMSE,iterations,CPU_time,score
0,0.09084573205637922,0.023376734042246786,0.04717311880497595,0.06331883092421244,0.03682810801005821,0.02229770763187375,0.011731936293127453,0.006500775273341778,0.03268598007632137,6.881251554595988e-05,0.04179291401216648,0.013789540091908616,0.038154883510319156,0.023760839072344844,0.15240622297917344,202.5291922706584,1254,5697.766089195,202.5291922706584
