,a_a0_a,a_a0_b,b_a1_a,b_a1_b,k_f_a,a_1_a,a_1_b,b_a0_a,b_a0_b,a_a1_a,a_a1_b,k_b_a,b_1_a,b_1_b,g_Kr,RMSE,iterations,CPU_time,score
0,0.023236675436488954,0.01079349222368784,6.933300681477803e-05,0.04172906465199068,0.02421389734110109,0.09104150588972666,0.023402249146981007,0.05179639243210955,0.06433815659223187,0.01371040855904773,0.03738897808509891,0.03586568772522856,0.006511282475718393,0.032668483009183014,0.15242823439748188,138.1894110706306,1721,5227.9803116,138.1894110706306
