,b_1_a,b_1_b,k_b_a,b_a0_a,b_a0_b,b_a1_a,b_a1_b,k_f_a,a_a1_a,a_a1_b,a_a0_a,a_a0_b,a_1_a,a_1_b,g_Kr,RMSE,iterations,CPU_time,score
0,0.006504107792969526,0.032658234736102604,0.03397052478600492,0.0524069128616918,0.06313979111780062,6.957547549371005e-05,0.04170060220828472,0.02287961005784722,0.014585514817806618,0.03869166577922712,0.022439795138793576,0.010699551317452606,0.09089962051891178,0.023407819552339927,0.15239404297316841,138.53638623743734,1181,3455.87857645,138.53638623743734
