,a_a0_a,a_a0_b,b_a1_a,b_a1_b,k_f_a,a_1_a,a_1_b,b_a0_a,b_a0_b,a_a1_a,a_a1_b,k_b_a,b_1_a,b_1_b,g_Kr,RMSE,iterations,CPU_time,score
0,0.022197353879810172,0.011529058660230887,6.877088165417467e-05,0.041799616221990944,0.023891952347772097,0.0908301881835557,0.023385235223743667,0.046614811545628465,0.06248541121155907,0.013739186954514494,0.038509677388333746,0.037179160905056866,0.0064976346313283554,0.03267390206871442,0.15242550166282695,173.9210349153447,1083,4945.023078082,173.9210349153447
