,p1,p2,p3,p4,p5,p6,p7,p8,Gkr,RMSE,iterations,CPU_time,score
0,0.0016885190687968051,0.03667773914931529,4.2858697304173064e-05,0.04595615365291846,0.09320143399617276,0.021801691207844462,0.007355249858415899,0.029599278895838556,0.16390855778526736,1710.1925272261287,1224,3727.5447028490016,1710.1925272261287
1,0.34532055476671814,4.780349066814042e-06,0.0013926497119326905,0.09932975007212255,0.001966102813954205,0.008552927686701673,0.0024438266568315744,0.0002327039324742126,0.1524,,1224,,
