,a_a0_a,a_a0_b,b_a1_a,b_a1_b,k_f_a,a_1_a,a_1_b,b_a0_a,b_a0_b,a_a1_a,a_a1_b,k_b_a,b_1_a,b_1_b,g_Kr,RMSE,iterations,CPU_time,score
0,0.021997002816082162,0.012288383178732345,6.850295914649404e-05,0.04182975246004286,0.024851232538377028,0.09083754750978593,0.023403011349544624,0.044266240893545986,0.06351008751195054,0.013451582897337274,0.037568885372258116,0.039457119906911996,0.0064969220762684885,0.03266998159993063,0.15241356589960472,138.37209575072904,1220,3590.5043938490016,138.37209575072904
