,p1,p2,p3,p4,p5,p6,p7,p8,Gkr,RMSE,iterations,CPU_time
0,0.00022535155887138693,0.07094073213388517,3.563558833778926e-05,0.053363341794972145,0.08584363176625745,0.008755198277842248,0.005958677840061638,0.03299331743831518,0.1294655974387777,402.424596450932,575,1479.0256922910048
1,0.00022535069349577491,0.07094096039266119,3.563506528761219e-05,0.0533634695954598,0.08584426659196856,0.00875523703803868,0.0059587053447030325,0.032993369005458476,0.1294655974387777,402.424596194779,590,1508.4804208000132
2,0.00022534983256006395,0.07094099627978853,3.5635338664989587e-05,0.053363449231937525,0.08584379637371288,0.008755260764555874,0.005958710895283222,0.03299330985662301,0.1294655974387777,402.42459721867317,944,2382.131373962009
3,0.0002253498638951973,0.07094086657174187,3.563480216940618e-05,0.05336358913637518,0.08584334983397958,0.008755220580954607,0.0059586499837618314,0.0329934239622231,0.1294655974387777,402.42459664966344,675,1698.262806106999
4,0.00022535265582385115,0.07094072668527919,3.5635373337546343e-05,0.053363383697963444,0.08584371106984505,0.008755223579022683,0.005958656544099566,0.03299343627562704,0.1294655974387777,402.4245963022403,599,1507.320458645001
