,p1,p2,p3,p4,p5,p6,p7,p8,Gkr,RMSE,iterations,CPU_time
0,0.00022411224577022437,0.06967385683769427,2.8104158371096992e-05,0.05795794354010999,0.09272231795052707,0.008862234661109877,0.0040276601446882325,0.02798522533158514,0.21552614690565972,421.10781701340704,555,1317.5645884530095
1,0.0002240758313444011,0.06967663639240805,2.8107598933802714e-05,0.057956656528994795,0.0927234500095466,0.008862328106617514,0.004027764881481985,0.027984943914418456,0.21552614690565972,421.1078019990035,494,1389.4295383059944
2,0.00022408065890112185,0.06967692615980149,2.8107677530137412e-05,0.05795671786969503,0.09272241619619996,0.008862318892276618,0.004027682754575275,0.027985173206959167,0.21552614690565972,421.1078080626562,554,1384.1624985410017
3,0.0002240821600853407,0.06967643347408713,2.8108661478766987e-05,0.057956330507740635,0.09272441107440525,0.008862184683936285,0.004027812166777107,0.027985163360083127,0.21552614690565972,421.1078132133068,518,881.2373000420048
4,0.0002240975500531161,0.06967559820907802,2.810667965273663e-05,0.05795717194536342,0.09272367987853702,0.008862150881355774,0.004027741711456598,0.027985328903338068,0.21552614690565972,421.10781032776157,542,919.9868826820166
