,p1,p2,p3,p4,p5,p6,p7,p8,Gkr,RMSE,iterations,CPU_time,score
0,0.0019689535628759957,0.05412167265428486,2.9785694699208773e-05,0.04873401118646038,0.09600042716875075,0.023112493328561967,0.006840939288527,0.03138868111959226,0.15790417600186857,2609.6319678324867,1700,5519.475566278,2609.6319678324867
1,0.0026590189602714144,6.329338043056896e-06,0.0021324859266786855,0.004734018271533282,2.5665628549840524e-07,0.0003643219713200812,0.0003331815959270653,0.0008516096354184051,0.1524,,1700,,
