,p1,p2,p3,p4,p5,p6,p7,p8,Gkr,RMSE,iterations,CPU_time,score
0,0.0015679906766567582,0.07935382638955471,2.2205787408991534e-05,0.051181053683576706,0.0959582372282907,0.023951368915382652,0.007052704837559188,0.0313125481273938,0.15476906634275692,718.7755108160151,1100,2378.344047691,718.7755108160151
1,0.36252746063749525,6.314375701362557e-05,0.00018409964004222353,0.016063041839066313,0.006379704497827434,0.004510734013426311,3.365185134737292,0.00016748070466653984,0.1524,,1100,,
