,p1,p2,p3,p4,p5,p6,p7,p8,Gkr,RMSE,iterations,CPU_time
0,0.0003272635998286924,0.06083457909827241,3.4440769020720776e-05,0.05694119385084025,0.08887613404663684,0.00940591390552718,0.0032235004726658,0.027687903435083584,0.2563052273693322,679.7633060626939,1092,3661.3301172349966
1,0.00032726029081141684,0.060834470509468094,3.4438482762606696e-05,0.05694165887235434,0.08887628730564057,0.009405845342515833,0.003223506510578088,0.027687786152656255,0.2563052273693322,679.7633034265675,992,3315.8679902769945
2,0.0003272376595978912,0.06083584346275731,3.4436711987007695e-05,0.05694212485420085,0.08887591039439924,0.009406002272692079,0.0032234480912779763,0.027687776728825244,0.2563052273693322,679.763306278985,975,3255.065929268996
3,0.0003272486727272053,0.06083564223413868,3.443914492450731e-05,0.05694162430336246,0.08887572306430824,0.00940605984598824,0.0032234452443469963,0.02768798141135949,0.2563052273693322,679.7633100717549,713,2376.505699887988
4,0.00032727080925854847,0.06083430862010905,3.4440157877922e-05,0.05694134146364377,0.08887604608715187,0.009406054894187306,0.003223452349088821,0.027687988215290456,0.2563052273693322,679.7633120673735,538,1553.0317700899905
