,a_1_a,a_1_b,b_a0_a,b_a0_b,k_b_a,a_a0_a,a_a0_b,b_1_a,b_1_b,b_a1_a,b_a1_b,a_a1_a,a_a1_b,k_f_a,g_Kr,RMSE,iterations,CPU_time,score
0,0.0908122828910317,0.023395888874614693,0.046376278728251515,0.06329071994036822,0.03696798447984349,0.022547021096720393,0.01180248434998597,0.006497629301535408,0.0326665606134376,6.879926773754622e-05,0.041792283957282274,0.013645100745082149,0.03841834053801075,0.023595913232610583,0.15242650370371255,173.65715164673472,1321,6252.191317844998,173.65715164673472
