,a_1_a,a_1_b,b_a0_a,b_a0_b,k_b_a,a_a0_a,a_a0_b,b_1_a,b_1_b,b_a1_a,b_a1_b,a_a1_a,a_a1_b,k_f_a,g_Kr,RMSE,iterations,CPU_time,score
0,0.0908392080707056,0.023393525350901074,0.04778531284132088,0.06264688519297756,0.03628751268498152,0.022270016659579974,0.011778103343902698,0.006497041705844661,0.03268139888959885,6.898066529848324e-05,0.04176959557424135,0.013731288613284681,0.038150165602874014,0.023789072937157915,0.15238948526868887,202.01389941682788,1602,7337.247866926001,202.01389941682788
