,a_1_a,a_1_b,b_a0_a,b_a0_b,k_b_a,a_a0_a,a_a0_b,b_1_a,b_1_b,b_a1_a,b_a1_b,a_a1_a,a_a1_b,k_f_a,g_Kr,RMSE,iterations,CPU_time,score
0,0.09083839945729467,0.023393507155655,0.04761076550268422,0.06319430964236336,0.035838086371144426,0.022385037239559133,0.01182604418415206,0.006498312395080581,0.032681446183760024,6.902417958951272e-05,0.041763424014966195,0.013501761903873147,0.03813737161857843,0.023879172651273695,0.15240773912387826,138.68425923855813,1320,4424.214870779999,138.68425923855813
