,p1,p2,p3,p4,p5,p6,p7,p8,Gkr,RMSE,iterations,CPU_time,score
0,0.001615452766730298,0.07287392161222955,1.9047101320306324e-05,0.05229152136196173,0.11011703018613755,0.023157315038477438,0.008881357765877054,0.029427165563671514,0.15297638930149032,2969.596289340098,1223,6188.852086280001,2969.596289340098
1,4.761684789426444e-07,3.0439948328081616e-06,0.0005162701939289126,2.3855061734648736e-05,0.2724663920080287,0.035249216576232666,0.0027355989531836376,1.585097277887759e-06,0.1524,,1223,,
