,p1,p2,p3,p4,p5,p6,p7,p8,Gkr,RMSE,iterations,CPU_time
0,0.0002337787035277203,0.06988420450774911,2.2655123716897792e-05,0.06201818531309074,0.09702718172831688,0.009049037648447894,0.0015020340971724445,0.023742044379737627,0.6096,1406.6530950901383,602,1788.784315565994
1,0.00023382851791504603,0.06987928423697909,2.2646238498119857e-05,0.06202162331269465,0.09702883730107482,0.009049372063144922,0.001501914928636842,0.023742046308785823,0.6096,1406.6533218540862,625,1857.1720034369937
2,0.00023388026733739577,0.06987439927452872,2.2650881612526714e-05,0.062020115588017295,0.09702658855722132,0.00904966810512182,0.0015019164433453145,0.023742526628551433,0.6096,1406.6531856304823,522,1561.3747440699954
3,0.0002338146552472436,0.06988201801388692,2.265243044562311e-05,0.0620190017295781,0.09702777120408417,0.0090488047564942,0.0015019502104716294,0.023742368428773218,0.6096,1406.6531484500958,755,1769.1161708049913
4,0.00023376236651316266,0.06988521306735761,2.265423257486145e-05,0.06201824350569803,0.09702461567655943,0.009049477900001875,0.0015020107759884465,0.023741484174581308,0.6096,1406.6531545697324,576,1565.0595779400028
