,p1,p2,p3,p4,p5,p6,p7,p8,Gkr,RMSE,iterations,CPU_time
0,0.00023332963922813408,0.06992767283606828,2.263768885020818e-05,0.0620255494488609,0.09701581821081576,0.009051735156175507,0.0015014807371388412,0.02374013335750478,0.6096,1403.0986994211446,695,1146.7955411000003
1,0.0002332582001255855,0.06992715599910573,2.263407549909323e-05,0.06202609400216496,0.09701924740690779,0.009050776036824621,0.0015016093732302073,0.023739972200708725,0.6096,1403.0985775118374,587,956.2912929680024
2,0.0002331788245505136,0.06993736597485217,2.2638521727919533e-05,0.06202442844076297,0.0970196699203086,0.009050255730126447,0.00150164932923599,0.02373997210646425,0.6096,1403.0987366741022,615,981.0187598030025
3,0.0002332116912733163,0.06993648924923351,2.263641601452494e-05,0.0620254783316726,0.09702183583790114,0.009050200120835883,0.001501648652774409,0.02373997816414624,0.6096,1403.0987271299932,559,883.9788462080178
4,0.00023321935012962305,0.06993498249786738,2.263221570307103e-05,0.062027298110731426,0.09701799596533385,0.009049968535578434,0.0015015849627361762,0.023740117479880266,0.6096,1403.0985699821358,733,1161.1623044669977
