,p1,p2,p3,p4,p5,p6,p7,p8,Gkr,RMSE,iterations,CPU_time
0,6.892050164632974e-05,0.09671597471929165,2.476917634390671e-05,0.053332796919807184,0.07655462241792381,0.009960922667342258,0.008492595881330852,0.038330071497752395,0.0762,3057.5837674735694,644,1743.6439647399966
1,6.892347533734173e-05,0.09671499616388878,2.477226735076524e-05,0.05333170068937844,0.07655959620766943,0.009959863248455198,0.00849265040568776,0.03833283988854948,0.0762,3057.5837170959944,898,2870.789190163996
2,6.891959745187517e-05,0.09671497354774675,2.4774632352512005e-05,0.05333093278321516,0.07653719260208823,0.009963321085426505,0.008491079107732016,0.03832776946465069,0.0762,3057.5837392082153,998,2815.5047599959944
3,6.89144937123917e-05,0.09671757701044138,2.478142670562996e-05,0.053328656122144644,0.07654550277782192,0.009963117786865303,0.008491177515236542,0.03833060798690513,0.0762,3057.583768471258,561,1652.9936634579935
4,6.892133540928571e-05,0.09671500211180589,2.477540458811038e-05,0.05333072222668938,0.07653831515508965,0.00996350366798641,0.008491082939645381,0.03832775980202252,0.0762,3057.583717015856,1005,2924.305003456
