,b_1_a,b_1_b,k_b_a,b_a0_a,b_a0_b,b_a1_a,b_a1_b,k_f_a,a_a1_a,a_a1_b,a_a0_a,a_a0_b,a_1_a,a_1_b,g_Kr,RMSE,iterations,CPU_time,score
0,0.006510053335882554,0.03267084128931863,0.0362506257543067,0.04766088152257325,0.06298887667748904,6.874685872776942e-05,0.04179225398779158,0.0235771548349199,0.013573826217358748,0.03851683416489626,0.022792110750809405,0.011539750517630981,0.09095204770677455,0.023389340878023628,0.15235964883446151,202.95324434389352,1293,6527.689323224,202.95324434389352
