,p1,p2,p3,p4,p5,p6,p7,p8,Gkr,RMSE,iterations,CPU_time,score
0,0.001690928171497486,0.0366417081781827,4.2921042595363364e-05,0.04593996868339261,0.09316521509142248,0.02181171608911059,0.007352406790474937,0.02959860493470708,0.1639000213265115,1709.9748986331701,1737,4954.2239308260005,1709.9748986331701
1,0.004311777536489776,0.0004948443781771388,0.9187350296609622,0.0017440990935107205,3.4913571751060486,8.404772764677929e-05,1.4664571357288129e-06,0.000797796864967913,0.1524,,1737,,
