,p1,p2,p3,p4,p5,p6,p7,p8,Gkr,RMSE,iterations,CPU_time
0,0.0003669571880443476,0.05788891754729666,3.3601733405745794e-05,0.05852697015110674,0.0924551056346269,0.010051810851549702,0.001991873147286766,0.02561707324503229,0.43105229381131943,1192.737561077272,623,1074.6083668110077
1,0.0003669414915362629,0.05788872658329858,3.360079135788513e-05,0.058527107942039185,0.0924550056302755,0.010051755756484294,0.0019918931416769642,0.025616935965600125,0.43105229381131943,1192.7375856858941,593,1023.6696194850083
2,0.00036691550446233664,0.057890481668416496,3.359934430514745e-05,0.058527518026675204,0.09245649834555147,0.010051111227259057,0.0019919854528417926,0.02561673057055719,0.43105229381131943,1192.7375950876403,521,898.7085855790065
3,0.0003669214175808147,0.05789103547199031,3.360192313347621e-05,0.05852677932404186,0.09245654620832709,0.010051876777651314,0.001991915345792712,0.025616774063347097,0.43105229381131943,1192.7375676116353,607,1045.1830060880166
4,0.0003669434397474418,0.05788938590279333,3.3601379163307426e-05,0.05852706387697963,0.09245887696515254,0.010052335563798627,0.001991969481222087,0.025616573870452554,0.43105229381131943,1192.7375972088728,509,878.1973191860016
