,p1,p2,p3,p4,p5,p6,p7,p8,Gkr,RMSE,iterations,CPU_time,score
0,1.0000264848208602e-07,0.18966097967428186,1.0000286815648273e-07,0.08922694195287907,1.0000571430933118e-07,0.35289035594409274,6.722579541082935e-05,0.1376267167163206,0.3608565175146538,49899.25641926692,1424,2914.5097791010003,49899.25641926692
1,1.5877748687113927e-05,0.004419730494623069,4.4887801670400083e-07,2.6812178069454393e-07,2.4849062102067584e-05,0.0012434227385508959,9.638568964678257e-05,0.044532953051586104,0.1524,,1424,,
