,p1,p2,p3,p4,p5,p6,p7,p8,Gkr,RMSE,iterations,CPU_time,score
0,0.0015674317981263363,0.07934577246901385,2.221789493758052e-05,0.05118313742481464,0.09597525632254733,0.023954416596448844,0.007050218031608482,0.031309712400764245,0.15486255949676175,720.6326287335716,2133,4590.806340151999,720.6326287335716
1,8.098699493862224e-06,4.4198106074847995e-05,0.4844038731872635,0.0024114688706580725,0.4674260058260303,1.7274839060041268e-06,0.004393456044228182,7.908766758586331e-05,0.1524,,2133,,
