,p1,p2,p3,p4,p5,p6,p7,p8,Gkr,RMSE,iterations,CPU_time
0,0.0002426574440936521,0.08100686030198755,3.562822603565772e-05,0.05159794623313394,0.07984618518706198,0.008814569153539967,0.007386910394943325,0.03617513915479424,0.09061758216320735,437.9723559136063,565,986.4356069389978
1,0.00024264225491695712,0.08100808680624656,3.5626511230137495e-05,0.051598519094033214,0.07984451203816817,0.008814257339602454,0.0073866932910785135,0.036175724176278616,0.09061758216320735,437.97236004633123,468,873.5838759410035
2,0.0002426563387832915,0.08100520924692135,3.5630553174880376e-05,0.05159711008284349,0.0798466607201893,0.008812894692625493,0.007386980756930329,0.036177136426699986,0.09061758216320735,437.972357829402,563,920.9938599980014
3,0.00024265186527365893,0.0810046804077899,3.5627064717418195e-05,0.05159832810528828,0.079846712370433,0.008812960821100828,0.007387040876212509,0.036176444341758714,0.09061758216320735,437.97235800198376,571,845.0402881379996
4,0.00024267602896405554,0.08100238555317833,3.5630605079489954e-05,0.05159760222013501,0.07984262939678473,0.008813712346084168,0.007386578889192684,0.03617662266452057,0.09061758216320735,437.97236672267707,696,1537.0639847290004
