,p1,p2,p3,p4,p5,p6,p7,p8,Gkr,RMSE,iterations,CPU_time,score
0,0.0016847089601380433,0.08444467621828736,2.211561191368742e-05,0.051198245280633055,0.12140858551911589,0.02689864463746075,0.008869089309227538,0.028777913594399608,0.15466171181579697,653.2881686617735,1072,2160.9381253230003,653.2881686617735
1,2.150383336330275,4.183431440168132e-06,0.0014148952080252333,0.0188206617224678,0.07448279214886071,7.107981713172862e-06,0.0005977209399116112,0.002407563815960428,0.1524,,1072,,
