,p1,p2,p3,p4,p5,p6,p7,p8,Gkr,RMSE,iterations,CPU_time,score
0,0.001568101138672538,0.07931181019183141,2.2173539024067195e-05,0.05120101468448643,0.09593614939921459,0.02393585278523248,0.0070491635221667445,0.03131862169249634,0.15484634283564364,721.814080987654,1623,3511.955018842,721.814080987654
1,3.43160073537847e-07,0.04999323450704354,4.899734010691784e-07,2.35615857183574e-05,8.632027691378145e-07,0.1457301524429216,0.32738240676376734,2.2149580433831464e-06,0.1524,,1623,,
