,p1,p2,p3,p4,p5,p6,p7,p8,Gkr,RMSE,iterations,CPU_time
0,0.00022662874280189902,0.06760268659596944,3.0261164773574593e-05,0.058712505032095866,0.0899244557156627,0.010203447050612923,0.002638305230996978,0.027105126658142627,0.3048,931.8761565765162,607,1480.7657879539765
1,0.0002266371506347399,0.06760182243873156,3.026157106496117e-05,0.05871243357174156,0.08992438655555146,0.01020304353673647,0.0026383167382569555,0.027105337365001758,0.3048,931.8761652436946,595,1451.7616406270245
2,0.00022663630694682308,0.06760271950685758,3.0263236991489612e-05,0.058711902380984844,0.08991940753145584,0.010203240005927159,0.0026381731946821647,0.027105436546579143,0.3048,931.8761318322238,567,1385.7384504069923
3,0.00022662844728960522,0.0676028285878717,3.0260840490821372e-05,0.05871245373984972,0.08992230210049332,0.01020263950125837,0.0026382909857567915,0.02710517383624255,0.3048,931.8761611225804,733,1786.863801606989
4,0.00022663529121641284,0.06760240756245058,3.026086430664425e-05,0.058712554565652136,0.0899222943419583,0.010203599421310341,0.002638229446525057,0.02710514684620338,0.3048,931.8761634184982,551,1340.795973847009
