,p1,p2,p3,p4,p5,p6,p7,p8,Gkr,RMSE,iterations,CPU_time
0,0.00022673898869479225,0.06757946654421537,3.0274454979328727e-05,0.05870750188591652,0.08981201962344505,0.010185992657886956,0.0026363168238506675,0.02711285592547901,0.3048,933.9871465106045,505,2273.3968765799946
1,0.00022674375854740607,0.06757941525073473,3.027467264730013e-05,0.058707475349073016,0.08981052156234776,0.01018561691125869,0.002636282732977367,0.02711319270006088,0.3048,933.9871418936976,543,1567.9332157670142
2,0.0002267351677566024,0.06758076792921375,3.0274786726686518e-05,0.058707565954760614,0.0898107780672445,0.010186232835079223,0.002636285899252871,0.027112941244111975,0.3048,933.9871478514747,539,2100.8418596050033
3,0.00022674115789940173,0.06757922998895849,3.027546771693476e-05,0.05870734495159822,0.08981237952384807,0.010185981398898727,0.002636360134366937,0.027112763724001586,0.3048,933.9871373228958,633,1871.665402315004
4,0.00022673881983407924,0.06757957119017118,3.0274286824100036e-05,0.05870763845854248,0.08981062074276804,0.010185494305655643,0.002636288114429889,0.0271132518143491,0.3048,933.9871250127685,697,2124.4346012729948
