,p1,p2,p3,p4,p5,p6,p7,p8,Gkr,RMSE,iterations,CPU_time,score
0,5.299575949923419e-06,1.0045275251310907e-07,0.0016886587798222161,1.0071400676675934e-07,5.221974047762156e-07,0.053251923285492365,29.798237527348125,0.029046178306058587,2.1488316330894595,101910.79765145207,797,1895.524162623,101910.79765145207
1,5.047930709848327e-06,1.7606399664840976e-06,0.00563658785647683,0.00069317249728765,1.214445037090647e-07,0.37409286051690405,8.977221957951631,1.059921010830367e-05,0.1524,,797,,
