,a_a0_a,a_a0_b,b_a1_a,b_a1_b,k_f_a,a_1_a,a_1_b,b_a0_a,b_a0_b,a_a1_a,a_a1_b,k_b_a,b_1_a,b_1_b,g_Kr,RMSE,iterations,CPU_time,score
0,0.022122488244543635,0.011996415932720886,6.887238196450507e-05,0.0417828773836772,0.023765303748730215,0.0907493633157137,0.023396198978229636,0.046167612010996124,0.06284725714726443,0.01364428404167569,0.038274461010993854,0.0366444114463466,0.006488034703500805,0.03269277037392479,0.15237972495473792,202.7399087175976,957,4447.633229155999,202.7399087175976
