,p1,p2,p3,p4,p5,p6,p7,p8,Gkr,RMSE,iterations,CPU_time,score
0,0.00168806811733768,0.08453722120516535,2.2066805772277618e-05,0.05121706388123489,0.12177034035124215,0.026914455256208256,0.008892829839297779,0.028749953911559826,0.15467602395553565,654.6967717631977,1394,2706.1733726659986,654.6967717631977
1,2.211296646340972e-05,1.370523849816943e-05,0.0015933861379876682,0.00043619247164775635,8.598176622720075e-05,2.5490920886552514e-07,5.511065890975322e-06,1.3635527053098577e-05,0.1524,,1394,,
