,p1,p2,p3,p4,p5,p6,p7,p8,Gkr,RMSE,iterations,CPU_time
0,0.00022629242750768836,0.06986994489948006,3.445289876363169e-05,0.0546074212054011,0.08729546005494153,0.008893679253316085,0.005150367336973227,0.03158978294040562,0.1524,202.02978896562976,768,1429.2084966849943
1,0.0002263033075584112,0.06986905690019127,3.445282119821821e-05,0.054607454973364916,0.08729574703031698,0.008893636506060069,0.005150362808938912,0.03158986110563452,0.1524,202.02978828311706,722,1342.684542048024
2,0.00022629967718543797,0.0698693537622163,3.445291763323538e-05,0.054607426321955636,0.08729567725299488,0.008893614761172598,0.005150380264096643,0.031589821562890356,0.1524,202.02978860560785,538,995.836344299023
3,0.00022629974876661502,0.06986941214460711,3.445294780126904e-05,0.05460742075696734,0.08729573621681486,0.008893633926751222,0.005150362097059332,0.03158987035907292,0.1524,202.02978832427732,1013,1865.213033181004
4,0.00022630392248877525,0.06986893856287205,3.445289702401572e-05,0.05460742725845799,0.08729551521123567,0.008893683115513836,0.005150354889937121,0.03158981096644352,0.1524,202.0297883156505,622,1145.9040468779858
