,p1,p2,p3,p4,p5,p6,p7,p8,Gkr,RMSE,iterations,CPU_time
0,0.00019932387861282803,0.09268223380974694,2.3077831464706354e-05,0.051264994520166904,0.08003234777599591,0.015140175424205933,0.01837626287709528,0.03654058100230995,0.045374817422412735,1995.445344953693,515,990.2998974109942
1,0.00019931078017296894,0.09268582437528324,2.307894836490442e-05,0.051264936434346604,0.08004039310846014,0.015140127014142125,0.01837801570768587,0.036540283249403824,0.045374817422412735,1995.445347985041,486,562.483626353991
2,0.00019933197596128194,0.09268213727048814,2.3078657940141356e-05,0.05126509960109972,0.080038649929987,0.015139138102148465,0.018377593520861307,0.036540933544792806,0.045374817422412735,1995.4452879284627,1164,1491.2507001610065
3,0.00019929121955294992,0.09268924738292997,2.3076457313642647e-05,0.05126657744975555,0.08004140298364484,0.015140390675058785,0.018378195381080948,0.03654029245015272,0.045374817422412735,1995.4453346877026,498,764.4251467989961
4,0.00019931361510743394,0.0926866271212464,2.307744278634257e-05,0.05126633553537917,0.08003679035449135,0.015142313100306816,0.018376817805630562,0.03653873191283617,0.045374817422412735,1995.4453639475166,763,1615.7518325919955
