,p1,p2,p3,p4,p5,p6,p7,p8,Gkr,RMSE,iterations,CPU_time,score
0,0.0016861859855422637,0.08448748967756475,2.2122362443702996e-05,0.051193288536814464,0.12145850111005856,0.02688817726634181,0.008873419050131386,0.028786365754828475,0.15466675731839047,656.772440686685,2900,5457.818506302001,656.772440686685
1,0.002940356571440607,1.3151523981394848e-05,0.1499127993506887,0.015399413200496924,2.842865864508012e-07,8.422377462985971e-07,3.711502901453378e-05,0.0513102420710712,0.1524,,2900,,
