,a_a0_a,a_a0_b,b_a1_a,b_a1_b,k_f_a,a_1_a,a_1_b,b_a0_a,b_a0_b,a_a1_a,a_a1_b,k_b_a,b_1_a,b_1_b,g_Kr,RMSE,iterations,CPU_time,score
0,0.023595186205238258,0.010795197377132939,6.892006027076736e-05,0.04177512125262755,0.02383128259330566,0.09084431729516644,0.023394800297438855,0.049819888071245134,0.06403633953253181,0.013133242886473958,0.038344713806829335,0.0350291392617661,0.00649888388144701,0.03268093526850591,0.15240695019258302,138.68323219458475,1220,2449.4647655379995,138.68323219458475
