,a_a0_a,a_a0_b,b_a1_a,b_a1_b,k_f_a,a_1_a,a_1_b,b_a0_a,b_a0_b,a_a1_a,a_a1_b,k_b_a,b_1_a,b_1_b,g_Kr,RMSE,iterations,CPU_time,score
0,0.022599591887198074,0.011369416568296379,6.858636992335154e-05,0.04182013975109104,0.02416155637019214,0.09077472164863415,0.02338614267324725,0.04706501953652176,0.06325092361862772,0.013160720316135827,0.03846160609428768,0.036134413754044324,0.006494621253661172,0.03268619033442265,0.1523902617909814,139.04210156717727,1108,3621.001519163001,139.04210156717727
