,a_a0_a,a_a0_b,b_a1_a,b_a1_b,k_f_a,a_1_a,a_1_b,b_a0_a,b_a0_b,a_a1_a,a_a1_b,k_b_a,b_1_a,b_1_b,g_Kr,RMSE,iterations,CPU_time,score
0,0.022015714647065993,0.011206162800976308,6.934576426479073e-05,0.04173051231596005,0.02299177095475421,0.09096463842282537,0.023410886403149388,0.049919352276650196,0.06256102021574128,0.01431912490893534,0.03891709628291906,0.03440101425228458,0.006504512926804319,0.03265038395513753,0.152463393168967,139.07725511584914,986,3384.314441866,139.07725511584914
