,a_a0_a,a_a0_b,b_a1_a,b_a1_b,k_f_a,a_1_a,a_1_b,b_a0_a,b_a0_b,a_a1_a,a_a1_b,k_b_a,b_1_a,b_1_b,g_Kr,RMSE,iterations,CPU_time,score
0,0.022242970960052563,0.012523876945438344,6.890955226357253e-05,0.041772422597649544,0.023913495764332608,0.0907521814419611,0.02337692061816761,0.04598673516139643,0.06295809416463448,0.013617961740762899,0.03767778218903212,0.03726334848424381,0.006496129362344438,0.032700147068810505,0.15232122003300974,138.47987191857263,983,3460.161964078001,138.47987191857263
