,p1,p2,p3,p4,p5,p6,p7,p8,Gkr,RMSE,iterations,CPU_time,score
0,0.001969763809622722,0.05414768825624916,2.9816823735183915e-05,0.04872402445394063,0.09613794519279652,0.023123993626848863,0.0068511827908244866,0.031388229789304556,0.15786443246535162,2603.0552865342243,948,3112.2248281109996,2603.0552865342243
1,0.0007445610461769671,5.174246802758193e-06,3.168098408959491e-06,0.030595824431948727,0.04318148353943023,1.763540469620052e-07,0.20471960037226045,1.796720658546277e-05,0.1524,,948,,
