,p1,p2,p3,p4,p5,p6,p7,p8,Gkr,RMSE,iterations,CPU_time,score
0,1.5783031918767763,1.7951114805699828e-06,5.447798744404399e-05,2.1431978284344092e-07,0.08537409351393922,0.0018395187675712132,2.141837152879412e-07,5.887488417838206e-06,0.1524010307470321,169402.12469203453,315,665.2014162080004,169402.12469203453
1,1.5783058992558165,1.9107734016366244e-06,5.447798793877334e-05,6.524895055796786e-07,0.08537411197171646,0.0018391021981196028,2.1418384067469992e-07,4.7103855989837325e-06,0.1524,,315,,
