,p1,p2,p3,p4,p5,p6,p7,p8,Gkr,RMSE,iterations,CPU_time,score
0,0.354486851487889,1.0000004105503592e-07,2.8189008250715797,1.0000016082319117e-07,3.247350411365445e-07,1.0009867741282065e-07,1.0294350688461133e-05,1.0031548070378728e-07,0.06867462345267583,458341.09267409204,1379,4576.288970337,458341.09267409204
1,0.3553329121158463,0.011040125118601004,3.06534625680469,0.04636875142080817,2.807253514743026e-07,0.002887652655352135,1.0347220753710546e-05,9.982224366641653e-06,0.1524,,1379,,
