,a_a0_a,a_a0_b,b_a1_a,b_a1_b,k_f_a,a_1_a,a_1_b,b_a0_a,b_a0_b,a_a1_a,a_a1_b,k_b_a,b_1_a,b_1_b,g_Kr,RMSE,iterations,CPU_time,score
0,0.022586584396308288,0.011769295809919651,6.879514026262302e-05,0.04179273984947822,0.02359944151414556,0.09081214217858993,0.023395884630120604,0.04645478040136035,0.06330470980104662,0.013632627557080721,0.03842396289416417,0.036951490141622835,0.006497614849701741,0.032666655745336615,0.15242651000255691,173.65713855743144,1259,4218.498142335002,173.65713855743144
