,p1,p2,p3,p4,p5,p6,p7,p8,Gkr,RMSE,iterations,CPU_time,score
0,0.001615235598472639,0.07289749244334455,1.9057978009064634e-05,0.05228932617311876,0.11026271583192064,0.023169153332528017,0.008891295011842588,0.029411512169485173,0.1530043190808368,2966.618817622453,1584,7883.120918519002,2966.618817622453
1,0.16542654806918017,4.610126660800671e-07,9.8028335852237e-06,5.433401630864412e-05,1.2261129209569859,0.0003502547577914218,2.2477450840266902e-07,0.0010919931022345289,0.1524,,1584,,
