,p1,p2,p3,p4,p5,p6,p7,p8,Gkr,RMSE,iterations,CPU_time
0,0.0001771778200561281,0.08392312970658126,3.116807004798608e-05,0.05010438929491077,0.06364901696577512,0.009848422699036073,0.007373905164209032,0.04244645881057041,0.06435684129488249,4511.865551388319,639,1145.4614482350007
1,0.00017719114297630554,0.08392182402060323,3.117706048563145e-05,0.05010177690774342,0.06363943687894297,0.009851260279533203,0.007372060229226477,0.04244741162765317,0.06435684129488249,4511.865562613893,704,1281.758457472999
2,0.0001773314925392352,0.08390801581727617,3.1185286188731154e-05,0.050099484370450996,0.06364014547150237,0.009850722600408562,0.007372102494473637,0.04244809303437256,0.06435684129488249,4511.865625273849,498,882.8492262359941
3,0.00017715098467295176,0.0839241561113408,3.116671207501652e-05,0.05010445974362742,0.0636454746357778,0.009849118250702827,0.007373079000256056,0.04244794704772385,0.06435684129488249,4511.865537740167,648,1121.6763535740029
4,0.00017725459462486682,0.08391538004594654,3.1182138514560696e-05,0.050100266311347876,0.06364163829950813,0.009849871999230797,0.007372769482105997,0.042446695610477654,0.06435684129488249,4511.865546608661,766,1328.2231513659935
