,p1,p2,p3,p4,p5,p6,p7,p8,Gkr,RMSE,iterations,CPU_time,score
0,0.0019693915460854586,0.05417451283860887,2.978499453787526e-05,0.0487337097957139,0.09603439874757917,0.02311653529213485,0.006843097138313807,0.031394225139117694,0.1578744359100631,2608.3594026961678,1020,3293.599670129,2608.3594026961678
1,3.4627322479290044,3.886045713415874e-06,0.0003423757848985305,0.005963007024877468,0.014619168235916084,1.3397101974873026e-05,0.32541804152287807,3.847856739455486e-07,0.1524,,1020,,
