,a_a0_a,a_a0_b,b_a1_a,b_a1_b,k_f_a,a_1_a,a_1_b,b_a0_a,b_a0_b,a_a1_a,a_a1_b,k_b_a,b_1_a,b_1_b,g_Kr,RMSE,iterations,CPU_time,score
0,0.02254316496420472,0.011695266830856397,6.851890368908591e-05,0.041824571197377286,0.023912924872381263,0.09075318628376335,0.023393633249623742,0.04508867306454374,0.06340058164597968,0.013414675138049304,0.03846867528954359,0.037684625902913736,0.006491046575324964,0.032682552001591196,0.15239895682634974,138.37256388987294,1773,5954.191609912001,138.37256388987294
