,a_a0_a,a_a0_b,b_a1_a,b_a1_b,k_f_a,a_1_a,a_1_b,b_a0_a,b_a0_b,a_a1_a,a_a1_b,k_b_a,b_1_a,b_1_b,g_Kr,RMSE,iterations,CPU_time,score
0,0.022288844499208104,0.011876019317832177,6.902720773324441e-05,0.041766557160299596,0.023786747321534706,0.0907622793064578,0.023395146223096748,0.0472705460555284,0.06293738731129227,0.013861901776634862,0.03798249674073923,0.03687109488728319,0.006489187910023622,0.03268047400880548,0.15241817784784478,203.44567003316007,1418,6632.7915412580005,203.44567003316007
