,a_a0_a,a_a0_b,b_a1_a,b_a1_b,k_f_a,a_1_a,a_1_b,b_a0_a,b_a0_b,a_a1_a,a_a1_b,k_b_a,b_1_a,b_1_b,g_Kr,RMSE,iterations,CPU_time,score
0,0.02355721482161129,0.010790901841193364,6.891936409679325e-05,0.041775025696505,0.023789193429933065,0.09084756733421954,0.02339556801679992,0.049752398856148204,0.06398416216225562,0.01315676299245003,0.038408898985593076,0.03500499874833633,0.006499116859283781,0.032680202499956366,0.15240664226589395,138.68325092474615,1714,4666.161982000001,138.68325092474615
