,p1,p2,p3,p4,p5,p6,p7,p8,Gkr,RMSE,iterations,CPU_time,score
0,3.46223907665586e-05,3.206871059345491e-07,0.3979446477101301,1.6648276106647416e-06,0.07238639121492063,0.003912457022296719,1.0430144094097552e-06,5.842778592501804e-07,0.152400089689769,282846.74141296744,458,1289.0990838740008,282846.74141296744
1,3.462238279920738e-05,7.046123841255385e-07,0.39794458501380137,1.3774348579100946e-06,0.07238636909625631,0.003911741831849788,1.0430146383923687e-06,1.0771317539164072e-07,0.1524,,458,,
