,a_a0_a,a_a0_b,b_a1_a,b_a1_b,k_f_a,a_1_a,a_1_b,b_a0_a,b_a0_b,a_a1_a,a_a1_b,k_b_a,b_1_a,b_1_b,g_Kr,RMSE,iterations,CPU_time,score
0,0.022529010618870984,0.011419676148426589,6.859506611546909e-05,0.04181911980886786,0.02415201503990418,0.09077539994300277,0.023386244161747113,0.0469638481605922,0.06319489297252966,0.013190190787034907,0.03846335583594326,0.036166098451474324,0.0064946533487860916,0.032686044625588696,0.15239013782551572,139.0420843238486,1172,4106.853931009,139.0420843238486
