,p1,p2,p3,p4,p5,p6,p7,p8,Gkr,RMSE,iterations,CPU_time
0,0.00024378625097680497,0.08086907853000434,3.567097401070628e-05,0.05158294086028809,0.07974720024367697,0.008797303168552269,0.007380045517829121,0.03619206428148117,0.09061758216320735,436.5207587432394,684,1305.5455371790013
1,0.0002437851004567947,0.08087038100215513,3.566826467674215e-05,0.051583828587137594,0.07974414812611631,0.008799248578987558,0.007379584593171415,0.036190428958445146,0.09061758216320735,436.5207615507722,895,1739.8704811930002
2,0.00024375152880804952,0.08087245473205408,3.567223903240961e-05,0.05158286864611622,0.07974607951071001,0.008799364364353813,0.007379955836517654,0.0361907808612136,0.09061758216320735,436.5207713072843,718,1324.175212826005
3,0.000243821713471178,0.08086554687333969,3.566948097106238e-05,0.05158339985136164,0.07974396948164451,0.008799175720244322,0.007379636952531327,0.036190352851283206,0.09061758216320735,436.520766078687,553,1056.094501862004
4,0.00024376959352596873,0.08087229764824763,3.5669683788104515e-05,0.05158346324224032,0.07974944642703675,0.008798120200833263,0.007380197291721094,0.03619168958542919,0.09061758216320735,436.5207601927827,540,1112.2283838420044
