,p1,p2,p3,p4,p5,p6,p7,p8,Gkr,RMSE,iterations,CPU_time,score
0,0.001968668105824679,0.05415772544222581,2.9778377494913318e-05,0.048737294307470744,0.09611871410615677,0.023103395251620026,0.006851770558860957,0.03139431520809778,0.15789001776706632,2613.0465354120784,1482,5290.9424054480005,2613.0465354120784
1,2.555997027510853e-06,0.22677447339317494,9.488642232454918e-06,1.225651922844087e-06,0.0005023283535975157,0.00013391361420193193,1.3107186597098712,4.424890530118669e-06,0.1524,,1482,,
