,p1,p2,p3,p4,p5,p6,p7,p8,Gkr,RMSE,iterations,CPU_time,score
0,0.6024993288477585,0.0005607502692711849,1.844704807745357e-06,6.48769176811928e-05,0.05614555535177797,0.0755075988155705,0.0026586703416459777,0.10698070350702078,0.040381323090259755,142476.89675600326,1670,4900.8234284710015,142476.89675600326
1,0.008368964467812065,0.002064451011376886,4.4338995212612105,0.031149242566468296,0.0005269854737430189,4.769874468379166e-05,0.5564933758078452,0.004594493425057677,0.1524,,1670,,
