,p1,p2,p3,p4,p5,p6,p7,p8,Gkr,RMSE,iterations,CPU_time,score
0,0.0016147132330871865,0.07291703555914084,1.9064529440359886e-05,0.05228606115159486,0.11008047515079265,0.023162091492275605,0.008877761094143904,0.02941590674551609,0.15301273236724605,2974.6645106753494,1484,6915.623191719998,2974.6645106753494
1,4.0759119558712425e-05,0.0001583436797938076,0.10955465002421935,2.56848914615251e-06,0.0005983929944390903,4.202094410025524e-05,0.0057740018089609225,1.4025273141223453e-06,0.1524,,1484,,
