,a_a0_a,a_a0_b,b_a1_a,b_a1_b,k_f_a,a_1_a,a_1_b,b_a0_a,b_a0_b,a_a1_a,a_a1_b,k_b_a,b_1_a,b_1_b,g_Kr,RMSE,iterations,CPU_time,score
0,0.022184835670224865,0.011847717998388541,6.898828847456448e-05,0.04176869943432896,0.023780980374782098,0.0908382278406526,0.02339353759233978,0.0475881899794706,0.06259571165961368,0.013748827129085973,0.03815022766498746,0.036315480642140886,0.006496861756886129,0.03268155300407361,0.1523901764399966,202.01384294888024,1233,6229.0735835390005,202.01384294888024
