,a_a0_a,a_a0_b,b_a1_a,b_a1_b,k_f_a,a_1_a,a_1_b,b_a0_a,b_a0_b,a_a1_a,a_a1_b,k_b_a,b_1_a,b_1_b,g_Kr,RMSE,iterations,CPU_time,score
0,0.021653988751105368,0.012128978446617178,6.935887126415727e-05,0.0417270315154565,0.023675636893411126,0.09074098057266619,0.023386709528106404,0.047631262246071726,0.06322029742895809,0.014713046176301458,0.03737804816940355,0.037900520302468294,0.006490701980288515,0.03267717219650095,0.1523769413151376,138.75326210772755,1041,2263.307401558999,138.75326210772755
