,p1,p2,p3,p4,p5,p6,p7,p8,Gkr,RMSE,iterations,CPU_time,score
0,0.0016880477599491496,0.08453647807383369,2.206657730499828e-05,0.051217168680433356,0.12175970778953552,0.026914883798576626,0.008891960864229028,0.0287492607060248,0.15467721868512005,654.6967599589952,1049,2064.692584036001,654.6967599589952
1,0.07666537894744735,0.016083427481713496,0.07415565461462484,2.1051136051762295e-07,0.17422235067273442,0.01575195767478991,0.0001927706480485653,0.0015475807456076694,0.1524,,1049,,
