,p1,p2,p3,p4,p5,p6,p7,p8,Gkr,RMSE,iterations,CPU_time
0,0.00022623323908897824,0.0707517329576043,3.7681098506481896e-05,0.05290051274131591,0.08323025186347086,0.009080302281619426,0.0055746229001601985,0.03366584741338737,0.1294655974387777,277.56145444831003,1031,2958.7650509900122
1,0.00022625742979831608,0.07075073240876355,3.76844038466211e-05,0.052899690479662316,0.08323215763573483,0.009080046229678732,0.005574865294779427,0.03366551573804059,0.1294655974387777,277.56145076349173,539,1253.1624913900014
2,0.0002262443261401988,0.07075102001132176,3.7679160624555374e-05,0.05290074549707896,0.08323329774290392,0.009079809555947938,0.0055749661803136865,0.03366528587752958,0.1294655974387777,277.56145151249825,517,1552.5720981570048
3,0.00022623437350145764,0.07075299295931102,3.768082003371376e-05,0.05290039007642226,0.08323509676763918,0.009079872000035199,0.005575105517894651,0.033664995846497896,0.1294655974387777,277.561459633194,536,1411.249324325996
4,0.00022625019437286692,0.07075128336630224,3.76804918187442e-05,0.052900451851166916,0.08323411988623707,0.009079860218672284,0.005574938432259291,0.033665511932855365,0.1294655974387777,277.5614502710494,680,2038.5085705880047
