,p1,p2,p3,p4,p5,p6,p7,p8,Gkr,RMSE,iterations,CPU_time,score
0,631.2068273168006,0.0008935070088636364,4.282384328360771,0.03909102012132588,0.5441063899656213,0.03103616042087213,0.13581303865910785,0.01956919297530783,0.045421471241735234,53559.946730775606,1076,2035.9279679299998,53559.946730775606
1,0.43840502738256937,6.279787894434268e-07,0.0007251420562841354,2.6186462235761717e-05,1.6458521807548653e-07,6.623045894939518e-07,0.004805044735771781,4.1382417961270436e-05,0.1524,,1076,,
