,p1,p2,p3,p4,p5,p6,p7,p8,Gkr,RMSE,iterations,CPU_time
0,0.00022610011023738017,0.06987992144341257,3.448902151793353e-05,0.05459867103365147,0.08729601563462921,0.008908729233731216,0.0051509521362021644,0.03157934386535535,0.1524,295.9344087032475,759,2069.610959340993
1,0.0002261002823015684,0.06987985405674071,3.448905422694325e-05,0.05459869397020951,0.08729627420356482,0.008908630106641731,0.005150963323764404,0.03157947216834499,0.1524,295.9344083180554,765,2033.370770798996
2,0.00022609971513254116,0.06987994401529439,3.44890260062226e-05,0.05459868543682801,0.08729598350962653,0.008908709950240219,0.0051509400799664515,0.031579425758152264,0.1524,295.9344087785548,569,1502.6647441559762
3,0.0002261000644785041,0.06987998568962463,3.448896150530255e-05,0.05459872348256513,0.0872963075523045,0.008908674890999104,0.005150969826444414,0.031579395066359595,0.1524,295.9344089758924,565,1465.483031732001
4,0.000226099438102641,0.0698798164370101,3.448896650962793e-05,0.05459869852087166,0.08729631340076391,0.00890870777071774,0.005150955955711975,0.03157946137926306,0.1524,295.9344088942719,674,1714.4018947480072
