,p1,p2,p3,p4,p5,p6,p7,p8,Gkr,RMSE,iterations,CPU_time,score
0,0.0016885474513216568,0.036665880040428006,4.2887613831161455e-05,0.04594027800833526,0.09317721736825092,0.021808595456148494,0.007353704431765537,0.0296076722511061,0.16385946838177937,1711.7413584335047,924,2668.6647050599986,1711.7413584335047
1,0.1081436201832075,0.0014007207662078867,0.01428093286104572,0.0004813868061903598,0.7343839955537612,0.0008420975702529467,3.1836455902617445e-06,1.9850837319548877e-07,0.1524,,924,,
