,a_a0_a,a_a0_b,b_a1_a,b_a1_b,k_f_a,a_1_a,a_1_b,b_a0_a,b_a0_b,a_a1_a,a_a1_b,k_b_a,b_1_a,b_1_b,g_Kr,RMSE,iterations,CPU_time,score
0,0.022777628667557823,0.011548119881213148,6.87489463931807e-05,0.041791995797168593,0.02357589841108808,0.09095215104020692,0.023389442021541734,0.0476302748242486,0.06297538373556667,0.013576918195742057,0.038520395540306965,0.03625460009415463,0.006510004862694179,0.032670937929726605,0.15235987288682676,202.9532479840178,1213,5676.883539586001,202.9532479840178
