,p1,p2,p3,p4,p5,p6,p7,p8,Gkr,RMSE,iterations,CPU_time,score
0,0.0015669426781913679,0.07930798719239318,2.2189377076289325e-05,0.05119130649493842,0.09598793471207404,0.023949422274930677,0.007054140160686414,0.03130233787525594,0.15483532934657868,719.835094780076,1669,3298.6016356260006,719.835094780076
1,1.4239179755575335e-06,7.885124291416375e-06,0.06428311246710194,0.004430532582055525,2.033604564735785e-06,4.2949842826015475e-06,6.467575808519137e-05,1.5730469555106756e-07,0.1524,,1669,,
