,a_1_a,a_1_b,b_a0_a,b_a0_b,k_b_a,a_a0_a,a_a0_b,b_1_a,b_1_b,b_a1_a,b_a1_b,a_a1_a,a_a1_b,k_f_a,g_Kr,RMSE,iterations,CPU_time,score
0,0.09081382116306576,0.023401551716329426,0.0467881205054238,0.06297295577384868,0.03709648195666392,0.02226726659867152,0.011709608464868102,0.006495867945345618,0.03268037088206795,6.890411104698745e-05,0.04177663720445132,0.013876948827938222,0.038324519087089406,0.023743122720173187,0.15237096725799362,172.81843834826023,1629,7377.550768751,172.81843834826023
