,p1,p2,p3,p4,p5,p6,p7,p8,Gkr,RMSE,iterations,CPU_time
0,8.754480035103217e-05,0.09154154417293178,2.8052749051910452e-05,0.053318659463528914,0.08146845374196485,0.009547997904709496,0.007534653297518273,0.03653692516568756,0.09127977271835509,1644.0617490409713,1086,2042.9009785659728
1,8.752351879096862e-05,0.09154617337435038,2.80539679530338e-05,0.05331810425728938,0.08147018280736917,0.009547844821847014,0.007534974852518085,0.03653639649191988,0.09127977271835509,1644.0617678765775,1053,1973.712780070986
2,8.755398176536752e-05,0.09153925006326905,2.805497725223995e-05,0.05331787418516261,0.08146967235297736,0.009548509826985789,0.007534900859907941,0.03653621002141798,0.09127977271835509,1644.0617610680877,969,1815.3499799830024
3,8.754515394039892e-05,0.09154199563835574,2.805253152457507e-05,0.0533186464309528,0.08146642930518588,0.009548264397315093,0.007534329872318267,0.03653708876070617,0.09127977271835509,1644.061763781305,944,1757.2992368150153
4,8.751961500302323e-05,0.09154716986326854,2.8053443469730594e-05,0.0533181996459517,0.08146856252261146,0.009548269620480655,0.00753457678150057,0.03653670429995993,0.09127977271835509,1644.061764133071,636,1186.2205572170205
