,p1,p2,p3,p4,p5,p6,p7,p8,Gkr,RMSE,iterations,CPU_time,score
0,0.0016862697535486382,0.08444503238762169,2.206408172151205e-05,0.051220891096296926,0.12136809349405527,0.02686229851788176,0.008866939566059837,0.028801201615393367,0.15465506461291004,655.6513305346407,1264,2540.0995059939996,655.6513305346407
1,9.6297684336559e-05,0.0002237374087142553,0.31137113842046965,1.6433014813476018e-06,0.20832086299387872,0.0034294559493182625,3.672165097943375e-07,5.717441884623432e-06,0.1524,,1264,,
