,p1,p2,p3,p4,p5,p6,p7,p8,Gkr,RMSE,iterations,CPU_time
0,0.00020708147879284924,0.08991388888775828,3.2614156192340836e-05,0.05031372831269778,0.08291007375855954,0.012309628881190481,0.012477511149724414,0.035931890744924054,0.06407630684233305,1024.8472295620847,458,805.8999921030045
1,0.00020706752859972664,0.08991755956227683,3.261144416642895e-05,0.05031446347570259,0.08291633381192691,0.01230901195920342,0.012478466828704918,0.03593204422972212,0.06407630684233305,1024.847218433805,1128,2115.0811173450056
2,0.0002070567942958477,0.08992116533748527,3.2612857232890086e-05,0.050314128152334346,0.08291578659788985,0.01230955088733777,0.012478369609998806,0.03593175315004339,0.06407630684233305,1024.8472274192595,453,950.679600235002
3,0.0002070748616681369,0.08991451124941542,3.261546647183244e-05,0.05031302857536124,0.08291228293334173,0.012310330488135115,0.012478015200089664,0.035930883122521566,0.06407630684233305,1024.8472115515538,723,1543.7166956029978
4,0.0002070669433909949,0.08991871801113804,3.2613266249669204e-05,0.05031400708816215,0.08291561960429789,0.012310329187737043,0.012478403600091465,0.03593104629325852,0.06407630684233305,1024.8472126739482,1129,2276.574553282
