,a_a0_a,a_a0_b,b_a1_a,b_a1_b,k_f_a,a_1_a,a_1_b,b_a0_a,b_a0_b,a_a1_a,a_a1_b,k_b_a,b_1_a,b_1_b,g_Kr,RMSE,iterations,CPU_time,score
0,0.022298554912497163,0.011781780024880516,6.910334584547672e-05,0.04175396093868493,0.023825441928065353,0.09081825231005486,0.02338937233156487,0.04684711437324882,0.06337561295921759,0.013688400417824036,0.038088771856599785,0.036612864679016165,0.006497994885044947,0.03267880480939651,0.1523938963896282,173.84939316204964,916,4289.707310539,173.84939316204964
