,a_a0_a,a_a0_b,b_a1_a,b_a1_b,k_f_a,a_1_a,a_1_b,b_a0_a,b_a0_b,a_a1_a,a_a1_b,k_b_a,b_1_a,b_1_b,g_Kr,RMSE,iterations,CPU_time,score
0,0.022226695766083677,0.011511125749548597,6.876804345089013e-05,0.0417999231090057,0.023892784556475897,0.09082961529931996,0.02338518721796359,0.04665665744887488,0.06250878797199814,0.01372598684672317,0.038510888584398204,0.03716145576240074,0.006497593877302312,0.03267409100625166,0.15242566697417279,173.9210292624444,807,3538.998066831,173.9210292624444
