,p1,p2,p3,p4,p5,p6,p7,p8,Gkr,RMSE,iterations,CPU_time,score
0,2.038375075618156e-05,1.3782830117999404e-07,6.745699056977501e-06,1.6054435684418756e-07,0.00011343659989625758,0.0022090377581476476,1.0000001754285896e-07,0.06705862281462023,0.02818083277918999,336788.14508694137,1061,3261.6770006160004,336788.14508694137
1,1.0477297183536518e-05,0.0054591780385664975,3.493981977819401e-06,3.7231109188149795e-06,0.0001945265072572911,1.1060387048494449e-07,1.7097612426171095e-07,0.08413876752928291,0.1524,,1061,,
