,p1,p2,p3,p4,p5,p6,p7,p8,Gkr,RMSE,iterations,CPU_time
0,0.00022810678898195486,0.06988173318309725,2.4019609588995985e-05,0.06074346832145192,0.0955468019557213,0.009040337459590193,0.0024933491119594263,0.025057996361345005,0.3624703286528294,986.6585823424716,627,1856.8910817259894
1,0.0002280922065426292,0.06988396202796628,2.4019560183642323e-05,0.0607436971459506,0.09554317320677493,0.009040775233149884,0.00249322521222872,0.025058027486820508,0.3624703286528294,986.6584899501893,715,2141.743460999991
2,0.00022819082662800896,0.06987638026644205,2.402491360198177e-05,0.060742049267453455,0.09553996078632775,0.009041512208344624,0.0024931623226007245,0.02505846518113639,0.3624703286528294,986.6585696288795,618,1846.2810676899971
3,0.00022812787609499463,0.06987970038079767,2.4024488406936983e-05,0.0607417024850322,0.09554281899968815,0.009040769465873436,0.0024933552761329924,0.02505767518739657,0.3624703286528294,986.6585487075533,552,1595.7566733139975
4,0.0002280728219054922,0.06988556593697022,2.4019562475565675e-05,0.06074381440830947,0.09554542511939598,0.009040918658783733,0.0024933245699210248,0.025057918447224353,0.3624703286528294,986.6585982956294,523,922.2788877959974
