,p1,p2,p3,p4,p5,p6,p7,p8,Gkr,RMSE,iterations,CPU_time
0,0.00022215086310597575,0.07261620899513888,3.961495455943064e-05,0.05138263320631555,0.07815411348552774,0.009327145641608397,0.005958586075931539,0.03593180915895016,0.10870874072059561,692.7126380459018,765,1923.3350624510058
1,0.00022213801109154043,0.07261738381502181,3.9618145401528334e-05,0.051381764744050595,0.07815127042883882,0.009327966779053547,0.00595802475492732,0.03593221125922657,0.10870874072059561,692.7126586560431,492,994.3355668469885
2,0.0002221445959252739,0.07261773798480715,3.961790412253849e-05,0.05138184547056244,0.07815408612701175,0.009327760818183295,0.005958365931440395,0.03593225892417755,0.10870874072059561,692.7126620454396,648,1170.2110495230008
3,0.00022214091898309626,0.07261657924633805,3.961704701013336e-05,0.05138199100598901,0.0781527060637914,0.009327729315715943,0.005958334070923246,0.03593207386883369,0.10870874072059561,692.7126531863199,527,945.4143944590032
4,0.00022214848687243332,0.07261653745877672,3.962411416164279e-05,0.05138045521174702,0.07815152987176353,0.009328021535089983,0.005958166092271861,0.035932624182175,0.10870874072059561,692.7126540477673,581,1568.105972489997
