,p1,p2,p3,p4,p5,p6,p7,p8,Gkr,RMSE,iterations,CPU_time,score
0,0.0016135977521345146,0.07290344838685367,1.905020389198231e-05,0.052291194841331705,0.11021841692733238,0.02316233222450431,0.008891211907763175,0.029419036044410766,0.15296491524373168,2966.6571591460547,941,4714.910228373001,2966.6571591460547
1,2.8973590037162766e-07,0.05576694390800858,0.00021847423379638603,9.677655562567395e-06,0.0101955059776373,0.004433221438250147,0.16073560509037815,8.655579530392813e-05,0.1524,,941,,
