,p1,p2,p3,p4,p5,p6,p7,p8,Gkr,RMSE,iterations,CPU_time,score
0,0.0016834706199739897,0.08439704275281786,2.20808998399344e-05,0.05121340753438921,0.12134939512147229,0.026861702814422673,0.008864230399093176,0.0288032900454638,0.1546889900128419,653.2885923314457,892,1754.4118092990002,653.2885923314457
1,3.797210003620171e-05,1.1923768992015969e-05,0.005159914848440645,5.971131077283777e-05,0.05184335363282026,2.7358240832703912e-05,1.2224558432282604e-07,0.009618849186638074,0.1524,,892,,
