,p1,p2,p3,p4,p5,p6,p7,p8,Gkr,RMSE,iterations,CPU_time,score
0,4.472026479572253e-06,0.044194525776814486,0.03370783850235071,0.00030620792430685536,4.570741588067166,0.0010165299942725714,1.9567613760189407e-07,1.36500714472745e-07,0.15240009048502243,563911.7282992395,201,925.7293363190001,563911.7282992395
1,4.472027064052564e-06,0.044194294130075286,0.03370783370282079,0.00030634146447475045,4.57074215554669,0.0010166981180760452,1.9567610114592078e-07,1.0597923444092902e-07,0.1524,,201,,
