,p1,p2,p3,p4,p5,p6,p7,p8,Gkr,RMSE,iterations,CPU_time,score
0,0.0016883910759885564,0.03666767072779145,4.2884241168708516e-05,0.045940729552709184,0.093174972398664,0.02180842275314209,0.0073537348049385505,0.02960778409054257,0.1638562328757856,1711.7413326904982,1673,5054.832247619001,1711.7413326904982
1,2.8225972043185025e-06,0.05320075062713991,0.06251716407501456,0.001998085519781497,0.004245516912418787,4.658976599391213e-06,2.455990725128289e-05,0.000327513837473723,0.1524,,1673,,
