,a_a0_a,a_a0_b,b_a1_a,b_a1_b,k_f_a,a_1_a,a_1_b,b_a0_a,b_a0_b,a_a1_a,a_a1_b,k_b_a,b_1_a,b_1_b,g_Kr,RMSE,iterations,CPU_time,score
0,0.02274048614609675,0.011037733440197194,6.923118509437082e-05,0.04174289337886014,0.023208811510214502,0.09094606525550711,0.02341574442293291,0.05002942799768677,0.06318950062610482,0.013903783034386543,0.03871664199118714,0.03470432654736164,0.006504398264778913,0.03265534742785285,0.15242705460542214,139.29896074704888,1110,3486.8606515150004,139.29896074704888
