,a_a0_a,a_a0_b,b_a1_a,b_a1_b,k_f_a,a_1_a,a_1_b,b_a0_a,b_a0_b,a_a1_a,a_a1_b,k_b_a,b_1_a,b_1_b,g_Kr,RMSE,iterations,CPU_time,score
0,0.02217385039455839,0.011854281946316257,6.899158964520032e-05,0.041768382008989455,0.023781842984380668,0.09083890312394281,0.02339350016732052,0.04759144072339231,0.06258420116734667,0.013755804074342938,0.038145013078904846,0.036319923311057316,0.006496890641150191,0.032681544592514884,0.15239044945928135,202.01385581592208,1441,7262.836097825,202.01385581592208
