,p1,p2,p3,p4,p5,p6,p7,p8,Gkr,RMSE,iterations,CPU_time
0,6.95012253570807e-05,0.0965293074225167,2.4868252439391646e-05,0.053330586294054544,0.07693547793105646,0.009934071940351391,0.008482960692202163,0.03828401791675161,0.07664514235271616,2996.398453444248,584,1089.1786539279856
1,6.950379920325066e-05,0.0965296054444183,2.4871101896212398e-05,0.053329613314382504,0.07693954827983016,0.009933614283000387,0.00848346891206439,0.03828429507298088,0.07664514235271616,2996.3984513502733,524,975.7563388950075
2,6.951129069251115e-05,0.09652735442737859,2.48708250541939e-05,0.053329723034184345,0.07694072742584587,0.009933244484357302,0.008483585670148674,0.038284320997547694,0.07664514235271616,2996.3984219790414,1164,2166.5928300470114
3,6.950578397808881e-05,0.09652914923288296,2.4868723577017506e-05,0.0533304570178334,0.07693872617405208,0.009934206910820824,0.008483434089227705,0.0382833583693391,0.07664514235271616,2996.398422039758,821,1527.374205813976
4,6.95038371553324e-05,0.0965301122989908,2.487102805533235e-05,0.05332959211146232,0.07694191623558048,0.009933968244415652,0.008483696090069192,0.03828407974494982,0.07664514235271616,2996.398440619881,1022,1887.159610761999
