,p1,p2,p3,p4,p5,p6,p7,p8,Gkr,RMSE,iterations,CPU_time,score
0,0.0015679546813092702,0.0793542858813432,2.220523562596018e-05,0.0511811955458915,0.09595688292071644,0.023951622929302977,0.007052679375387094,0.031312785698891774,0.1547672739729369,718.775517544021,1019,2179.2328704169995,718.775517544021
1,0.020558509893971448,3.1993335788204836e-06,3.2752663613154546e-06,0.016729574070960172,9.873671651702353e-05,3.1491594413204304e-06,0.00506880945175303,0.0005898676848648673,0.1524,,1019,,
