,p1,p2,p3,p4,p5,p6,p7,p8,Gkr,RMSE,iterations,CPU_time
0,5.1174509526362266e-05,0.10224581700664932,1.3964134757264852e-05,0.05551608480076134,0.057272425116694274,0.012132549313031277,0.01139461989235907,0.04689317361502597,0.045308791081603676,9695.598372249731,1190,3194.9019588339943
1,5.119114142944763e-05,0.10223847702139853,1.3963540410372237e-05,0.055516462233942424,0.05727038504665522,0.012133853779395033,0.011393712367317618,0.04689395813285617,0.045308791081603676,9695.598416052077,1126,2551.864815138004
2,5.1186538938531946e-05,0.10223851054072353,1.3957016752269858e-05,0.05552023347222847,0.05726251508469581,0.012135916908507302,0.011393632963437374,0.04688758170964402,0.045308791081603676,9695.598597117094,584,1220.2868292409985
3,5.119974868144764e-05,0.10223405477720655,1.3963425635320085e-05,0.055516108012045984,0.057272255721772275,0.012132646022154482,0.0113947907090375,0.04689281952432943,0.045308791081603676,9695.598463482942,605,1819.6240187419899
4,5.1188505338695455e-05,0.10223969078806826,1.3964183415970143e-05,0.05551579311063453,0.05727316784570036,0.01213291398445587,0.01139457154385542,0.046893136500157175,0.045308791081603676,9695.598381276513,1086,3526.749691571007
