,a_a0_a,a_a0_b,b_a1_a,b_a1_b,k_f_a,a_1_a,a_1_b,b_a0_a,b_a0_b,a_a1_a,a_a1_b,k_b_a,b_1_a,b_1_b,g_Kr,RMSE,iterations,CPU_time,score
0,0.023265317954863456,0.01037878520221685,6.952010965374984e-05,0.04170818164425581,0.02318817084288311,0.09092542724501652,0.02341242083504411,0.053942007408196525,0.06389458210004609,0.014169124922058567,0.03816243793762215,0.03384351715892497,0.006507648352342393,0.032647076372997,0.15238207696537762,138.52856480142805,1236,3954.971404078,138.52856480142805
