,p1,p2,p3,p4,p5,p6,p7,p8,Gkr,RMSE,iterations,CPU_time,score
0,0.011289554959611594,1.0000545589374876e-07,0.20592876421615136,0.015511628316857515,0.1941225718566592,0.020908470563245674,0.00882703656457607,0.04299768966765709,4.584491791011899,53060.40363003699,4353,12931.929088428002,53060.40363003699
1,0.0054240001905987816,1.0144086309314098e-07,0.157334372301022,3.178787844089942e-05,2.8102765054755746e-05,6.4659495831856e-05,6.66819377706363,0.00755648976466067,0.1524,,4353,,
