,p1,p2,p3,p4,p5,p6,p7,p8,Gkr,RMSE,iterations,CPU_time,score
0,0.0016145376360347464,0.07291188752908098,1.9064103064307674e-05,0.05228614165200282,0.11019299394105478,0.023173225244882526,0.008886949653582499,0.029405566921604374,0.1530189434385068,2970.0046796037473,1480,7238.913392504997,2970.0046796037473
1,0.6055650249984044,0.004691695828480416,2.023448799898047e-05,7.50460074539663e-05,0.00011630597452811748,0.0018300398192907877,0.23537524287529543,2.4541942691167123e-06,0.1524,,1480,,
