,a_1_a,a_1_b,b_a0_a,b_a0_b,k_b_a,a_a0_a,a_a0_b,b_1_a,b_1_b,b_a1_a,b_a1_b,a_a1_a,a_a1_b,k_f_a,g_Kr,RMSE,iterations,CPU_time,score
0,0.09076014448345866,0.02339531276284383,0.04705845377651062,0.06290108123937507,0.03691288188491383,0.022225574262234947,0.011918597332023535,0.00648895750067221,0.03268069444557552,6.902216891392143e-05,0.041767039837361755,0.013869878744533172,0.038007717860152654,0.023778548330115237,0.1524181113944271,203.44576116015548,1863,8687.682793204,203.44576116015548
