,p1,p2,p3,p4,p5,p6,p7,p8,Gkr,RMSE,iterations,CPU_time
0,5.99959561296711e-05,0.09960315548146347,2.156341441809683e-05,0.053587062018843834,0.07097774246601908,0.010475025323419426,0.009482280579972614,0.040202199897680924,0.06435684129488249,4836.260648670412,985,3459.0436983460095
1,6.0013004790779884e-05,0.09959785064775052,2.156299413580774e-05,0.05358739506006432,0.07097591701430456,0.010474944045626974,0.009481706865106092,0.04020285687907469,0.06435684129488249,4836.260651857279,712,2486.3222881350084
2,5.999859296219407e-05,0.09960124092234823,2.1561909442678736e-05,0.053587587022161674,0.07097507654754899,0.01047499623898766,0.009481783844465854,0.0402027615032484,0.06435684129488249,4836.260641306891,1137,4012.1339034239936
3,5.999971916393256e-05,0.09960057622213549,2.1558095146742748e-05,0.05358926070790266,0.07097544171147567,0.010475116721163026,0.009482100697309391,0.040201125578978356,0.06435684129488249,4836.260683728184,711,2528.0295514180034
4,6.000672303342055e-05,0.09959766008637638,2.1558712545579695e-05,0.05358905798818964,0.07097593707650576,0.0104758809974792,0.00948246533983071,0.04020085814795455,0.06435684129488249,4836.260642811632,765,2712.3712247649964
