,p1,p2,p3,p4,p5,p6,p7,p8,Gkr,RMSE,iterations,CPU_time,score
0,0.0016142742619393885,0.07288288747982244,1.9049178352321224e-05,0.05229247153223836,0.1101656874316513,0.02316354041280902,0.00888532201743295,0.029408572634335002,0.15302274680539119,2966.027331072656,1482,5451.008068191004,2966.027331072656
1,3.610489885028881e-06,0.00022211782670156745,3.158701510670732e-05,0.010127685430979002,2.3905057126316938,2.984393887419426e-06,0.0004989505286994498,5.192671611003831e-06,0.1524,,1482,,
