,p1,p2,p3,p4,p5,p6,p7,p8,Gkr,RMSE,iterations,CPU_time
0,0.00022829138743168462,0.06593732687935466,2.874692634877625e-05,0.06060768026173947,0.09351896170918997,0.010779155654665808,0.001359375674747553,0.025376528438685046,0.6096,1430.9647543547649,693,1640.191399080999
1,0.00022825654552242894,0.06594150740839595,2.8745225493474292e-05,0.060608183715211,0.09351675708230317,0.010780452870414193,0.0013592940082385258,0.0253761069621917,0.6096,1430.9647611263324,495,1173.277002079005
2,0.00022827794138053265,0.06593891538075532,2.874773323308949e-05,0.060607460517854574,0.09351662330221475,0.010779098324999127,0.0013593400987051245,0.025376556196832697,0.6096,1430.964719155749,936,2209.941934975999
3,0.00022827819923284124,0.0659393090045145,2.8746426558824553e-05,0.06060763108775166,0.09351654112822977,0.010779693192593363,0.0013593174462832155,0.025376158005815403,0.6096,1430.9647321173663,643,1511.7112257560075
4,0.0002282663958329948,0.06593904503686049,2.8747269408236447e-05,0.06060765607083695,0.09351572089399363,0.010779829810459633,0.0013593189561608848,0.025376625491249066,0.6096,1430.964752927085,668,1576.5564357529802
