,a_a0_a,a_a0_b,b_a1_a,b_a1_b,k_f_a,a_1_a,a_1_b,b_a0_a,b_a0_b,a_a1_a,a_a1_b,k_b_a,b_1_a,b_1_b,g_Kr,RMSE,iterations,CPU_time,score
0,0.021946896381972007,0.012008011568772552,6.885953284084736e-05,0.04178277333531767,0.023694275332558145,0.09082358888847324,0.023397160056192995,0.046053692355102864,0.06302623139680694,0.013776232746713711,0.038300313025763665,0.036797598382011035,0.006498418300232076,0.032677684371108434,0.1523706884023851,203.2338818211896,1023,4765.207642503001,203.2338818211896
