,p1,p2,p3,p4,p5,p6,p7,p8,Gkr,RMSE,iterations,CPU_time,score
0,0.0016862596177859384,0.08444556579336635,2.2064264355065705e-05,0.05122072432244016,0.12136788774534274,0.026862695256535996,0.008866819206858476,0.02880131908992383,0.15465537406987395,655.6513206242399,1529,3063.0916196430003,655.6513206242399
1,8.535309235857446e-06,7.035276598397335e-07,2.6899520988499532e-05,3.0791342846636523e-07,8.423421646582844e-05,0.0007802871994985948,3.04644744187509e-06,9.638856462666163e-07,0.1524,,1529,,
