,p1,p2,p3,p4,p5,p6,p7,p8,Gkr,RMSE,iterations,CPU_time,score
0,0.001685521966467199,0.08445318007307742,2.2078574570734914e-05,0.051208692532041244,0.12118099487877002,0.026858809442931897,0.008854713443389322,0.028802633824861958,0.15459821025184597,653.9515294445508,905,1929.47028059,653.9515294445508
1,1.0246571606317927e-05,0.053190704690669284,0.0028132135292639926,0.00047190242719589374,4.329868894825687,6.156476217282283e-05,0.0008785194847623488,4.9244418995220775e-06,0.1524,,905,,
