,p1,p2,p3,p4,p5,p6,p7,p8,Gkr,RMSE,iterations,CPU_time,score
0,0.0016154584458578265,0.07287265856862542,1.904873512105084e-05,0.05229076655300673,0.11011503633426602,0.02315666320182872,0.008881254667962805,0.02942723308792409,0.15297712431903657,2969.596248726631,953,4412.677533622,2969.596248726631
1,0.028317844743034074,8.37554790349465e-06,2.111583458674959e-05,0.000542072942298867,0.13955586294156178,4.259563525436354e-06,4.4753673906807405,1.0792012669193532e-05,0.1524,,953,,
