,a_a0_a,a_a0_b,b_a1_a,b_a1_b,k_f_a,a_1_a,a_1_b,b_a0_a,b_a0_b,a_a1_a,a_a1_b,k_b_a,b_1_a,b_1_b,g_Kr,RMSE,iterations,CPU_time,score
0,0.022556020881250197,0.011711286652357438,6.89069760962415e-05,0.04177504277253236,0.023800128310188618,0.09081852624298267,0.023386410618563735,0.04731319832288936,0.06333765669301514,0.013582332329790918,0.038068593873411584,0.03647300744124112,0.006496499169301703,0.03268365639598468,0.1523968961943149,174.58113519943043,1035,4902.666007287,174.58113519943043
