,p1,p2,p3,p4,p5,p6,p7,p8,Gkr,RMSE,iterations,CPU_time
0,0.00021681636052891927,0.0764230588709482,3.6559512710770006e-05,0.04991838797621887,0.07534457546297095,0.009433927625160148,0.009293319402884848,0.03684243035110799,0.0762,2888.432691138849,599,2772.486607532992
1,0.00021683386207040458,0.0764211812255712,3.6552300098452644e-05,0.04991994170393315,0.07536002867472123,0.009431246416192515,0.009295063519778364,0.03684376359439129,0.0762,2888.432678843929,698,2702.26616123
2,0.00021685405953482314,0.07641965979964699,3.655606359896571e-05,0.04991911979737149,0.07535969568510441,0.009429782471482495,0.00929530896678026,0.036845085171126245,0.0762,2888.4326491526513,751,2499.000267809999
3,0.00021683951700863924,0.07642001975784878,3.656037071637891e-05,0.04991805085322337,0.07534389961911828,0.009433662339173858,0.009293496117611969,0.03684209837698228,0.0762,2888.432686840432,740,2249.2497635559994
4,0.00021686202617533722,0.07641895203328117,3.6558789736122626e-05,0.04991861427327249,0.07534215726342328,0.009432913426010733,0.009293177308427656,0.036842465826485926,0.0762,2888.4327164405872,844,2414.9129834219784
