,p1,p2,p3,p4,p5,p6,p7,p8,Gkr,RMSE,iterations,CPU_time
0,0.0002071503137587018,0.08992750413045696,3.2556112041210726e-05,0.05032509787698079,0.08244096751577651,0.01223981452170974,0.012409863624735487,0.0359818855981662,0.06407630684233305,1022.9534531947617,755,1094.4790882669986
1,0.00020718248495123445,0.08992008194879407,3.255827842544465e-05,0.05032445547426541,0.08243118898341842,0.012239318272215655,0.012408521093417958,0.035982640681180844,0.06407630684233305,1022.9534580256059,512,920.3419611870049
2,0.0002071722799226384,0.08992394353601432,3.2558357214612974e-05,0.05032439750852388,0.08243195651116667,0.012239692656836096,0.012408471125896988,0.035982712967551345,0.06407630684233305,1022.9534598068666,936,1503.5843936610036
3,0.00020713089498970475,0.08993152862697372,3.255610145086557e-05,0.05032502396229431,0.0824561772639833,0.01224162928657371,0.01241217960216464,0.03598022440188993,0.06407630684233305,1022.9534602360337,504,842.1015930209978
4,0.00020714365146599743,0.08993001841752143,3.255716949634452e-05,0.05032482959436958,0.08245972617492488,0.012243327247796167,0.012412851003312712,0.03597835325936496,0.06407630684233305,1022.953454057747,562,1198.2453199730007
