,p1,p2,p3,p4,p5,p6,p7,p8,Gkr,RMSE,iterations,CPU_time
0,5.108175909850774e-05,0.10229073505691295,1.403661280278939e-05,0.05547864082994276,0.05724606507918653,0.012155418622664827,0.011382540392629625,0.04679814394738182,0.045374817422412735,9668.459367053036,492,1716.3326562859875
1,5.104476092741319e-05,0.10230665777408533,1.4045228264734873e-05,0.0554730682274265,0.05722027807346818,0.01216489758262761,0.011378488707049692,0.046787947872872576,0.045374817422412735,9668.45940398083,595,2068.504525408993
2,5.107922148532459e-05,0.10229212510822183,1.4045588187420724e-05,0.055473244135182294,0.057237842193590814,0.012156744798465442,0.011381342661074876,0.046798087880973886,0.045374817422412735,9668.459356952095,631,2198.826735978975
3,5.109048937680899e-05,0.10228879964921479,1.4049528843970198e-05,0.05547102036227461,0.057239242725527995,0.012155630738391987,0.011382176754496565,0.046797554090853455,0.045374817422412735,9668.459353263775,597,2075.3810511310003
4,5.107576251048009e-05,0.1022932783057129,1.4042117651646467e-05,0.055475274486949534,0.05724264453445679,0.012157414474985001,0.01138198515630122,0.04679704397712059,0.045374817422412735,9668.45933814018,706,2463.759372393979
