,a_a0_a,a_a0_b,b_a1_a,b_a1_b,k_f_a,a_1_a,a_1_b,b_a0_a,b_a0_b,a_a1_a,a_a1_b,k_b_a,b_1_a,b_1_b,g_Kr,RMSE,iterations,CPU_time,score
0,0.023171235255619732,0.010503571054866151,6.953692163885958e-05,0.04170666713965868,0.023265129194430613,0.09091907863917972,0.023410988764579282,0.053752999074473444,0.06388757414235242,0.014187506591928247,0.03802244425340884,0.03401907186304054,0.0065072086894629524,0.032648316668543974,0.15238258003094046,138.5286005821721,1294,4664.513560075,138.5286005821721
