,p1,p2,p3,p4,p5,p6,p7,p8,Gkr,RMSE,iterations,CPU_time,score
0,0.0015675477630597591,0.07933688895260371,2.2160133789166413e-05,0.05119953298371232,0.09597353562185396,0.023948651203781705,0.007058464248697967,0.03130244436940544,0.15476128774645703,720.6057187339184,1082,2466.2130007789992,720.6057187339184
1,1.0914437975322262e-06,2.0941819176720886e-07,0.0012123393465554556,3.098744257798857e-06,0.03968674516768893,6.942602554821512e-05,4.683597704927845e-06,0.011019467957434059,0.1524,,1082,,
