,p1,p2,p3,p4,p5,p6,p7,p8,Gkr,RMSE,iterations,CPU_time
0,0.00023729285969842308,0.07716355403990154,3.605418589362467e-05,0.05246271866543402,0.08329295559453673,0.008768694966197045,0.006594136091623432,0.034619003887221875,0.10776307345282986,257.09867521738676,472,1056.0859852899885
1,0.0002373088693281962,0.07716229737383015,3.60512963334512e-05,0.052463531560534606,0.08329469242196384,0.008769098862682876,0.006594169264685621,0.03461887948937169,0.10776307345282986,257.0986715058967,560,1177.6178423930105
2,0.0002373005493852019,0.07716298220887968,3.605141886416143e-05,0.052463350476960324,0.08329739820903576,0.00876942087660674,0.006594339791539352,0.03461874728152139,0.10776307345282986,257.0986745626116,580,1164.3047887590074
3,0.00023729308818000173,0.07716311892045151,3.605347833481427e-05,0.05246293897293145,0.08329545809775313,0.008769361959916068,0.006594413764554106,0.0346183317022293,0.10776307345282986,257.09866767820574,568,1178.2663710569905
4,0.00023729694520379993,0.07716216607598232,3.6053333404484354e-05,0.05246302372629922,0.08329453648578414,0.00876930687838479,0.006594274916730937,0.03461879251369993,0.10776307345282986,257.0986690723257,501,864.6527285439952
