,p1,p2,p3,p4,p5,p6,p7,p8,Gkr,RMSE,iterations,CPU_time,score
0,0.0016890386323933687,0.03664940629863699,4.2848566729950844e-05,0.04595463277200139,0.09319701658901768,0.021806827869971953,0.007352974012884127,0.02960705795338307,0.16389604562908108,1708.2253163420019,1764,3669.3129022089997,1708.2253163420019
1,0.07955453763500218,5.016508298394157e-07,1.1606866677322201e-05,3.212724695886523e-07,8.918614540643667e-06,0.2587841194762328,1.6384207990566417,0.04692828636388021,0.1524,,1764,,
