,p1,p2,p3,p4,p5,p6,p7,p8,Gkr,RMSE,iterations,CPU_time,score
0,0.0016146528696213418,0.07291965144287779,1.9061212826307317e-05,0.052287135101484083,0.11009472719425015,0.023160784049286474,0.00887938507204606,0.029417217933596553,0.15300667420288155,2974.6647050570164,792,3668.009363426001,2974.6647050570164
1,0.0002172732276540705,0.03997650904133622,0.011297451600634235,0.0007428770614478406,0.3676314521527984,0.010455899278486572,0.00825862569138212,4.3404035679668114e-07,0.1524,,792,,
