,p1,p2,p3,p4,p5,p6,p7,p8,Gkr,RMSE,iterations,CPU_time,score
0,0.001566902162923458,0.07930669704000902,2.2190111323448496e-05,0.05119103316967537,0.09598677893434569,0.023949206991309705,0.007054079442524226,0.031302974555443557,0.15483420180894755,719.8350855729302,1215,2731.031816838,719.8350855729302
1,0.041353238712818235,0.1096439825621283,9.455354989062309e-07,0.012664341583348568,0.00010557387663378406,0.00045547178600670367,0.0004557563921925866,4.607537064641831e-07,0.1524,,1215,,
