,p1,p2,p3,p4,p5,p6,p7,p8,Gkr,RMSE,iterations,CPU_time
0,0.00022403496400946561,0.06574318024553755,3.2604595663379646e-05,0.055736942353343685,0.0889714903849974,0.00869717442635225,0.004420487578920551,0.03043656543861253,0.1812351643264147,152.633041619448,697,1388.2112996020005
1,0.00022403362884525416,0.06574381268241719,3.260467905295383e-05,0.055736916120697776,0.08896910400053347,0.008696862026229274,0.0044203765548338145,0.030436861320215097,0.1812351643264147,152.63304153595413,568,999.725273412012
2,0.00022403066060831228,0.06574408039342725,3.260478554690398e-05,0.055736933681418965,0.08897592895846898,0.00869769231482155,0.004420698949368272,0.030436180716071324,0.1812351643264147,152.63304150085753,850,988.9293709379999
3,0.0002240329043345908,0.06574431569976706,3.260403094456462e-05,0.055737102868416995,0.08896894763856493,0.008696902083488691,0.004420352592359831,0.030436802004112282,0.1812351643264147,152.63304205680055,699,995.4099878640118
4,0.00022403246809532637,0.06574436578727955,3.260451104540529e-05,0.05573701756684805,0.08897357057973722,0.008697598564039805,0.004420580056704668,0.03043622222178115,0.1812351643264147,152.6330394344336,827,1108.4672360039986
