,p1,p2,p3,p4,p5,p6,p7,p8,Gkr,RMSE,iterations,CPU_time
0,0.0002240573441749244,0.06570616834845125,3.2640095025058635e-05,0.055722001535001925,0.08913153798150301,0.008699770829203615,0.004425579002993043,0.03046500952133646,0.1812351643264147,151.99571884593772,614,1179.4394218339985
1,0.00022405638716253837,0.06570614902476865,3.2640264798867064e-05,0.055722009639484704,0.08912810710799288,0.008699528706089404,0.004425429249110311,0.03046517976223166,0.1812351643264147,151.9957194929181,628,1121.194621671999
2,0.00022405399299791262,0.06570575545967541,3.264009375744888e-05,0.05572201627716384,0.08912875930765901,0.008699400151403022,0.004425461460491104,0.030465271082545885,0.1812351643264147,151.99571788161282,778,947.1470581219983
3,0.0002240571797372023,0.06570593020175565,3.26394481068271e-05,0.055722191909203266,0.08913205357624397,0.00869948945628393,0.004425611187902903,0.030465267108455797,0.1812351643264147,151.995718304948,574,824.9691737540015
4,0.00022405795299755291,0.06570492030026046,3.264099952352829e-05,0.0557217213703816,0.08913007267179321,0.008699481050183457,0.004425531677222106,0.030465283702732257,0.1812351643264147,151.9957190302999,652,1263.6928204670003
