,a_a0_a,a_a0_b,b_a1_a,b_a1_b,k_f_a,a_1_a,a_1_b,b_a0_a,b_a0_b,a_a1_a,a_a1_b,k_b_a,b_1_a,b_1_b,g_Kr,RMSE,iterations,CPU_time,score
0,0.02225577146020304,0.011784658961991072,6.889330735004036e-05,0.04178262868816166,0.023687749803870447,0.09093547161316339,0.023393652310658368,0.04671988539825574,0.06300354101825603,0.013813901075118037,0.03829394868322157,0.036879767292265005,0.006505027840675349,0.032668682547202864,0.15241692963755252,295.4551831133386,1347,8722.080715099,295.4551831133386
