,a_a0_a,a_a0_b,b_a1_a,b_a1_b,k_f_a,a_1_a,a_1_b,b_a0_a,b_a0_b,a_a1_a,a_a1_b,k_b_a,b_1_a,b_1_b,g_Kr,RMSE,iterations,CPU_time,score
0,0.021803605465034803,0.011400671977530643,6.939906330842277e-05,0.04172467262474142,0.023017349454262884,0.09096334754060374,0.023410075609467427,0.049646239505799626,0.06245320448962035,0.014417816142612812,0.038806208271199655,0.03455180807081128,0.006504274354908096,0.03265063167834561,0.1524661835102306,139.0772165168438,1111,3822.229275829,139.0772165168438
