,a_1_a,a_1_b,b_a0_a,b_a0_b,k_b_a,a_a0_a,a_a0_b,b_1_a,b_1_b,b_a1_a,b_a1_b,a_a1_a,a_a1_b,k_f_a,g_Kr,RMSE,iterations,CPU_time,score
0,0.09093744846776199,0.023393947877735372,0.046935294237169876,0.06305449808348691,0.03674110040056174,0.022328561497668674,0.011756631400479665,0.006505128802458759,0.03266824816891416,6.891100550019031e-05,0.041780718142623074,0.013782765384942886,0.03826465368946693,0.023683491956829457,0.1524181998651456,295.4553486878433,1728,12425.007455986997,295.4553486878433
