,a_a0_a,a_a0_b,b_a1_a,b_a1_b,k_f_a,a_1_a,a_1_b,b_a0_a,b_a0_b,a_a1_a,a_a1_b,k_b_a,b_1_a,b_1_b,g_Kr,RMSE,iterations,CPU_time,score
0,0.02198272926727101,0.012009574932144843,6.88475160773476e-05,0.041787085067063086,0.023817056235604598,0.09086475795507754,0.02338671522140855,0.046272626935457334,0.06286940983063247,0.013847268025050334,0.03817723919506441,0.037155998441484143,0.006502107189266437,0.03266762071406127,0.15241847027625607,296.8435164492977,1217,7894.746399037,296.8435164492977
