,p1,p2,p3,p4,p5,p6,p7,p8,Gkr,RMSE,iterations,CPU_time
0,0.0002503891303047412,0.08846634297901605,3.207114685684115e-05,0.05050260632173339,0.07061757397498318,0.009278059093914852,0.00913314124133212,0.03935566787622918,0.06435684129488249,1107.1692054109262,520,1168.475767564989
1,0.0002503781815374103,0.08846427322797967,3.2069981377043995e-05,0.050503031929515864,0.07061982902795991,0.009277667593595109,0.009133461405261643,0.03935557817172571,0.06435684129488249,1107.1692078172316,514,813.2016343450086
2,0.0002503803885434852,0.08846808121123019,3.206896606780161e-05,0.050503125608898344,0.07061399579389076,0.009277628552132081,0.009132551209951526,0.0393553881331699,0.06435684129488249,1107.1691890340514,781,1171.1304884049896
3,0.0002503910326530725,0.08847022139684045,3.206648773484517e-05,0.050504067595132485,0.07061766663295768,0.009276328479430185,0.009133079249001834,0.039356502149977456,0.06435684129488249,1107.1692152549765,584,1317.715931319006
4,0.00025039577870978,0.0884661368451894,3.2067941949133354e-05,0.05050385348785947,0.07061558283138515,0.009277947575975444,0.009132622120807362,0.039355837096118784,0.06435684129488249,1107.1691870649217,648,1452.629130361005
