,a_a0_a,a_a0_b,b_a1_a,b_a1_b,k_f_a,a_1_a,a_1_b,b_a0_a,b_a0_b,a_a1_a,a_a1_b,k_b_a,b_1_a,b_1_b,g_Kr,RMSE,iterations,CPU_time,score
0,0.021942027906223866,0.011977573102176209,6.883276805668594e-05,0.04179009777283072,0.02368105581291642,0.0908688802046606,0.02339031612300756,0.046269324701809354,0.06260039904735876,0.013975434486603197,0.03829539140928225,0.037122284570620584,0.00649848894787343,0.032677490603503535,0.1524127087785355,173.37770561593453,1511,7133.277815165999,173.37770561593453
