,p1,p2,p3,p4,p5,p6,p7,p8,Gkr,RMSE,iterations,CPU_time
0,0.00022452929014314874,0.0656442740582292,3.2490786661086155e-05,0.055759381452337074,0.08905454759113404,0.00866857270872028,0.004421448054885099,0.03047109769325016,0.1812351643264147,152.37317163985247,477,595.6630384330056
1,0.00022453367705426827,0.06564484980135862,3.2490510785446073e-05,0.05575947784337718,0.08904755179371901,0.008667613813459724,0.004421108075054288,0.03047186606108126,0.1812351643264147,152.37317137633758,706,1337.2990258039936
2,0.00022452637013207214,0.06564463918878538,3.249038704646362e-05,0.05575951888980528,0.08904759999663121,0.00866745065301086,0.00442113283959202,0.03047201408731616,0.1812351643264147,152.37316958369993,564,1108.7550218329998
3,0.00022452184130829382,0.06564573101718627,3.2491643266623e-05,0.05575919502326627,0.08904961296597377,0.00866818758374446,0.004421211235827647,0.030471562391524595,0.1812351643264147,152.37317140230152,663,1304.7927498630015
4,0.0002245219519607915,0.0656450788155731,3.249066531791449e-05,0.0557593322348117,0.0890497933081206,0.008667609308389744,0.004421240945239171,0.03047185973201994,0.1812351643264147,152.37317174044472,741,1464.6714265649935
