,p1,p2,p3,p4,p5,p6,p7,p8,Gkr,RMSE,iterations,CPU_time
0,0.00022524156234754502,0.06995999283912456,3.450334317430876e-05,0.05458838327513008,0.08733627705808002,0.008901200768214153,0.005153894290579795,0.03158417565731331,0.1524,173.13700518465814,786,1460.1409981780016
1,0.0002252419182501498,0.06995999030771578,3.450273842908282e-05,0.05458857629055701,0.0873363328678432,0.008901222336324788,0.005153891056473098,0.031584183289633375,0.1524,173.1370048287697,1303,3421.1147322730103
2,0.00022523950283257656,0.06996028164326766,3.450284707974075e-05,0.05458852794542061,0.08733654957814155,0.008901193358731473,0.005153897145543778,0.03158417034097677,0.1524,173.13700512509484,676,2008.7172053740069
3,0.0002252420537285743,0.06995989962058168,3.450275850052853e-05,0.054588568648299904,0.08733603047976264,0.008901233748960754,0.005153866283419901,0.0315841900211654,0.1524,173.1370052507685,763,2281.059019887005
4,0.00022524123158980394,0.06995997254377559,3.450304564093799e-05,0.05458846442569844,0.08733631802796694,0.008901250002030243,0.005153883365781509,0.031584207907206396,0.1524,173.1370053439564,623,1260.659722227996
