,p1,p2,p3,p4,p5,p6,p7,p8,Gkr,RMSE,iterations,CPU_time,score
0,0.0015676202030779033,0.07930169314147108,2.2202903058135847e-05,0.05117803597263355,0.09594320535945308,0.023935082648068557,0.007054803213102325,0.031328815302738275,0.15473712819484134,721.3703782066643,1103,2435.179242863,721.3703782066643
1,0.000748110403826267,0.0005205822429679597,1.4145119817461758e-05,0.007199928165869924,0.001501105438218975,0.04440862285130518,5.012092901740448,1.0795958994140177e-06,0.1524,,1103,,
