,p1,p2,p3,p4,p5,p6,p7,p8,Gkr,RMSE,iterations,CPU_time,score
0,0.009998007214233455,1.0026390031200273e-07,0.20872568625587892,0.0154901995823216,0.19448553153309087,0.020980673765161648,0.008832201601103325,0.04290657818147236,5.227018324612524,53076.738066013015,2223,7224.499397044001,53076.738066013015
1,0.002028117111372165,0.004254620366947796,0.4688855529899237,0.013193754393582781,0.06965871172541457,1.4694237436985606e-07,6.273342185392967e-07,1.3852059988076964e-06,0.1524,,2223,,
