,a_a0_a,a_a0_b,b_a1_a,b_a1_b,k_f_a,a_1_a,a_1_b,b_a0_a,b_a0_b,a_a1_a,a_a1_b,k_b_a,b_1_a,b_1_b,g_Kr,RMSE,iterations,CPU_time,score
0,0.022248050005100245,0.011818473589915618,6.910475422770844e-05,0.04175375667589478,0.023818513256804254,0.0908189743176382,0.02338946221238206,0.04673778091672377,0.06335323832881072,0.013704826784214603,0.038093577732880364,0.0366376949781078,0.006498051577076847,0.03267877785267356,0.15239319736077453,173.84941650751915,1126,5005.608548554,173.84941650751915
