,p1,p2,p3,p4,p5,p6,p7,p8,Gkr,RMSE,iterations,CPU_time
0,0.00011970689040322036,0.09583521438184682,1.776051634606667e-05,0.052849613761437174,0.05472101257650395,0.010153946405273655,0.008827487797929396,0.047562883714594474,0.045308791081603676,9192.718589029493,933,2833.114457575997
1,0.0001197496764233215,0.09583237707019027,1.7762235627277696e-05,0.052849165854337604,0.054729767231885634,0.010150778512167124,0.008831256781985895,0.0475595747258449,0.045308791081603676,9192.718458524098,1364,3913.0097772949957
2,0.00011982926295886366,0.0958194302476214,1.776346618751405e-05,0.05284834815703343,0.05472754251551838,0.010151389689764546,0.008829819681432085,0.047561627061789125,0.045308791081603676,9192.71853271979,587,1780.9299284070003
3,0.00011963623622616266,0.0958497859970038,1.7756041513255138e-05,0.05285214535413703,0.05472250621314057,0.010153549442409466,0.008828159394297687,0.04756141330077373,0.045308791081603676,9192.718594629407,653,1203.2325514900003
4,0.00011997197972045962,0.09579639508421578,1.7777891033785535e-05,0.052841985855460044,0.05471448756766305,0.010156670902101515,0.008828437652074536,0.04755552007749474,0.045308791081603676,9192.718503374508,1009,1825.2315371100049
