,p1,p2,p3,p4,p5,p6,p7,p8,Gkr,RMSE,iterations,CPU_time,score
0,0.0016140901807671403,0.07287194584376065,1.904864417060431e-05,0.052292890079129316,0.11016549605100721,0.023161970305516637,0.00888543108932916,0.029408679777907575,0.15302674363273283,2966.027072961545,2079,8532.684831941006,2966.027072961545
1,0.0007091845327651017,1.1887863933834338e-07,0.012102724891770061,0.0013861899336449833,0.008176858725829387,0.0021154184101322263,6.853515841559965e-06,3.719363604166641e-05,0.1524,,2079,,
