,p1,p2,p3,p4,p5,p6,p7,p8,Gkr,RMSE,iterations,CPU_time,score
0,0.0019687441413733693,0.05415719558744888,2.978110572054374e-05,0.04873657272812518,0.09611936673161395,0.02310401808569643,0.0068516688602967305,0.03139443916024757,0.15789042343967366,2613.0465552359324,1855,6620.088060059999,2613.0465552359324
1,5.020851087748249e-07,2.2757882273059942e-07,2.107783986238872e-06,0.0259517240967322,1.0167168397955847e-06,0.0008769083297397201,0.07678217170203794,2.588449674200112e-06,0.1524,,1855,,
