,a_a0_a,a_a0_b,b_a1_a,b_a1_b,k_f_a,a_1_a,a_1_b,b_a0_a,b_a0_b,a_a1_a,a_a1_b,k_b_a,b_1_a,b_1_b,g_Kr,RMSE,iterations,CPU_time,score
0,0.021862751863871595,0.012080347720452333,6.880025878025567e-05,0.04178860031492033,0.023691975891397477,0.0908162488396767,0.023388117297538574,0.0458416156304781,0.062701486747209,0.013787822057195994,0.038393069137154436,0.036799324915755646,0.006499216494153707,0.03268004149349404,0.15234855940336048,294.9067529738432,916,6472.630648443999,294.9067529738432
