,a_a0_a,a_a0_b,b_a1_a,b_a1_b,k_f_a,a_1_a,a_1_b,b_a0_a,b_a0_b,a_a1_a,a_a1_b,k_b_a,b_1_a,b_1_b,g_Kr,RMSE,iterations,CPU_time,score
0,0.022557894366732743,0.011711461383411503,6.890832244691927e-05,0.04177492861448373,0.02379941876874311,0.0908186147628869,0.023386449024504978,0.047318344542610205,0.06333333228085883,0.013581724409822738,0.03806830196828518,0.03647005051498338,0.006496496089287717,0.032683528051592386,0.15239740554992792,174.58113627019432,1199,5296.561498170999,174.58113627019432
