,p1,p2,p3,p4,p5,p6,p7,p8,Gkr,RMSE,iterations,CPU_time,score
0,519.373605621487,0.005531665202424577,5.2189311375155814e-05,0.13502744827150426,0.10603745936349496,0.02173101707431716,0.014277954437102846,0.03491419933559895,0.08547553500419147,47229.47501374852,1869,6411.941298659,47229.47501374852
1,0.24620875247706972,7.278122708370322e-07,1.7785969095202625,0.0022209884453731183,0.009476152422312888,0.0018198690120307531,3.909020323462723e-07,1.1489161668558716e-06,0.1524,,1869,,
