,p1,p2,p3,p4,p5,p6,p7,p8,Gkr,RMSE,iterations,CPU_time
0,8.783705868311488e-05,0.09149869598316052,2.8025017728009755e-05,0.053329885196543775,0.0814148496314077,0.009557070617110254,0.007518462517637152,0.03654880751230246,0.09127977271835509,1641.5884452305588,674,1259.3183261850209
1,8.784794636235982e-05,0.09149578326112294,2.802404644519399e-05,0.05333022564470783,0.08140980655239814,0.009557249022788263,0.007518104974597847,0.03654842400046609,0.09127977271835509,1641.5884426686787,623,1168.4852506459865
2,8.785118697685905e-05,0.0914952909279242,2.8025349283132446e-05,0.05332979669478782,0.08141340032854896,0.00955661870928096,0.007518534303910332,0.03654881280102584,0.09127977271835509,1641.5884325421891,555,1040.33717625399
3,8.784331232951313e-05,0.09149631169933096,2.802097407067193e-05,0.053331065895410784,0.08140881982367686,0.009556987416998489,0.0075181495220289435,0.03654801388419821,0.09127977271835509,1641.5884410488318,1227,2327.058398296009
4,8.784965731083755e-05,0.09149543060948612,2.8024919302224614e-05,0.05332992300821582,0.08141237833151699,0.009556637032384258,0.007518465397628254,0.036548653706671354,0.09127977271835509,1641.5884246046967,955,1791.8499419800064
