,p1,p2,p3,p4,p5,p6,p7,p8,Gkr,RMSE,iterations,CPU_time,score
0,0.3458163420698987,1.0000004263519099e-07,3.0746509480576942,1.0000014497563383e-07,2.965984352285719e-07,1.0061288840219055e-07,1.0178483779321677e-05,1.0017483986696991e-07,0.0652694327435371,341640.96331569675,1734,4808.169342841,341640.96331569675
1,0.3553329121158463,0.011040125118601004,3.06534625680469,0.04636875142080817,2.807253514743026e-07,0.002887652655352135,1.0347220753710546e-05,9.982224366641653e-06,0.1524,,1734,,
