,p1,p2,p3,p4,p5,p6,p7,p8,Gkr,RMSE,iterations,CPU_time,score
0,0.0016901685348540295,0.0366305350274962,4.303138766343028e-05,0.04591592864646022,0.09315683615628476,0.02181440976816829,0.007351040048592564,0.029601115296243628,0.1639135584645928,1708.9875073321373,1039,3210.4850629760003,1708.9875073321373
1,0.6908344594755192,1.2030570348451968e-06,0.00016163606914742536,9.250281559413567e-06,0.013743031177443082,2.672846190099458e-05,0.01741648557970246,0.051161168286967755,0.1524,,1039,,
