,p1,p2,p3,p4,p5,p6,p7,p8,Gkr,RMSE,iterations,CPU_time
0,0.00019583537848223123,0.056870810787857766,2.842151506588024e-05,0.05991263863875118,0.09120146857958708,0.009684185657967243,0.0015746445764336435,0.025176054166921154,0.6096,405.9042008878825,654,825.2830821270036
1,0.000195923290385197,0.05686554636323319,2.8421343386936423e-05,0.059913220123233496,0.09120572334830652,0.009684143237649873,0.0015745428962853642,0.02517504436716236,0.6096,405.9042365161177,484,610.276276871009
2,0.0001958706158407653,0.0568684124921811,2.84197092528058e-05,0.059913458607322743,0.0911988203870377,0.009683485823439439,0.0015745901665965246,0.025175855787529042,0.6096,405.90419659878654,489,617.0729994320136
3,0.00019582908735553016,0.05687419740216467,2.8421393020593735e-05,0.059913243525628275,0.0912051472820182,0.009684980282963522,0.001574765129867392,0.02517465301586907,0.6096,405.9042513467833,467,586.4678733220062
4,0.00019594021966251086,0.05687211593776804,2.8416388828833325e-05,0.0599148364387711,0.09121254792789707,0.009683055843192644,0.001574490246834888,0.025175614780751997,0.6096,405.9041936888224,489,615.6170439659909
