,b_1_a,b_1_b,k_b_a,b_a0_a,b_a0_b,b_a1_a,b_a1_b,k_f_a,a_a1_a,a_a1_b,a_a0_a,a_a0_b,a_1_a,a_1_b,g_Kr,RMSE,iterations,CPU_time,score
0,0.006495170332890005,0.032677466762003005,0.03745345137020056,0.04572520507335296,0.06255855013639763,6.900938405568117e-05,0.04176764703339812,0.023696958536686817,0.014033322892082553,0.03811092953196995,0.021709087411660975,0.012336214515092283,0.09077704823720084,0.023393053296043055,0.15239381650350503,295.8990644089225,1310,9269.39571546,295.8990644089225
