,a_a0_a,a_a0_b,b_a1_a,b_a1_b,k_f_a,a_1_a,a_1_b,b_a0_a,b_a0_b,a_a1_a,a_a1_b,k_b_a,b_1_a,b_1_b,g_Kr,RMSE,iterations,CPU_time,score
0,0.022423896726263277,0.011733934676797217,6.899722284006905e-05,0.041771233623247424,0.023867526914397554,0.0908275612669174,0.023406413127756535,0.04741996047259574,0.0632063784539576,0.013667882082448794,0.038129398332581374,0.036613886223502715,0.0064959197994409485,0.03267359839837531,0.1524205547726557,139.29887012814214,1017,3340.305334694,139.29887012814214
