,p1,p2,p3,p4,p5,p6,p7,p8,Gkr,RMSE,iterations,CPU_time,score
0,0.15830928339471492,0.0060843349496706705,10.165887274631054,0.012040254046793618,36.49689319314325,0.04800005339472467,1.472129020254449,0.016177021928105887,15.18045267881834,184152.00981496915,1777,7943.171281915999,184152.00981496915
1,0.00017818748207532213,0.005068905759473594,5.12106232416916,8.388732580234897e-05,1.019107819070996e-06,2.5861650319775114e-05,0.006184446128268797,3.468032056720161e-06,0.1524,,1777,,
