,p1,p2,p3,p4,p5,p6,p7,p8,Gkr,RMSE,iterations,CPU_time,score
0,0.0015661172274775037,0.0793121407000462,2.2231398947473077e-05,0.051171329094481154,0.09597534108422148,0.02393179768876476,0.007051922065576451,0.031336015203018805,0.15482369935141907,718.9106158232366,1377,3181.956520934,718.9106158232366
1,0.20366907874937715,0.00011342535273824315,1.95080751798108e-07,0.0001836645662214405,0.00013608349609117251,4.133955193806269e-07,9.33077165379771,8.620869158076983e-06,0.1524,,1377,,
