,p1,p2,p3,p4,p5,p6,p7,p8,Gkr,RMSE,iterations,CPU_time,score
0,0.001869408925549515,0.09139961136214438,1.3475201436710852e-05,0.05472212824561798,209.23270401476944,0.024374617122117685,16.81270314052538,0.029865849391242105,0.14193795957082433,2451.2710061234707,813,1576.652331809,2451.2710061234707
1,3.0066356075687642e-05,6.439474613754933e-07,0.0005748604456225822,0.013449372011533213,5.364642330427308,0.007588720796194349,0.04189777526775199,3.929394931693863e-06,0.1524,,813,,
