,a_a0_a,a_a0_b,b_a1_a,b_a1_b,k_f_a,a_1_a,a_1_b,b_a0_a,b_a0_b,a_a1_a,a_a1_b,k_b_a,b_1_a,b_1_b,g_Kr,RMSE,iterations,CPU_time,score
0,0.022219176705636483,0.011639357730778819,6.86450914418891e-05,0.04181334293123329,0.024126266373963524,0.09077799575086418,0.023386713239877968,0.04658000592395028,0.06297733715863114,0.013328390831881658,0.0384339557654253,0.03631723070014168,0.006494721498117536,0.03268535695686329,0.1523910979930923,139.04209269826026,859,2996.8237943560002,139.04209269826026
