,a_a0_a,a_a0_b,b_a1_a,b_a1_b,k_f_a,a_1_a,a_1_b,b_a0_a,b_a0_b,a_a1_a,a_a1_b,k_b_a,b_1_a,b_1_b,g_Kr,RMSE,iterations,CPU_time,score
0,0.022248698105971753,0.011790122204100629,6.889389749675116e-05,0.041782522688754646,0.023686724001334005,0.09093568653353,0.023393554656614562,0.04670591660245873,0.06299735487288351,0.0138167924023524,0.03829460246488404,0.03688460833546927,0.006505070031508437,0.03266875123779095,0.15241655692345005,295.45518316298865,1215,8322.379927315997,295.45518316298865
