,p1,p2,p3,p4,p5,p6,p7,p8,Gkr,RMSE,iterations,CPU_time,score
0,0.0016885768298452305,0.0366659413071617,4.2891465206918486e-05,0.0459391961836169,0.09317566031874389,0.02180856686427138,0.0073536719337205314,0.02960773661079301,0.16385810459185082,1711.7413466731043,1599,4612.537769584999,1711.7413466731043
1,1.0448574061399466e-07,0.005320289807097405,0.024195741473391815,0.0016283010495137986,1.9299586566512348e-05,7.016731864414227e-06,0.008318459191069438,8.14065312165334e-06,0.1524,,1599,,
