,p1,p2,p3,p4,p5,p6,p7,p8,Gkr,RMSE,iterations,CPU_time
0,0.0003746618987316097,0.05735339494835283,3.340121136144232e-05,0.05889490067582929,0.0939692383694663,0.010180571079679531,0.001699122909647874,0.025188230115209764,0.5126104547386644,1314.2142042982855,655,2157.458949099004
1,0.0003746473970527688,0.0573538630580629,3.3397460769726545e-05,0.05889560011895836,0.0939690153869727,0.010179874650303282,0.0016991521758613754,0.02518802080155765,0.5126104547386644,1314.2141929588295,620,1709.2059009950026
2,0.00037464943606302484,0.05735321917796957,3.3399897299478694e-05,0.05889516757089474,0.09396335021341522,0.010179674765226533,0.0016990226987277208,0.025188769929137222,0.5126104547386644,1314.2142003941,511,1345.708074530994
3,0.00037464309983967843,0.05735449152803158,3.339723157060223e-05,0.05889589444702126,0.09396910889886832,0.010179918236081264,0.0016991321835097533,0.02518828821342527,0.5126104547386644,1314.2142110748505,541,1763.4750947580033
4,0.0003746841171094134,0.057351610453765446,3.339623604609333e-05,0.058895969714381484,0.09396883172175638,0.010179683913574922,0.0016991378379119066,0.0251882611455997,0.5126104547386644,1314.214151907853,561,1829.6080572390056
