,p1,p2,p3,p4,p5,p6,p7,p8,Gkr,RMSE,iterations,CPU_time,score
0,0.0016886169840335413,0.0366665711770293,4.288901805833907e-05,0.04593987247347933,0.09317599508805677,0.021808402668092298,0.007353841483726188,0.029607220339864744,0.16385785218393425,1711.7413149705287,951,2889.0133829180013,1711.7413149705287
1,1.4301881644321487e-05,0.00027066715211159875,7.139698766763155e-06,2.884409364032214e-05,0.002299509494086547,0.00020974946798547463,0.03529622239735154,2.345591979355689e-06,0.1524,,951,,
