,p1,p2,p3,p4,p5,p6,p7,p8,Gkr,RMSE,iterations,CPU_time,score
0,0.0016919873756870455,0.03663198911616529,4.29620681185318e-05,0.045928929487502324,0.0931560940148179,0.0218196870026626,0.007350793930221862,0.02960619318422307,0.1638581633329669,1709.8121414908362,1329,4186.082174343999,1709.8121414908362
1,2.5663375192076e-05,4.6312974490285217e-07,0.001968895982325756,1.467816097799246e-06,2.0972560262420792e-06,0.07625668647699269,0.3522008639770095,0.034458045393144,0.1524,,1329,,
