,p1,p2,p3,p4,p5,p6,p7,p8,Gkr,RMSE,iterations,CPU_time
0,0.000367100450406074,0.05790178694276825,3.352763080194141e-05,0.058548655950302654,0.09246645479758896,0.0100352399860648,0.0019916417806817967,0.025622703260558415,0.43105229381131943,1193.7304834865529,650,2150.7452186199953
1,0.0003671623075593857,0.05789844059046018,3.353234866232261e-05,0.05854760529620874,0.09246461800911573,0.010035121748544295,0.001991612195421666,0.025623115987636984,0.43105229381131943,1193.7304558380345,783,2604.946884867997
2,0.0003671418197100606,0.05789939198956559,3.3530385465547765e-05,0.05854812231836139,0.09246472586453745,0.010035030608777168,0.00199164193461586,0.025622960978583537,0.43105229381131943,1193.73045305878,947,3094.146373128009
3,0.00036712865583582536,0.057901639218471315,3.3530236054903074e-05,0.058548127566790086,0.09246598158593698,0.010034788155935136,0.00199160917138281,0.02562308096885294,0.43105229381131943,1193.7304903551856,559,1497.3795224159985
4,0.0003671324408424666,0.05790027902192251,3.353434315709916e-05,0.05854708802489368,0.09246398360583294,0.010035237191737633,0.001991606281572093,0.025623127198259068,0.43105229381131943,1193.7304606157347,873,2886.167917058003
