,p1,p2,p3,p4,p5,p6,p7,p8,Gkr,RMSE,iterations,CPU_time,score
0,0.001689720084855609,0.03664217267720485,4.294228414976971e-05,0.0459327120491219,0.09318722086490117,0.02181205189755631,0.007351119719574407,0.029617963675401267,0.16386593369677083,1711.914094245291,1235,3457.2724504419966,1711.914094245291
1,0.5171600861905995,0.012248295170701811,0.002697318644903365,8.079815836266065e-07,2.0843800437202726e-07,0.06381362296691998,0.014605465610009,0.020174718410125508,0.1524,,1235,,
