,a_a0_a,a_a0_b,b_a1_a,b_a1_b,k_f_a,a_1_a,a_1_b,b_a0_a,b_a0_b,a_a1_a,a_a1_b,k_b_a,b_1_a,b_1_b,g_Kr,RMSE,iterations,CPU_time,score
0,0.022302422018563865,0.011760111398535417,6.88753641712952e-05,0.04178448535921052,0.023828598802428606,0.09082679674848645,0.023392528109486693,0.0467941949679007,0.06314960850714847,0.013927102374604934,0.03813450320831188,0.03759459488697616,0.006497976134432106,0.032670707589111114,0.15242623715869855,296.4830827301698,837,5689.946041483001,296.4830827301698
