,p1,p2,p3,p4,p5,p6,p7,p8,Gkr,RMSE,iterations,CPU_time,score
0,0.0016152066536271647,0.07289560370474273,1.9058094636587154e-05,0.05228919254581914,0.11025568859520146,0.023168810759525725,0.008891015491292675,0.029411425082934758,0.1530028722167794,2966.6188353129237,1528,6735.867124130002,2966.6188353129237
1,4.601119278043128e-07,0.0059351775459028176,1.563008906237034e-05,0.000143448473157994,3.6595969571973455,0.00033465015431487785,7.213240209550783e-07,1.287785698043718e-06,0.1524,,1528,,
