,a_a0_a,a_a0_b,b_a1_a,b_a1_b,k_f_a,a_1_a,a_1_b,b_a0_a,b_a0_b,a_a1_a,a_a1_b,k_b_a,b_1_a,b_1_b,g_Kr,RMSE,iterations,CPU_time,score
0,0.023086947545052233,0.010495929552269434,6.954321352594532e-05,0.041705482073577466,0.023173511775413217,0.09092738033209077,0.023412603389224556,0.053664600798262276,0.06376719851634677,0.014244403248288736,0.038168617916858716,0.033910790293153345,0.0065077762622425045,0.03264665931086997,0.15238196962894135,138.52858293263543,1205,3958.712704968,138.52858293263543
