,p1,p2,p3,p4,p5,p6,p7,p8,Gkr,RMSE,iterations,CPU_time
0,0.00037993823582738965,0.05693061550563185,3.31636890612909e-05,0.05921017891151993,0.0955261036983674,0.010274430491700511,0.001452010494869086,0.024812904592625626,0.6096,1424.4397313208387,624,1173.0172957619943
1,0.00037996216317484947,0.05692825763158625,3.3161753547561226e-05,0.05921056069682274,0.09552633183739974,0.010273779784006969,0.0014520418339020573,0.02481279068112608,0.6096,1424.4396669538557,559,1049.2020090989972
2,0.0003798776241866318,0.05693375216381328,3.316393044308159e-05,0.05921011343357736,0.09552545287019155,0.010274146068813002,0.0014520166353704862,0.024813059545453178,0.6096,1424.4396948458004,875,1634.7537208190042
3,0.00037991529754000824,0.056931313668315435,3.3161201748085357e-05,0.05921062034130089,0.09552550674675227,0.010274165121048139,0.0014519959597138537,0.02481287416426146,0.6096,1424.439721460082,696,1298.5165411800117
4,0.00037988691971279064,0.056933257783697185,3.3163837385058864e-05,0.05921000184271201,0.09552532509341885,0.010274251993431032,0.0014519884160708414,0.024813002057685867,0.6096,1424.4396845981355,839,1565.1240956830006
