,p1,p2,p3,p4,p5,p6,p7,p8,Gkr,RMSE,iterations,CPU_time,score
0,0.0016863140993277454,0.08444599419863959,2.2064566694236412e-05,0.051220604223941216,0.12137205639935236,0.02686300235551264,0.008867173254328009,0.028800952568185822,0.1546546361137549,655.6513229228038,2340,5057.926444943,655.6513229228038
1,1.640530048640699e-05,4.819996789366323e-07,0.00012535329145978047,4.276312153324394e-05,0.00011404715885688686,0.00032594561972322983,5.721357805654326,0.0009768985930598906,0.1524,,2340,,
