,p1,p2,p3,p4,p5,p6,p7,p8,Gkr,RMSE,iterations,CPU_time,score
0,333.73657815073796,0.004795048941574732,362.04960636505086,0.00830462870990328,3.5963191325362547,0.039798576955773726,0.47955201209927745,0.012440789381790721,0.1583040361154843,53563.56046939245,1317,2368.9632308109994,53563.56046939245
1,0.10403280935219038,0.00015966859861237046,0.0535901791432644,1.0370727093380864e-06,4.010687245706704e-07,0.016824494451245637,3.8394605297199264e-05,0.1413814279881986,0.1524,,1317,,
