,p1,p2,p3,p4,p5,p6,p7,p8,Gkr,RMSE,iterations,CPU_time,score
0,0.0016861171471073252,0.0844859102834552,2.211985847873029e-05,0.051194242727606205,0.12148037994031095,0.02688941172691358,0.008875242368462063,0.028785036868013713,0.15466396071630864,656.7724231097778,1420,2902.5196920630005,656.7724231097778
1,2.3260786913438483e-06,1.0053605275446883e-07,3.8000201371903657e-06,2.2791961998060573e-05,4.588153332763973,0.003598440604145539,7.5864124916848255,1.7035396334186242e-06,0.1524,,1420,,
