,a_a0_a,a_a0_b,b_a1_a,b_a1_b,k_f_a,a_1_a,a_1_b,b_a0_a,b_a0_b,a_a1_a,a_a1_b,k_b_a,b_1_a,b_1_b,g_Kr,RMSE,iterations,CPU_time,score
0,0.02198355470925756,0.012008910179416772,6.884764643808051e-05,0.04178704964997031,0.023818109227982564,0.09086479472381662,0.023386667966991247,0.046275307991295464,0.06287177446808191,0.01384702492171009,0.03817540147152283,0.03715650484664971,0.006502115585098779,0.03266767917187947,0.15241827167610003,296.8435166246625,1169,8209.010533649998,296.8435166246625
