,a_a0_a,a_a0_b,b_a1_a,b_a1_b,k_f_a,a_1_a,a_1_b,b_a0_a,b_a0_b,a_a1_a,a_a1_b,k_b_a,b_1_a,b_1_b,g_Kr,RMSE,iterations,CPU_time,score
0,0.022124747394493303,0.012556352064184635,6.891299203841254e-05,0.041771663720276714,0.02381448897986797,0.09075921286848328,0.02337847971477078,0.04578678293242735,0.06281347933733909,0.013689088962692204,0.037806298052638576,0.03722741957921302,0.006496607845765485,0.03269866924166507,0.15232011577843949,138.47989317468057,1284,4217.0690832519995,138.47989317468057
