,a_a0_a,a_a0_b,b_a1_a,b_a1_b,k_f_a,a_1_a,a_1_b,b_a0_a,b_a0_b,a_a1_a,a_a1_b,k_b_a,b_1_a,b_1_b,g_Kr,RMSE,iterations,CPU_time,score
0,0.02227774364802538,0.011614851908298172,6.863619188875383e-05,0.041814473911017225,0.024162038525664644,0.09077558400123845,0.023386196259906254,0.046647219402702424,0.06303921569270671,0.01329366779224803,0.03839733475989142,0.03632778410317061,0.006494568794489846,0.03268585642335194,0.15239132608844685,139.04207633936997,992,3385.945768953,139.04207633936997
