,p1,p2,p3,p4,p5,p6,p7,p8,Gkr,RMSE,iterations,CPU_time,score
0,0.0013110761846790878,1.0014088947636996e-07,0.22522963809821525,0.015086795438639392,0.19406560324332434,0.02128126612880551,0.008912746825407228,0.04292098084208254,40.77629530363425,53143.11398178147,3306,9474.820335253,53143.11398178147
1,0.026396746838454895,0.0013361019703631647,2.0346693024113356,3.7029176400141826e-07,6.467556862925589e-05,0.1887729465296317,2.210479565580134,0.00325871720588374,0.1524,,3306,,
