,b_1_a,b_1_b,k_b_a,b_a0_a,b_a0_b,b_a1_a,b_a1_b,k_f_a,a_a1_a,a_a1_b,a_a0_a,a_a0_b,a_1_a,a_1_b,g_Kr,RMSE,iterations,CPU_time,score
0,0.006497616903676147,0.03266664442797454,0.03695525494289575,0.04645921065289337,0.06330181299908094,6.879621721657675e-05,0.04179260525545588,0.02360171516690548,0.013633936395481642,0.03842081051804031,0.022586110127128904,0.011768612521605647,0.09081180660319424,0.02339580223063236,0.15242631069952928,173.6571388735316,1066,4766.096654500001,173.6571388735316
