,a_a0_a,a_a0_b,b_a1_a,b_a1_b,k_f_a,a_1_a,a_1_b,b_a0_a,b_a0_b,a_a1_a,a_a1_b,k_b_a,b_1_a,b_1_b,g_Kr,RMSE,iterations,CPU_time,score
0,0.023584592020681663,0.010817806374279934,6.892968940710371e-05,0.041774092762441706,0.023847266172394563,0.09084302831308842,0.023394555744042034,0.04983120704175549,0.0640438434075256,0.013134334698627216,0.03830696352204368,0.03504099318220151,0.006498767867587868,0.03268106503441803,0.1524076414175145,138.68322931789865,1359,4655.588017547001,138.68322931789865
