,a_a0_a,a_a0_b,b_a1_a,b_a1_b,k_f_a,a_1_a,a_1_b,b_a0_a,b_a0_b,a_a1_a,a_a1_b,k_b_a,b_1_a,b_1_b,g_Kr,RMSE,iterations,CPU_time,score
0,0.022583129284818086,0.01177230763832686,6.879774577732374e-05,0.04179248256419008,0.02360118640275531,0.09081235387097546,0.023395765598548116,0.04646092735537565,0.06330083983574732,0.013635054366859111,0.03841857376679739,0.03695311413487704,0.006497647252330307,0.032666514646441366,0.1524269267554496,173.65713796479508,1143,5382.555023696999,173.65713796479508
