,p1,p2,p3,p4,p5,p6,p7,p8,Gkr,RMSE,iterations,CPU_time,score
0,0.001684705699527871,0.08444512016503597,2.2113281553744928e-05,0.05119897568925773,0.12143005847302207,0.026900150152743305,0.008870760261970461,0.02877624192769941,0.1546594505458833,653.2881585623114,1313,2768.4765202000003,653.2881585623114
1,0.16420261482461757,0.009276316567290001,0.0001413362099559282,3.8808223537380657e-07,3.981324596115121e-05,0.12858653778846887,5.181807115182173e-07,4.075457981416403e-06,0.1524,,1313,,
