,b_1_a,b_1_b,k_b_a,b_a0_a,b_a0_b,b_a1_a,b_a1_b,k_f_a,a_a1_a,a_a1_b,a_a0_a,a_a0_b,a_1_a,a_1_b,g_Kr,RMSE,iterations,CPU_time,score
0,0.006492914705842224,0.03270286785322686,0.0368482667652429,0.046948457660901215,0.06385442970652264,6.884685273414351e-05,0.041782579556261905,0.023701286594525264,0.01364345418277767,0.03822984367362942,0.022648916579615933,0.011661741744909733,0.09081163390876767,0.023392045063008668,0.1523782312585344,173.78005868984988,1748,7768.962906503999,173.78005868984988
