,a_a0_a,a_a0_b,b_a1_a,b_a1_b,k_f_a,a_1_a,a_1_b,b_a0_a,b_a0_b,a_a1_a,a_a1_b,k_b_a,b_1_a,b_1_b,g_Kr,RMSE,iterations,CPU_time,score
0,0.02193795177265597,0.011979846513755037,6.883532595584176e-05,0.0417897671559748,0.023681579170176617,0.09086864056638673,0.02339035107655482,0.04626523669207716,0.06259971168457001,0.013978147251971558,0.038293210581229656,0.03712640945779983,0.00649844658588996,0.03267757297351173,0.15241268919516404,173.37770636820753,1187,5604.526866602002,173.37770636820753
