,b_1_a,b_1_b,k_b_a,b_a0_a,b_a0_b,b_a1_a,b_a1_b,k_f_a,a_a1_a,a_a1_b,a_a0_a,a_a0_b,a_1_a,a_1_b,g_Kr,RMSE,iterations,CPU_time,score
0,0.0065100399961654926,0.03267095793325217,0.03624826162182829,0.04758893145394064,0.06298727631885494,6.874021133956965e-05,0.04179299322122242,0.023575188224148138,0.013565773469310436,0.038527448894011815,0.022780082294391057,0.01155071781860538,0.09095213910282542,0.023389404097115273,0.1523593044933511,202.95325744397726,1225,5255.735860236004,202.95325744397726
