,a_a0_a,a_a0_b,b_a1_a,b_a1_b,k_f_a,a_1_a,a_1_b,b_a0_a,b_a0_b,a_a1_a,a_a1_b,k_b_a,b_1_a,b_1_b,g_Kr,RMSE,iterations,CPU_time,score
0,0.02217473322127039,0.012561042064591622,6.891396442541156e-05,0.04177180549702341,0.02389472460542671,0.09075355931648703,0.02337729104541289,0.045875325355616746,0.06289867121656433,0.013648007429634035,0.037701393556481874,0.03728566697157801,0.006496216594966591,0.03269998557697427,0.1523204768402536,138.47986645267596,1221,4192.034552813,138.47986645267596
