,a_a0_a,a_a0_b,b_a1_a,b_a1_b,k_f_a,a_1_a,a_1_b,b_a0_a,b_a0_b,a_a1_a,a_a1_b,k_b_a,b_1_a,b_1_b,g_Kr,RMSE,iterations,CPU_time,score
0,0.02255335711653133,0.011629785278443345,6.898197345358076e-05,0.04176709448444703,0.023655055458211383,0.09080766187060478,0.02339861576251151,0.04703204316018245,0.06313171194837139,0.013641139639789484,0.03844372108646902,0.0367350973014016,0.006495591589740329,0.03267611488765018,0.15241620384489543,173.76842924105253,1047,4283.212248963002,173.76842924105253
