,b_1_a,b_1_b,k_b_a,b_a0_a,b_a0_b,b_a1_a,b_a1_b,k_f_a,a_a1_a,a_a1_b,a_a0_a,a_a0_b,a_1_a,a_1_b,g_Kr,RMSE,iterations,CPU_time,score
0,0.006492907735666458,0.03270280932837333,0.036846579931954705,0.04695602369249057,0.06385553434077064,6.884630488791042e-05,0.04178263264288897,0.023701020560107533,0.01364190006864545,0.03823034574303157,0.022653719836048226,0.011659064222101926,0.0908116101890975,0.023392090603640753,0.15237823263698475,173.7800592904027,1350,6123.201690213,173.7800592904027
