,a_a0_a,a_a0_b,b_a1_a,b_a1_b,k_f_a,a_1_a,a_1_b,b_a0_a,b_a0_b,a_a1_a,a_a1_b,k_b_a,b_1_a,b_1_b,g_Kr,RMSE,iterations,CPU_time,score
0,0.021922612348891847,0.012026879085644546,6.893598750654156e-05,0.04177682960294582,0.02376125267027367,0.0908170472260625,0.023389864910799432,0.04636914622530106,0.06256205279464838,0.01393318785850868,0.038201380235733676,0.03717521356540086,0.006497426846626638,0.032673596204284734,0.15241433068611604,173.52652138005075,983,4655.293695245,173.52652138005075
