,b_1_a,b_1_b,k_b_a,b_a0_a,b_a0_b,b_a1_a,b_a1_b,k_f_a,a_a1_a,a_a1_b,a_a0_a,a_a0_b,a_1_a,a_1_b,g_Kr,RMSE,iterations,CPU_time,score
0,0.006511285601628804,0.03266858547865303,0.03583932255522684,0.05187979038890683,0.06436657325602273,6.933282312663127e-05,0.04172912244349125,0.024218826628306087,0.013695958706982403,0.03738051049618844,0.023274732205142038,0.010770537100026536,0.091041526503049,0.023402138802452094,0.15242850606231598,138.18941040014107,1024,3214.6293095660003,138.18941040014107
