,p1,p2,p3,p4,p5,p6,p7,p8,Gkr,RMSE,iterations,CPU_time
0,0.00021761551357067353,0.060082953397335756,2.9530472270193747e-05,0.05761144153684034,0.093064471029286,0.008553495311408808,0.003290827449448987,0.028585084324388627,0.2563052273693322,215.96498491033532,787,1386.4450392379986
1,0.0002176259390894609,0.06008186409485325,2.9532335794954862e-05,0.05761116952759944,0.09306128779081628,0.008553641298300675,0.003290760900709068,0.028585219758056547,0.2563052273693322,215.9649919232429,660,1019.6674723179967
2,0.0002176091991512989,0.06008243230117543,2.953164095188184e-05,0.0576110921460053,0.0930601452182978,0.008553124906868288,0.003290710935239347,0.028585518164738408,0.2563052273693322,215.96498334915856,497,675.8487869560049
3,0.00021760702207038686,0.060083143473144446,2.9530600094776754e-05,0.05761143702069248,0.09306269087923623,0.00855321869484435,0.0032907739121296312,0.028585454335737413,0.2563052273693322,215.96497925813523,882,1252.9971688060032
4,0.00021761719994251578,0.060083270844356454,2.953064916150969e-05,0.05761158299672654,0.09306842964286333,0.00855378466892765,0.0032909787907052035,0.028584773465334,0.2563052273693322,215.9649826118632,829,1607.4677453879995
