,p1,p2,p3,p4,p5,p6,p7,p8,Gkr,RMSE,iterations,CPU_time
0,0.00021772303402804892,0.06012379721377715,2.950495985433453e-05,0.057627733549893465,0.09260214335318549,0.00852593303497895,0.003274441601887593,0.028609093825362225,0.2563052273693322,215.0763290687696,748,1005.9593768180057
1,0.0002177158445541472,0.060126002162898415,2.950573210941587e-05,0.05762760319755402,0.09259143134250598,0.008525172834118046,0.0032740526107682515,0.02860999651857696,0.2563052273693322,215.0763314154343,570,961.8198844840081
2,0.00021770922147076345,0.060127121370022275,2.950480485511426e-05,0.05762794064915296,0.0926054612969816,0.008526193525917302,0.0032745678494079155,0.02860874109273585,0.2563052273693322,215.07633269256547,557,903.7830515829992
3,0.00021771277635503815,0.060127216729264216,2.9503825272995875e-05,0.057628265808664474,0.09260631829614184,0.008526277707234778,0.0032745423505777626,0.02860877923562378,0.2563052273693322,215.07633023929955,759,1373.5893028550054
4,0.00021771252417629574,0.06012512281497988,2.9506122903935278e-05,0.057627506242761604,0.09260102616136016,0.008526111275789963,0.0032744027927789237,0.028609414819167348,0.2563052273693322,215.07632889576107,505,960.9450794189906
