,p1,p2,p3,p4,p5,p6,p7,p8,Gkr,RMSE,iterations,CPU_time,score
0,0.0016919549664225551,0.03663280823160441,4.296077994033082e-05,0.04592925328705755,0.09315486990837493,0.02181958716444887,0.007350765698798261,0.029605686343373582,0.1638589424169154,1709.8121442279246,1400,3981.8793624709997,1709.8121442279246
1,4.3107321829533406e-07,0.00016773149762937774,2.962686284793632e-05,0.0007506800692495234,0.05427950666710913,0.0007844944908549199,0.1471295466823337,0.009034481535248585,0.1524,,1400,,
