,p1,p2,p3,p4,p5,p6,p7,p8,Gkr,RMSE,iterations,CPU_time,score
0,0.0016851919755391225,0.08445973817617183,2.2073300132240794e-05,0.051211985552559874,0.12132723291341892,0.026882926141463082,0.008869317814187804,0.028787665710897192,0.15459504967097434,654.5817631222269,1152,2347.427880106,654.5817631222269
1,0.027552695786608492,2.747955603563781e-05,1.904850814751435e-06,1.2681208442117347e-07,1.326766315430482,3.5621608623878463e-06,1.1183356611572731e-05,1.2468002463222964e-06,0.1524,,1152,,
