,p1,p2,p3,p4,p5,p6,p7,p8,Gkr,RMSE,iterations,CPU_time
0,0.00025200292816707367,0.0916681145676263,2.8784221708086322e-05,0.050413009722349314,0.06518941219381647,0.009543360547391766,0.010164491732268426,0.0412964242672001,0.05403868913693675,1615.6254391363373,567,1320.6150439229968
1,0.0002520092398739027,0.09166658216483144,2.8787452629999058e-05,0.050412015793912926,0.06519283775090805,0.009543735412706077,0.010165032822027315,0.04129705412504927,0.05403868913693675,1615.625439739212,455,689.4898516899993
2,0.00025199188901399314,0.09166912873321642,2.878355577583709e-05,0.05041341326051032,0.06519115609623395,0.009543674474472953,0.010164670104597144,0.041296348319806865,0.05403868913693675,1615.6254310567692,598,1113.8549478400091
3,0.0002520309032728798,0.09166446650587284,2.877901851188123e-05,0.050414863388276,0.065197108562602,0.009542171439070756,0.010165287455939306,0.04129790042302544,0.05403868913693675,1615.625459364576,494,783.110983296996
4,0.0002520203223878369,0.09166522933926965,2.8783741254226208e-05,0.05041323490570509,0.06519101005303085,0.009543687268500871,0.010164781043566867,0.0412959546025949,0.05403868913693675,1615.6254445152274,538,733.1975490119949
