,p1,p2,p3,p4,p5,p6,p7,p8,Gkr,RMSE,iterations,CPU_time,score
0,0.004330106814043396,0.0009350543494472119,0.045219786521312116,0.023814364876770737,4.416686787749388e-05,0.04678292969971929,8.033605838138728,0.013087706991943003,0.009377515860385115,393295.6889740166,260,675.6063290660004,393295.6889740166
1,0.004131992333082903,0.11762898509149153,0.04277324254832692,0.05873853655193417,4.290376189224435e-05,8.47505654287765e-05,9.59020063987891,0.004427919186357874,0.1524,,260,,
