,b_1_a,b_1_b,k_b_a,b_a0_a,b_a0_b,b_a1_a,b_a1_b,k_f_a,a_a1_a,a_a1_b,a_a0_a,a_a0_b,a_1_a,a_1_b,g_Kr,RMSE,iterations,CPU_time,score
0,0.006498396505964253,0.032677699495662606,0.03679370477073418,0.0460453833510735,0.06302922200797732,6.885772205342834e-05,0.041782961738985415,0.023693156371047585,0.0137719932549171,0.038305978042774226,0.02195120259860053,0.012005014813367581,0.09082375676594971,0.023397241853757404,0.15237083658607,203.23388202792162,1450,7386.215093091,203.23388202792162
