,p1,p2,p3,p4,p5,p6,p7,p8,Gkr,RMSE,iterations,CPU_time,score
0,0.0019688597831969868,0.054150653843544796,2.9816430456697126e-05,0.04872316502862168,0.0960052793241719,0.023112794128079636,0.0068430368732558715,0.031397368581443263,0.15785688642914936,2602.4615754668202,1257,4085.2566207890013,2602.4615754668202
1,5.686924672964387e-06,0.013415786430263548,2.3161477529032024e-06,1.3181370153157836e-07,8.083539004880455,0.0008320586425210686,0.0003534561138595017,6.592892064347016e-05,0.1524,,1257,,
