,b_1_a,b_1_b,k_b_a,b_a0_a,b_a0_b,b_a1_a,b_a1_b,k_f_a,a_a1_a,a_a1_b,a_a0_a,a_a0_b,a_1_a,a_1_b,g_Kr,RMSE,iterations,CPU_time,score
0,0.006497473417795372,0.0326738365488345,0.037094767402275707,0.04666506977129471,0.06255321055048274,6.875498417707805e-05,0.04180149083439236,0.023892376331126428,0.013681668960215748,0.03852673063866995,0.022277919782620052,0.011483663793850034,0.09082830115250322,0.023385459588370922,0.15242629079096381,173.9211105300402,1178,5136.130942467002,173.9211105300402
