,a_a0_a,a_a0_b,b_a1_a,b_a1_b,k_f_a,a_1_a,a_1_b,b_a0_a,b_a0_b,a_a1_a,a_a1_b,k_b_a,b_1_a,b_1_b,g_Kr,RMSE,iterations,CPU_time,score
0,0.022283108755758004,0.011749060935029343,6.882016269504859e-05,0.04179209798927579,0.02376033969109269,0.09084631257955166,0.023376635445450798,0.047171887366035135,0.06330651185475611,0.013793956474582847,0.03814277515711922,0.036819543641220885,0.0065007867680727405,0.03268592780503686,0.1524070779735547,202.5291760977993,1068,5002.050071666999,202.5291760977993
