,p1,p2,p3,p4,p5,p6,p7,p8,Gkr,RMSE,iterations,CPU_time,score
0,1.1423270297166612e-07,0.2377724562556716,1.0000045036894585e-07,0.08783030274023004,1.0000031448095495e-07,0.38376314729250577,0.00016523873886124628,0.061315742396206414,0.06380069384829225,36980.45218219089,1570,2477.477973264,36980.45218219089
1,0.0002224605699921146,9.08742463590236e-07,0.0008126899580759128,0.00018973699058644534,3.6652561036424926e-05,0.00025661050471963756,2.9007128814605994e-07,6.430262316068386e-05,0.1524,,1570,,
