,p1,p2,p3,p4,p5,p6,p7,p8,Gkr,RMSE,iterations,CPU_time
0,0.0002254340102320227,0.07455117298129967,3.618806116623544e-05,0.053443174783664185,0.08571248701630131,0.009254026807051731,0.005965419298469888,0.032675705526868506,0.1294655974387777,157.59934268338472,655,939.6939698999922
1,0.0002254372626493979,0.07454804711504923,3.618961312467989e-05,0.0534426096014364,0.08573566797781082,0.00925679735054353,0.005967088663122443,0.03267316277734084,0.1294655974387777,157.59934568597268,951,1228.2826572149934
2,0.00022543198312167015,0.0745484574030665,3.618985778372514e-05,0.05344262643507653,0.08573617835688616,0.009256575440353083,0.005967164274137674,0.032673144369167795,0.1294655974387777,157.599346514709,755,899.6798241400102
3,0.0002254341516850048,0.07454904134613385,3.618955718706509e-05,0.05344270598656495,0.08573437169753685,0.009256464632460258,0.0059669754932544184,0.03267344782303384,0.1294655974387777,157.59934768892668,806,954.1591884269874
4,0.00022543427715408996,0.07455220356442614,3.618870792745882e-05,0.053443045707688354,0.08571604305176432,0.009253989740376813,0.005965702094715758,0.032675751350002745,0.1294655974387777,157.59934143342448,778,927.6876213539945
