,a_a0_a,a_a0_b,b_a1_a,b_a1_b,k_f_a,a_1_a,a_1_b,b_a0_a,b_a0_b,a_a1_a,a_a1_b,k_b_a,b_1_a,b_1_b,g_Kr,RMSE,iterations,CPU_time,score
0,0.022285910324427956,0.011878550556110456,6.902811594425901e-05,0.04176645664719642,0.023786682019889458,0.0907620440643093,0.02339510098895619,0.04726352650352637,0.06293885737907483,0.01386409743086438,0.03798098897236408,0.03687683058617748,0.006489164538588265,0.03268044621733765,0.15241845538348323,203.44566883835384,1346,6696.982948382999,203.44566883835384
