,p1,p2,p3,p4,p5,p6,p7,p8,Gkr,RMSE,iterations,CPU_time
0,0.00023167249106865236,0.06991096457895057,2.3005759722801038e-05,0.06168544300720172,0.09653194373003011,0.009067215637083932,0.0017791640590273288,0.024083024017976507,0.5126104547386644,1285.5235400716708,681,1186.823461330001
1,0.00023165044956489472,0.06991349416226018,2.3004314507235222e-05,0.06168623912682844,0.09653128179972192,0.009068045065893059,0.0017791282437872558,0.024082670113980218,0.5126104547386644,1285.523461940684,894,1569.2808914670022
2,0.0002317216145449436,0.0699070158037226,2.3006201623366518e-05,0.06168538859581905,0.0965301411092681,0.00906709059213327,0.0017791361822020475,0.024083002477964115,0.5126104547386644,1285.5235388956053,713,1233.084295920009
3,0.0002316919797388416,0.06990833843135928,2.3002185549548915e-05,0.06168672871217377,0.09652660210198342,0.009067956802477899,0.0017790211103860746,0.024082825926751594,0.5126104547386644,1285.523573025545,528,911.4801770430058
4,0.00023169736679670803,0.06990885938360267,2.300872276504788e-05,0.06168414489907892,0.09652586509153666,0.009067909414961061,0.0017790890900748657,0.024082613953827197,0.5126104547386644,1285.5234940095802,857,1463.446641861985
