,a_a0_a,a_a0_b,b_a1_a,b_a1_b,k_f_a,a_1_a,a_1_b,b_a0_a,b_a0_b,a_a1_a,a_a1_b,k_b_a,b_1_a,b_1_b,g_Kr,RMSE,iterations,CPU_time,score
0,0.022461792108563933,0.011616872247741715,6.888570642100785e-05,0.0417811612079949,0.02380259936449875,0.09080119127610645,0.0233776083561547,0.047513219223141806,0.06325012383158035,0.013755939468677335,0.03809178815695064,0.03672277066523496,0.006496134446603198,0.032691759860798926,0.15238886042511243,295.72064961349366,1374,8946.947862228,295.72064961349366
