,p1,p2,p3,p4,p5,p6,p7,p8,Gkr,RMSE,iterations,CPU_time,score
0,0.0018720093173932811,0.09153159042108902,1.3486785806670804e-05,0.05471122171865814,243.20687727098328,0.021655521432376326,19.536547384206933,0.032593857616618316,0.14193550778815056,2445.253571942934,1284,2577.769580045,2445.253571942934
1,0.00011632613580570156,4.443862709489986e-07,8.229940554546257e-05,1.479535174541735e-07,0.6261567457119601,0.012597461978281514,3.2501848865756273e-06,0.12671305900117943,0.1524,,1284,,
