,p1,p2,p3,p4,p5,p6,p7,p8,Gkr,RMSE,iterations,CPU_time,score
0,78.80000665848597,0.00016856879205378537,840.5272601263869,0.00015081578316273445,0.15068878153366974,0.017063814174675555,0.03058484771748374,0.08662500164288109,0.43785803747346624,195605.16151895304,1926,8602.131037957999,195605.16151895304
1,0.4350966307031459,1.3604593332108243e-06,4.905738510947412,3.7919338414409775e-06,2.640224505093364e-07,0.0450829910198356,3.244523137770075e-05,0.0001855609861938116,0.1524,,1926,,
