,a_a0_a,a_a0_b,b_a1_a,b_a1_b,k_f_a,a_1_a,a_1_b,b_a0_a,b_a0_b,a_a1_a,a_a1_b,k_b_a,b_1_a,b_1_b,g_Kr,RMSE,iterations,CPU_time,score
0,0.0224624981681829,0.01161704638093628,6.88855411731684e-05,0.04178118370027599,0.0238017884886037,0.09080134962889003,0.023377627816568627,0.0475146925678247,0.06324952127788973,0.013755865299870851,0.03809218539307415,0.03672088392505422,0.006496144495850667,0.03269174241077802,0.15238884888860843,295.72064967910774,1043,6739.543672975,295.72064967910774
