,a_a0_a,a_a0_b,b_a1_a,b_a1_b,k_f_a,a_1_a,a_1_b,b_a0_a,b_a0_b,a_a1_a,a_a1_b,k_b_a,b_1_a,b_1_b,g_Kr,RMSE,iterations,CPU_time,score
0,0.022331444764403293,0.011863732817859358,6.854760009610384e-05,0.041821387037975534,0.023936934867205713,0.09075234757459019,0.023393394336948172,0.04480826454989222,0.06327314750630623,0.01349794865882708,0.038404034828223195,0.03786280620720849,0.0064909057249645805,0.0326827467756008,0.1523997111971943,138.3725610871641,1278,4463.788951993999,138.3725610871641
