,p1,p2,p3,p4,p5,p6,p7,p8,Gkr,RMSE,iterations,CPU_time
0,0.00024995469351523833,0.0945039555416489,2.4371643864933176e-05,0.05082342574948551,0.059943291195619613,0.009906124654129383,0.011427107236325118,0.043404369241614615,0.045308791081603676,2239.2491879366144,1217,2662.840990924
1,0.00024987277367878477,0.09451779241143603,2.4375727802639115e-05,0.05082171026368467,0.05994639509630904,0.009904104223244769,0.01142777668228258,0.04340668894221697,0.045308791081603676,2239.2492024269973,746,1679.9577350819964
2,0.00024992908536821524,0.0945082787672693,2.437752875867248e-05,0.05082081818238639,0.05994069010171964,0.009906768897808898,0.011426772531752625,0.04340402629880705,0.045308791081603676,2239.249180494037,926,2066.422789163
3,0.00024987663622981856,0.09452088064019316,2.4376272694347777e-05,0.050821677374552815,0.059946947289074015,0.0099074355817855,0.011428129821665372,0.043403436204582986,0.045308791081603676,2239.249226131087,704,1538.980620438997
4,0.00024991108093361497,0.09450873522145202,2.4380645162052038e-05,0.05081969180033724,0.059940191901383486,0.00990665880808144,0.011427223762477451,0.04340363368487476,0.045308791081603676,2239.2492130015107,689,1234.3734420949986
