,p1,p2,p3,p4,p5,p6,p7,p8,Gkr,RMSE,iterations,CPU_time,score
0,0.001688576446061949,0.03667642862289798,4.2860514285664964e-05,0.04595572085781072,0.09320146958120848,0.02180184834356382,0.007355098154301295,0.02960035117161993,0.16390742653309148,1710.1925510850976,1247,3520.999869198,1710.1925510850976
1,0.12337982986003626,0.0005383884552695172,0.0016466778057011495,0.023773662443662892,0.002660797197413515,0.0006658660064383361,3.940645190228303e-05,1.0239342668606075e-07,0.1524,,1247,,
