,a_a0_a,a_a0_b,b_a1_a,b_a1_b,k_f_a,a_1_a,a_1_b,b_a0_a,b_a0_b,a_a1_a,a_a1_b,k_b_a,b_1_a,b_1_b,g_Kr,RMSE,iterations,CPU_time,score
0,0.022212633076051033,0.01198666248577837,6.906178752769995e-05,0.04175978086935587,0.023783309763180275,0.09083768715279902,0.0234006331038729,0.04647855158099904,0.06274179611434466,0.013773361914127145,0.03807557788785303,0.036970080205239494,0.006496045047250575,0.03268573510938606,0.15238491289633183,203.25580103774922,1378,6938.369616549999,203.25580103774922
