,p1,p2,p3,p4,p5,p6,p7,p8,Gkr,RMSE,iterations,CPU_time,score
0,0.001968666962501049,0.05413410770469129,2.9806317313527015e-05,0.048725907164275654,0.0960150713564028,0.023104771229636757,0.006843158281096976,0.03139913913498316,0.1578752426771453,2605.936142700699,1563,5367.576515475001,2605.936142700699
1,0.0002856788962613497,3.825064147623934e-05,0.18274775257859469,5.086454029954851e-07,0.021542265180841316,0.011906769047850645,2.637997132141059e-07,2.6966665814595852e-05,0.1524,,1563,,
