,a_1_a,a_1_b,b_a0_a,b_a0_b,k_b_a,a_a0_a,a_a0_b,b_1_a,b_1_b,b_a1_a,b_a1_b,a_a1_a,a_a1_b,k_f_a,g_Kr,RMSE,iterations,CPU_time,score
0,0.09086974764350267,0.023395162318519104,0.046864034866383894,0.06292362193491227,0.03679368990037396,0.022336935677069392,0.011724187477426614,0.006502017464959988,0.03267915544095153,6.893651583017052e-05,0.04177306062789445,0.013738787861086633,0.03836577049549827,0.023716051087575026,0.15238559114731565,295.9303061159102,2044,13958.606383651997,295.9303061159102
