,b_1_a,b_1_b,k_b_a,b_a0_a,b_a0_b,b_a1_a,b_a1_b,k_f_a,a_a1_a,a_a1_b,a_a0_a,a_a0_b,a_1_a,a_1_b,g_Kr,RMSE,iterations,CPU_time,score
0,0.006498810038467918,0.032673877090596735,0.037348533101541535,0.04819765180502908,0.06345975996609209,6.903448369013684e-05,0.04176078434123973,0.023753243112193373,0.014210313057648012,0.03812725759359287,0.022333673559097586,0.011270573119042596,0.09082546654454206,0.023405001420379143,0.1523358696935011,138.75786973329667,1448,4715.509104778001,138.75786973329667
