,p1,p2,p3,p4,p5,p6,p7,p8,Gkr,RMSE,iterations,CPU_time,score
0,0.0019700717261327484,0.05415366093930297,2.9801262629913637e-05,0.04872872676395495,0.09614396544460142,0.02311162603865534,0.006854004846978781,0.03138546949681687,0.1578924543618457,2603.9765801040853,1140,3589.0596914420003,2603.9765801040853
1,0.08521048564444819,2.484272636069814e-06,0.01051807835306142,6.7485155135314426e-06,0.07814526725313978,0.0024229678473571344,4.594380338378413e-07,5.3150101543779554e-05,0.1524,,1140,,
