,p1,p2,p3,p4,p5,p6,p7,p8,Gkr,RMSE,iterations,CPU_time
0,0.0003040444841752498,0.06258710536570919,3.484940309615903e-05,0.05617650253852996,0.08822753056154833,0.009159583825998492,0.0037952005265813847,0.028743748375126235,0.21552614690565972,471.6208765702243,884,1625.5276955890004
1,0.00030405303235185366,0.06258671044937462,3.48500337408737e-05,0.056176419998841716,0.08822782320600422,0.00915985356569496,0.0037951730933426355,0.028743815522550845,0.21552614690565972,471.62087049486803,824,1514.0118494880153
2,0.0003040543465160069,0.06258684652092998,3.484870155139628e-05,0.05617660736347556,0.08822622042703032,0.009159939213240114,0.003795138764625869,0.0287433280385485,0.21552614690565972,471.6208696521356,608,1119.4927999399952
3,0.0003040820930256,0.0625850145667823,3.485214653593394e-05,0.05617592460738294,0.08822481482273835,0.00916040154590533,0.0037950293687815623,0.02874363336066414,0.21552614690565972,471.62087416416875,703,1293.4657070660032
4,0.00030403830061204987,0.06258758250223957,3.4850084768113556e-05,0.05617633748244052,0.08822503865279002,0.009160257263066272,0.003795038637954074,0.02874363875272582,0.21552614690565972,471.6208685514423,542,1003.5958572409872
