,p1,p2,p3,p4,p5,p6,p7,p8,Gkr,RMSE,iterations,CPU_time,score
0,1.0000678995880859e-07,0.19055431418889412,1.0000198917845876e-07,0.08922111055463049,1.0000061245436239e-07,0.3529345953160981,6.722694755618453e-05,0.13762659465308144,0.34930489547859395,49922.176428454964,1737,3274.847815669,49922.176428454964
1,1.5229293342260225e-07,0.004655593466655035,2.8754412742750916e-05,1.715887056105181e-05,5.936305020635381e-05,0.004749394816541889,5.014305576148269,0.0030387437512455354,0.1524,,1737,,
