,a_a0_a,a_a0_b,b_a1_a,b_a1_b,k_f_a,a_1_a,a_1_b,b_a0_a,b_a0_b,a_a1_a,a_a1_b,k_b_a,b_1_a,b_1_b,g_Kr,RMSE,iterations,CPU_time,score
0,0.02170764077875075,0.012337767265356904,6.901115852079144e-05,0.04176744556538534,0.023697601211707796,0.09077637516498244,0.023393105379242232,0.045727682493339195,0.06255799225242016,0.014034746728069035,0.038108518527466016,0.037455160495201464,0.006495123053325428,0.0326774700887398,0.15239378008030896,295.8990648060804,1325,8597.399152300999,295.8990648060804
