,b_1_a,b_1_b,k_b_a,b_a0_a,b_a0_b,b_a1_a,b_a1_b,k_f_a,a_a1_a,a_a1_b,a_a0_a,a_a0_b,a_1_a,a_1_b,g_Kr,RMSE,iterations,CPU_time,score
0,0.006500743953516456,0.03268774634338719,0.034174856156745655,0.05282737873182637,0.06424472315359274,6.940959804579378e-05,0.041716508657701254,0.023372586897403708,0.013635718210847553,0.03821882229611455,0.0237934347628992,0.010270774988615635,0.09090320551381474,0.023392822340392475,0.15241842248561954,138.18857500042137,1467,5153.074085681999,138.18857500042137
