,p1,p2,p3,p4,p5,p6,p7,p8,Gkr,RMSE,iterations,CPU_time
0,0.000247490049686732,0.08477221663907587,3.4213153305752396e-05,0.05097656040289329,0.07566337930843628,0.008993995110278668,0.00820363253951115,0.03765948243703153,0.07664514235271616,711.3797962093872,572,1065.900085391011
1,0.000247477814182298,0.08477294526921067,3.421145743065054e-05,0.050976814347169865,0.07566217914269091,0.00899489689181494,0.008203461396401279,0.03765898341400918,0.07664514235271616,711.3797943603778,498,823.2263134660025
2,0.0002474841949638407,0.08477145923274178,3.421156768042163e-05,0.050977353067264544,0.07565957016752263,0.008994184708694123,0.008203208526514127,0.03766021550825794,0.07664514235271616,711.3797874014568,694,1053.5555199019873
3,0.000247483061800055,0.08477138543521232,3.421285670813521e-05,0.05097680852709411,0.07565888380838505,0.008994187895839513,0.008203180906303786,0.03765979832935123,0.07664514235271616,711.3797862658515,756,979.7386995370034
4,0.00024747383951481786,0.08477264676233041,3.421326319897572e-05,0.05097672313281768,0.07566241942418757,0.008994873266645706,0.008203571263531335,0.03765959483347442,0.07664514235271616,711.3797903152359,697,902.9047983429919
