,p1,p2,p3,p4,p5,p6,p7,p8,Gkr,RMSE,iterations,CPU_time
0,5.455216530244251e-05,0.10134590775589032,1.801434397047125e-05,0.05421309958303179,0.06434125010250896,0.01119903930573681,0.010545014215854612,0.042692233956846695,0.05403868913693675,7066.397211546063,1271,4470.10910372599
1,5.456316093807308e-05,0.10134095996952792,1.8015559477634952e-05,0.05421215717117957,0.06434191536435063,0.011198282443787129,0.010546318113479081,0.04269018532542679,0.05403868913693675,7066.397159265054,874,3080.0877204090066
2,5.458095256660457e-05,0.10133488980668849,1.80175583682932e-05,0.0542113592762349,0.06433307771779824,0.011199194277866883,0.010544077510207884,0.04269189310949178,0.05403868913693675,7066.397157619201,1036,3686.4950180149754
3,5.457237459923907e-05,0.1013363821692018,1.8013554572435637e-05,0.054213257066892895,0.06432274953755801,0.011204528278654152,0.010544005900953068,0.04268279046113557,0.05403868913693675,7066.397194529251,972,3442.0033018430113
4,5.4558769429024063e-05,0.10134370426205759,1.801640641204123e-05,0.05421164256884775,0.06432734677439399,0.011203121522236735,0.010543733787950173,0.042685177522940425,0.05403868913693675,7066.39721021008,880,3115.2352711819985
