,a_1_a,a_1_b,b_a0_a,b_a0_b,k_b_a,a_a0_a,a_a0_b,b_1_a,b_1_b,b_a1_a,b_a1_b,a_a1_a,a_a1_b,k_f_a,g_Kr,RMSE,iterations,CPU_time,score
0,0.0908650210706077,0.023386667477771357,0.046285437378835975,0.0628758929553201,0.03715238705386491,0.02199080481019585,0.012004135194213944,0.0065021323734558625,0.03266764925832931,6.884686750393174e-05,0.04178714661977765,0.013844379584787575,0.038176729950373044,0.023817545851644754,0.15241854808474184,296.84351671207145,1574,11225.297739598001,296.84351671207145
