,p1,p2,p3,p4,p5,p6,p7,p8,Gkr,RMSE,iterations,CPU_time,score
0,0.0019687405068996374,0.05415247029355984,2.9815649540232322e-05,0.04872360713100711,0.09600842980072359,0.023113463233158337,0.006843022718248549,0.0313964180542438,0.1578615038806529,2602.461561343135,1421,4455.7435516569985,2602.461561343135
1,0.6541813834254672,0.047323806276936525,8.456878759887221e-06,1.1269819854541779e-07,2.941171696171671e-06,0.0016471428276123663,2.104169332298095e-07,0.1729037042404045,0.1524,,1421,,
