,a_a0_a,a_a0_b,b_a1_a,b_a1_b,k_f_a,a_1_a,a_1_b,b_a0_a,b_a0_b,a_a1_a,a_a1_b,k_b_a,b_1_a,b_1_b,g_Kr,RMSE,iterations,CPU_time,score
0,0.022447486845149536,0.0119276365625323,6.878277461190096e-05,0.04179392938354365,0.023627799964207025,0.09076525449700451,0.023384590107866518,0.04632762288764666,0.06304753998707423,0.01360258809227087,0.038371018838618556,0.036699331336363536,0.006493296452289065,0.032682180501238965,0.1524085605867353,296.0584457794775,1547,10116.065495877,296.0584457794775
