,b_1_a,b_1_b,k_b_a,b_a0_a,b_a0_b,b_a1_a,b_a1_b,k_f_a,a_a1_a,a_a1_b,a_a0_a,a_a0_b,a_1_a,a_1_b,g_Kr,RMSE,iterations,CPU_time,score
0,0.00650040519286559,0.032660597584334726,0.0377654475929329,0.04752313701286221,0.06346921224047936,6.885699470572077e-05,0.041786241958204316,0.024387484897427574,0.01365033721061664,0.037891408589074665,0.02250684403468577,0.011458756699095867,0.09086189227228812,0.02342040940719632,0.1524007796865378,138.0134954967055,1502,4717.248728495,138.0134954967055
