,a_a0_a,a_a0_b,b_a1_a,b_a1_b,k_f_a,a_1_a,a_1_b,b_a0_a,b_a0_b,a_a1_a,a_a1_b,k_b_a,b_1_a,b_1_b,g_Kr,RMSE,iterations,CPU_time,score
0,0.022679874977008952,0.010796224826935702,6.952190982513374e-05,0.04170772483001643,0.023188155394932363,0.09092708825859977,0.02341309136243982,0.05265961924823984,0.06343989201913167,0.014346257616416537,0.03822212986379128,0.03419240732336735,0.006507891038313821,0.03264647370376032,0.15237815233674512,138.5288030235682,1327,4577.201867216,138.5288030235682
