,p1,p2,p3,p4,p5,p6,p7,p8,Gkr,RMSE,iterations,CPU_time
0,0.00022804693092627658,0.06594884589010201,2.87398881673213e-05,0.060605190766547606,0.09357745231254413,0.010775579305367931,0.0013606429487672377,0.025366550159363916,0.6096,1432.566254731519,667,1667.5073749899893
1,0.0002280308455912882,0.06595125327473035,2.8739471332436477e-05,0.060604948357743695,0.09358095795033454,0.010774952982018603,0.001360737248804536,0.02536589951607721,0.6096,1432.5662513927819,645,1615.4683983099967
2,0.00022803601888724226,0.06595038256462635,2.8738157205648637e-05,0.060605506845092603,0.0935825948045845,0.010775681410810815,0.001360716351920197,0.025365950033270083,0.6096,1432.566273448281,854,2195.266336440007
3,0.00022803526365950446,0.0659488741820293,2.8739343634237277e-05,0.06060495724894466,0.09357214756028356,0.010775745690870761,0.001360587087538609,0.02536615879840609,0.6096,1432.566252192358,878,2187.2374847299943
4,0.00022805241829810716,0.06594928267565743,2.8737133887597386e-05,0.06060571919049953,0.09358047131963548,0.010775351148880384,0.0013607156635431924,0.02536563786188859,0.6096,1432.5662719612,633,1598.63353112599
