,p1,p2,p3,p4,p5,p6,p7,p8,Gkr,RMSE,iterations,CPU_time,score
0,0.0016901154456178493,0.036631221962680816,4.303399991274013e-05,0.04591523211363653,0.09315640596526284,0.021814783638003033,0.007350973205296158,0.029601081230027363,0.16391257202381607,1708.9874827909164,1196,3470.7114540790008,1708.9874827909164
1,2.221708275500538e-06,5.599254497689422e-07,0.00022966532727287332,1.0549174738740669e-06,0.0031361679406877083,0.0003987016527731196,9.242618599373258e-07,0.00027093450561406203,0.1524,,1196,,
