,a_a0_a,a_a0_b,b_a1_a,b_a1_b,k_f_a,a_1_a,a_1_b,b_a0_a,b_a0_b,a_a1_a,a_a1_b,k_b_a,b_1_a,b_1_b,g_Kr,RMSE,iterations,CPU_time,score
0,0.022938858131289076,0.011124370913650834,6.850666560165781e-05,0.041828933422906556,0.02392541669144117,0.09079241825991416,0.02338036020645982,0.047266344822889286,0.06325819874828666,0.0129833393663285,0.038827292645395466,0.0354899362083378,0.006495910226580743,0.03268941353344376,0.15239431458202768,139.0425355822714,1527,4523.952505560999,139.0425355822714
