,p1,p2,p3,p4,p5,p6,p7,p8,Gkr,RMSE,iterations,CPU_time,score
0,0.0016854833530564849,0.08445342145047238,2.2079673795852144e-05,0.05120825960112026,0.12118934383565233,0.026859594451054885,0.008855422785193464,0.028802398061138344,0.15459627873606435,653.9515249941913,919,1799.0945959419996,653.9515249941913
1,0.0032350537773488727,7.654640152578761e-06,2.245585392339595e-05,0.0012188916424949719,0.0048646024928225675,0.003915533346169484,5.172096236314896,0.0012888387241316052,0.1524,,919,,
