,a_1_a,a_1_b,b_a0_a,b_a0_b,k_b_a,a_a0_a,a_a0_b,b_1_a,b_1_b,b_a1_a,b_a1_b,a_a1_a,a_a1_b,k_f_a,g_Kr,RMSE,iterations,CPU_time,score
0,0.09085563076058284,0.02340092702317572,0.04744403806029699,0.0629459635647779,0.037207417265058225,0.022069985965398664,0.011652276478689612,0.0065006689600377076,0.03266741293889179,6.899762843256226e-05,0.041768834774902404,0.014095977873354055,0.038210479501800974,0.02378341647267138,0.15239574688051566,138.01560489886603,1444,5054.848926515002,138.01560489886603
