,p1,p2,p3,p4,p5,p6,p7,p8,Gkr,RMSE,iterations,CPU_time
0,0.00022507434269325842,0.0745624670040572,3.624872728229224e-05,0.05343238472428974,0.08603504680062261,0.009224866357558655,0.005989107417262631,0.03270536051855646,0.1294655974387777,157.61930421183826,910,1769.5225423379961
1,0.00022507380989971005,0.07456303533818334,3.624909311866407e-05,0.05343227997942811,0.0860423002310749,0.00922595525925393,0.00598962779974748,0.03270418935291244,0.1294655974387777,157.61930339919357,710,1379.1553353150011
2,0.00022507833405730304,0.07456275696742556,3.624812598025296e-05,0.05343250739633154,0.08603657652057571,0.009225204717640812,0.005989182407087458,0.032704902848482494,0.1294655974387777,157.61930447357017,946,1832.5014953899954
3,0.0002250777560638555,0.07456189802489263,3.6248312390640526e-05,0.053432444435298834,0.08604079494216196,0.009225853218759206,0.005989497317694152,0.03270428349953919,0.1294655974387777,157.61930178118843,812,1572.3480103570037
4,0.00022507582237828058,0.07456267947205587,3.624887324139274e-05,0.053432364585640546,0.08603458405396273,0.009224920967390146,0.005989078055465225,0.0327052502525429,0.1294655974387777,157.61930381892358,655,1283.089618412996
