,a_a0_a,a_a0_b,b_a1_a,b_a1_b,k_f_a,a_1_a,a_1_b,b_a0_a,b_a0_b,a_a1_a,a_a1_b,k_b_a,b_1_a,b_1_b,g_Kr,RMSE,iterations,CPU_time,score
0,0.022651472300802195,0.011662211389777698,6.884677181404301e-05,0.04178254641643066,0.02370056887933262,0.09081171185823708,0.023392078065027484,0.04695403809490369,0.06385601520140545,0.013642209891369585,0.03822935034489158,0.03684551138662364,0.006492942893559954,0.03270282488306342,0.15237792707734607,173.7800606991384,973,3887.2819712420023,173.7800606991384
