,p1,p2,p3,p4,p5,p6,p7,p8,Gkr,RMSE,iterations,CPU_time,score
0,0.0015675327492531822,0.07933633700631589,2.2160366089953048e-05,0.05119958354101595,0.09596980291788752,0.02394869385936933,0.007058116245971309,0.031302189158432456,0.15476350526564445,720.6057224744919,1296,3023.8835824939997,720.6057224744919
1,5.175053645460239e-07,5.896122378540755e-05,0.05387160503587951,0.031851670563767406,0.010446926976877272,6.543279138301107e-07,0.11993937273936615,8.438760014702552e-06,0.1524,,1296,,
