,p1,p2,p3,p4,p5,p6,p7,p8,Gkr,RMSE,iterations,CPU_time,score
0,0.0019686886740423507,0.05415625524395064,2.9779636919958856e-05,0.048737021541265975,0.09612134528083995,0.02310358109976568,0.0068518969551208024,0.031394184184872054,0.15789119743141036,2613.0465728003123,1439,4520.489056815,2613.0465728003123
1,1.435003951648637e-06,1.758383058559338e-07,2.6068699433917316e-07,0.06188708592247286,0.003736243251076801,0.000135288178216541,9.431107578856876,2.3758034577822372e-07,0.1524,,1439,,
