,p1,p2,p3,p4,p5,p6,p7,p8,Gkr,RMSE,iterations,CPU_time,score
0,0.0016133698028210205,0.07286046033287963,1.9079391815953602e-05,0.052278323167912005,0.11006015318491637,0.023166510509312243,0.008879161165304711,0.02941707866582405,0.1529718418865108,2972.3814641611657,842,3737.5155190540004,2972.3814641611657
1,6.506374676906905e-05,3.9120758899024187e-07,2.1898364495943627e-05,1.517901942754075e-07,0.3782422011329027,0.03486909640776126,6.414807539531442e-06,0.0008275097380889802,0.1524,,842,,
