,a_a0_a,a_a0_b,b_a1_a,b_a1_b,k_f_a,a_1_a,a_1_b,b_a0_a,b_a0_b,a_a1_a,a_a1_b,k_b_a,b_1_a,b_1_b,g_Kr,RMSE,iterations,CPU_time,score
0,0.022553833856729908,0.01179116256508457,6.879767445084954e-05,0.041792456659400526,0.023597433568317703,0.09081267073076224,0.023395916024619084,0.04640435347544917,0.06328640654248029,0.013644944916953077,0.03842268155833723,0.03696761474047985,0.0064976468280377704,0.03266650981704028,0.1524265620687345,173.6571467722645,1109,3957.4306911290005,173.6571467722645
