,p1,p2,p3,p4,p5,p6,p7,p8,Gkr,RMSE,iterations,CPU_time,score
0,0.0016147496930617685,0.07291835941848816,1.9062960464751407e-05,0.052286693934353604,0.1100880365553978,0.023161862778742874,0.008878284807917353,0.029415870866354013,0.15301337621331085,2974.6645101494873,1330,6402.818658668999,2974.6645101494873
1,3.6055497080331436e-07,0.18769163064776045,9.91670313385614e-07,0.0003775660539073858,1.3128800265287301,0.0004647089220691463,7.041585258287777,1.0489156869880254e-06,0.1524,,1330,,
