,p1,p2,p3,p4,p5,p6,p7,p8,Gkr,RMSE,iterations,CPU_time
0,0.00022760522913704045,0.06634303677864214,2.9014329732734555e-05,0.06025131304347858,0.09259973607751538,0.010695625290300177,0.001603813879347942,0.02566163908528502,0.5126104547386644,1334.8669891687098,642,2272.698191653006
1,0.00022762194711633388,0.06634051429474028,2.9015511435783852e-05,0.06025110277364706,0.09259357056559984,0.010696098995237328,0.0016036829217907682,0.02566191812538993,0.5126104547386644,1334.8669669546841,538,1352.0770157840016
2,0.00022761047402057604,0.06634140068585365,2.901632383544525e-05,0.06025083368982715,0.09259474396054951,0.010696215268841172,0.0016037071173745244,0.025661752599829956,0.5126104547386644,1334.86697051897,879,2750.616281155002
3,0.0002276084855801629,0.06634191057812977,2.9017185697780354e-05,0.060250517468415955,0.09259767589765773,0.010696533797027718,0.001603769755934164,0.02566144862674245,0.5126104547386644,1334.8669664489596,740,1852.7804751170042
4,0.00022761323273847936,0.06634167211979874,2.9016209721126097e-05,0.06025078273779659,0.09259566939930183,0.010695978083236076,0.0016037594095289227,0.025661649260221988,0.5126104547386644,1334.8669503667338,681,1814.8677637260116
