,p1,p2,p3,p4,p5,p6,p7,p8,Gkr,RMSE,iterations,CPU_time,score
0,0.0016135276349556512,0.07286041298428925,1.9078161115441642e-05,0.05227894163012154,0.11006747308189405,0.02316690190789648,0.008879634115958374,0.029416372830746763,0.15297246478724746,2972.381335765647,1749,8592.153376823,2972.381335765647
1,0.20366907874937715,0.00011342535273824315,1.95080751798108e-07,0.0001836645662214405,0.00013608349609117251,4.133955193806269e-07,9.33077165379771,8.620869158076983e-06,0.1524,,1749,,
