,p1,p2,p3,p4,p5,p6,p7,p8,Gkr,RMSE,iterations,CPU_time
0,0.00019036344652514133,0.08637161295352316,3.3044321650491646e-05,0.04789726456041036,0.05633019834210711,0.012854387335392636,0.013519742864555326,0.04120172220780901,0.045308791081603676,8499.575490580588,571,1807.2241543020064
1,0.0001903619187100911,0.08637016183983001,3.304311876220064e-05,0.04789815182279625,0.056333173916054524,0.012854338859031846,0.013521233607559795,0.04120037348761026,0.045308791081603676,8499.575558987273,801,2631.0027887540055
2,0.00019035759386266704,0.08636979200670354,3.3047144226710385e-05,0.047897033490635205,0.056332539403741826,0.012854191596903222,0.013521070418595193,0.04120109048467174,0.045308791081603676,8499.575510029006,500,1800.8211687059957
3,0.00019038639345629347,0.08636863243327511,3.305114617802279e-05,0.047896121706630185,0.05633617625128195,0.012855310343837282,0.013522233295594916,0.041200715082450684,0.045308791081603676,8499.575408891773,1047,4139.584426257992
4,0.0001903441614018779,0.08637167344152093,3.3049408625004725e-05,0.047896427253887514,0.05633989285366825,0.012851846541617064,0.013523076294984195,0.0412037935008336,0.045308791081603676,8499.575597401952,457,2111.408328300997
