,b_1_a,b_1_b,k_b_a,b_a0_a,b_a0_b,b_a1_a,b_a1_b,k_f_a,a_a1_a,a_a1_b,a_a0_a,a_a0_b,a_1_a,a_1_b,g_Kr,RMSE,iterations,CPU_time,score
0,0.006498740254569294,0.03268120116500047,0.03504923311868109,0.04981302813458236,0.06404450868161508,6.89255670421971e-05,0.04177456544658492,0.023847749547199888,0.013130084505534646,0.03831107679786731,0.02359050049124908,0.010816704304030821,0.09084261960545423,0.023394528445285143,0.15240743555339775,138.68322976656657,1111,3627.482508740999,138.68322976656657
