,a_a0_a,a_a0_b,b_a1_a,b_a1_b,k_f_a,a_1_a,a_1_b,b_a0_a,b_a0_b,a_a1_a,a_a1_b,k_b_a,b_1_a,b_1_b,g_Kr,RMSE,iterations,CPU_time,score
0,0.021940370493942,0.011976520897261624,6.883376008545753e-05,0.041789969612026856,0.02368213843475967,0.09086871473110711,0.023390331355502968,0.04627061082633059,0.06259963444496039,0.013977044729488838,0.03829471065877573,0.037125234445319295,0.006498471599486287,0.032677524017095116,0.15241264923253015,173.37770631396407,1128,5217.889821658,173.37770631396407
