,a_a0_a,a_a0_b,b_a1_a,b_a1_b,k_f_a,a_1_a,a_1_b,b_a0_a,b_a0_b,a_a1_a,a_a1_b,k_b_a,b_1_a,b_1_b,g_Kr,RMSE,iterations,CPU_time,score
0,0.022568875360100646,0.011620761637957954,6.898122900334043e-05,0.041767177921073394,0.023657076948150765,0.0908071697435213,0.023398577932359683,0.04705890974086426,0.06314798242796629,0.013635003483799958,0.038440643401048545,0.03672777900918757,0.006495580122516035,0.03267608430428034,0.1524164336051925,173.76842884706963,1500,6583.773434822,173.76842884706963
