,p1,p2,p3,p4,p5,p6,p7,p8,Gkr,RMSE,iterations,CPU_time
0,0.00020848007797463045,0.05549162301064072,2.6438645433136357e-05,0.05999751034339204,0.09815722761074605,0.008665591295428623,0.0017512803127185115,0.026426440056570265,0.5126104547386644,323.96941192835027,539,1104.8106715780013
1,0.00020848953428955982,0.05549391307327094,2.6438626803414307e-05,0.05999764114032975,0.09813987160728617,0.008665830167334753,0.0017509356968534852,0.02642668482341511,0.5126104547386644,323.9693949657305,619,1071.334607451994
2,0.0002084704641654079,0.05549570772914742,2.6437670011645026e-05,0.05999782234007123,0.09814492359200935,0.008665920929580464,0.0017510551241268317,0.026426105191286894,0.5126104547386644,323.9693896715414,896,1405.876586258004
3,0.00020849868720266535,0.05549018352214683,2.6441595921879923e-05,0.05999637542541708,0.0981509271250403,0.008666792420325729,0.0017511710339582277,0.02642601490173058,0.5126104547386644,323.9694208512541,572,846.1277523640019
4,0.00020847429951443663,0.05549576164652353,2.6438338402214084e-05,0.0599978663134157,0.09814237724436577,0.008665378129458801,0.0017509840562147125,0.026426911235901428,0.5126104547386644,323.96939304338207,549,713.9057600469969
