,a_a0_a,a_a0_b,b_a1_a,b_a1_b,k_f_a,a_1_a,a_1_b,b_a0_a,b_a0_b,a_a1_a,a_a1_b,k_b_a,b_1_a,b_1_b,g_Kr,RMSE,iterations,CPU_time,score
0,0.02279179649231337,0.011539901279720013,6.874558668647171e-05,0.04179239485004698,0.02357711459007397,0.09095178692830555,0.02338934956080211,0.04765737285817789,0.0629894582736073,0.013573353109762315,0.038517688636998906,0.036250854567331535,0.006510017179336713,0.032670974320754005,0.15235944741716032,202.95324418109882,1411,7116.422335895997,202.95324418109882
