,p1,p2,p3,p4,p5,p6,p7,p8,Gkr,RMSE,iterations,CPU_time,score
0,0.001613560015213678,0.07289954311095197,1.9049472348941153e-05,0.052291551699079925,0.11021939076134654,0.023162386024231436,0.008891402774671025,0.029418904717463827,0.1529638069069612,2966.65718921415,1283,6363.935783272002,2966.65718921415
1,1.2777213788022047e-06,2.697101360709478e-05,4.934003388651218e-05,4.067648670055279e-07,3.902263824044851e-05,4.152906872001755e-05,0.019750166460441983,0.017248586116565122,0.1524,,1283,,
