,a_1_a,a_1_b,b_a0_a,b_a0_b,k_b_a,a_a0_a,a_a0_b,b_1_a,b_1_b,b_a1_a,b_a1_b,a_a1_a,a_a1_b,k_f_a,g_Kr,RMSE,iterations,CPU_time,score
0,0.09081188325365747,0.023400859927008136,0.04756246306845904,0.06305031391364,0.037008463113162894,0.0225488237545753,0.01145024162302329,0.006495671479768514,0.032680583886800216,6.890182720776268e-05,0.041777033125120544,0.013812319705331326,0.0383105581267544,0.023803562143959223,0.15237434453110688,172.81759189324882,1428,6833.900477455001,172.81759189324882
