,b_1_a,b_1_b,k_b_a,b_a0_a,b_a0_b,b_a1_a,b_a1_b,k_f_a,a_a1_a,a_a1_b,a_a0_a,a_a0_b,a_1_a,a_1_b,g_Kr,RMSE,iterations,CPU_time,score
0,0.006499112688410223,0.03268454463618183,0.03677731433460205,0.047579651137562705,0.06328488400690113,6.900438161645556e-05,0.04176885631662862,0.02381452269545586,0.013753515537179621,0.03798184795349396,0.02250131475607647,0.011698456898296251,0.09083888508568368,0.02338034750624536,0.1524171135406859,202.98016026028162,928,4677.868850634,202.98016026028162
