,p1,p2,p3,p4,p5,p6,p7,p8,Gkr,RMSE,iterations,CPU_time,score
0,0.001968980594374011,0.05413002722925411,2.9785091027855498e-05,0.04873411760801305,0.09600679851005486,0.023112602243333943,0.0068414566606798686,0.03138772191659347,0.15790489376336764,2609.6320268495865,1303,3886.3041064459994,2609.6320268495865
1,2.0017299662581157e-07,0.012948645670416654,0.046850844206031576,2.712276663513315e-06,0.16979574224047822,0.08838529675854634,8.495159728683274e-06,0.003900166742701773,0.1524,,1303,,
