,a_a0_a,a_a0_b,b_a1_a,b_a1_b,k_f_a,a_1_a,a_1_b,b_a0_a,b_a0_b,a_a1_a,a_a1_b,k_b_a,b_1_a,b_1_b,g_Kr,RMSE,iterations,CPU_time,score
0,0.02250365693404669,0.01169469976097975,6.900560502444274e-05,0.04176874821162109,0.02381552299503517,0.09083904657809762,0.02338031128200876,0.04759800464327221,0.06328313649122622,0.013756610927731564,0.03797972290482262,0.036780999583827745,0.006499106263500974,0.03268459845692592,0.15241732145245718,202.9801580754643,1413,6609.080231494998,202.9801580754643
