,a_a0_a,a_a0_b,b_a1_a,b_a1_b,k_f_a,a_1_a,a_1_b,b_a0_a,b_a0_b,a_a1_a,a_a1_b,k_b_a,b_1_a,b_1_b,g_Kr,RMSE,iterations,CPU_time,score
0,0.022556386606562732,0.011710729509495716,6.890797554726266e-05,0.041774933081604494,0.023800287952356752,0.09081886477586192,0.0233863788106941,0.047323165219385746,0.06333769503264616,0.013583479677144693,0.038066890051667815,0.03647161234199897,0.0064965119296013785,0.03268365095779631,0.15239701673244865,174.5811353892376,1050,4602.9718266889995,174.5811353892376
