,a_a0_a,a_a0_b,b_a1_a,b_a1_b,k_f_a,a_1_a,a_1_b,b_a0_a,b_a0_b,a_a1_a,a_a1_b,k_b_a,b_1_a,b_1_b,g_Kr,RMSE,iterations,CPU_time,score
0,0.021840478810394276,0.012139219167567168,6.888354374322986e-05,0.04178326610644718,0.02371641488345719,0.09085461775011587,0.023387841176078648,0.046641113760994155,0.06272526416133888,0.013986012955598573,0.038072997700361606,0.03697296834867359,0.006503949771095833,0.0326660933451764,0.15239727479195747,202.70623410303924,1235,5036.229605344,202.70623410303924
