,p1,p2,p3,p4,p5,p6,p7,p8,Gkr,RMSE,iterations,CPU_time,score
0,0.0016844158170716255,0.08446025272685316,2.2114721829066654e-05,0.051194803444390556,0.12152734274906904,0.02687366731547661,0.008877663234310865,0.02879810803870555,0.1546525001502538,652.3532267429262,867,1675.5341687130003,652.3532267429262
1,0.013221098838782171,0.0013838532440031159,0.000784271129888085,0.0008893597164637731,0.27660466210780077,4.9544876322724284e-06,7.35097822959152e-07,0.0005568571906318297,0.1524,,867,,
