,p1,p2,p3,p4,p5,p6,p7,p8,Gkr,RMSE,iterations,CPU_time,score
0,0.0016846133846423065,0.0844421414492646,2.2114363667504356e-05,0.051198720066731436,0.1214222579556623,0.026898846167336204,0.00887013640737347,0.028777546393099037,0.15466048719628575,653.2881677227364,1296,2693.762604089001,653.2881677227364
1,1.0667536894946475e-05,0.0003620738452548247,0.00012987748272615506,6.490733131534426e-07,0.007523752569488734,0.00014956770090703445,1.7876688827362472e-07,0.0089548076885006,0.1524,,1296,,
