,p1,p2,p3,p4,p5,p6,p7,p8,Gkr,RMSE,iterations,CPU_time,score
0,0.0016135716490411007,0.07289853826641765,1.9050403473254134e-05,0.052291197708333126,0.1102209162542032,0.023161895532032097,0.00889122373572794,0.029419949567923015,0.15296561014041363,2966.6571497372142,1449,7311.362152960995,2966.6571497372142
1,1.9096422716149006,2.002198934125172e-06,0.022938192758310463,4.916134751596977e-07,0.03878874725047053,0.002386920014460656,0.09943936359463086,0.002224884225588597,0.1524,,1449,,
