,a_a0_a,a_a0_b,b_a1_a,b_a1_b,k_f_a,a_1_a,a_1_b,b_a0_a,b_a0_b,a_a1_a,a_a1_b,k_b_a,b_1_a,b_1_b,g_Kr,RMSE,iterations,CPU_time,score
0,0.02223773335241182,0.012830177899406908,6.874451334894899e-05,0.041792082998628834,0.02427976118201669,0.09063232272791723,0.023378561269463083,0.04471311254813873,0.06302459673716866,0.013345789220138364,0.03746118856349543,0.038082177744627674,0.006487836603758762,0.03270347541658064,0.15231692574005182,138.47886647620476,1132,3323.6207777220006,138.47886647620476
