,p1,p2,p3,p4,p5,p6,p7,p8,Gkr,RMSE,iterations,CPU_time,score
0,0.014281320442989737,0.009795682820383449,3.341397268659485,4.804220965726112e-05,3.095896436414929,0.039181903197493956,0.3740399443693979,0.01585876293387494,19.369908783519783,53547.19830676759,1156,2507.5509439820003,53547.19830676759
1,7.532177457715797e-05,3.643460589485599e-05,3.8485190189689327,1.2983095837243837e-05,1.3944387812915862,5.226735707851296e-07,6.485127122341461,0.023494691542024833,0.1524,,1156,,
