,p1,p2,p3,p4,p5,p6,p7,p8,Gkr,RMSE,iterations,CPU_time
0,0.00021750982356407092,0.07628631481683107,3.6527247264573973e-05,0.049963797410272064,0.0755159451711727,0.009412611156224104,0.009245650547610392,0.03681840904291008,0.07664514235271616,2834.008409169142,458,2307.642817761982
1,0.00021749924831054035,0.07628741286633878,3.6530795067330255e-05,0.04996291063718167,0.07551288309912303,0.009412856124337662,0.009245414635208976,0.036818400057636876,0.07664514235271616,2834.0083875844707,616,3081.3938533019973
2,0.00021749702801773373,0.07628685051537627,3.6528842372106476e-05,0.04996333223548285,0.0755124223906886,0.00941274479393658,0.00924524282476606,0.03681866196414313,0.07664514235271616,2834.0083897138916,450,2235.2879359690123
3,0.0002174977597091624,0.07628847890570388,3.652815763784089e-05,0.04996361547800361,0.07551611166674285,0.009412795849177275,0.00924587744130388,0.036818107394697014,0.07664514235271616,2834.0084009089787,942,4678.755794074008
4,0.0002175049739719217,0.07628618494317473,3.653020331449967e-05,0.04996318641300232,0.0755124047614813,0.009412342928431326,0.009245391783101034,0.036818537975209016,0.07664514235271616,2834.0083973052365,667,3311.827784724999
