,b_1_a,b_1_b,k_b_a,b_a0_a,b_a0_b,b_a1_a,b_a1_b,k_f_a,a_a1_a,a_a1_b,a_a0_a,a_a0_b,a_1_a,a_1_b,g_Kr,RMSE,iterations,CPU_time,score
0,0.006494580277601881,0.03268600653330023,0.03625831651140487,0.04679024070486501,0.06311063080989114,6.86163184667336e-05,0.04181671008855811,0.0241600026965088,0.013245635931767986,0.038424789738933915,0.022392297711281255,0.011527436994918807,0.09077507296088938,0.02338615227807768,0.1523905998978969,139.04206930336923,2049,6727.099295838001,139.04206930336923
