,p1,p2,p3,p4,p5,p6,p7,p8,Gkr,RMSE,iterations,CPU_time
0,0.0002110130164434087,0.06203021992203865,3.112080912474396e-05,0.05739379380980605,0.08895384196969021,0.009447597662258578,0.0033890662397653066,0.027951879551940575,0.2563052273693322,236.00518930813985,687,1512.0878261030011
1,0.00021101354916877365,0.062029294161829084,3.112445872189921e-05,0.05739294261477577,0.08895002303061207,0.00944859907883279,0.0033889667118952756,0.027951467032659567,0.2563052273693322,236.00519801776028,949,2095.479204375006
2,0.00021102233710809193,0.06202877760446743,3.1122517511667496e-05,0.05739311933347542,0.0889511612538563,0.00944772293536096,0.0033889012215524085,0.02795217437508794,0.2563052273693322,236.0052113902061,496,1094.8564561570092
3,0.00021100847495165328,0.06202751399209008,3.11270182059314e-05,0.05739177469819987,0.08894632062105119,0.009448741639620952,0.0033888963023406176,0.027951673901649116,0.2563052273693322,236.0052064017258,718,1585.4179421139997
4,0.0002110082675118698,0.06203027363872021,3.1123001601540894e-05,0.057393376939852164,0.08894600023063166,0.00944844454532451,0.0033887425550006367,0.0279516750543215,0.2563052273693322,236.0051988932355,652,1445.936247243997
