,p1,p2,p3,p4,p5,p6,p7,p8,Gkr,RMSE,iterations,CPU_time
0,0.0002267228141852186,0.06757147926468754,3.0248862590474684e-05,0.0587178911521631,0.08994220734494353,0.010188509624232601,0.0026389844037991517,0.027116287706754002,0.3048,934.3823507938449,566,1881.404606458993
1,0.0002267231193070157,0.0675721700361976,3.0248708531869886e-05,0.058717897738988264,0.0899421905790788,0.010188786538788594,0.002638960464307433,0.02711621809482987,0.3048,934.38233896948,764,2342.209601909999
2,0.00022672732171520835,0.06757091639171309,3.02489764975624e-05,0.058717694127883066,0.08994339690686398,0.010188684246948052,0.0026390146899485456,0.02711607862150909,0.3048,934.3823439819679,614,1885.0537776080018
3,0.00022672313691619113,0.06757226126838779,3.0248993569870715e-05,0.05871778059575453,0.08994211883648322,0.010188962380131953,0.002638976301092111,0.027116090192055523,0.3048,934.3823532247217,743,2314.1535965199873
4,0.0002267176658892506,0.06757251759191232,3.0248745794430667e-05,0.058717897434232426,0.08994281479902119,0.010188393608877083,0.0026390253064181614,0.027116031971317806,0.3048,934.3823392081838,893,2677.252973953
