,p1,p2,p3,p4,p5,p6,p7,p8,Gkr,RMSE,iterations,CPU_time
0,0.00022684576851028648,0.0675607395769121,3.026075209078761e-05,0.058713374677211355,0.08991874077311908,0.010190573142233931,0.0026394188599945688,0.027105504153779204,0.3048,935.0394760538635,584,1435.7125133160152
1,0.00022686030401797438,0.06755929765376323,3.0261049549173958e-05,0.05871324664241351,0.08991885178238619,0.010190638483737628,0.0026394385321515663,0.027105185435504994,0.3048,935.039501323747,629,1545.4607112209778
2,0.0002268436953059113,0.06756166372877627,3.0261755244411698e-05,0.05871299426360878,0.08991902415763524,0.010190697789922914,0.00263944802731962,0.02710506135999359,0.3048,935.0395000833485,620,1517.0163346310146
3,0.00022686200402598073,0.06755915325828178,3.0261021283897957e-05,0.05871321232351529,0.08991797034570247,0.01019061143556953,0.002639414520457947,0.027105177441689287,0.3048,935.039497477033,788,1923.4139575560112
4,0.00022684842070254475,0.06756024404204682,3.026169968309844e-05,0.058712884089303294,0.08991836069836132,0.010190566449140381,0.002639472387695552,0.027104836435079802,0.3048,935.0395043844769,521,1275.6530270230141
