,p1,p2,p3,p4,p5,p6,p7,p8,Gkr,RMSE,iterations,CPU_time
0,0.00037436118256035515,0.057357278544936094,3.341087562870493e-05,0.05888522355505169,0.09405786604129461,0.010175507769195596,0.0017026263168380862,0.025170122806587376,0.5126104547386644,1316.6536570014796,1155,3352.1495040129957
1,0.00037434021593847524,0.05735914736802284,3.341145199091737e-05,0.058885023508551376,0.0940566125650135,0.010174939914385665,0.0017026269361479082,0.025170088588417176,0.5126104547386644,1316.653651877771,636,1542.5437075869995
2,0.00037438609416815666,0.057355874652578416,3.341348415756463e-05,0.05888459832474839,0.0940580263304771,0.010174705089353434,0.001702672397251173,0.025170185855884167,0.5126104547386644,1316.6536687518337,584,1657.0628833569936
3,0.0003743791977464897,0.05735710565663327,3.3412183795235336e-05,0.05888498735582401,0.09405709885919639,0.01017543982627542,0.001702630987389892,0.025169906145669205,0.5126104547386644,1316.6536443024017,589,1471.5154537509952
4,0.00037435356041779324,0.05735715723956128,3.34101386355558e-05,0.058885573660467434,0.09405290295650517,0.010175019979778665,0.0017025560180302973,0.02517041422278961,0.5126104547386644,1316.6536363059781,589,1121.3058145870018
