,p1,p2,p3,p4,p5,p6,p7,p8,Gkr,RMSE,iterations,CPU_time,score
0,0.0019690077116197996,0.0541313442180881,2.978409868120536e-05,0.04873430098689933,0.09600789052973321,0.023112648041157664,0.006841495026484359,0.03138834005062477,0.15790271856874907,2609.632028950593,1491,4798.4816976229995,2609.632028950593
1,1.5571885353607883e-07,1.1947385707713194e-07,0.0009838669054768566,1.0345014189703534e-06,0.008909498571146878,0.092006989492617,4.901924969348302e-05,1.3493876028277114e-06,0.1524,,1491,,
