,p1,p2,p3,p4,p5,p6,p7,p8,Gkr,RMSE,iterations,CPU_time
0,0.00022760579360619465,0.06670385410843319,2.9319729268744526e-05,0.05984561885507402,0.09165749641176035,0.010570107330170896,0.0018917639645788227,0.02604033774928347,0.43105229381131943,1225.6942096373184,958,2322.9458651329915
1,0.00022759363667522944,0.06670544173333168,2.931903071108773e-05,0.05984600596546885,0.09166023166580786,0.010570065666823659,0.0018918081453183151,0.026040427436056918,0.43105229381131943,1225.6942117310728,678,1639.8288474220026
2,0.00022760589395895287,0.06670404625427384,2.932013351991672e-05,0.05984549443538294,0.09165613605860749,0.010570193996562336,0.0018917453130394165,0.026040349850435816,0.43105229381131943,1225.6942246319954,660,1593.7434892900055
3,0.00022759742051411743,0.06670460888913268,2.9319677085732592e-05,0.059845875649554264,0.09165508446596603,0.01057014691804371,0.0018916875117178707,0.026040873488332505,0.43105229381131943,1225.6942539784593,558,1346.1142194310087
4,0.00022760671612020476,0.06670427064955053,2.9319210220230853e-05,0.05984602219852111,0.09165891389869443,0.01056985956853819,0.001891789951623525,0.026040746476893514,0.43105229381131943,1225.6942530499864,687,1656.9278343300102
