,p1,p2,p3,p4,p5,p6,p7,p8,Gkr,RMSE,iterations,CPU_time
0,0.00021286245982444368,0.07552329856545921,3.92610441771035e-05,0.05033967753899897,0.07316973777940797,0.009546339641870717,0.006358816647768827,0.0381386468957851,0.09127977271835509,1515.2712474337518,570,1021.5052137470047
1,0.00021290961805606195,0.07551659122605678,3.926212668366221e-05,0.05033942723834517,0.07316383335350646,0.00954733435555774,0.006358060291042331,0.03813907929944626,0.09127977271835509,1515.27127111408,756,1344.8794069229916
2,0.00021290360860022484,0.07551965455333431,3.9264251412047514e-05,0.050338944885393755,0.0731657443626419,0.009547154199004025,0.006358338980037822,0.038138284018590866,0.09127977271835509,1515.2712726245763,588,1125.2216982499958
3,0.00021291089154479417,0.07551763891124008,3.9261380531372637e-05,0.050339993613096205,0.07316572440235197,0.009547797194985738,0.006358469970050244,0.03813748849139621,0.09127977271835509,1515.27125031971,725,1238.3300561460055
4,0.00021288571457319085,0.07551996305675543,3.9267575048222204e-05,0.050338223842356436,0.07316146741882205,0.00954804178789923,0.006358094420522728,0.03813744326369488,0.09127977271835509,1515.271231177722,516,882.4524649840023
