,a_1_a,a_1_b,b_a0_a,b_a0_b,k_b_a,a_a0_a,a_a0_b,b_1_a,b_1_b,b_a1_a,b_a1_b,a_a1_a,a_a1_b,k_f_a,g_Kr,RMSE,iterations,CPU_time,score
0,0.09103825787163884,0.02341247598585361,0.049375201848881854,0.06224794701929164,0.03493696897799861,0.021351915617904137,0.011571263845476467,0.0065097711675047056,0.032648296592108356,6.948620383008259e-05,0.04171479037851051,0.014700660808749329,0.038745100365224085,0.023116467866450986,0.1524705844037507,139.07649863172531,1653,4735.363117098001,139.07649863172531
