,p1,p2,p3,p4,p5,p6,p7,p8,Gkr,RMSE,iterations,CPU_time,score
0,446.88070593625434,0.0025632001001169415,4.5344449407548743e-07,0.0015710032930110421,0.18934721628702184,0.03904482004075213,0.08725405888198165,0.025692782977177888,0.030127912056741896,54546.18149993284,1376,2648.859916238,54546.18149993284
1,0.06760495642616175,4.1188254218694916e-05,0.018627444818382435,2.186207147636678e-06,4.324704667290465e-07,3.703277465109297e-05,0.008482469995374053,1.6592276278376907e-06,0.1524,,1376,,
