,a_a0_a,a_a0_b,b_a1_a,b_a1_b,k_f_a,a_1_a,a_1_b,b_a0_a,b_a0_b,a_a1_a,a_a1_b,k_b_a,b_1_a,b_1_b,g_Kr,RMSE,iterations,CPU_time,score
0,0.022792186790619975,0.01153995347363117,6.874660047791283e-05,0.04179226573302915,0.023576632008969815,0.09095239043644007,0.023389355336020393,0.047657681701699726,0.06298924571076392,0.013573494169529628,0.03851773098175048,0.036250273561165565,0.006510056887292664,0.03267089844939236,0.15235971670149137,202.95324425047986,1089,5459.715204249998,202.95324425047986
