,a_1_a,a_1_b,b_a0_a,b_a0_b,k_b_a,a_a0_a,a_a0_b,b_1_a,b_1_b,b_a1_a,b_a1_b,a_a1_a,a_a1_b,k_f_a,g_Kr,RMSE,iterations,CPU_time,score
0,0.09089917870873389,0.02340835186177049,0.053472140267554195,0.06350868641722922,0.033496301382843964,0.023059934687618036,0.010234251141329555,0.006504186567945773,0.03265825202993174,6.950022308497779e-05,0.041708983869317,0.014319198850940802,0.038816672467026435,0.022835858932587716,0.1523933537332723,138.53618403724315,1648,4868.7630411750015,138.53618403724315
