,b_1_a,b_1_b,k_b_a,b_a0_a,b_a0_b,b_a1_a,b_a1_b,k_f_a,a_a1_a,a_a1_b,a_a0_a,a_a0_b,a_1_a,a_1_b,g_Kr,RMSE,iterations,CPU_time,score
0,0.006496124241067783,0.03268551720226343,0.03695053387720068,0.0464392062004615,0.06274640162413274,6.905434663598891e-05,0.041760622671551395,0.023781057801256878,0.013758932389576374,0.03808497620787953,0.02221500959796844,0.011991008388869248,0.0908379171745518,0.023400711544758854,0.15238459258914508,203.25581702423028,1685,8419.968244523001,203.25581702423028
