,b_1_a,b_1_b,k_b_a,b_a0_a,b_a0_b,b_a1_a,b_a1_b,k_f_a,a_a1_a,a_a1_b,a_a0_a,a_a0_b,a_1_a,a_1_b,g_Kr,RMSE,iterations,CPU_time,score
0,0.006495673518796772,0.032680578538291996,0.037007955043831746,0.04756292903395511,0.06304970943740638,6.890213301127793e-05,0.04177696338137531,0.023803604076829618,0.013812585353062672,0.03831052703199892,0.022547689113373456,0.01145104460190788,0.09081182913825868,0.023400870824097395,0.15237416402505635,172.81759213467058,1043,4877.285108892,172.81759213467058
