,p1,p2,p3,p4,p5,p6,p7,p8,Gkr,RMSE,iterations,CPU_time,score
0,0.0015683863232264783,0.07933943237819621,2.2188525284999473e-05,0.051192484695407194,0.09595049979019918,0.02395250510438088,0.007048034105451196,0.031303637036038334,0.15486111043497244,722.202750329659,1425,3583.296782818001,722.202750329659
1,1.736875235668445e-06,0.04500451799712521,9.26045546519513e-06,2.1599095948549014e-07,0.023829402656911615,0.0014768492661421007,9.912713312617474e-05,1.1469519591786772e-07,0.1524,,1425,,
