,p1,p2,p3,p4,p5,p6,p7,p8,Gkr,RMSE,iterations,CPU_time
0,0.00019647612710121847,0.05689630443652348,2.8314853781956816e-05,0.05994680656050935,0.09126282761890901,0.009682854212133161,0.0015728239750030482,0.025162043156115345,0.6096,406.2830891868152,659,1459.025305062998
1,0.00019650717016403326,0.05689894648849565,2.830471554457182e-05,0.05995045280731474,0.09126224340587429,0.009678122556307046,0.0015726682173530272,0.02516459146524475,0.6096,406.28315467412585,845,1867.5462929060013
2,0.00019647002101470584,0.05689784577834466,2.8313821943992508e-05,0.059946928160160694,0.09125641263050345,0.009680302470735876,0.0015727454491578595,0.025163242522990396,0.6096,406.28313295023486,496,729.693437517999
3,0.00019643261550109109,0.056896450767584365,2.8315025683646368e-05,0.059946862010567044,0.09126273697187368,0.009683133815486574,0.0015729452686554088,0.025162214780852028,0.6096,406.283089917787,578,746.1070677280077
4,0.00019644229563650637,0.056895647267622695,2.8312161095361354e-05,0.05994725281910546,0.09125836515934488,0.009681970512920473,0.0015728771557199706,0.025162725499631753,0.6096,406.28310310264084,518,768.2296993060008
