,p1,p2,p3,p4,p5,p6,p7,p8,Gkr,RMSE,iterations,CPU_time
0,0.00020152487814174814,0.08223784585348658,3.484304160941791e-05,0.04834983459792382,0.06334154992965937,0.011315983687141798,0.012049691217421351,0.039297832485682645,0.05388153672641493,6329.7224479931265,813,3403.729339366997
1,0.00020155323763727164,0.08223259783029808,3.4841491399800985e-05,0.048350199044338404,0.06334036649451369,0.01131510031655651,0.012049473778155474,0.03929811387865198,0.05388153672641493,6329.722397110057,577,2215.941481777001
2,0.00020154738250847728,0.0822339372051827,3.4843379927366075e-05,0.04834973687061229,0.06334294570525446,0.011314705013570948,0.012050693431372063,0.03929720127569304,0.05388153672641493,6329.722425320165,595,2423.167092169999
3,0.000201589149251004,0.08222933801187597,3.484331288496595e-05,0.048349881321876634,0.06334268244853627,0.011315641291360961,0.012050329297441832,0.03929748204048315,0.05388153672641493,6329.722437634427,644,2309.0999951959966
4,0.00020152945458249446,0.0822370513115796,3.484337986456833e-05,0.04834974496454622,0.06334195335455127,0.011315598688390438,0.012050026080322166,0.03929768359073475,0.05388153672641493,6329.7224356119505,600,2026.1512772509886
