,p1,p2,p3,p4,p5,p6,p7,p8,Gkr,RMSE,iterations,CPU_time
0,0.00024378095681850436,0.08084174314742447,3.558796328566684e-05,0.051606205960956615,0.07992113210206535,0.008815946013436002,0.00739019846753721,0.03618147395002881,0.09061758216320735,438.8051673062576,635,1334.67244188099
1,0.00024378924468286596,0.08083978543597248,3.558939684471973e-05,0.0516059876589028,0.07992312540343297,0.008817068728351333,0.007390454457276405,0.03618070637636922,0.09061758216320735,438.8051582209037,1427,2952.8231156480033
2,0.00024379681146293415,0.08083844868800741,3.558577888365479e-05,0.051606926923886444,0.0799204849754102,0.008815322369840966,0.0073902698265956865,0.03618125050468191,0.09061758216320735,438.80517973361833,563,1261.9524536130048
3,0.00024379520259477526,0.080837935870442,3.558745257412355e-05,0.05160621164027876,0.07992030487892955,0.008816455571283402,0.007390228534490238,0.03618065010670537,0.09061758216320735,438.8051709156203,777,1621.4064160769922
4,0.00024378039201956045,0.08083916365603025,3.558918116986091e-05,0.0516058397360159,0.07991982529819788,0.008816338567360372,0.007390336535383045,0.03618104147206215,0.09061758216320735,438.80517353013755,531,748.5823043139972
