,p1,p2,p3,p4,p5,p6,p7,p8,Gkr,RMSE,iterations,CPU_time
0,0.00022608950642760854,0.0685400762416922,3.192409743707181e-05,0.0569997640999658,0.08884456154186687,0.00955672739379109,0.003709603066425882,0.02887881149299415,0.21552614690565972,554.3431883518824,501,1228.0384156740038
1,0.00022609340860424437,0.06854021355565712,3.192289342647888e-05,0.05700006060963672,0.08884921641275055,0.009556459326266723,0.0037097946201011017,0.028878596282383335,0.21552614690565972,554.3431889836917,546,1337.1346636060043
2,0.0002260954193307561,0.06854013762759761,3.1923587575620536e-05,0.05699990868721904,0.0888496143120278,0.009556556586653305,0.0037098457134462433,0.02887853741768562,0.21552614690565972,554.3431866274783,478,1167.6575468519877
3,0.00022608505657158764,0.06854104887709103,3.1922884590257235e-05,0.057000057994360045,0.08884903642772927,0.009556445315826148,0.003709813179521588,0.028878602513483505,0.21552614690565972,554.3431860509305,581,1416.22787822198
4,0.00022608476371564193,0.06854049519824783,3.19218318019379e-05,0.057000334959445106,0.08885025349771711,0.009556949146566289,0.003709799998292069,0.02887849989002689,0.21552614690565972,554.3431870011902,664,1615.5761032199953
