,p1,p2,p3,p4,p5,p6,p7,p8,Gkr,RMSE,iterations,CPU_time
0,0.00022652291247724857,0.06851052801888743,3.192108824921458e-05,0.05699913527511142,0.08877273469179045,0.009575709523646373,0.0037042439558111198,0.02887178697017485,0.21552614690565972,554.795646251147,826,3735.341180814001
1,0.00022652553901143294,0.0685098018308677,3.1922229749112784e-05,0.05699883257255803,0.08877144973533206,0.00957577044920131,0.0037042389301567375,0.02887167084914611,0.21552614690565972,554.7956471621733,516,2333.480499651996
2,0.00022652341402042153,0.06851049064158858,3.1921034165413596e-05,0.056999218502780634,0.08877205480534685,0.00957586465286078,0.003704242365829622,0.028871686105380125,0.21552614690565972,554.795642718886,793,3597.240263476997
3,0.00022652297559061575,0.06851064802325638,3.192041012332594e-05,0.05699937612390325,0.0887734701093829,0.009575663189958762,0.003704287485107234,0.028871707697613096,0.21552614690565972,554.795641906346,582,2645.71647222701
4,0.00022653307578864102,0.06850899976047635,3.192045136983364e-05,0.056999344549868554,0.0887740171990472,0.009575537560819873,0.0037043335435605197,0.028871628904183343,0.21552614690565972,554.795645341209,588,2548.8965153269965
