,p1,p2,p3,p4,p5,p6,p7,p8,Gkr,RMSE,iterations,CPU_time,score
0,0.0016140956678444623,0.0728711475963975,1.9049549538270643e-05,0.05229238667707611,0.11015818657158258,0.023162929896829016,0.008884550216124814,0.029409476842829147,0.15302393774023193,2966.0272290793896,1572,6677.119400542,2966.0272290793896
1,0.2774441219973797,3.8632180691455997e-07,8.567357809899575e-05,1.1521903011401342e-07,1.0303690769325013e-06,4.111156454615002e-05,0.00017547141631365807,0.00043876333608140733,0.1524,,1572,,
