,p1,p2,p3,p4,p5,p6,p7,p8,Gkr,RMSE,iterations,CPU_time
0,0.00022840216840055525,0.06988018775963321,2.4023456138080147e-05,0.06075261971540395,0.09549420090992228,0.009054822706954839,0.002491042219345169,0.025057733949145206,0.3624703286528294,987.2950161542019,520,1496.7337626340013
1,0.00022838001576389288,0.06988187298709608,2.4025169495068393e-05,0.060751894105721564,0.09549828456140216,0.009054879899932575,0.00249124848825608,0.025057385476328988,0.3624703286528294,987.2949319698072,696,1871.1851361220033
2,0.0002283962539574162,0.06987939119208086,2.40339239065005e-05,0.06074888761929535,0.09549165458369031,0.009056371528707478,0.0024910348094048422,0.02505725526457849,0.3624703286528294,987.2949879220557,632,1074.4424137379974
3,0.00022846714803456588,0.06987548248868909,2.4030127570543656e-05,0.06075043948849318,0.09549519805631185,0.009055237161469871,0.0024910342101737088,0.025058085325991915,0.3624703286528294,987.29500654977,857,1457.2000338700018
4,0.0002284193779699947,0.06987748193405198,2.4027971691511323e-05,0.060751007191389914,0.09549198888134068,0.009055943007794063,0.002491033645095616,0.025057558966504752,0.3624703286528294,987.2949565242276,985,1687.5424243419984
