,b_1_a,b_1_b,k_b_a,b_a0_a,b_a0_b,b_a1_a,b_a1_b,k_f_a,a_a1_a,a_a1_b,a_a0_a,a_a0_b,a_1_a,a_1_b,g_Kr,RMSE,iterations,CPU_time,score
0,0.006497648137025448,0.03266664813996514,0.036953521488473584,0.046460943591923695,0.06330013875798744,6.879797433738753e-05,0.041792437196088814,0.0236011849216076,0.01363521413983725,0.0384196598184555,0.02258338971994212,0.011771096809895335,0.09081239884000715,0.023395735518285065,0.15242670476336428,173.6571386638709,1100,4873.934049744999,173.6571386638709
