,a_a0_a,a_a0_b,b_a1_a,b_a1_b,k_f_a,a_1_a,a_1_b,b_a0_a,b_a0_b,a_a1_a,a_a1_b,k_b_a,b_1_a,b_1_b,g_Kr,RMSE,iterations,CPU_time,score
0,0.022478331545170732,0.011708415369783369,6.900765883951041e-05,0.04176849567922809,0.023816678379769904,0.09083825158124348,0.023380362984524332,0.04755544351831592,0.063278118101818,0.013764737740037203,0.03797751675592449,0.03679627187556136,0.006499021495099642,0.03268468758536714,0.1524170766411095,202.98017321321126,1038,5236.039790699,202.98017321321126
