,a_1_a,a_1_b,b_a0_a,b_a0_b,k_b_a,a_a0_a,a_a0_b,b_1_a,b_1_b,b_a1_a,b_a1_b,a_a1_a,a_a1_b,k_f_a,g_Kr,RMSE,iterations,CPU_time,score
0,0.09088881632119758,0.0233915786112571,0.047119285264698794,0.0629051309999239,0.03683817549227966,0.022268155970264065,0.011761180058468164,0.006502703335032997,0.032676773638188605,6.895787667565293e-05,0.0417727540688543,0.013821962643936463,0.03820381717439842,0.023774301016781883,0.15240071384544268,203.1670295133133,1325,6292.290162726,203.1670295133133
