,p1,p2,p3,p4,p5,p6,p7,p8,Gkr,RMSE,iterations,CPU_time
0,0.00020039657282234932,0.058412577738907796,2.9096593453962537e-05,0.0591889492150026,0.09037875089293045,0.009694388588325931,0.0021544180856813678,0.02591424989598491,0.43105229381131943,351.16329641143614,447,906.4098337259929
1,0.00020038533171530724,0.058411011835188736,2.9091222784302995e-05,0.05919010703519792,0.09038374003544318,0.009693982669150848,0.0021545297439192947,0.025914287686862488,0.43105229381131943,351.1632891550862,537,909.8618669110001
2,0.00020036876104354224,0.05841147990583991,2.9098680275152522e-05,0.05918780011492418,0.09038129011283064,0.009694060363413656,0.002154665165652851,0.025914520752234386,0.43105229381131943,351.1633126396474,555,1011.427433977995
3,0.0002004015182520383,0.05841138994650753,2.9094282792210296e-05,0.05918928737282276,0.09037892579915947,0.009694492526085974,0.0021544009722878864,0.02591395945874322,0.43105229381131943,351.16330454200454,733,1416.833036356984
4,0.00020036435807374364,0.05841608867809663,2.9095711866129613e-05,0.05918939764081107,0.09037947804590837,0.009694597831642017,0.0021544233755441174,0.025915058121320486,0.43105229381131943,351.1633074316092,875,1192.0408856829745
