,p1,p2,p3,p4,p5,p6,p7,p8,Gkr,RMSE,iterations,CPU_time
0,0.00020079376555217997,0.05828270167809266,2.9124266943789875e-05,0.05918118949174767,0.09030083125887223,0.009666784042570218,0.0021537618027307093,0.02594395537448457,0.43105229381131943,352.68965963312604,577,1067.8826807359947
1,0.00020078690628294994,0.05828245690423441,2.9127903887096394e-05,0.05917991828963173,0.09029927846462198,0.009667152450282821,0.002153758859326917,0.02594392737696252,0.43105229381131943,352.68965400343814,624,1184.8498887189999
2,0.00020080497310974901,0.05828427204650707,2.912793991212072e-05,0.059179781512335515,0.09030027677564775,0.009667027857120848,0.0021537053044614484,0.025943329358672756,0.43105229381131943,352.6896289535775,604,1373.3595115089993
3,0.00020082430155929202,0.058279398529349484,2.9130188262841206e-05,0.05917925035460561,0.09030423825275682,0.009667696688602258,0.002153791038535389,0.025943761570367374,0.43105229381131943,352.6896635929986,712,1613.0168113970067
4,0.0002008074885820827,0.058281280561638615,2.9123669723457246e-05,0.059180880335080184,0.09030382616969801,0.009666221291542945,0.002153817280866055,0.02594363120559739,0.43105229381131943,352.6896808314939,704,1592.965571351997
