,p1,p2,p3,p4,p5,p6,p7,p8,Gkr,RMSE,iterations,CPU_time
0,0.00020344778469634652,0.09152439421675353,2.8435634445063937e-05,0.050479926387002744,0.08110263118110454,0.013493160436817832,0.014967416371018352,0.03636861488574021,0.05403868913693675,1461.8760924066328,508,1082.1111976829998
1,0.00020346364881424273,0.09152436077693973,2.843546492673978e-05,0.050479890926517966,0.08110915073382177,0.013494042124358722,0.014968578982336257,0.03636790222259974,0.05403868913693675,1461.8760909005798,729,1540.359621593001
2,0.00020346212955312554,0.0915238662351983,2.843579996342262e-05,0.0504797563428914,0.08111222827664072,0.013494246019775058,0.014969258920588183,0.03636745769854143,0.05403868913693675,1461.8760914279774,521,1099.0910103190108
3,0.00020346128359379818,0.09152242198058981,2.8435855573203462e-05,0.0504797274487016,0.0810995222525876,0.013492863821212255,0.014966815425898259,0.03636882181495179,0.05403868913693675,1461.8760920701413,821,1695.4546803480043
4,0.0002034531246667387,0.0915266474001433,2.8434534708871516e-05,0.050480108789962126,0.0811047166120993,0.013493496525072937,0.014967829268680325,0.036368270798118954,0.05403868913693675,1461.8760901772162,972,1718.7874832119996
