,p1,p2,p3,p4,p5,p6,p7,p8,Gkr,RMSE,iterations,CPU_time,score
0,0.0016882041223144526,0.03665250543233551,4.290777902410388e-05,0.04594255938594928,0.09317548823690902,0.021813665293769643,0.007353481905357546,0.02959217777779508,0.1639209180489713,1710.0087984187057,1743,4838.81278371,1710.0087984187057
1,0.2514782080961875,0.001982007425309787,0.05458677988522468,2.1240605196096755e-05,1.2617755866599054e-05,0.00010730419146076158,0.3403088866289434,1.7261310006492548e-07,0.1524,,1743,,
