,p1,p2,p3,p4,p5,p6,p7,p8,Gkr,RMSE,iterations,CPU_time
0,0.00021018531014793852,0.07903796912929609,3.595837251573888e-05,0.049045876230148375,0.06987560202659768,0.01019508820824549,0.010649335115967424,0.037946883365636785,0.06407630684233305,4455.36548733533,722,2247.566651728004
1,0.00021018705193726742,0.07903715637706048,3.596211385042156e-05,0.04904492776698665,0.06987439125368863,0.010193485096534427,0.010649068248739298,0.03794978390884777,0.06407630684233305,4455.36548187106,790,3295.385860997005
2,0.00021018917980288406,0.07903681820484106,3.596160335943857e-05,0.04904484947733423,0.06986778335837238,0.010195152538681704,0.010648333665559187,0.03794800853572218,0.06407630684233305,4455.365551882238,856,2586.1913045819965
3,0.00021018537201513278,0.07903851900796108,3.596244912226431e-05,0.04904455122831767,0.06987697422244682,0.010194302306520561,0.010649599272129467,0.03794906270599539,0.06407630684233305,4455.365477148475,691,2979.777124460001
4,0.00021019430740629495,0.07903693229239027,3.596235123056368e-05,0.049044662553134194,0.06987623835202107,0.01019398656654267,0.010649487400765685,0.037949244354696224,0.06407630684233305,4455.3654681522285,572,1794.7917343879817
