,p1,p2,p3,p4,p5,p6,p7,p8,Gkr,RMSE,iterations,CPU_time
0,0.0002242143755915118,0.06968071298577463,3.088230054038412e-05,0.05641945995461302,0.09072660801104586,0.00881757355625237,0.004620336755460336,0.02961083964168848,0.1812351643264147,251.71388036309216,939,2592.748639176003
1,0.0002242339802020074,0.06967868879769074,3.08790420934702e-05,0.056420618846471114,0.09072473677112391,0.008817802653817153,0.004620233278575463,0.029610964094797222,0.1812351643264147,251.7138812705513,1285,3962.0586589369923
2,0.00022422289581037105,0.06968007921016912,3.0878304201754374e-05,0.056420817712044054,0.09072645821177744,0.00881774519038909,0.00462016095667914,0.029611290600838447,0.1812351643264147,251.71388356162078,821,2527.427646049997
3,0.0002242127749448484,0.069680712938208,3.088151088010826e-05,0.056419713869157756,0.09072554580949467,0.008817910695721645,0.004620251808758396,0.029610687218521642,0.1812351643264147,251.7138848528018,964,2966.618987617985
4,0.00022422473878560837,0.06967979596795075,3.0877961144230905e-05,0.05642094410723902,0.09072596039272891,0.008817981130761609,0.004620161899202499,0.029611111920339127,0.1812351643264147,251.7138964433299,548,1657.2679476250196
