,p1,p2,p3,p4,p5,p6,p7,p8,Gkr,RMSE,iterations,CPU_time
0,0.0002245368577543452,0.06965046033132317,3.096075900198764e-05,0.05639873876183677,0.09058705826767269,0.008831134853306532,0.0046135136015107,0.029605178183744325,0.1812351643264147,252.73015500239615,690,1531.0775730630012
1,0.00022454018192540577,0.06965027808701561,3.096159160410657e-05,0.05639867600083516,0.0905870448640986,0.008831457653505336,0.00461356622769842,0.029605174838502227,0.1812351643264147,252.7301638957466,750,2126.6906576539986
2,0.00022452953527847812,0.06965128426898792,3.096132229666604e-05,0.05639860257056056,0.09058678939255646,0.008831168913368201,0.004613487061542412,0.029605229002571308,0.1812351643264147,252.73015003787413,607,1545.2453017420012
3,0.00022453589449240028,0.069650307448227,3.0960947024741526e-05,0.0563987330634802,0.09058592173419723,0.008831213775725868,0.004613381148346604,0.029605655608377385,0.1812351643264147,252.73015709147467,869,2065.5002051030024
4,0.00022452328125995534,0.06965165100658764,3.096139381150718e-05,0.05639860685529722,0.0905868923198967,0.008831286784401678,0.00461347838335004,0.02960529957586608,0.1812351643264147,252.7301532346857,964,2378.2037175680016
