,a_a0_a,a_a0_b,b_a1_a,b_a1_b,k_f_a,a_1_a,a_1_b,b_a0_a,b_a0_b,a_a1_a,a_a1_b,k_b_a,b_1_a,b_1_b,g_Kr,RMSE,iterations,CPU_time,score
0,0.02180250413509375,0.01140334484532787,6.939301813993452e-05,0.041725325033793406,0.023016408259878038,0.09096319891685326,0.023410266669740908,0.049611386987064444,0.062442235109719524,0.014409881182756655,0.03881938253044331,0.034549344687714915,0.006504299728121015,0.032650548574352706,0.15246560361340764,139.0772167626565,1246,4447.829450600002,139.0772167626565
