,p1,p2,p3,p4,p5,p6,p7,p8,Gkr,RMSE,iterations,CPU_time,score
0,0.0015680819413004358,0.07931071878513166,2.217438705717397e-05,0.05120058245809772,0.09593234590031448,0.02393558244688323,0.0070490060816568246,0.03131898525907457,0.15484435720539347,721.8140790481544,1587,3615.3114545830003,721.8140790481544
1,1.4667989674615194e-05,5.529125225386036e-07,2.436655049370845e-07,0.004051713352471836,0.00012034501588894614,3.229701688517744e-06,0.08839325147384086,7.597277099705002e-07,0.1524,,1587,,
