,a_a0_a,a_a0_b,b_a1_a,b_a1_b,k_f_a,a_1_a,a_1_b,b_a0_a,b_a0_b,a_a1_a,a_a1_b,k_b_a,b_1_a,b_1_b,g_Kr,RMSE,iterations,CPU_time,score
0,0.023121316168375827,0.011239071721831948,6.885814950696789e-05,0.041786453438913664,0.023928640322084173,0.09085106887970493,0.023382228590876967,0.04883923570979666,0.06391295008928263,0.01357005094553123,0.03785340733341954,0.036602141860449494,0.006500660691515628,0.032683911225560074,0.15238435102533449,296.4157510692104,1027,6711.731077491,296.4157510692104
